Date,CLP
2015-01-02 00:00:00+00:00,-0.02202542
2015-01-05 00:00:00+00:00,-0.01142452
2015-01-06 00:00:00+00:00,0.00359989
2015-01-07 00:00:00+00:00,0.00803871
2015-01-08 00:00:00+00:00,0.00497168
2015-01-09 00:00:00+00:00,-0.00521872
2015-01-12 00:00:00+00:00,-0.00538281
2015-01-13 00:00:00+00:00,-0.00957208
2015-01-14 00:00:00+00:00,-0.02061837
2015-01-15 00:00:00+00:00,-0.00087442
2015-01-16 00:00:00+00:00,-0.00520569
2015-01-20 00:00:00+00:00,-0.00263136
2015-01-21 00:00:00+00:00,0.00288912
2015-01-22 00:00:00+00:00,0.01074047
2015-01-23 00:00:00+00:00,-0.00159415
2015-01-26 00:00:00+00:00,0.00638187
2015-01-27 00:00:00+00:00,0.00084854
2015-01-28 00:00:00+00:00,0.00171354
2015-01-29 00:00:00+00:00,-0.01569962
2015-01-30 00:00:00+00:00,-0.00741156
2015-02-02 00:00:00+00:00,-0.00892236
2015-02-03 00:00:00+00:00,0.01665509
2015-02-04 00:00:00+00:00,-0.00602620
2015-02-05 00:00:00+00:00,0.00970578
2015-02-06 00:00:00+00:00,-0.01091751
2015-02-09 00:00:00+00:00,0.01163366
2015-02-10 00:00:00+00:00,-0.00608632
2015-02-11 00:00:00+00:00,-0.01024470
2015-02-12 00:00:00+00:00,0.02380589
2015-02-13 00:00:00+00:00,0.01242595
2015-02-17 00:00:00+00:00,-0.00691415
2015-02-18 00:00:00+00:00,0.00511428
2015-02-19 00:00:00+00:00,0.00138454
2015-02-20 00:00:00+00:00,0.01152453
2015-02-23 00:00:00+00:00,-0.02190138
2015-02-24 00:00:00+00:00,0.01078376
2015-02-25 00:00:00+00:00,0.00559977
2015-02-26 00:00:00+00:00,-0.00581131
2015-02-27 00:00:00+00:00,0.00759211
2015-03-02 00:00:00+00:00,-0.00084117
2015-03-03 00:00:00+00:00,-0.00228851
2015-03-04 00:00:00+00:00,-0.00201242
2015-03-05 00:00:00+00:00,-0.01155703
2015-03-06 00:00:00+00:00,-0.01827172
2015-03-09 00:00:00+00:00,-0.00042788
2015-03-10 00:00:00+00:00,-0.02424833
2015-03-11 00:00:00+00:00,-0.00853112
2015-03-12 00:00:00+00:00,0.01407196
2015-03-13 00:00:00+00:00,-0.01800873
2015-03-16 00:00:00+00:00,-0.00110458
2015-03-17 00:00:00+00:00,-0.00205141
2015-03-18 00:00:00+00:00,0.00811434
2015-03-19 00:00:00+00:00,-0.00504237
2015-03-20 00:00:00+00:00,0.02727553
2015-03-23 00:00:00+00:00,0.02144644
2015-03-24 00:00:00+00:00,0.00953484
2015-03-25 00:00:00+00:00,0.00467420
2015-03-26 00:00:00+00:00,-0.00589354
2015-03-27 00:00:00+00:00,-0.00091255
2015-03-30 00:00:00+00:00,-0.01142820
2015-03-31 00:00:00+00:00,0.00329845
2015-04-01 00:00:00+00:00,0.01327062
2015-04-02 00:00:00+00:00,0.00703834
2015-04-03 00:00:00+00:00,0.00000000
2015-04-06 00:00:00+00:00,0.01189784
2015-04-07 00:00:00+00:00,0.00564866
2015-04-08 00:00:00+00:00,-0.00459242
2015-04-09 00:00:00+00:00,-0.01581737
2015-04-10 00:00:00+00:00,-0.00847871
2015-04-13 00:00:00+00:00,0.00763872
2015-04-14 00:00:00+00:00,0.00921532
2015-04-15 00:00:00+00:00,0.00172139
2015-04-16 00:00:00+00:00,0.01064327
2015-04-17 00:00:00+00:00,-0.00851750
2015-04-20 00:00:00+00:00,-0.01099246
2015-04-21 00:00:00+00:00,0.00035538
2015-04-22 00:00:00+00:00,-0.00651105
2015-04-23 00:00:00+00:00,0.01318934
2015-04-24 00:00:00+00:00,0.00567795
2015-04-27 00:00:00+00:00,0.00994050
2015-04-28 00:00:00+00:00,0.01208912
2015-04-29 00:00:00+00:00,-0.00969035
2015-04-30 00:00:00+00:00,0.00179358
2015-05-01 00:00:00+00:00,-0.01045285
2015-05-04 00:00:00+00:00,-0.00780784
2015-05-05 00:00:00+00:00,0.01629802
2015-05-06 00:00:00+00:00,-0.00767859
2015-05-07 00:00:00+00:00,0.01048278
2015-05-08 00:00:00+00:00,0.01434515
2015-05-11 00:00:00+00:00,-0.01931128
2015-05-12 00:00:00+00:00,0.02281544
2015-05-13 00:00:00+00:00,0.00486161
2015-05-14 00:00:00+00:00,0.02754441
2015-05-15 00:00:00+00:00,-0.00879595
2015-05-18 00:00:00+00:00,-0.01107139
2015-05-19 00:00:00+00:00,-0.01135534
2015-05-20 00:00:00+00:00,-0.00062659
2015-05-21 00:00:00+00:00,-0.00023085
2015-05-22 00:00:00+00:00,-0.01296482
2015-05-26 00:00:00+00:00,-0.01798270
2015-05-27 00:00:00+00:00,-0.00372912
2015-05-28 00:00:00+00:00,-0.00725298
2015-05-29 00:00:00+00:00,-0.00149814
2015-06-01 00:00:00+00:00,-0.01367390
2015-06-02 00:00:00+00:00,0.00499813
2015-06-03 00:00:00+00:00,-0.01654838
2015-06-04 00:00:00+00:00,-0.00063323
2015-06-05 00:00:00+00:00,-0.02510486
2015-06-08 00:00:00+00:00,0.01890443
2015-06-09 00:00:00+00:00,0.01820283
2015-06-10 00:00:00+00:00,-0.01938063
2015-06-11 00:00:00+00:00,0.00323884
2015-06-12 00:00:00+00:00,-0.00422341
2015-06-15 00:00:00+00:00,-0.00734847
2015-06-16 00:00:00+00:00,-0.00532410
2015-06-17 00:00:00+00:00,0.00400169
2015-06-18 00:00:00+00:00,0.01592795
2015-06-19 00:00:00+00:00,-0.00903270
2015-06-22 00:00:00+00:00,0.00288311
2015-06-23 00:00:00+00:00,-0.00772368
2015-06-24 00:00:00+00:00,0.00289224
2015-06-25 00:00:00+00:00,0.00751432
2015-06-26 00:00:00+00:00,-0.01395856
2015-06-29 00:00:00+00:00,-0.01092084
2015-06-30 00:00:00+00:00,0.00669709
2015-07-01 00:00:00+00:00,-0.01071011
2015-07-02 00:00:00+00:00,0.01219225
2015-07-06 00:00:00+00:00,-0.01811810
2015-07-07 00:00:00+00:00,-0.02607257
2015-07-08 00:00:00+00:00,-0.00794496
2015-07-09 00:00:00+00:00,0.01367007
2015-07-10 00:00:00+00:00,0.00078323
2015-07-13 00:00:00+00:00,0.01139154
2015-07-14 00:00:00+00:00,0.00520933
2015-07-15 00:00:00+00:00,0.00378496
2015-07-16 00:00:00+00:00,0.00038719
2015-07-17 00:00:00+00:00,-0.01040812
2015-07-20 00:00:00+00:00,-0.01128475
2015-07-21 00:00:00+00:00,-0.00352035
2015-07-22 00:00:00+00:00,-0.00906553
2015-07-23 00:00:00+00:00,-0.00881261
2015-07-24 00:00:00+00:00,-0.01081627
2015-07-27 00:00:00+00:00,-0.01567108
2015-07-28 00:00:00+00:00,-0.00097277
2015-07-29 00:00:00+00:00,-0.00011977
2015-07-30 00:00:00+00:00,-0.01701399
2015-07-31 00:00:00+00:00,-0.00280090
2015-08-03 00:00:00+00:00,-0.01428299
2015-08-04 00:00:00+00:00,-0.00673242
2015-08-05 00:00:00+00:00,0.00214444
2015-08-06 00:00:00+00:00,0.00874704
2015-08-07 00:00:00+00:00,0.00399402
2015-08-10 00:00:00+00:00,0.01562436
2015-08-11 00:00:00+00:00,-0.02510187
2015-08-12 00:00:00+00:00,-0.00653867
2015-08-13 00:00:00+00:00,-0.00572093
2015-08-14 00:00:00+00:00,0.00423404
2015-08-17 00:00:00+00:00,-0.01703908
2015-08-18 00:00:00+00:00,-0.00987703
2015-08-19 00:00:00+00:00,-0.00278088
2015-08-20 00:00:00+00:00,0.01770281
2015-08-21 00:00:00+00:00,-0.02597434
2015-08-24 00:00:00+00:00,-0.01863639
2015-08-25 00:00:00+00:00,-0.00019812
2015-08-26 00:00:00+00:00,-0.00257015
2015-08-27 00:00:00+00:00,0.03403915
2015-08-28 00:00:00+00:00,0.00638263
2015-08-31 00:00:00+00:00,0.00186508
2015-09-01 00:00:00+00:00,-0.00518941
2015-09-02 00:00:00+00:00,0.00469840
2015-09-03 00:00:00+00:00,0.00307316
2015-09-04 00:00:00+00:00,-0.00879245
2015-09-08 00:00:00+00:00,0.00524336
2015-09-09 00:00:00+00:00,0.00148440
2015-09-10 00:00:00+00:00,0.01947650
2015-09-11 00:00:00+00:00,-0.01061213
2015-09-14 00:00:00+00:00,-0.00138854
2015-09-15 00:00:00+00:00,0.01279799
2015-09-16 00:00:00+00:00,0.02232126
2015-09-17 00:00:00+00:00,-0.00396693
2015-09-18 00:00:00+00:00,-0.00368190
2015-09-21 00:00:00+00:00,-0.01714479
2015-09-22 00:00:00+00:00,-0.03458215
2015-09-23 00:00:00+00:00,-0.01785911
2015-09-24 00:00:00+00:00,0.01656485
2015-09-25 00:00:00+00:00,-0.01031314
2015-09-28 00:00:00+00:00,-0.01449768
2015-09-29 00:00:00+00:00,0.00969273
2015-09-30 00:00:00+00:00,0.00962923
2015-10-01 00:00:00+00:00,0.00916538
2015-10-02 00:00:00+00:00,0.02258570
2015-10-05 00:00:00+00:00,0.01593973
2015-10-06 00:00:00+00:00,0.00775926
2015-10-07 00:00:00+00:00,0.00324969
2015-10-08 00:00:00+00:00,0.00590124
2015-10-09 00:00:00+00:00,0.00107224
2015-10-12 00:00:00+00:00,0.00565658
2015-10-13 00:00:00+00:00,-0.02231453
2015-10-14 00:00:00+00:00,0.00773538
2015-10-15 00:00:00+00:00,0.02015973
2015-10-16 00:00:00+00:00,0.00029552
2015-10-19 00:00:00+00:00,-0.01578397
2015-10-20 00:00:00+00:00,-0.02227558
2015-10-21 00:00:00+00:00,-0.01568666
2015-10-22 00:00:00+00:00,0.00860593
2015-10-23 00:00:00+00:00,0.01087446
2015-10-26 00:00:00+00:00,-0.00282741
2015-10-27 00:00:00+00:00,-0.00008714
2015-10-28 00:00:00+00:00,-0.00356017
2015-10-29 00:00:00+00:00,0.00024610
2015-10-30 00:00:00+00:00,-0.00456071
2015-11-02 00:00:00+00:00,-0.00436996
2015-11-03 00:00:00+00:00,0.00930933
2015-11-04 00:00:00+00:00,-0.01133668
2015-11-05 00:00:00+00:00,-0.00593106
2015-11-06 00:00:00+00:00,-0.00965166
2015-11-09 00:00:00+00:00,-0.01187518
2015-11-10 00:00:00+00:00,0.00636914
2015-11-11 00:00:00+00:00,0.00254719
2015-11-12 00:00:00+00:00,-0.00593221
2015-11-13 00:00:00+00:00,-0.01278967
2015-11-16 00:00:00+00:00,-0.01758359
2015-11-17 00:00:00+00:00,0.00263179
2015-11-18 00:00:00+00:00,-0.00908307
2015-11-19 00:00:00+00:00,0.01067197
2015-11-20 00:00:00+00:00,-0.00127314
2015-11-23 00:00:00+00:00,-0.01051135
2015-11-24 00:00:00+00:00,0.01245435
2015-11-25 00:00:00+00:00,-0.00629782
2015-11-27 00:00:00+00:00,0.00251486
2015-11-30 00:00:00+00:00,0.00370947
2015-12-01 00:00:00+00:00,0.01056468
2015-12-02 00:00:00+00:00,-0.00200448
2015-12-03 00:00:00+00:00,0.00770908
2015-12-04 00:00:00+00:00,0.00144737
2015-12-07 00:00:00+00:00,-0.01443212
2015-12-08 00:00:00+00:00,-0.00968223
2015-12-09 00:00:00+00:00,0.01559012
2015-12-10 00:00:00+00:00,-0.00256702
2015-12-11 00:00:00+00:00,-0.01123386
2015-12-14 00:00:00+00:00,-0.00590093
2015-12-15 00:00:00+00:00,0.00360034
2015-12-16 00:00:00+00:00,0.01287304
2015-12-17 00:00:00+00:00,-0.00320970
2015-12-18 00:00:00+00:00,0.02310636
2015-12-21 00:00:00+00:00,0.01803870
2015-12-22 00:00:00+00:00,-0.01212526
2015-12-23 00:00:00+00:00,-0.00416157
2015-12-24 00:00:00+00:00,-0.00315857
2015-12-28 00:00:00+00:00,-0.02089364
2015-12-29 00:00:00+00:00,-0.00216553
2015-12-30 00:00:00+00:00,0.00157104
2015-12-31 00:00:00+00:00,-0.00308924
2016-01-04 00:00:00+00:00,-0.01185507
2016-01-05 00:00:00+00:00,0.00937440
2016-01-06 00:00:00+00:00,-0.00440579
2016-01-07 00:00:00+00:00,-0.01796046
2016-01-08 00:00:00+00:00,-0.01659649
2016-01-11 00:00:00+00:00,-0.00969277
2016-01-12 00:00:00+00:00,0.00445513
2016-01-13 00:00:00+00:00,0.01071246
2016-01-14 00:00:00+00:00,0.00714891
2016-01-15 00:00:00+00:00,-0.02054337
2016-01-19 00:00:00+00:00,0.01423761
2016-01-20 00:00:00+00:00,-0.00374791
2016-01-21 00:00:00+00:00,0.00804816
2016-01-22 00:00:00+00:00,0.02796196
2016-01-25 00:00:00+00:00,-0.01828465
2016-01-26 00:00:00+00:00,0.01157728
2016-01-27 00:00:00+00:00,0.00907612
2016-01-28 00:00:00+00:00,0.01163922
2016-01-29 00:00:00+00:00,-0.00438423
2016-02-01 00:00:00+00:00,-0.00158519
2016-02-02 00:00:00+00:00,-0.00975587
2016-02-03 00:00:00+00:00,0.02927275
2016-02-04 00:00:00+00:00,0.02254675
2016-02-05 00:00:00+00:00,-0.02708675
2016-02-08 00:00:00+00:00,-0.02010773
2016-02-09 00:00:00+00:00,-0.00126807
2016-02-10 00:00:00+00:00,0.00288918
2016-02-11 00:00:00+00:00,0.00072553
2016-02-12 00:00:00+00:00,0.02353208
2016-02-16 00:00:00+00:00,-0.01244997
2016-02-17 00:00:00+00:00,0.02466736
2016-02-18 00:00:00+00:00,-0.00775614
2016-02-19 00:00:00+00:00,0.01231822
2016-02-22 00:00:00+00:00,0.01996432
2016-02-23 00:00:00+00:00,-0.00859370
2016-02-24 00:00:00+00:00,0.00865914
2016-02-25 00:00:00+00:00,0.00780023
2016-02-26 00:00:00+00:00,-0.01024576
2016-02-29 00:00:00+00:00,0.00306726
2016-03-01 00:00:00+00:00,-0.00348472
2016-03-02 00:00:00+00:00,0.01359936
2016-03-03 00:00:00+00:00,-0.00207367
2016-03-04 00:00:00+00:00,0.01538484
2016-03-07 00:00:00+00:00,0.00617009
2016-03-08 00:00:00+00:00,-0.00794096
2016-03-09 00:00:00+00:00,0.01266233
2016-03-10 00:00:00+00:00,-0.01628987
2016-03-11 00:00:00+00:00,-0.00059775
2016-03-14 00:00:00+00:00,0.00932317
2016-03-15 00:00:00+00:00,-0.01868685
2016-03-16 00:00:00+00:00,0.01430920
2016-03-17 00:00:00+00:00,0.03675870
2016-03-18 00:00:00+00:00,-0.01717562
2016-03-21 00:00:00+00:00,-0.00005866
2016-03-22 00:00:00+00:00,0.01046335
2016-03-23 00:00:00+00:00,-0.02415623
2016-03-24 00:00:00+00:00,-0.00076156
2016-03-28 00:00:00+00:00,0.00728533
2016-03-29 00:00:00+00:00,-0.00193719
2016-03-30 00:00:00+00:00,0.01790242
2016-03-31 00:00:00+00:00,0.00473913
2016-04-01 00:00:00+00:00,0.00666537
2016-04-04 00:00:00+00:00,-0.00458452
2016-04-05 00:00:00+00:00,-0.01025791
2016-04-06 00:00:00+00:00,-0.00350591
2016-04-07 00:00:00+00:00,-0.02677206
2016-04-08 00:00:00+00:00,0.00227005
2016-04-11 00:00:00+00:00,0.01523323
2016-04-12 00:00:00+00:00,0.01949941
2016-04-13 00:00:00+00:00,0.00772805
2016-04-14 00:00:00+00:00,0.02031482
2016-04-15 00:00:00+00:00,-0.00966651
2016-04-18 00:00:00+00:00,0.00911023
2016-04-19 00:00:00+00:00,0.01075875
2016-04-20 00:00:00+00:00,0.00679971
2016-04-21 00:00:00+00:00,-0.02398164
2016-04-22 00:00:00+00:00,-0.00315210
2016-04-25 00:00:00+00:00,-0.00818204
2016-04-26 00:00:00+00:00,0.00135405
2016-04-27 00:00:00+00:00,0.01079227
2016-04-28 00:00:00+00:00,0.01675369
2016-04-29 00:00:00+00:00,-0.00354271
2016-05-02 00:00:00+00:00,0.00090525
2016-05-03 00:00:00+00:00,-0.02192254
2016-05-04 00:00:00+00:00,-0.00473637
2016-05-05 00:00:00+00:00,0.00972847
2016-05-06 00:00:00+00:00,0.00903618
2016-05-09 00:00:00+00:00,-0.03784245
2016-05-10 00:00:00+00:00,-0.00656443
2016-05-11 00:00:00+00:00,-0.00114251
2016-05-12 00:00:00+00:00,-0.01398929
2016-05-13 00:00:00+00:00,-0.01761274
2016-05-16 00:00:00+00:00,-0.00839650
2016-05-17 00:00:00+00:00,0.01431153
2016-05-18 00:00:00+00:00,-0.02222849
2016-05-19 00:00:00+00:00,0.00839779
2016-05-20 00:00:00+00:00,0.00834514
2016-05-23 00:00:00+00:00,-0.00858386
2016-05-24 00:00:00+00:00,-0.00213643
2016-05-25 00:00:00+00:00,0.00869894
2016-05-26 00:00:00+00:00,0.01365805
2016-05-27 00:00:00+00:00,0.00210432
2016-05-31 00:00:00+00:00,-0.01398523
2016-06-01 00:00:00+00:00,-0.00278539
2016-06-02 00:00:00+00:00,0.00613460
2016-06-03 00:00:00+00:00,0.01688982
2016-06-06 00:00:00+00:00,0.01156853
2016-06-07 00:00:00+00:00,0.00312430
2016-06-08 00:00:00+00:00,0.01301977
2016-06-09 00:00:00+00:00,-0.01399863
2016-06-10 00:00:00+00:00,-0.01362703
2016-06-13 00:00:00+00:00,0.00024750
2016-06-14 00:00:00+00:00,-0.01455585
2016-06-15 00:00:00+00:00,0.01218667
2016-06-16 00:00:00+00:00,-0.00969619
2016-06-17 00:00:00+00:00,0.01284617
2016-06-20 00:00:00+00:00,0.01718761
2016-06-21 00:00:00+00:00,0.01115268
2016-06-22 00:00:00+00:00,0.00189283
2016-06-23 00:00:00+00:00,0.01359323
2016-06-24 00:00:00+00:00,-0.02284162
2016-06-27 00:00:00+00:00,-0.01251965
2016-06-28 00:00:00+00:00,0.04535090
2016-06-29 00:00:00+00:00,0.01680295
2016-06-30 00:00:00+00:00,-0.00097792
2016-07-01 00:00:00+00:00,0.00351958
2016-07-05 00:00:00+00:00,-0.01584863
2016-07-06 00:00:00+00:00,0.00229881
2016-07-07 00:00:00+00:00,-0.01071377
2016-07-08 00:00:00+00:00,0.02256149
2016-07-11 00:00:00+00:00,-0.00877135
2016-07-12 00:00:00+00:00,0.00568813
2016-07-13 00:00:00+00:00,0.01070881
2016-07-14 00:00:00+00:00,0.01654975
2016-07-15 00:00:00+00:00,-0.00696564
2016-07-18 00:00:00+00:00,0.01381251
2016-07-19 00:00:00+00:00,-0.00514301
2016-07-20 00:00:00+00:00,-0.00403288
2016-07-21 00:00:00+00:00,0.00516151
2016-07-22 00:00:00+00:00,0.00124031
2016-07-25 00:00:00+00:00,-0.02713711
2016-07-26 00:00:00+00:00,-0.00665998
2016-07-27 00:00:00+00:00,-0.01667496
2016-07-28 00:00:00+00:00,0.01508347
2016-07-29 00:00:00+00:00,0.00727928
2016-08-01 00:00:00+00:00,0.00864632
2016-08-02 00:00:00+00:00,0.00401547
2016-08-03 00:00:00+00:00,-0.00098430
2016-08-04 00:00:00+00:00,0.00459867
2016-08-05 00:00:00+00:00,-0.00195645
2016-08-08 00:00:00+00:00,0.00498716
2016-08-09 00:00:00+00:00,0.00484759
2016-08-10 00:00:00+00:00,0.01316561
2016-08-11 00:00:00+00:00,0.01955379
2016-08-12 00:00:00+00:00,-0.02124652
2016-08-15 00:00:00+00:00,0.00502531
2016-08-16 00:00:00+00:00,-0.01027449
2016-08-17 00:00:00+00:00,-0.01981456
2016-08-18 00:00:00+00:00,0.00145422
2016-08-19 00:00:00+00:00,-0.01192544
2016-08-22 00:00:00+00:00,-0.01981277
2016-08-23 00:00:00+00:00,-0.00868378
2016-08-24 00:00:00+00:00,0.00706114
2016-08-25 00:00:00+00:00,0.01806657
2016-08-26 00:00:00+00:00,-0.01645880
2016-08-29 00:00:00+00:00,-0.00702694
2016-08-30 00:00:00+00:00,-0.00972773
2016-08-31 00:00:00+00:00,-0.00519033
2016-09-01 00:00:00+00:00,-0.01455110
2016-09-02 00:00:00+00:00,0.02972049
2016-09-06 00:00:00+00:00,0.02576653
2016-09-07 00:00:00+00:00,0.00406215
2016-09-08 00:00:00+00:00,-0.00629896
2016-09-09 00:00:00+00:00,-0.02182063
2016-09-12 00:00:00+00:00,0.00672680
2016-09-13 00:00:00+00:00,-0.02172983
2016-09-14 00:00:00+00:00,0.00774447
2016-09-15 00:00:00+00:00,0.00640474
2016-09-16 00:00:00+00:00,-0.01143857
2016-09-19 00:00:00+00:00,0.00236149
2016-09-20 00:00:00+00:00,0.01474796
2016-09-21 00:00:00+00:00,0.01837960
2016-09-22 00:00:00+00:00,0.01688624
2016-09-23 00:00:00+00:00,-0.00348939
2016-09-26 00:00:00+00:00,-0.00449085
2016-09-27 00:00:00+00:00,-0.00039174
2016-09-28 00:00:00+00:00,0.00085875
2016-09-29 00:00:00+00:00,0.00761147
2016-09-30 00:00:00+00:00,0.00340852
2016-10-03 00:00:00+00:00,-0.00307059
2016-10-04 00:00:00+00:00,-0.01119016
2016-10-05 00:00:00+00:00,-0.00330946
2016-10-06 00:00:00+00:00,-0.00579363
2016-10-07 00:00:00+00:00,-0.00674154
2016-10-10 00:00:00+00:00,-0.00101089
2016-10-11 00:00:00+00:00,0.00702924
2016-10-12 00:00:00+00:00,0.00242110
2016-10-13 00:00:00+00:00,-0.01122040
2016-10-14 00:00:00+00:00,0.00066969
2016-10-17 00:00:00+00:00,0.00101047
2016-10-18 00:00:00+00:00,0.00617761
2016-10-19 00:00:00+00:00,0.00941374
2016-10-20 00:00:00+00:00,-0.00630637
2016-10-21 00:00:00+00:00,0.00305327
2016-10-24 00:00:00+00:00,0.02334868
2016-10-25 00:00:00+00:00,0.01539579
2016-10-26 00:00:00+00:00,-0.00222548
2016-10-27 00:00:00+00:00,0.01132857
2016-10-28 00:00:00+00:00,-0.00269382
2016-10-31 00:00:00+00:00,-0.00433926
2016-11-01 00:00:00+00:00,0.00621037
2016-11-02 00:00:00+00:00,0.00487581
2016-11-03 00:00:00+00:00,-0.00832027
2016-11-04 00:00:00+00:00,-0.01201864
2016-11-07 00:00:00+00:00,0.01144640
2016-11-08 00:00:00+00:00,0.01547265
2016-11-09 00:00:00+00:00,-0.00452647
2016-11-10 00:00:00+00:00,-0.03243856
2016-11-11 00:00:00+00:00,-0.02154611
2016-11-14 00:00:00+00:00,-0.01095936
2016-11-15 00:00:00+00:00,-0.00235883
2016-11-16 00:00:00+00:00,-0.00919911
2016-11-17 00:00:00+00:00,-0.00440515
2016-11-18 00:00:00+00:00,-0.00641774
2016-11-21 00:00:00+00:00,0.01425860
2016-11-22 00:00:00+00:00,-0.00883521
2016-11-23 00:00:00+00:00,-0.00054442
2016-11-25 00:00:00+00:00,-0.00616391
2016-11-28 00:00:00+00:00,0.01365323
2016-11-29 00:00:00+00:00,0.00710318
2016-11-30 00:00:00+00:00,-0.00725579
2016-12-01 00:00:00+00:00,-0.00042914
2016-12-02 00:00:00+00:00,0.01176230
2016-12-05 00:00:00+00:00,0.01934192
2016-12-06 00:00:00+00:00,0.01363220
2016-12-07 00:00:00+00:00,0.01567092
2016-12-08 00:00:00+00:00,0.00150685
2016-12-09 00:00:00+00:00,0.00805710
2016-12-12 00:00:00+00:00,0.00822804
2016-12-13 00:00:00+00:00,-0.00384582
2016-12-14 00:00:00+00:00,-0.01281809
2016-12-15 00:00:00+00:00,-0.02948690
2016-12-16 00:00:00+00:00,-0.02814118
2016-12-19 00:00:00+00:00,-0.00971264
2016-12-20 00:00:00+00:00,0.00535610
2016-12-21 00:00:00+00:00,0.00709308
2016-12-22 00:00:00+00:00,-0.00559644
2016-12-23 00:00:00+00:00,0.00567116
2016-12-27 00:00:00+00:00,-0.00323818
2016-12-28 00:00:00+00:00,0.00892601
2016-12-29 00:00:00+00:00,0.01363757
2016-12-30 00:00:00+00:00,-0.00374468
2017-01-03 00:00:00+00:00,-0.01294302
2017-01-04 00:00:00+00:00,0.01189735
2017-01-05 00:00:00+00:00,0.02790520
2017-01-06 00:00:00+00:00,-0.01684368
2017-01-09 00:00:00+00:00,-0.00889030
2017-01-10 00:00:00+00:00,0.00187500
2017-01-11 00:00:00+00:00,0.00032755
2017-01-12 00:00:00+00:00,0.02590056
2017-01-13 00:00:00+00:00,0.00641215
2017-01-17 00:00:00+00:00,0.01114763
2017-01-18 00:00:00+00:00,-0.00983684
2017-01-19 00:00:00+00:00,-0.00507165
2017-01-20 00:00:00+00:00,0.01435104
2017-01-23 00:00:00+00:00,0.00839658
2017-01-24 00:00:00+00:00,0.00267542
2017-01-25 00:00:00+00:00,0.01253857
2017-01-26 00:00:00+00:00,-0.00752534
2017-01-27 00:00:00+00:00,0.00234737
2017-01-30 00:00:00+00:00,0.00703755
2017-01-31 00:00:00+00:00,-0.00199981
2017-02-01 00:00:00+00:00,0.00043171
2017-02-02 00:00:00+00:00,0.01671321
2017-02-03 00:00:00+00:00,0.00772534
2017-02-06 00:00:00+00:00,-0.00492585
2017-02-07 00:00:00+00:00,-0.02171797
2017-02-08 00:00:00+00:00,-0.00032286
2017-02-09 00:00:00+00:00,0.00525470
2017-02-10 00:00:00+00:00,0.02352256
2017-02-13 00:00:00+00:00,-0.00832113
2017-02-14 00:00:00+00:00,0.00699526
2017-02-15 00:00:00+00:00,0.00346454
2017-02-16 00:00:00+00:00,0.00140604
2017-02-17 00:00:00+00:00,-0.01647781
2017-02-21 00:00:00+00:00,0.00282281
2017-02-22 00:00:00+00:00,0.00167648
2017-02-23 00:00:00+00:00,0.00373217
2017-02-24 00:00:00+00:00,-0.01360934
2017-02-27 00:00:00+00:00,-0.00303871
2017-02-28 00:00:00+00:00,-0.00140585
2017-03-01 00:00:00+00:00,-0.00776636
2017-03-02 00:00:00+00:00,-0.01299642
2017-03-03 00:00:00+00:00,-0.00777970
2017-03-06 00:00:00+00:00,-0.01543937
2017-03-07 00:00:00+00:00,0.00820508
2017-03-08 00:00:00+00:00,-0.01353364
2017-03-09 00:00:00+00:00,-0.00610132
2017-03-10 00:00:00+00:00,0.00366436
2017-03-13 00:00:00+00:00,-0.00776469
2017-03-14 00:00:00+00:00,-0.00761598
2017-03-15 00:00:00+00:00,-0.00014903
2017-03-16 00:00:00+00:00,0.02367481
2017-03-17 00:00:00+00:00,0.00364057
2017-03-20 00:00:00+00:00,0.00263193
2017-03-21 00:00:00+00:00,0.00310594
2017-03-22 00:00:00+00:00,-0.01074519
2017-03-23 00:00:00+00:00,-0.00093390
2017-03-24 00:00:00+00:00,0.00856243
2017-03-27 00:00:00+00:00,-0.01235702
2017-03-28 00:00:00+00:00,-0.00285208
2017-03-29 00:00:00+00:00,0.00871404
2017-03-30 00:00:00+00:00,-0.00350705
2017-03-31 00:00:00+00:00,0.00634419
2017-04-03 00:00:00+00:00,0.00585914
2017-04-04 00:00:00+00:00,-0.00619512
2017-04-05 00:00:00+00:00,0.00554582
2017-04-06 00:00:00+00:00,0.00731422
2017-04-07 00:00:00+00:00,-0.00007591
2017-04-10 00:00:00+00:00,0.01445818
2017-04-11 00:00:00+00:00,-0.00958766
2017-04-12 00:00:00+00:00,0.00274770
2017-04-13 00:00:00+00:00,0.01420310
2017-04-17 00:00:00+00:00,0.01298094
2017-04-18 00:00:00+00:00,-0.01173596
2017-04-19 00:00:00+00:00,-0.00339325
2017-04-20 00:00:00+00:00,0.00099819
2017-04-21 00:00:00+00:00,-0.01022541
2017-04-24 00:00:00+00:00,-0.00620155
2017-04-25 00:00:00+00:00,-0.02076336
2017-04-26 00:00:00+00:00,-0.00834892
2017-04-27 00:00:00+00:00,0.00398714
2017-04-28 00:00:00+00:00,0.00165749
2017-05-01 00:00:00+00:00,0.00206665
2017-05-02 00:00:00+00:00,-0.01715883
2017-05-03 00:00:00+00:00,-0.00656428
2017-05-04 00:00:00+00:00,-0.01684068
2017-05-05 00:00:00+00:00,0.01232648
2017-05-08 00:00:00+00:00,-0.02031409
2017-05-09 00:00:00+00:00,-0.00074925
2017-05-10 00:00:00+00:00,0.00645616
2017-05-11 00:00:00+00:00,0.01760709
2017-05-12 00:00:00+00:00,-0.00193145
2017-05-15 00:00:00+00:00,0.00973388
2017-05-16 00:00:00+00:00,0.00574964
2017-05-17 00:00:00+00:00,-0.00993723
2017-05-18 00:00:00+00:00,-0.00951894
2017-05-19 00:00:00+00:00,0.01429059
2017-05-22 00:00:00+00:00,-0.00322071
2017-05-23 00:00:00+00:00,-0.01393335
2017-05-24 00:00:00+00:00,0.00844577
2017-05-25 00:00:00+00:00,0.00677398
2017-05-26 00:00:00+00:00,-0.00615787
2017-05-30 00:00:00+00:00,-0.01060824
2017-05-31 00:00:00+00:00,0.00216324
2017-06-01 00:00:00+00:00,0.00337276
2017-06-02 00:00:00+00:00,0.00834627
2017-06-05 00:00:00+00:00,0.00334409
2017-06-06 00:00:00+00:00,-0.00180469
2017-06-07 00:00:00+00:00,-0.00026843
2017-06-08 00:00:00+00:00,0.01165488
2017-06-09 00:00:00+00:00,0.00586698
2017-06-12 00:00:00+00:00,0.00597566
2017-06-13 00:00:00+00:00,0.00117771
2017-06-14 00:00:00+00:00,0.00226740
2017-06-15 00:00:00+00:00,-0.01586582
2017-06-16 00:00:00+00:00,0.00565443
2017-06-19 00:00:00+00:00,0.00718427
2017-06-20 00:00:00+00:00,-0.00688876
2017-06-21 00:00:00+00:00,-0.00438234
2017-06-22 00:00:00+00:00,0.00538730
2017-06-23 00:00:00+00:00,0.00843255
2017-06-26 00:00:00+00:00,-0.00105733
2017-06-27 00:00:00+00:00,-0.00355854
2017-06-28 00:00:00+00:00,-0.00153684
2017-06-29 00:00:00+00:00,-0.00551430
2017-06-30 00:00:00+00:00,0.00494094
2017-07-03 00:00:00+00:00,0.00025639
2017-07-05 00:00:00+00:00,-0.00955313
2017-07-06 00:00:00+00:00,-0.00005993
2017-07-07 00:00:00+00:00,-0.00393614
2017-07-10 00:00:00+00:00,0.00131788
2017-07-11 00:00:00+00:00,0.00307477
2017-07-12 00:00:00+00:00,0.00739183
2017-07-13 00:00:00+00:00,0.00744921
2017-07-14 00:00:00+00:00,0.00938186
2017-07-17 00:00:00+00:00,-0.00625021
2017-07-18 00:00:00+00:00,0.01609501
2017-07-19 00:00:00+00:00,0.00288756
2017-07-20 00:00:00+00:00,0.00379625
2017-07-21 00:00:00+00:00,0.00268206
2017-07-24 00:00:00+00:00,0.00096600
2017-07-25 00:00:00+00:00,0.00142720
2017-07-26 00:00:00+00:00,0.01608799
2017-07-27 00:00:00+00:00,-0.01020492
2017-07-28 00:00:00+00:00,-0.01395490
2017-07-31 00:00:00+00:00,0.00884456
2017-08-01 00:00:00+00:00,-0.00380693
2017-08-02 00:00:00+00:00,0.00152892
2017-08-03 00:00:00+00:00,0.00332341
2017-08-04 00:00:00+00:00,0.00502097
2017-08-07 00:00:00+00:00,-0.00422875
2017-08-08 00:00:00+00:00,0.01030317
2017-08-09 00:00:00+00:00,0.00194241
2017-08-10 00:00:00+00:00,0.00234597
2017-08-11 00:00:00+00:00,0.00200840
2017-08-14 00:00:00+00:00,-0.00570020
2017-08-15 00:00:00+00:00,-0.00441176
2017-08-16 00:00:00+00:00,0.01924485
2017-08-17 00:00:00+00:00,-0.01307493
2017-08-18 00:00:00+00:00,0.00111076
2017-08-21 00:00:00+00:00,0.01521899
2017-08-22 00:00:00+00:00,0.00708288
2017-08-23 00:00:00+00:00,0.00115521
2017-08-24 00:00:00+00:00,0.00799399
2017-08-25 00:00:00+00:00,0.01039861
2017-08-28 00:00:00+00:00,0.02101777
2017-08-29 00:00:00+00:00,0.00658188
2017-08-30 00:00:00+00:00,-0.01895527
2017-08-31 00:00:00+00:00,0.01487426
2017-09-01 00:00:00+00:00,0.00418704
2017-09-05 00:00:00+00:00,-0.01064234
2017-09-06 00:00:00+00:00,0.03301954
2017-09-07 00:00:00+00:00,0.01442485
2017-09-08 00:00:00+00:00,-0.02286024
2017-09-11 00:00:00+00:00,-0.00516335
2017-09-12 00:00:00+00:00,0.00043308
2017-09-13 00:00:00+00:00,-0.01501019
2017-09-14 00:00:00+00:00,0.00998185
2017-09-15 00:00:00+00:00,-0.00469182
2017-09-18 00:00:00+00:00,-0.02365505
2017-09-19 00:00:00+00:00,0.00064676
2017-09-20 00:00:00+00:00,0.03456714
2017-09-21 00:00:00+00:00,-0.00753029
2017-09-22 00:00:00+00:00,-0.02762563
2017-09-25 00:00:00+00:00,0.01299773
2017-09-26 00:00:00+00:00,-0.01618432
2017-09-27 00:00:00+00:00,-0.01302848
2017-09-28 00:00:00+00:00,0.00748813
2017-09-29 00:00:00+00:00,-0.00437763
2017-10-02 00:00:00+00:00,-0.00314623
2017-10-03 00:00:00+00:00,0.01764220
2017-10-04 00:00:00+00:00,0.00354100
2017-10-05 00:00:00+00:00,0.00897161
2017-10-06 00:00:00+00:00,-0.01351646
2017-10-09 00:00:00+00:00,-0.00014187
2017-10-10 00:00:00+00:00,0.01274488
2017-10-11 00:00:00+00:00,0.01076973
2017-10-12 00:00:00+00:00,0.00613065
2017-10-13 00:00:00+00:00,0.00698778
2017-10-16 00:00:00+00:00,0.00790249
2017-10-17 00:00:00+00:00,-0.00823906
2017-10-18 00:00:00+00:00,-0.00740867
2017-10-19 00:00:00+00:00,-0.00311553
2017-10-20 00:00:00+00:00,-0.01320506
2017-10-23 00:00:00+00:00,-0.00887992
2017-10-24 00:00:00+00:00,0.00094853
2017-10-25 00:00:00+00:00,0.00720270
2017-10-26 00:00:00+00:00,-0.01675460
2017-10-27 00:00:00+00:00,0.00000000
2017-10-30 00:00:00+00:00,-0.01099874
2017-10-31 00:00:00+00:00,0.00736517
2017-11-01 00:00:00+00:00,-0.00103586
2017-11-02 00:00:00+00:00,0.02410143
2017-11-03 00:00:00+00:00,-0.01500155
2017-11-06 00:00:00+00:00,0.00521369
2017-11-07 00:00:00+00:00,-0.00689608
2017-11-08 00:00:00+00:00,0.00939592
2017-11-09 00:00:00+00:00,0.00170984
2017-11-10 00:00:00+00:00,0.00156846
2017-11-13 00:00:00+00:00,0.00460540
2017-11-14 00:00:00+00:00,-0.00886923
2017-11-15 00:00:00+00:00,-0.00221092
2017-11-16 00:00:00+00:00,0.00936087
2017-11-17 00:00:00+00:00,0.01657441
2017-11-20 00:00:00+00:00,-0.03711953
2017-11-21 00:00:00+00:00,0.00687001
2017-11-22 00:00:00+00:00,0.00344136
2017-11-24 00:00:00+00:00,-0.00100977
2017-11-27 00:00:00+00:00,-0.01408635
2017-11-28 00:00:00+00:00,-0.00873688
2017-11-29 00:00:00+00:00,-0.01013659
2017-11-30 00:00:00+00:00,-0.00152242
2017-12-01 00:00:00+00:00,-0.00882539
2017-12-04 00:00:00+00:00,0.00024678
2017-12-05 00:00:00+00:00,-0.01658103
2017-12-06 00:00:00+00:00,0.00418479
2017-12-07 00:00:00+00:00,-0.00791009
2017-12-08 00:00:00+00:00,-0.00077850
2017-12-11 00:00:00+00:00,-0.00077814
2017-12-12 00:00:00+00:00,0.00975462
2017-12-13 00:00:00+00:00,0.02219231
2017-12-14 00:00:00+00:00,0.02517670
2017-12-15 00:00:00+00:00,0.00336563
2017-12-18 00:00:00+00:00,0.04462664
2017-12-19 00:00:00+00:00,-0.00309781
2017-12-20 00:00:00+00:00,0.00740990
2017-12-21 00:00:00+00:00,0.00088638
2017-12-22 00:00:00+00:00,-0.00498383
2017-12-26 00:00:00+00:00,0.00995394
2017-12-27 00:00:00+00:00,0.00835667
2017-12-28 00:00:00+00:00,0.00672422
2017-12-29 00:00:00+00:00,-0.00457904
2018-01-02 00:00:00+00:00,0.01369231
2018-01-03 00:00:00+00:00,-0.00332246
2018-01-04 00:00:00+00:00,0.00514381
2018-01-05 00:00:00+00:00,-0.00047805
2018-01-08 00:00:00+00:00,0.00183127
2018-01-09 00:00:00+00:00,-0.00721656
2018-01-10 00:00:00+00:00,-0.00220046
2018-01-11 00:00:00+00:00,0.00968642
2018-01-12 00:00:00+00:00,0.00811837
2018-01-16 00:00:00+00:00,-0.00939935
2018-01-17 00:00:00+00:00,-0.00268411
2018-01-18 00:00:00+00:00,0.00455523
2018-01-19 00:00:00+00:00,-0.01253013
2018-01-22 00:00:00+00:00,0.01425488
2018-01-23 00:00:00+00:00,-0.01477373
2018-01-24 00:00:00+00:00,0.02335654
2018-01-25 00:00:00+00:00,0.00710867
2018-01-26 00:00:00+00:00,-0.00685209
2018-01-29 00:00:00+00:00,-0.00413916
2018-01-30 00:00:00+00:00,-0.01348526
2018-01-31 00:00:00+00:00,0.01301050
2018-02-01 00:00:00+00:00,0.01088793
2018-02-02 00:00:00+00:00,-0.02360941
2018-02-05 00:00:00+00:00,0.00658045
2018-02-06 00:00:00+00:00,0.01007842
2018-02-07 00:00:00+00:00,0.00175060
2018-02-08 00:00:00+00:00,-0.01283859
2018-02-09 00:00:00+00:00,-0.00578092
2018-02-12 00:00:00+00:00,0.02280154
2018-02-13 00:00:00+00:00,-0.00041757
2018-02-14 00:00:00+00:00,0.01495918
2018-02-15 00:00:00+00:00,0.00348926
2018-02-16 00:00:00+00:00,-0.00099394
2018-02-20 00:00:00+00:00,-0.00760272
2018-02-21 00:00:00+00:00,0.00043644
2018-02-22 00:00:00+00:00,0.01029343
2018-02-23 00:00:00+00:00,0.00651815
2018-02-26 00:00:00+00:00,0.00914948
2018-02-27 00:00:00+00:00,-0.01393311
2018-02-28 00:00:00+00:00,-0.00013905
2018-03-01 00:00:00+00:00,-0.01247088
2018-03-02 00:00:00+00:00,0.00544340
2018-03-05 00:00:00+00:00,-0.01238833
2018-03-06 00:00:00+00:00,-0.00572693
2018-03-07 00:00:00+00:00,-0.00919721
2018-03-08 00:00:00+00:00,-0.00904045
2018-03-09 00:00:00+00:00,0.01235269
2018-03-12 00:00:00+00:00,-0.00734336
2018-03-13 00:00:00+00:00,0.00562289
2018-03-14 00:00:00+00:00,0.00498818
2018-03-15 00:00:00+00:00,-0.01459179
2018-03-16 00:00:00+00:00,-0.00764639
2018-03-19 00:00:00+00:00,-0.00400386
2018-03-20 00:00:00+00:00,-0.00262230
2018-03-21 00:00:00+00:00,0.01635768
2018-03-22 00:00:00+00:00,-0.00975096
2018-03-23 00:00:00+00:00,0.00139863
2018-03-26 00:00:00+00:00,0.00960624
2018-03-27 00:00:00+00:00,-0.00029746
2018-03-28 00:00:00+00:00,0.00205281
2018-03-29 00:00:00+00:00,-0.00297596
2018-04-02 00:00:00+00:00,-0.00150123
2018-04-03 00:00:00+00:00,0.00981416
2018-04-04 00:00:00+00:00,0.00102838
2018-04-05 00:00:00+00:00,-0.00240195
2018-04-06 00:00:00+00:00,-0.00314243
2018-04-09 00:00:00+00:00,0.00459214
2018-04-10 00:00:00+00:00,0.00790567
2018-04-11 00:00:00+00:00,0.01027133
2018-04-12 00:00:00+00:00,0.00340179
2018-04-13 00:00:00+00:00,0.00514113
2018-04-16 00:00:00+00:00,-0.00368942
2018-04-17 00:00:00+00:00,-0.00043592
2018-04-18 00:00:00+00:00,0.00848642
2018-04-19 00:00:00+00:00,-0.00523974
2018-04-20 00:00:00+00:00,-0.00357074
2018-04-23 00:00:00+00:00,-0.02170579
2018-04-24 00:00:00+00:00,0.01295103
2018-04-25 00:00:00+00:00,-0.01474364
2018-04-26 00:00:00+00:00,0.00225550
2018-04-27 00:00:00+00:00,-0.01001609
2018-04-30 00:00:00+00:00,-0.01171461
2018-05-01 00:00:00+00:00,-0.01343670
2018-05-02 00:00:00+00:00,-0.01344192
2018-05-03 00:00:00+00:00,-0.00174560
2018-05-04 00:00:00+00:00,-0.00920206
2018-05-07 00:00:00+00:00,-0.02488044
2018-05-08 00:00:00+00:00,-0.01491784
2018-05-09 00:00:00+00:00,-0.00000000
2018-05-10 00:00:00+00:00,0.03514288
2018-05-11 00:00:00+00:00,0.01715571
2018-05-14 00:00:00+00:00,-0.02202410
2018-05-15 00:00:00+00:00,-0.02827702
2018-05-16 00:00:00+00:00,0.01030928
2018-05-17 00:00:00+00:00,-0.00622974
2018-05-18 00:00:00+00:00,-0.01025657
2018-05-21 00:00:00+00:00,-0.00423835
2018-05-22 00:00:00+00:00,0.04298851
2018-05-23 00:00:00+00:00,0.00000000
2018-05-24 00:00:00+00:00,-0.00922537
2018-05-25 00:00:00+00:00,0.01159203
2018-05-29 00:00:00+00:00,-0.02148899
2018-05-30 00:00:00+00:00,0.00515951
2018-05-31 00:00:00+00:00,-0.00369985
2018-06-01 00:00:00+00:00,-0.00472034
2018-06-04 00:00:00+00:00,0.00082397
2018-06-05 00:00:00+00:00,-0.00486872
2018-06-06 00:00:00+00:00,0.01151015
2018-06-07 00:00:00+00:00,-0.00703433
2018-06-08 00:00:00+00:00,0.00218875
2018-06-11 00:00:00+00:00,-0.00616591
2018-06-12 00:00:00+00:00,-0.01081983
2018-06-13 00:00:00+00:00,0.00539286
2018-06-14 00:00:00+00:00,-0.00893352
2018-06-15 00:00:00+00:00,0.01587314
2018-06-18 00:00:00+00:00,-0.01258118
2018-06-19 00:00:00+00:00,-0.01031066
2018-06-20 00:00:00+00:00,-0.00268757
2018-06-21 00:00:00+00:00,0.00429014
2018-06-22 00:00:00+00:00,0.00569964
2018-06-25 00:00:00+00:00,-0.00733633
2018-06-26 00:00:00+00:00,-0.00647048
2018-06-27 00:00:00+00:00,-0.01608414
2018-06-28 00:00:00+00:00,-0.00757996
2018-06-29 00:00:00+00:00,-0.00445709
2018-07-02 00:00:00+00:00,-0.01465959
2018-07-03 00:00:00+00:00,0.02190573
2018-07-05 00:00:00+00:00,-0.01894291
2018-07-06 00:00:00+00:00,-0.00149122
2018-07-09 00:00:00+00:00,0.02128315
2018-07-10 00:00:00+00:00,0.01189676
2018-07-11 00:00:00+00:00,-0.02076094
2018-07-12 00:00:00+00:00,0.01530471
2018-07-13 00:00:00+00:00,-0.00570817
2018-07-16 00:00:00+00:00,0.00090813
2018-07-17 00:00:00+00:00,-0.01131028
2018-07-18 00:00:00+00:00,0.00378781
2018-07-19 00:00:00+00:00,-0.03242302
2018-07-20 00:00:00+00:00,0.01101342
2018-07-23 00:00:00+00:00,-0.01465132
2018-07-24 00:00:00+00:00,0.02845199
2018-07-25 00:00:00+00:00,0.02087874
2018-07-26 00:00:00+00:00,0.00487276
2018-07-27 00:00:00+00:00,0.01604736
2018-07-30 00:00:00+00:00,0.01031439
2018-07-31 00:00:00+00:00,0.00069324
2018-08-01 00:00:00+00:00,-0.00521693
2018-08-02 00:00:00+00:00,-0.00950025
2018-08-03 00:00:00+00:00,0.00420933
2018-08-06 00:00:00+00:00,-0.00785879
2018-08-07 00:00:00+00:00,0.01007510
2018-08-08 00:00:00+00:00,-0.00384848
2018-08-09 00:00:00+00:00,-0.00812933
2018-08-10 00:00:00+00:00,-0.02284134
2018-08-13 00:00:00+00:00,-0.01911160
2018-08-14 00:00:00+00:00,-0.00990755
2018-08-15 00:00:00+00:00,-0.00730600
2018-08-16 00:00:00+00:00,-0.00885676
2018-08-17 00:00:00+00:00,-0.00377169
2018-08-20 00:00:00+00:00,0.00638642
2018-08-21 00:00:00+00:00,0.01497757
2018-08-22 00:00:00+00:00,0.00537904
2018-08-23 00:00:00+00:00,-0.02310531
2018-08-24 00:00:00+00:00,0.02557644
2018-08-27 00:00:00+00:00,0.00647927
2018-08-28 00:00:00+00:00,-0.01047555
2018-08-29 00:00:00+00:00,-0.01538549
2018-08-30 00:00:00+00:00,-0.02610917
2018-08-31 00:00:00+00:00,0.00112652
2018-09-04 00:00:00+00:00,-0.02319863
2018-09-05 00:00:00+00:00,0.01307978
2018-09-06 00:00:00+00:00,0.00226016
2018-09-07 00:00:00+00:00,-0.01502361
2018-09-10 00:00:00+00:00,-0.01058062
2018-09-11 00:00:00+00:00,-0.00443847
2018-09-12 00:00:00+00:00,0.02535392
2018-09-13 00:00:00+00:00,0.02338421
2018-09-14 00:00:00+00:00,-0.01742168
2018-09-17 00:00:00+00:00,-0.00040844
2018-09-18 00:00:00+00:00,0.00701167
2018-09-19 00:00:00+00:00,0.01229804
2018-09-20 00:00:00+00:00,0.03635168
2018-09-21 00:00:00+00:00,0.00554844
2018-09-24 00:00:00+00:00,-0.02056620
2018-09-25 00:00:00+00:00,0.01579325
2018-09-26 00:00:00+00:00,0.01794630
2018-09-27 00:00:00+00:00,0.00509838
2018-09-28 00:00:00+00:00,-0.00032985
2018-10-01 00:00:00+00:00,0.00554838
2018-10-02 00:00:00+00:00,-0.00684828
2018-10-03 00:00:00+00:00,-0.00970990
2018-10-04 00:00:00+00:00,-0.03382601
2018-10-05 00:00:00+00:00,-0.00331477
2018-10-08 00:00:00+00:00,-0.01330472
2018-10-09 00:00:00+00:00,-0.00136652
2018-10-10 00:00:00+00:00,-0.01572805
2018-10-11 00:00:00+00:00,0.00947611
2018-10-12 00:00:00+00:00,0.01694268
2018-10-15 00:00:00+00:00,-0.01078500
2018-10-16 00:00:00+00:00,0.03664202
2018-10-17 00:00:00+00:00,-0.00961980
2018-10-18 00:00:00+00:00,-0.01082474
2018-10-19 00:00:00+00:00,0.00054800
2018-10-22 00:00:00+00:00,-0.00278113
2018-10-23 00:00:00+00:00,-0.01961099
2018-10-24 00:00:00+00:00,-0.01530314
2018-10-25 00:00:00+00:00,0.00269219
2018-10-26 00:00:00+00:00,0.00240400
2018-10-29 00:00:00+00:00,-0.01325766
2018-10-30 00:00:00+00:00,-0.00754151
2018-10-31 00:00:00+00:00,-0.00321504
2018-11-01 00:00:00+00:00,0.00717637
2018-11-02 00:00:00+00:00,0.00743993
2018-11-05 00:00:00+00:00,0.02227326
2018-11-06 00:00:00+00:00,-0.00195987
2018-11-07 00:00:00+00:00,0.00882022
2018-11-08 00:00:00+00:00,-0.00323576
2018-11-09 00:00:00+00:00,-0.02036921
2018-11-12 00:00:00+00:00,-0.01115336
2018-11-13 00:00:00+00:00,-0.01182422
2018-11-14 00:00:00+00:00,0.02414045
2018-11-15 00:00:00+00:00,0.02891321
2018-11-16 00:00:00+00:00,0.01205045
2018-11-19 00:00:00+00:00,0.00068715
2018-11-20 00:00:00+00:00,-0.00623955
2018-11-21 00:00:00+00:00,0.01672721
2018-11-23 00:00:00+00:00,-0.02777697
2018-11-26 00:00:00+00:00,-0.00572864
2018-11-27 00:00:00+00:00,0.00648764
2018-11-28 00:00:00+00:00,0.01013806
2018-11-29 00:00:00+00:00,0.00401239
2018-11-30 00:00:00+00:00,0.00055499
2018-12-03 00:00:00+00:00,0.00040349
2018-12-04 00:00:00+00:00,-0.00429550
2018-12-05 00:00:00+00:00,-0.00542915
2018-12-06 00:00:00+00:00,-0.00894433
2018-12-07 00:00:00+00:00,0.00284719
2018-12-10 00:00:00+00:00,-0.01195453
2018-12-11 00:00:00+00:00,-0.01540160
2018-12-12 00:00:00+00:00,0.01873549
2018-12-13 00:00:00+00:00,-0.01218022
2018-12-14 00:00:00+00:00,-0.00512345
2018-12-17 00:00:00+00:00,-0.01346445
2018-12-18 00:00:00+00:00,-0.00433798
2018-12-19 00:00:00+00:00,0.00656505
2018-12-20 00:00:00+00:00,-0.00963351
2018-12-21 00:00:00+00:00,-0.00828319
2018-12-24 00:00:00+00:00,0.01602590
2018-12-26 00:00:00+00:00,-0.01348956
2018-12-27 00:00:00+00:00,-0.01552234
2018-12-28 00:00:00+00:00,0.00972802
2018-12-31 00:00:00+00:00,0.00132418
2019-01-02 00:00:00+00:00,-0.00294194
2019-01-03 00:00:00+00:00,0.00731799
2019-01-04 00:00:00+00:00,0.03867892
2019-01-07 00:00:00+00:00,-0.00082202
2019-01-08 00:00:00+00:00,0.00354389
2019-01-09 00:00:00+00:00,0.01135760
2019-01-10 00:00:00+00:00,0.00088775
2019-01-11 00:00:00+00:00,0.00473114
2019-01-14 00:00:00+00:00,0.00451907
2019-01-15 00:00:00+00:00,-0.00625346
2019-01-16 00:00:00+00:00,0.01586158
2019-01-17 00:00:00+00:00,-0.00616407
2019-01-18 00:00:00+00:00,0.00362408
2019-01-22 00:00:00+00:00,-0.01013466
2019-01-23 00:00:00+00:00,0.00649032
2019-01-24 00:00:00+00:00,-0.00214130
2019-01-25 00:00:00+00:00,0.01302122
2019-01-28 00:00:00+00:00,-0.00888068
2019-01-29 00:00:00+00:00,0.01095157
2019-01-30 00:00:00+00:00,0.00059943
2019-01-31 00:00:00+00:00,0.01960510
2019-02-01 00:00:00+00:00,0.01901210
2019-02-04 00:00:00+00:00,0.00477971
2019-02-05 00:00:00+00:00,0.00325293
2019-02-06 00:00:00+00:00,-0.01056198
2019-02-07 00:00:00+00:00,-0.00790538
2019-02-08 00:00:00+00:00,-0.00244471
2019-02-11 00:00:00+00:00,-0.01027284
2019-02-12 00:00:00+00:00,0.00516483
2019-02-13 00:00:00+00:00,-0.01129466
2019-02-14 00:00:00+00:00,-0.00112878
2019-02-15 00:00:00+00:00,0.00497889
2019-02-19 00:00:00+00:00,0.02074647
2019-02-20 00:00:00+00:00,0.00989705
2019-02-21 00:00:00+00:00,-0.00626155
2019-02-22 00:00:00+00:00,0.01054726
2019-02-25 00:00:00+00:00,0.00239778
2019-02-26 00:00:00+00:00,0.00506984
2019-02-27 00:00:00+00:00,-0.00206293
2019-02-28 00:00:00+00:00,-0.00984181
2019-03-01 00:00:00+00:00,-0.01524289
2019-03-04 00:00:00+00:00,-0.00104480
2019-03-05 00:00:00+00:00,0.00700496
2019-03-06 00:00:00+00:00,-0.00678427
2019-03-07 00:00:00+00:00,-0.02125954
2019-03-08 00:00:00+00:00,-0.01181140
2019-03-11 00:00:00+00:00,0.00193809
2019-03-12 00:00:00+00:00,0.01288929
2019-03-13 00:00:00+00:00,-0.01080500
2019-03-14 00:00:00+00:00,-0.00790819
2019-03-15 00:00:00+00:00,0.00841917
2019-03-18 00:00:00+00:00,0.01246752
2019-03-19 00:00:00+00:00,-0.00320936
2019-03-20 00:00:00+00:00,0.00267303
2019-03-21 00:00:00+00:00,-0.00832965
2019-03-22 00:00:00+00:00,-0.03236625
2019-03-25 00:00:00+00:00,-0.00135258
2019-03-26 00:00:00+00:00,-0.00210018
2019-03-27 00:00:00+00:00,0.00107274
2019-03-28 00:00:00+00:00,-0.00319860
2019-03-29 00:00:00+00:00,0.00357384
2019-04-01 00:00:00+00:00,0.01795002
2019-04-02 00:00:00+00:00,-0.01029012
2019-04-03 00:00:00+00:00,0.01815617
2019-04-04 00:00:00+00:00,0.00439111
2019-04-05 00:00:00+00:00,0.00112840
2019-04-08 00:00:00+00:00,0.00373837
2019-04-09 00:00:00+00:00,-0.00066304
2019-04-10 00:00:00+00:00,0.00516694
2019-04-11 00:00:00+00:00,-0.00775048
2019-04-12 00:00:00+00:00,0.01116811
2019-04-15 00:00:00+00:00,-0.00594466
2019-04-16 00:00:00+00:00,-0.00093500
2019-04-17 00:00:00+00:00,0.00595923
2019-04-18 00:00:00+00:00,-0.00145094
2019-04-22 00:00:00+00:00,-0.00793346
2019-04-23 00:00:00+00:00,-0.01142053
2019-04-24 00:00:00+00:00,-0.01448810
2019-04-25 00:00:00+00:00,-0.00673809
2019-04-26 00:00:00+00:00,0.00034064
2019-04-29 00:00:00+00:00,-0.01160410
2019-04-30 00:00:00+00:00,0.00423535
2019-05-01 00:00:00+00:00,-0.00138518
2019-05-02 00:00:00+00:00,-0.00963421
2019-05-03 00:00:00+00:00,0.01153341
2019-05-06 00:00:00+00:00,-0.00332774
2019-05-07 00:00:00+00:00,-0.01642851
2019-05-08 00:00:00+00:00,-0.00110921
2019-05-09 00:00:00+00:00,0.00282079
2019-05-10 00:00:00+00:00,-0.00540788
2019-05-13 00:00:00+00:00,-0.02175588
2019-05-14 00:00:00+00:00,0.00610250
2019-05-15 00:00:00+00:00,0.00000000
2019-05-16 00:00:00+00:00,-0.00704647
2019-05-17 00:00:00+00:00,-0.00742234
2019-05-20 00:00:00+00:00,-0.00055973
2019-05-21 00:00:00+00:00,0.00543979
2019-05-22 00:00:00+00:00,-0.00479505
2019-05-23 00:00:00+00:00,-0.00104736
2019-05-24 00:00:00+00:00,0.00347801
2019-05-28 00:00:00+00:00,-0.03490721
2019-05-29 00:00:00+00:00,0.00621843
2019-05-30 00:00:00+00:00,-0.01042671
2019-05-31 00:00:00+00:00,0.00071231
2019-06-03 00:00:00+00:00,0.00777335
2019-06-04 00:00:00+00:00,0.02438514
2019-06-05 00:00:00+00:00,-0.00007200
2019-06-06 00:00:00+00:00,0.00492390
2019-06-07 00:00:00+00:00,-0.00131305
2019-06-10 00:00:00+00:00,-0.01953183
2019-06-11 00:00:00+00:00,0.01783435
2019-06-12 00:00:00+00:00,-0.00395737
2019-06-13 00:00:00+00:00,-0.00333290
2019-06-14 00:00:00+00:00,-0.00932294
2019-06-17 00:00:00+00:00,-0.00286997
2019-06-18 00:00:00+00:00,0.01014572
2019-06-19 00:00:00+00:00,0.01206977
2019-06-20 00:00:00+00:00,0.02652520
2019-06-21 00:00:00+00:00,0.00048309
2019-06-24 00:00:00+00:00,0.00716892
2019-06-25 00:00:00+00:00,0.00238256
2019-06-26 00:00:00+00:00,0.00144246
2019-06-27 00:00:00+00:00,-0.00054463
2019-06-28 00:00:00+00:00,0.00256675
2019-07-01 00:00:00+00:00,-0.00026469
2019-07-02 00:00:00+00:00,-0.00027938
2019-07-03 00:00:00+00:00,-0.00428410
2019-07-05 00:00:00+00:00,-0.00701785
2019-07-08 00:00:00+00:00,-0.01094866
2019-07-09 00:00:00+00:00,-0.00371531
2019-07-10 00:00:00+00:00,0.01054820
2019-07-11 00:00:00+00:00,0.01157817
2019-07-12 00:00:00+00:00,0.00476604
2019-07-15 00:00:00+00:00,-0.00086745
2019-07-16 00:00:00+00:00,-0.00361042
2019-07-17 00:00:00+00:00,-0.00218435
2019-07-18 00:00:00+00:00,-0.00327845
2019-07-19 00:00:00+00:00,-0.01010601
2019-07-22 00:00:00+00:00,-0.00577934
2019-07-23 00:00:00+00:00,-0.01031449
2019-07-24 00:00:00+00:00,0.00435775
2019-07-25 00:00:00+00:00,-0.01478771
2019-07-26 00:00:00+00:00,0.00284982
2019-07-29 00:00:00+00:00,-0.00658372
2019-07-30 00:00:00+00:00,-0.01104027
2019-07-31 00:00:00+00:00,0.00632974
2019-08-01 00:00:00+00:00,-0.00896207
2019-08-02 00:00:00+00:00,-0.01852091
2019-08-05 00:00:00+00:00,-0.02315875
2019-08-06 00:00:00+00:00,0.01535807
2019-08-07 00:00:00+00:00,0.00257472
2019-08-08 00:00:00+00:00,0.01579601
2019-08-09 00:00:00+00:00,-0.00347765
2019-08-12 00:00:00+00:00,-0.01185422
2019-08-13 00:00:00+00:00,0.02758147
2019-08-14 00:00:00+00:00,-0.01621212
2019-08-15 00:00:00+00:00,0.00014074
2019-08-16 00:00:00+00:00,0.00524927
2019-08-19 00:00:00+00:00,-0.01310728
2019-08-20 00:00:00+00:00,0.00984680
2019-08-21 00:00:00+00:00,-0.00376822
2019-08-22 00:00:00+00:00,-0.00717336
2019-08-23 00:00:00+00:00,-0.01248946
2019-08-26 00:00:00+00:00,-0.00165562
2019-08-27 00:00:00+00:00,-0.01014585
2019-08-28 00:00:00+00:00,0.00080309
2019-08-29 00:00:00+00:00,0.00403732
2019-08-30 00:00:00+00:00,0.00015387
2019-09-03 00:00:00+00:00,-0.00813926
2019-09-04 00:00:00+00:00,0.00777277
2019-09-05 00:00:00+00:00,0.02307042
2019-09-06 00:00:00+00:00,0.00886678
2019-09-09 00:00:00+00:00,-0.00683397
2019-09-10 00:00:00+00:00,0.00557509
2019-09-11 00:00:00+00:00,-0.01061599
2019-09-12 00:00:00+00:00,0.01926547
2019-09-13 00:00:00+00:00,0.00405609
2019-09-16 00:00:00+00:00,-0.00341428
2019-09-17 00:00:00+00:00,-0.01609593
2019-09-18 00:00:00+00:00,-0.00264170
2019-09-19 00:00:00+00:00,-0.00013977
2019-09-20 00:00:00+00:00,-0.00415659
2019-09-23 00:00:00+00:00,-0.01470281
2019-09-24 00:00:00+00:00,-0.00283426
2019-09-25 00:00:00+00:00,-0.01041102
2019-09-26 00:00:00+00:00,0.00145898
2019-09-27 00:00:00+00:00,0.00129466
2019-09-30 00:00:00+00:00,-0.00201564
2019-10-01 00:00:00+00:00,-0.00458149
2019-10-02 00:00:00+00:00,0.00990201
2019-10-03 00:00:00+00:00,0.02597220
2019-10-04 00:00:00+00:00,0.00407407
2019-10-07 00:00:00+00:00,-0.01020961
2019-10-08 00:00:00+00:00,-0.01939296
2019-10-09 00:00:00+00:00,0.00608693
2019-10-10 00:00:00+00:00,0.01324314
2019-10-11 00:00:00+00:00,0.02268765
2019-10-14 00:00:00+00:00,-0.00682048
2019-10-15 00:00:00+00:00,-0.00810668
2019-10-16 00:00:00+00:00,-0.00280545
2019-10-17 00:00:00+00:00,0.01398425
2019-10-18 00:00:00+00:00,0.00597713
2019-10-21 00:00:00+00:00,-0.04675420
2019-10-22 00:00:00+00:00,0.00631329
2019-10-23 00:00:00+00:00,-0.00644467
2019-10-24 00:00:00+00:00,0.00559228
2019-10-25 00:00:00+00:00,-0.00694813
2019-10-28 00:00:00+00:00,0.01112533
2019-10-29 00:00:00+00:00,-0.01555536
2019-10-30 00:00:00+00:00,-0.02153346
2019-10-31 00:00:00+00:00,-0.00820369
2019-11-01 00:00:00+00:00,0.00223059
2019-11-04 00:00:00+00:00,-0.00176954
2019-11-05 00:00:00+00:00,-0.01777652
2019-11-06 00:00:00+00:00,0.02085785
2019-11-07 00:00:00+00:00,-0.00562407
2019-11-08 00:00:00+00:00,-0.01536432
2019-11-11 00:00:00+00:00,-0.02953515
2019-11-12 00:00:00+00:00,-0.05342680
2019-11-13 00:00:00+00:00,-0.03782403
2019-11-14 00:00:00+00:00,-0.01955374
2019-11-15 00:00:00+00:00,0.06156795
2019-11-18 00:00:00+00:00,-0.00215726
2019-11-19 00:00:00+00:00,-0.03264038
2019-11-20 00:00:00+00:00,0.06681018
2019-11-21 00:00:00+00:00,-0.00015247
2019-11-22 00:00:00+00:00,-0.00013857
2019-11-25 00:00:00+00:00,0.00006928
2019-11-26 00:00:00+00:00,0.00000000
2019-11-27 00:00:00+00:00,-0.07499258
2019-11-29 00:00:00+00:00,0.02222051
2019-12-02 00:00:00+00:00,0.01143284
2019-12-03 00:00:00+00:00,-0.00080993
2019-12-04 00:00:00+00:00,0.04081196
2019-12-05 00:00:00+00:00,0.01282893
2019-12-06 00:00:00+00:00,0.01429847
2019-12-09 00:00:00+00:00,0.00908502
2019-12-10 00:00:00+00:00,-0.01460874
2019-12-11 00:00:00+00:00,0.02056041
2019-12-12 00:00:00+00:00,0.00007784
2019-12-13 00:00:00+00:00,0.01634447
2019-12-16 00:00:00+00:00,0.00740854
2019-12-17 00:00:00+00:00,0.01600969
2019-12-18 00:00:00+00:00,0.01064997
2019-12-19 00:00:00+00:00,-0.00450250
2019-12-20 00:00:00+00:00,-0.00278548
2019-12-23 00:00:00+00:00,0.00654769
2019-12-24 00:00:00+00:00,0.00701089
2019-12-26 00:00:00+00:00,0.00262030
2019-12-27 00:00:00+00:00,-0.00001333
2019-12-30 00:00:00+00:00,-0.00502095
2019-12-31 00:00:00+00:00,-0.00395099
2020-01-02 00:00:00+00:00,0.00367894
2020-01-03 00:00:00+00:00,-0.03518751
2020-01-06 00:00:00+00:00,-0.02460037
2020-01-07 00:00:00+00:00,0.00812957
2020-01-08 00:00:00+00:00,0.03119325
2020-01-09 00:00:00+00:00,-0.02373213
2020-01-10 00:00:00+00:00,-0.01581217
2020-01-13 00:00:00+00:00,-0.00378101
2020-01-14 00:00:00+00:00,0.01270031
2020-01-15 00:00:00+00:00,-0.01300477
2020-01-16 00:00:00+00:00,-0.00249968
2020-01-17 00:00:00+00:00,0.00893030
2020-01-21 00:00:00+00:00,-0.00338532
2020-01-22 00:00:00+00:00,0.00616940
2020-01-23 00:00:00+00:00,-0.01464155
2020-01-24 00:00:00+00:00,0.00007720
2020-01-27 00:00:00+00:00,-0.02750988
2020-01-28 00:00:00+00:00,0.00377577
2020-01-29 00:00:00+00:00,-0.01651642
2020-01-30 00:00:00+00:00,-0.01173180
2020-01-31 00:00:00+00:00,-0.00472530
2020-02-03 00:00:00+00:00,0.01318609
2020-02-04 00:00:00+00:00,0.01806158
2020-02-05 00:00:00+00:00,0.01367905
2020-02-06 00:00:00+00:00,-0.01870688
2020-02-07 00:00:00+00:00,-0.02053472
2020-02-10 00:00:00+00:00,-0.00672070
2020-02-11 00:00:00+00:00,0.00540138
2020-02-12 00:00:00+00:00,0.00379320
2020-02-13 00:00:00+00:00,-0.00861124
2020-02-14 00:00:00+00:00,0.00905458
2020-02-18 00:00:00+00:00,-0.01645512
2020-02-19 00:00:00+00:00,-0.00015050
2020-02-20 00:00:00+00:00,-0.02615472
2020-02-21 00:00:00+00:00,0.01211683
2020-02-24 00:00:00+00:00,-0.01294155
2020-02-25 00:00:00+00:00,-0.01163577
2020-02-26 00:00:00+00:00,0.00227810
2020-02-27 00:00:00+00:00,-0.00121842
2020-02-28 00:00:00+00:00,-0.01395768
2020-03-02 00:00:00+00:00,0.00759712
2020-03-03 00:00:00+00:00,0.00705725
2020-03-04 00:00:00+00:00,-0.02079183
2020-03-05 00:00:00+00:00,-0.01978616
2020-03-06 00:00:00+00:00,-0.00256381
2020-03-09 00:00:00+00:00,-0.03638772
2020-03-10 00:00:00+00:00,0.01457619
2020-03-11 00:00:00+00:00,-0.00525963
2020-03-12 00:00:00+00:00,-0.02574863
2020-03-13 00:00:00+00:00,0.02786338
2020-03-16 00:00:00+00:00,-0.03485557
2020-03-17 00:00:00+00:00,0.01176708
2020-03-18 00:00:00+00:00,-0.04486105
2020-03-19 00:00:00+00:00,0.01327913
2020-03-20 00:00:00+00:00,-0.00423273
2020-03-23 00:00:00+00:00,0.00578797
2020-03-24 00:00:00+00:00,0.03632747
2020-03-25 00:00:00+00:00,0.00219204
2020-03-26 00:00:00+00:00,0.03877667
2020-03-27 00:00:00+00:00,-0.01458776
2020-03-30 00:00:00+00:00,-0.05618367
2020-03-31 00:00:00+00:00,0.01087001
2020-04-01 00:00:00+00:00,-0.01480060
2020-04-02 00:00:00+00:00,0.01159462
2020-04-03 00:00:00+00:00,-0.01178143
2020-04-06 00:00:00+00:00,0.03183241
2020-04-07 00:00:00+00:00,0.00162446
2020-04-08 00:00:00+00:00,0.01081636
2020-04-09 00:00:00+00:00,0.01937915
2020-04-13 00:00:00+00:00,-0.02616647
2020-04-14 00:00:00+00:00,-0.00109597
2020-04-15 00:00:00+00:00,-0.00781701
2020-04-16 00:00:00+00:00,-0.00069199
2020-04-17 00:00:00+00:00,0.00333781
2020-04-20 00:00:00+00:00,-0.00834440
2020-04-21 00:00:00+00:00,-0.00718529
2020-04-22 00:00:00+00:00,0.00197288
2020-04-23 00:00:00+00:00,-0.00257723
2020-04-24 00:00:00+00:00,-0.00129304
2020-04-27 00:00:00+00:00,0.00068762
2020-04-28 00:00:00+00:00,0.03153264
2020-04-29 00:00:00+00:00,0.02468293
2020-04-30 00:00:00+00:00,-0.00126580
2020-05-01 00:00:00+00:00,0.00177216
2020-05-04 00:00:00+00:00,-0.00375506
2020-05-05 00:00:00+00:00,0.00735922
2020-05-06 00:00:00+00:00,-0.01233777
2020-05-07 00:00:00+00:00,0.00998823
2020-05-08 00:00:00+00:00,0.01769753
2020-05-11 00:00:00+00:00,0.00719697
2020-05-12 00:00:00+00:00,0.00355004
2020-05-13 00:00:00+00:00,0.01586957
2020-05-14 00:00:00+00:00,-0.01215521
2020-05-15 00:00:00+00:00,-0.01281391
2020-05-18 00:00:00+00:00,0.01578223
2020-05-19 00:00:00+00:00,0.00508555
2020-05-20 00:00:00+00:00,0.03811526
2020-05-21 00:00:00+00:00,-0.00048582
2020-05-22 00:00:00+00:00,-0.00504479
2020-05-26 00:00:00+00:00,-0.00411631
2020-05-27 00:00:00+00:00,-0.03120935
2020-05-28 00:00:00+00:00,0.02720376
2020-05-29 00:00:00+00:00,-0.00283269
2020-06-01 00:00:00+00:00,0.02153065
2020-06-02 00:00:00+00:00,0.03866279
2020-06-03 00:00:00+00:00,0.00047427
2020-06-04 00:00:00+00:00,0.02443116
2020-06-05 00:00:00+00:00,0.00530704
2020-06-08 00:00:00+00:00,-0.00106600
2020-06-09 00:00:00+00:00,0.00015601
2020-06-10 00:00:00+00:00,-0.00653111
2020-06-11 00:00:00+00:00,-0.04515249
2020-06-12 00:00:00+00:00,-0.00867778
2020-06-15 00:00:00+00:00,0.02315771
2020-06-16 00:00:00+00:00,0.00015312
2020-06-17 00:00:00+00:00,-0.03574124
2020-06-18 00:00:00+00:00,-0.04326535
2020-06-19 00:00:00+00:00,0.00057638
2020-06-22 00:00:00+00:00,-0.00546658
2020-06-23 00:00:00+00:00,-0.00099012
2020-06-24 00:00:00+00:00,-0.00318560
2020-06-25 00:00:00+00:00,0.02237723
2020-06-26 00:00:00+00:00,-0.02261689
2020-06-29 00:00:00+00:00,-0.00410472
2020-06-30 00:00:00+00:00,0.00645461
2020-07-01 00:00:00+00:00,0.00436756
2020-07-02 00:00:00+00:00,0.02552624
2020-07-06 00:00:00+00:00,0.00924096
2020-07-07 00:00:00+00:00,0.02379619
2020-07-08 00:00:00+00:00,0.00568004
2020-07-09 00:00:00+00:00,-0.00417194
2020-07-10 00:00:00+00:00,-0.01529955
2020-07-13 00:00:00+00:00,0.02067303
2020-07-14 00:00:00+00:00,-0.00409824
2020-07-15 00:00:00+00:00,-0.00212934
2020-07-16 00:00:00+00:00,0.00031698
2020-07-17 00:00:00+00:00,0.00592494
2020-07-20 00:00:00+00:00,0.00110667
2020-07-21 00:00:00+00:00,0.03593225
2020-07-22 00:00:00+00:00,0.00516695
2020-07-23 00:00:00+00:00,0.00694286
2020-07-24 00:00:00+00:00,-0.01305735
2020-07-27 00:00:00+00:00,0.00990986
2020-07-28 00:00:00+00:00,0.00875086
2020-07-29 00:00:00+00:00,0.02610776
2020-07-30 00:00:00+00:00,-0.01202319
2020-07-31 00:00:00+00:00,0.01048556
2020-08-03 00:00:00+00:00,-0.00872433
2020-08-04 00:00:00+00:00,-0.03022288
2020-08-05 00:00:00+00:00,-0.01306416
2020-08-06 00:00:00+00:00,0.01315055
2020-08-07 00:00:00+00:00,-0.04273653
2020-08-10 00:00:00+00:00,-0.03631301
2020-08-11 00:00:00+00:00,0.02983716
2020-08-12 00:00:00+00:00,-0.00055514
2020-08-13 00:00:00+00:00,0.00064378
2020-08-14 00:00:00+00:00,-0.01378966
2020-08-17 00:00:00+00:00,-0.01860434
2020-08-18 00:00:00+00:00,0.02577447
2020-08-19 00:00:00+00:00,0.02743272
2020-08-20 00:00:00+00:00,-0.01215488
2020-08-21 00:00:00+00:00,-0.01041418
2020-08-24 00:00:00+00:00,0.02427133
2020-08-25 00:00:00+00:00,-0.00516758
2020-08-26 00:00:00+00:00,0.00321236
2020-08-27 00:00:00+00:00,-0.00211391
2020-08-28 00:00:00+00:00,0.01539725
2020-08-31 00:00:00+00:00,0.00208771
2020-09-01 00:00:00+00:00,0.01062562
2020-09-02 00:00:00+00:00,0.00185542
2020-09-03 00:00:00+00:00,-0.01101968
2020-09-04 00:00:00+00:00,0.00844828
2020-09-08 00:00:00+00:00,-0.00139825
2020-09-09 00:00:00+00:00,0.01529107
2020-09-10 00:00:00+00:00,-0.01242140
2020-09-11 00:00:00+00:00,0.00155713
2020-09-14 00:00:00+00:00,0.01409985
2020-09-15 00:00:00+00:00,0.00566090
2020-09-16 00:00:00+00:00,0.00542660
2020-09-17 00:00:00+00:00,-0.00471890
2020-09-18 00:00:00+00:00,-0.00123140
2020-09-21 00:00:00+00:00,-0.02914637
2020-09-22 00:00:00+00:00,-0.00712614
2020-09-23 00:00:00+00:00,-0.00934616
2020-09-24 00:00:00+00:00,-0.00225079
2020-09-25 00:00:00+00:00,-0.01502729
2020-09-28 00:00:00+00:00,0.00623846
2020-09-29 00:00:00+00:00,-0.00056004
2020-09-30 00:00:00+00:00,-0.00023621
2020-10-01 00:00:00+00:00,0.00110507
2020-10-02 00:00:00+00:00,-0.00559988
2020-10-05 00:00:00+00:00,-0.02035406
2020-10-06 00:00:00+00:00,0.00310242
2020-10-07 00:00:00+00:00,0.00349778
2020-10-08 00:00:00+00:00,-0.00738338
2020-10-09 00:00:00+00:00,0.00511521
2020-10-12 00:00:00+00:00,-0.00256060
2020-10-13 00:00:00+00:00,-0.00453352
2020-10-14 00:00:00+00:00,-0.00175169
2020-10-15 00:00:00+00:00,-0.01056663
2020-10-16 00:00:00+00:00,0.01832350
2020-10-19 00:00:00+00:00,0.02406023
2020-10-20 00:00:00+00:00,0.00124636
2020-10-21 00:00:00+00:00,0.00826252
2020-10-22 00:00:00+00:00,0.01260737
2020-10-23 00:00:00+00:00,0.00388825
2020-10-26 00:00:00+00:00,0.00131412
2020-10-27 00:00:00+00:00,0.00916292
2020-10-28 00:00:00+00:00,-0.00299802
2020-10-29 00:00:00+00:00,0.00199198
2020-10-30 00:00:00+00:00,0.00121789
2020-11-02 00:00:00+00:00,0.00519579
2020-11-03 00:00:00+00:00,0.02786576
2020-11-04 00:00:00+00:00,0.00613315
2020-11-05 00:00:00+00:00,-0.00234198
2020-11-06 00:00:00+00:00,0.00930479
2020-11-09 00:00:00+00:00,-0.01023539
2020-11-10 00:00:00+00:00,0.00150867
2020-11-11 00:00:00+00:00,0.00326087
2020-11-12 00:00:00+00:00,-0.01525854
2020-11-13 00:00:00+00:00,-0.01648946
2020-11-16 00:00:00+00:00,-0.00044346
2020-11-17 00:00:00+00:00,0.00958020
2020-11-18 00:00:00+00:00,0.01662568
2020-11-19 00:00:00+00:00,-0.00521984
2020-11-20 00:00:00+00:00,-0.01168956
2020-11-23 00:00:00+00:00,-0.02450576
2020-11-24 00:00:00+00:00,-0.00276640
2020-11-25 00:00:00+00:00,0.02337065
2020-11-27 00:00:00+00:00,-0.00766113
2020-11-30 00:00:00+00:00,0.00374913
2020-12-01 00:00:00+00:00,0.01182878
2020-12-02 00:00:00+00:00,0.00712358
2020-12-03 00:00:00+00:00,0.01246982
2020-12-04 00:00:00+00:00,0.01943739
2020-12-07 00:00:00+00:00,-0.00282114
2020-12-08 00:00:00+00:00,0.00022837
2020-12-09 00:00:00+00:00,0.00617222
2020-12-10 00:00:00+00:00,0.02123207
2020-12-11 00:00:00+00:00,0.00140372
2020-12-14 00:00:00+00:00,-0.00455504
2020-12-15 00:00:00+00:00,-0.00021750
2020-12-16 00:00:00+00:00,0.00691654
2020-12-17 00:00:00+00:00,0.02888197
2020-12-18 00:00:00+00:00,-0.00701931
2020-12-21 00:00:00+00:00,-0.00267147
2020-12-22 00:00:00+00:00,0.00682556
2020-12-23 00:00:00+00:00,0.02590642
2020-12-24 00:00:00+00:00,-0.00135669
2020-12-28 00:00:00+00:00,0.00879436
2020-12-29 00:00:00+00:00,-0.00740377
2020-12-30 00:00:00+00:00,0.00877114
2020-12-31 00:00:00+00:00,0.00052070
2021-01-04 00:00:00+00:00,0.01868016
2021-01-05 00:00:00+00:00,0.01360077
2021-01-06 00:00:00+00:00,0.01104464
2021-01-07 00:00:00+00:00,-0.04575349
2021-01-08 00:00:00+00:00,0.00234963
2021-01-11 00:00:00+00:00,-0.02290796
2021-01-12 00:00:00+00:00,-0.01703135
2021-01-13 00:00:00+00:00,-0.03286431
2021-01-14 00:00:00+00:00,0.03127159
2021-01-15 00:00:00+00:00,-0.02200689
2021-01-19 00:00:00+00:00,-0.01086870
2021-01-20 00:00:00+00:00,0.04503531
2021-01-21 00:00:00+00:00,0.01198672
2021-01-22 00:00:00+00:00,-0.02118217
2021-01-25 00:00:00+00:00,-0.02044465
2021-01-26 00:00:00+00:00,-0.00160915
2021-01-27 00:00:00+00:00,-0.00982535
2021-01-28 00:00:00+00:00,-0.00154583
2021-01-29 00:00:00+00:00,0.00837569
2021-02-01 00:00:00+00:00,-0.00135940
2021-02-02 00:00:00+00:00,0.00390969
2021-02-03 00:00:00+00:00,0.00057233
2021-02-04 00:00:00+00:00,-0.00777788
2021-02-05 00:00:00+00:00,-0.00434778
2021-02-08 00:00:00+00:00,0.00811915
2021-02-09 00:00:00+00:00,0.00339197
2021-02-10 00:00:00+00:00,0.02768037
2021-02-11 00:00:00+00:00,-0.00491964
2021-02-12 00:00:00+00:00,0.01422301
2021-02-16 00:00:00+00:00,0.00562204
2021-02-17 00:00:00+00:00,0.01409804
2021-02-18 00:00:00+00:00,0.00934825
2021-02-19 00:00:00+00:00,0.00705062
2021-02-22 00:00:00+00:00,0.00353852
2021-02-23 00:00:00+00:00,0.00309036
2021-02-24 00:00:00+00:00,0.01263928
2021-02-25 00:00:00+00:00,-0.04172368
2021-02-26 00:00:00+00:00,-0.01915096
2021-03-01 00:00:00+00:00,-0.00428763
2021-03-02 00:00:00+00:00,-0.01634291
2021-03-03 00:00:00+00:00,0.00589074
2021-03-04 00:00:00+00:00,-0.01226964
2021-03-05 00:00:00+00:00,-0.00344090
2021-03-08 00:00:00+00:00,-0.00828152
2021-03-09 00:00:00+00:00,0.00170122
2021-03-10 00:00:00+00:00,0.02968203
2021-03-11 00:00:00+00:00,0.03034249
2021-03-12 00:00:00+00:00,-0.02852846
2021-03-15 00:00:00+00:00,0.00159080
2021-03-16 00:00:00+00:00,-0.01077292
2021-03-17 00:00:00+00:00,-0.00372150
2021-03-18 00:00:00+00:00,0.02666105
2021-03-19 00:00:00+00:00,0.01244738
2021-03-22 00:00:00+00:00,-0.00786556
2021-03-23 00:00:00+00:00,-0.01719968
2021-03-24 00:00:00+00:00,-0.01136920
2021-03-25 00:00:00+00:00,0.00675880
2021-03-26 00:00:00+00:00,-0.01978819
2021-03-29 00:00:00+00:00,-0.00300002
2021-03-30 00:00:00+00:00,0.01187898
2021-03-31 00:00:00+00:00,0.02340467
2021-04-01 00:00:00+00:00,0.00679266
2021-04-05 00:00:00+00:00,-0.01224239
2021-04-06 00:00:00+00:00,0.01008820
2021-04-07 00:00:00+00:00,0.00970309
2021-04-08 00:00:00+00:00,0.01728545
2021-04-09 00:00:00+00:00,-0.01190426
2021-04-12 00:00:00+00:00,0.00007020
2021-04-13 00:00:00+00:00,0.01346929
2021-04-14 00:00:00+00:00,-0.00327351
2021-04-15 00:00:00+00:00,0.02544959
2021-04-16 00:00:00+00:00,-0.01349710
2021-04-19 00:00:00+00:00,0.00802217
2021-04-20 00:00:00+00:00,0.01319565
2021-04-21 00:00:00+00:00,-0.00077423
2021-04-22 00:00:00+00:00,-0.02536767
2021-04-23 00:00:00+00:00,-0.01738567
2021-04-26 00:00:00+00:00,0.02399857
2021-04-27 00:00:00+00:00,0.00874259
2021-04-28 00:00:00+00:00,0.00889614
2021-04-29 00:00:00+00:00,-0.02524912
2021-04-30 00:00:00+00:00,-0.00371692
2021-05-03 00:00:00+00:00,0.00024116
2021-05-04 00:00:00+00:00,0.00409335
2021-05-05 00:00:00+00:00,-0.00387265
2021-05-06 00:00:00+00:00,0.01466155
2021-05-07 00:00:00+00:00,0.01139655
2021-05-10 00:00:00+00:00,0.00210036
2021-05-11 00:00:00+00:00,-0.02182727
2021-05-12 00:00:00+00:00,-0.01242954
2021-05-13 00:00:00+00:00,-0.00197761
2021-05-14 00:00:00+00:00,0.01442617
2021-05-17 00:00:00+00:00,-0.03723672
2021-05-18 00:00:00+00:00,0.00951056
2021-05-19 00:00:00+00:00,0.00178312
2021-05-20 00:00:00+00:00,-0.01759166
2021-05-21 00:00:00+00:00,-0.00093197
2021-05-24 00:00:00+00:00,-0.03154297
2021-05-25 00:00:00+00:00,-0.01094725
2021-05-26 00:00:00+00:00,0.01115892
2021-05-27 00:00:00+00:00,0.00802882
2021-05-28 00:00:00+00:00,0.00989224
2021-06-01 00:00:00+00:00,-0.00382725
2021-06-02 00:00:00+00:00,0.02201259
2021-06-03 00:00:00+00:00,-0.00488611
2021-06-04 00:00:00+00:00,0.00604255
2021-06-07 00:00:00+00:00,0.00667736
2021-06-08 00:00:00+00:00,-0.00564189
2021-06-09 00:00:00+00:00,-0.00803363
2021-06-10 00:00:00+00:00,-0.00123392
2021-06-11 00:00:00+00:00,-0.00383305
2021-06-14 00:00:00+00:00,0.00759867
2021-06-15 00:00:00+00:00,-0.02102974
2021-06-16 00:00:00+00:00,-0.00101661
2021-06-17 00:00:00+00:00,-0.02940010
2021-06-18 00:00:00+00:00,-0.02761696
2021-06-21 00:00:00+00:00,0.00292751
2021-06-22 00:00:00+00:00,0.01180554
2021-06-23 00:00:00+00:00,0.02104701
2021-06-24 00:00:00+00:00,0.00337517
2021-06-25 00:00:00+00:00,0.00316279
2021-06-28 00:00:00+00:00,-0.00212428
2021-06-29 00:00:00+00:00,-0.00793430
2021-06-30 00:00:00+00:00,0.00569924
2021-07-01 00:00:00+00:00,-0.01016383
2021-07-02 00:00:00+00:00,0.02524752
2021-07-06 00:00:00+00:00,-0.03793058
2021-07-07 00:00:00+00:00,-0.00478477
2021-07-08 00:00:00+00:00,-0.00501212
2021-07-09 00:00:00+00:00,0.00442380
2021-07-12 00:00:00+00:00,0.01507552
2021-07-13 00:00:00+00:00,-0.01533363
2021-07-14 00:00:00+00:00,0.00719314
2021-07-15 00:00:00+00:00,-0.02756906
2021-07-16 00:00:00+00:00,-0.00007918
2021-07-19 00:00:00+00:00,-0.00712080
2021-07-20 00:00:00+00:00,0.00555974
2021-07-21 00:00:00+00:00,0.01515879
2021-07-22 00:00:00+00:00,-0.00557261
2021-07-23 00:00:00+00:00,-0.01833416
2021-07-26 00:00:00+00:00,0.00586634
2021-07-27 00:00:00+00:00,-0.01731708
2021-07-28 00:00:00+00:00,0.00284686
2021-07-29 00:00:00+00:00,0.01268081
2021-07-30 00:00:00+00:00,0.00072041
2021-08-02 00:00:00+00:00,-0.01003628
2021-08-03 00:00:00+00:00,-0.02943482
2021-08-04 00:00:00+00:00,0.00661292
2021-08-05 00:00:00+00:00,-0.01122834
2021-08-06 00:00:00+00:00,-0.02229708
2021-08-09 00:00:00+00:00,0.00952621
2021-08-10 00:00:00+00:00,0.01169496
2021-08-11 00:00:00+00:00,0.01560820
2021-08-12 00:00:00+00:00,-0.00023242
2021-08-13 00:00:00+00:00,-0.00566383
2021-08-16 00:00:00+00:00,-0.02917356
2021-08-17 00:00:00+00:00,-0.01009585
2021-08-18 00:00:00+00:00,0.01204770
2021-08-19 00:00:00+00:00,-0.00543085
2021-08-20 00:00:00+00:00,0.00503811
2021-08-23 00:00:00+00:00,0.00787454
2021-08-24 00:00:00+00:00,0.00133887
2021-08-25 00:00:00+00:00,-0.00133775
2021-08-26 00:00:00+00:00,-0.00674241
2021-08-27 00:00:00+00:00,0.00621525
2021-08-30 00:00:00+00:00,0.00579922
2021-08-31 00:00:00+00:00,0.01243706
2021-09-01 00:00:00+00:00,0.01217249
2021-09-02 00:00:00+00:00,0.00886042
2021-09-03 00:00:00+00:00,-0.00415574
2021-09-07 00:00:00+00:00,-0.03236302
2021-09-08 00:00:00+00:00,-0.01766328
2021-09-09 00:00:00+00:00,-0.01404316
2021-09-10 00:00:00+00:00,0.01294583
2021-09-13 00:00:00+00:00,0.00947079
2021-09-14 00:00:00+00:00,0.00422976
2021-09-15 00:00:00+00:00,0.00971868
2021-09-16 00:00:00+00:00,-0.00880730
2021-09-17 00:00:00+00:00,-0.00461595
2021-09-20 00:00:00+00:00,-0.01004572
2021-09-21 00:00:00+00:00,0.00867883
2021-09-22 00:00:00+00:00,-0.00919530
2021-09-23 00:00:00+00:00,0.00876624
2021-09-24 00:00:00+00:00,-0.02066419
2021-09-27 00:00:00+00:00,-0.00317487
2021-09-28 00:00:00+00:00,-0.01550195
2021-09-29 00:00:00+00:00,-0.02442540
2021-09-30 00:00:00+00:00,0.00998280
2021-10-01 00:00:00+00:00,-0.00145385
2021-10-04 00:00:00+00:00,-0.00618942
2021-10-05 00:00:00+00:00,-0.01413090
2021-10-06 00:00:00+00:00,-0.01275970
2021-10-07 00:00:00+00:00,0.00686033
2021-10-08 00:00:00+00:00,-0.02876384
2021-10-11 00:00:00+00:00,0.00173671
2021-10-12 00:00:00+00:00,0.00337151
2021-10-13 00:00:00+00:00,0.01732166
2021-10-14 00:00:00+00:00,-0.02124301
2021-10-15 00:00:00+00:00,0.00131406
2021-10-18 00:00:00+00:00,0.01526772
2021-10-19 00:00:00+00:00,0.01671271
2021-10-20 00:00:00+00:00,-0.00291382
2021-10-21 00:00:00+00:00,-0.00692899
2021-10-22 00:00:00+00:00,0.00156351
2021-10-25 00:00:00+00:00,0.01558515
2021-10-26 00:00:00+00:00,0.01183377
2021-10-27 00:00:00+00:00,0.00096659
2021-10-28 00:00:00+00:00,-0.00153523
2021-10-29 00:00:00+00:00,-0.01878271
2021-11-01 00:00:00+00:00,-0.00428536
2021-11-02 00:00:00+00:00,-0.00504110
2021-11-03 00:00:00+00:00,-0.00400829
2021-11-04 00:00:00+00:00,0.00401589
2021-11-05 00:00:00+00:00,0.00498082
2021-11-08 00:00:00+00:00,0.02490767
2021-11-09 00:00:00+00:00,0.02735661
2021-11-10 00:00:00+00:00,-0.00698696
2021-11-11 00:00:00+00:00,0.00333645
2021-11-12 00:00:00+00:00,-0.01676571
2021-11-15 00:00:00+00:00,0.00841857
2021-11-16 00:00:00+00:00,-0.03600378
2021-11-17 00:00:00+00:00,-0.04139403
2021-11-18 00:00:00+00:00,-0.00697566
2021-11-19 00:00:00+00:00,0.00966641
2021-11-22 00:00:00+00:00,0.04088083
2021-11-23 00:00:00+00:00,-0.00122692
2021-11-24 00:00:00+00:00,-0.00439113
2021-11-26 00:00:00+00:00,-0.02142516
2021-11-29 00:00:00+00:00,-0.01140440
2021-11-30 00:00:00+00:00,0.01547740
2021-12-01 00:00:00+00:00,-0.01058980
2021-12-02 00:00:00+00:00,0.00081460
2021-12-03 00:00:00+00:00,-0.00407300
2021-12-06 00:00:00+00:00,-0.00570220
2021-12-07 00:00:00+00:00,0.00896060
2021-12-08 00:00:00+00:00,-0.00081460
2021-12-09 00:00:00+00:00,-0.00977520
2021-12-10 00:00:00+00:00,0.00733140
2021-12-13 00:00:00+00:00,0.00081460
2021-12-14 00:00:00+00:00,-0.00244380
2021-12-15 00:00:00+00:00,-0.05750780
2021-12-16 00:00:00+00:00,0.00684932
2021-12-17 00:00:00+00:00,0.01362862
2021-12-20 00:00:00+00:00,-0.07672463
2021-12-21 00:00:00+00:00,0.01055409
2021-12-22 00:00:00+00:00,0.02187227
2021-12-23 00:00:00+00:00,0.00519481
2021-12-27 00:00:00+00:00,0.00604491
2021-12-28 00:00:00+00:00,0.00516351
2021-12-29 00:00:00+00:00,0.01459227
2021-12-30 00:00:00+00:00,-0.00511073
2021-12-31 00:00:00+00:00,-0.00256410
2022-01-03 00:00:00+00:00,0.00171086
2022-01-04 00:00:00+00:00,0.01025641
2022-01-05 00:00:00+00:00,0.02465986
2022-01-06 00:00:00+00:00,0.00251889
2022-01-07 00:00:00+00:00,0.02013423
2022-01-10 00:00:00+00:00,-0.01578073
2022-01-11 00:00:00+00:00,0.01842546
2022-01-12 00:00:00+00:00,0.01161826
2022-01-13 00:00:00+00:00,0.01155116
2022-01-14 00:00:00+00:00,-0.00493016
2022-01-18 00:00:00+00:00,0.00329489
2022-01-19 00:00:00+00:00,0.02302632
2022-01-20 00:00:00+00:00,0.01951220
2022-01-21 00:00:00+00:00,0.00966184
2022-01-24 00:00:00+00:00,-0.02323718
2022-01-25 00:00:00+00:00,0.01865369
2022-01-26 00:00:00+00:00,-0.00481928
2022-01-27 00:00:00+00:00,-0.01127214
2022-01-28 00:00:00+00:00,-0.01700405
2022-01-31 00:00:00+00:00,0.03428571
2022-02-01 00:00:00+00:00,-0.00642570
2022-02-02 00:00:00+00:00,-0.02014504
2022-02-03 00:00:00+00:00,-0.01627339
2022-02-04 00:00:00+00:00,-0.02378999
2022-02-07 00:00:00+00:00,0.00664452
2022-02-08 00:00:00+00:00,-0.00496689
2022-02-09 00:00:00+00:00,0.03568465
2022-02-10 00:00:00+00:00,0.01955990
2022-02-11 00:00:00+00:00,-0.00726392
2022-02-14 00:00:00+00:00,-0.01053485
2022-02-15 00:00:00+00:00,0.02850163
2022-02-16 00:00:00+00:00,0.00562249
2022-02-17 00:00:00+00:00,0.01120897
2022-02-18 00:00:00+00:00,-0.01512739
2022-02-22 00:00:00+00:00,0.02245389
2022-02-23 00:00:00+00:00,0.00793651
2022-02-24 00:00:00+00:00,-0.07114625
2022-02-25 00:00:00+00:00,0.04344262
2022-02-28 00:00:00+00:00,0.00160514
2022-03-01 00:00:00+00:00,-0.01771337
2022-03-02 00:00:00+00:00,-0.00000000
2022-03-03 00:00:00+00:00,0.02263541
2022-03-04 00:00:00+00:00,-0.02318145
2022-03-07 00:00:00+00:00,-0.01779935
2022-03-08 00:00:00+00:00,0.00652529
2022-03-09 00:00:00+00:00,0.01463415
2022-03-10 00:00:00+00:00,0.00403551
2022-03-11 00:00:00+00:00,-0.00161160
2022-03-14 00:00:00+00:00,-0.02258065
2022-03-15 00:00:00+00:00,0.00489396
2022-03-16 00:00:00+00:00,0.01708706
2022-03-17 00:00:00+00:00,-0.00160000
2022-03-18 00:00:00+00:00,-0.00240385
2022-03-21 00:00:00+00:00,0.00883534
2022-03-22 00:00:00+00:00,-0.00318471
2022-03-23 00:00:00+00:00,0.01837061
2022-03-24 00:00:00+00:00,0.01197127
2022-03-25 00:00:00+00:00,0.03015873
2022-03-28 00:00:00+00:00,-0.00312744
2022-03-29 00:00:00+00:00,-0.00313234
2022-03-30 00:00:00+00:00,-0.02039216
2022-03-31 00:00:00+00:00,0.00792393
2022-04-01 00:00:00+00:00,0.00868193
2022-04-04 00:00:00+00:00,0.01022013
2022-04-05 00:00:00+00:00,-0.02189210
2022-04-06 00:00:00+00:00,-0.03399209
2022-04-07 00:00:00+00:00,-0.01045016
2022-04-08 00:00:00+00:00,-0.03071948
2022-04-11 00:00:00+00:00,0.00492611
2022-04-12 00:00:00+00:00,0.03439803
2022-04-13 00:00:00+00:00,-0.00322061
2022-04-14 00:00:00+00:00,-0.02419355
2022-04-18 00:00:00+00:00,-0.00326531
2022-04-19 00:00:00+00:00,-0.01062960
2022-04-20 00:00:00+00:00,0.01071723
2022-04-21 00:00:00+00:00,-0.02540984
2022-04-22 00:00:00+00:00,-0.02740864
2022-04-25 00:00:00+00:00,-0.02188552
2022-04-26 00:00:00+00:00,0.00680851
2022-04-27 00:00:00+00:00,-0.00848176
2022-04-28 00:00:00+00:00,-0.02470187
2022-04-29 00:00:00+00:00,0.01898188
2022-05-02 00:00:00+00:00,-0.02307692
2022-05-03 00:00:00+00:00,0.00950735
2022-05-04 00:00:00+00:00,-0.01807229
2022-05-05 00:00:00+00:00,0.00520833
2022-05-06 00:00:00+00:00,0.01298701
2022-05-09 00:00:00+00:00,-0.02923474
2022-05-10 00:00:00+00:00,0.00610820
2022-05-11 00:00:00+00:00,0.01044386
2022-05-12 00:00:00+00:00,-0.00692641
2022-05-13 00:00:00+00:00,0.01390096
2022-05-16 00:00:00+00:00,0.00517688
2022-05-17 00:00:00+00:00,0.01721170
2022-05-18 00:00:00+00:00,-0.00597270
2022-05-19 00:00:00+00:00,0.03681507
2022-05-20 00:00:00+00:00,0.00000000
2022-05-23 00:00:00+00:00,0.01428571
2022-05-24 00:00:00+00:00,-0.00669456
2022-05-25 00:00:00+00:00,-0.00167926
2022-05-26 00:00:00+00:00,0.02100840
2022-05-27 00:00:00+00:00,0.00083195
2022-05-31 00:00:00+00:00,0.01413134
2022-06-01 00:00:00+00:00,-0.00660066
2022-06-02 00:00:00+00:00,0.02897351
2022-06-03 00:00:00+00:00,-0.00489796
2022-06-06 00:00:00+00:00,-0.01145663
2022-06-07 00:00:00+00:00,-0.02139918
2022-06-08 00:00:00+00:00,0.01497504
2022-06-09 00:00:00+00:00,-0.00247729
2022-06-10 00:00:00+00:00,-0.05045492
2022-06-13 00:00:00+00:00,-0.03986429
2022-06-14 00:00:00+00:00,-0.00607639
2022-06-15 00:00:00+00:00,0.00698690
2022-06-16 00:00:00+00:00,-0.00607112
2022-06-17 00:00:00+00:00,-0.01308901
2022-06-21 00:00:00+00:00,-0.00176835
2022-06-22 00:00:00+00:00,-0.00974314
2022-06-23 00:00:00+00:00,-0.01878354
2022-06-24 00:00:00+00:00,-0.01276208
2022-06-27 00:00:00+00:00,-0.00369344
2022-06-28 00:00:00+00:00,0.01112141
2022-06-29 00:00:00+00:00,-0.01466544
2022-06-30 00:00:00+00:00,0.00558140
2022-07-01 00:00:00+00:00,-0.01202590
2022-07-04 00:00:00+00:00,0.00000000
2022-07-05 00:00:00+00:00,-0.02059925
2022-07-06 00:00:00+00:00,-0.01434034
2022-07-07 00:00:00+00:00,0.01454898
2022-07-08 00:00:00+00:00,-0.02294455
2022-07-11 00:00:00+00:00,0.07851014
2022-07-12 00:00:00+00:00,-0.08634136
2022-07-13 00:00:00+00:00,0.00000000
2022-07-14 00:00:00+00:00,-0.07121058
2022-07-15 00:00:00+00:00,0.08739863
2022-07-18 00:00:00+00:00,0.08366142
2022-07-19 00:00:00+00:00,0.02738432
2022-07-20 00:00:00+00:00,-0.00465983
2022-07-21 00:00:00+00:00,-0.00746965
2022-07-22 00:00:00+00:00,-0.04592315
2022-07-25 00:00:00+00:00,0.03550864
2022-07-26 00:00:00+00:00,0.03110273
2022-07-27 00:00:00+00:00,0.00649351
2022-07-28 00:00:00+00:00,0.02127660
2022-07-29 00:00:00+00:00,0.01923077
2022-08-01 00:00:00+00:00,0.02538531
2022-08-02 00:00:00+00:00,-0.03222919
2022-08-03 00:00:00+00:00,-0.00909918
2022-08-04 00:00:00+00:00,0.01645338
2022-08-05 00:00:00+00:00,-0.03535811
2022-08-08 00:00:00+00:00,0.02952030
2022-08-09 00:00:00+00:00,0.00727273
2022-08-10 00:00:00+00:00,0.03804348
2022-08-11 00:00:00+00:00,0.00533333
2022-08-12 00:00:00+00:00,0.00620567
2022-08-15 00:00:00+00:00,0.00707339
2022-08-16 00:00:00+00:00,-0.02208481
2022-08-17 00:00:00+00:00,-0.03303571
2022-08-18 00:00:00+00:00,-0.05994550
2022-08-19 00:00:00+00:00,-0.02808989
2022-08-22 00:00:00+00:00,0.00000000
2022-08-23 00:00:00+00:00,0.04938272
2022-08-24 00:00:00+00:00,-0.00463392
2022-08-25 00:00:00+00:00,0.05571031
2022-08-26 00:00:00+00:00,0.00451671
2022-08-29 00:00:00+00:00,0.01893598
2022-08-30 00:00:00+00:00,0.00535714
2022-08-31 00:00:00+00:00,-0.02404274
2022-09-01 00:00:00+00:00,0.00000000
2022-09-02 00:00:00+00:00,0.03606853
2022-09-05 00:00:00+00:00,0.00000000
2022-09-06 00:00:00+00:00,-0.02125775
2022-09-07 00:00:00+00:00,0.01163832
2022-09-08 00:00:00+00:00,0.00889680
2022-09-09 00:00:00+00:00,-0.04340124
2022-09-12 00:00:00+00:00,0.01086957
2022-09-13 00:00:00+00:00,-0.04234234
2022-09-14 00:00:00+00:00,-0.00551978
2022-09-15 00:00:00+00:00,-0.00553506
2022-09-16 00:00:00+00:00,0.00277521
2022-09-19 00:00:00+00:00,0.00000000
2022-09-20 00:00:00+00:00,-0.02218115
2022-09-21 00:00:00+00:00,-0.01121495
2022-09-22 00:00:00+00:00,-0.01221805
2022-09-23 00:00:00+00:00,-0.06143667
2022-09-26 00:00:00+00:00,-0.03424658
2022-09-27 00:00:00+00:00,0.00995025
2022-09-28 00:00:00+00:00,0.05742574
2022-09-29 00:00:00+00:00,-0.01154957
2022-09-30 00:00:00+00:00,-0.00580833
2022-10-03 00:00:00+00:00,0.05339806
2022-10-04 00:00:00+00:00,0.02175970
2022-10-05 00:00:00+00:00,-0.01122544
2022-10-06 00:00:00+00:00,-0.00940734
2022-10-07 00:00:00+00:00,0.01039698
2022-10-10 00:00:00+00:00,0.00000000
2022-10-11 00:00:00+00:00,0.02634055
2022-10-12 00:00:00+00:00,-0.03899721
2022-10-13 00:00:00+00:00,0.01704545
2022-10-14 00:00:00+00:00,-0.04882629
2022-10-17 00:00:00+00:00,-0.02117421
2022-10-18 00:00:00+00:00,0.00486381
2022-10-19 00:00:00+00:00,-0.01262136
2022-10-20 00:00:00+00:00,-0.00781250
2022-10-21 00:00:00+00:00,0.00980392
2022-10-24 00:00:00+00:00,-0.02544031
2022-10-25 00:00:00+00:00,0.04459861
2022-10-26 00:00:00+00:00,0.02810078
2022-10-27 00:00:00+00:00,0.02103250
2022-10-28 00:00:00+00:00,-0.01040681
2022-10-31 00:00:00+00:00,0.00666032
2022-11-01 00:00:00+00:00,0.00000000
2022-11-02 00:00:00+00:00,0.00379147
2022-11-03 00:00:00+00:00,-0.00567644
2022-11-04 00:00:00+00:00,0.03795066
2022-11-07 00:00:00+00:00,0.02234637
2022-11-08 00:00:00+00:00,0.02946593
2022-11-09 00:00:00+00:00,-0.00181488
2022-11-10 00:00:00+00:00,0.02906449
2022-11-11 00:00:00+00:00,0.00626679
2022-11-14 00:00:00+00:00,-0.00267857
2022-11-15 00:00:00+00:00,0.01161752
2022-11-16 00:00:00+00:00,-0.05244444
2022-11-17 00:00:00+00:00,-0.02007299
2022-11-18 00:00:00+00:00,-0.04423963
2022-11-21 00:00:00+00:00,0.00000000
2022-11-22 00:00:00+00:00,0.02544769
2022-11-23 00:00:00+00:00,0.02425373
2022-11-24 00:00:00+00:00,0.00000000
2022-11-25 00:00:00+00:00,-0.01105991
2022-11-28 00:00:00+00:00,0.01760890
2022-11-29 00:00:00+00:00,0.02295684
2022-11-30 00:00:00+00:00,0.02268603
2022-12-01 00:00:00+00:00,0.03141831
2022-12-02 00:00:00+00:00,-0.00707339
2022-12-05 00:00:00+00:00,-0.02750665
2022-12-06 00:00:00+00:00,0.03776978
2022-12-07 00:00:00+00:00,0.03177405
2022-12-08 00:00:00+00:00,0.00608167
2022-12-09 00:00:00+00:00,0.00606586
2022-12-12 00:00:00+00:00,-0.01295337
2022-12-13 00:00:00+00:00,0.02173913
2022-12-14 00:00:00+00:00,-0.02495697
2022-12-15 00:00:00+00:00,-0.01742160
2022-12-16 00:00:00+00:00,-0.02108963
2022-12-19 00:00:00+00:00,-0.00532860
2022-12-20 00:00:00+00:00,0.00712378
2022-12-21 00:00:00+00:00,0.03726708
2022-12-22 00:00:00+00:00,-0.00609756
2022-12-23 00:00:00+00:00,-0.01135371
2022-12-27 00:00:00+00:00,0.01845343
2022-12-28 00:00:00+00:00,0.02006981
2022-12-29 00:00:00+00:00,0.00949914
2022-12-30 00:00:00+00:00,0.02235598
2023-01-03 00:00:00+00:00,-0.02806122
2023-01-04 00:00:00+00:00,0.00776531
2023-01-05 00:00:00+00:00,0.00773196
2023-01-06 00:00:00+00:00,0.02737382
2023-01-09 00:00:00+00:00,0.01434599
2023-01-10 00:00:00+00:00,0.01844091
2023-01-11 00:00:00+00:00,0.01328904
2023-01-12 00:00:00+00:00,0.01320132
2023-01-13 00:00:00+00:00,-0.00491803
2023-01-16 00:00:00+00:00,0.00000000
2023-01-17 00:00:00+00:00,0.01314708
2023-01-18 00:00:00+00:00,-0.01879085
2023-01-19 00:00:00+00:00,-0.00659522
2023-01-20 00:00:00+00:00,0.02564103
2023-01-23 00:00:00+00:00,0.00408163
2023-01-24 00:00:00+00:00,0.03096985
2023-01-25 00:00:00+00:00,-0.00160514
2023-01-26 00:00:00+00:00,-0.00000000
2023-01-27 00:00:00+00:00,-0.01123596
2023-01-30 00:00:00+00:00,-0.00485437
2023-01-31 00:00:00+00:00,0.02433090
2023-02-01 00:00:00+00:00,0.01842949
2023-02-02 00:00:00+00:00,0.02938840
2023-02-03 00:00:00+00:00,-0.03990610
2023-02-06 00:00:00+00:00,-0.01996805
2023-02-07 00:00:00+00:00,0.01935484
2023-02-08 00:00:00+00:00,-0.01038339
2023-02-09 00:00:00+00:00,-0.00321027
2023-02-10 00:00:00+00:00,0.00884244
2023-02-13 00:00:00+00:00,0.01441153
2023-02-14 00:00:00+00:00,0.01907790
2023-02-15 00:00:00+00:00,-0.01889764
2023-02-16 00:00:00+00:00,0.00397456
2023-02-17 00:00:00+00:00,0.00872324
2023-02-20 00:00:00+00:00,0.00000000
2023-02-21 00:00:00+00:00,-0.03633491
2023-02-22 00:00:00+00:00,0.00967742
2023-02-23 00:00:00+00:00,-0.01926164
2023-02-24 00:00:00+00:00,-0.04700162
2023-02-27 00:00:00+00:00,-0.01327801
2023-02-28 00:00:00+00:00,0.01336675
2023-03-01 00:00:00+00:00,0.04066390
2023-03-02 00:00:00+00:00,-0.00569569
2023-03-03 00:00:00+00:00,0.02446982
2023-03-06 00:00:00+00:00,0.01369863
2023-03-07 00:00:00+00:00,-0.01361089
2023-03-08 00:00:00+00:00,0.00000000
2023-03-09 00:00:00+00:00,0.02095085
2023-03-10 00:00:00+00:00,-0.00318979
2023-03-13 00:00:00+00:00,-0.02156550
2023-03-14 00:00:00+00:00,0.01615509
2023-03-15 00:00:00+00:00,-0.06250000
2023-03-16 00:00:00+00:00,0.00000000
2023-03-17 00:00:00+00:00,-0.01157982
2023-03-20 00:00:00+00:00,0.01663894
2023-03-21 00:00:00+00:00,0.00660066
2023-03-22 00:00:00+00:00,0.02467105
2023-03-23 00:00:00+00:00,0.01299756
2023-03-24 00:00:00+00:00,-0.00887813
2023-03-27 00:00:00+00:00,0.01135442
2023-03-28 00:00:00+00:00,0.01935484
2023-03-29 00:00:00+00:00,0.01038339
2023-03-30 00:00:00+00:00,0.00875099
2023-03-31 00:00:00+00:00,-0.01583531
2023-04-03 00:00:00+00:00,-0.03351955
2023-04-04 00:00:00+00:00,-0.00974026
2023-04-05 00:00:00+00:00,0.00570962
2023-04-06 00:00:00+00:00,-0.01788618
2023-04-10 00:00:00+00:00,-0.00082034
2023-04-11 00:00:00+00:00,0.03284072
2023-04-12 00:00:00+00:00,0.00646204
2023-04-13 00:00:00+00:00,0.02415459
2023-04-14 00:00:00+00:00,-0.00795545
2023-04-17 00:00:00+00:00,-0.00798722
2023-04-18 00:00:00+00:00,0.01283079
2023-04-19 00:00:00+00:00,0.00239044
2023-04-20 00:00:00+00:00,0.00318218
2023-04-21 00:00:00+00:00,-0.00953137
2023-04-24 00:00:00+00:00,-0.04150040
2023-04-25 00:00:00+00:00,0.00407498
2023-04-26 00:00:00+00:00,0.02359642
2023-04-27 00:00:00+00:00,0.00723473
2023-04-28 00:00:00+00:00,-0.01522436
2023-05-01 00:00:00+00:00,-0.00404531
2023-05-02 00:00:00+00:00,-0.00648298
2023-05-03 00:00:00+00:00,0.01626016
2023-05-04 00:00:00+00:00,0.01451613
2023-05-05 00:00:00+00:00,0.00720576
2023-05-08 00:00:00+00:00,-0.00558214
2023-05-09 00:00:00+00:00,0.02000000
2023-05-10 00:00:00+00:00,0.00079177
2023-05-11 00:00:00+00:00,-0.01108472
2023-05-12 00:00:00+00:00,0.01990446
2023-05-15 00:00:00+00:00,-0.00236407
2023-05-16 00:00:00+00:00,-0.03078137
2023-05-17 00:00:00+00:00,0.01362179
2023-05-18 00:00:00+00:00,-0.00557325
2023-05-19 00:00:00+00:00,0.00000000
2023-05-22 00:00:00+00:00,0.00159617
2023-05-23 00:00:00+00:00,-0.02392344
2023-05-24 00:00:00+00:00,-0.00809061
2023-05-25 00:00:00+00:00,-0.00406174
2023-05-26 00:00:00+00:00,0.02605863
2023-05-29 00:00:00+00:00,0.00000000
2023-05-30 00:00:00+00:00,-0.01045016
2023-05-31 00:00:00+00:00,-0.01534733
2023-06-01 00:00:00+00:00,0.01954397
2023-06-02 00:00:00+00:00,0.01129032
2023-06-05 00:00:00+00:00,-0.00160385
2023-06-06 00:00:00+00:00,0.01123596
2023-06-07 00:00:00+00:00,0.00957702
2023-06-08 00:00:00+00:00,0.01111994
2023-06-09 00:00:00+00:00,-0.00552923
2023-06-12 00:00:00+00:00,-0.04275534
2023-06-13 00:00:00+00:00,0.00485437
2023-06-14 00:00:00+00:00,0.01051780
2023-06-15 00:00:00+00:00,0.00884956
2023-06-16 00:00:00+00:00,0.00320513
2023-06-19 00:00:00+00:00,0.00000000
2023-06-20 00:00:00+00:00,-0.01920000
2023-06-21 00:00:00+00:00,-0.00242326
2023-06-22 00:00:00+00:00,-0.00080841
2023-06-23 00:00:00+00:00,-0.00323625
2023-06-26 00:00:00+00:00,0.00000000
2023-06-27 00:00:00+00:00,0.01863857
2023-06-28 00:00:00+00:00,-0.00321027
2023-06-29 00:00:00+00:00,-0.00562701
2023-06-30 00:00:00+00:00,0.00483871
2023-07-04 00:00:00+00:00,0.00724055
2023-07-05 00:00:00+00:00,0.00560897
2023-07-06 00:00:00+00:00,-0.01518785
2023-07-07 00:00:00+00:00,-0.00885668
2023-07-10 00:00:00+00:00,-0.01537217
2023-07-11 00:00:00+00:00,-0.00733496
2023-07-12 00:00:00+00:00,0.00981997
2023-07-13 00:00:00+00:00,0.00732899
2023-07-14 00:00:00+00:00,-0.00973236
2023-07-17 00:00:00+00:00,-0.01140994
2023-07-18 00:00:00+00:00,0.01147541
2023-07-19 00:00:00+00:00,0.01466993
2023-07-20 00:00:00+00:00,-0.01699029
2023-07-21 00:00:00+00:00,-0.01876020
2023-07-24 00:00:00+00:00,-0.01317957
2023-07-25 00:00:00+00:00,-0.00082919
2023-07-26 00:00:00+00:00,0.01327801
2023-07-27 00:00:00+00:00,-0.00824402
2023-07-28 00:00:00+00:00,-0.00912106
2023-07-31 00:00:00+00:00,-0.02250000
2023-08-01 00:00:00+00:00,-0.00252738
2023-08-02 00:00:00+00:00,-0.01772152
2023-08-03 00:00:00+00:00,-0.00936170
2023-08-04 00:00:00+00:00,0.00769889
2023-08-07 00:00:00+00:00,-0.01959114
2023-08-08 00:00:00+00:00,-0.00688468
2023-08-09 00:00:00+00:00,0.00431779
2023-08-10 00:00:00+00:00,0.03014643
2023-08-11 00:00:00+00:00,-0.02459712
2023-08-14 00:00:00+00:00,0.00859107
2023-08-15 00:00:00+00:00,-0.02053037
2023-08-16 00:00:00+00:00,-0.00864304
2023-08-17 00:00:00+00:00,-0.00260417
2023-08-18 00:00:00+00:00,0.00260643
2023-08-21 00:00:00+00:00,-0.00781250
2023-08-22 00:00:00+00:00,0.00261324
2023-08-23 00:00:00+00:00,0.02697998
2023-08-24 00:00:00+00:00,0.02832618
2023-08-25 00:00:00+00:00,0.00084674
2023-08-28 00:00:00+00:00,-0.02201524
2023-08-29 00:00:00+00:00,-0.01198630
2023-08-30 00:00:00+00:00,0.01636520
2023-08-31 00:00:00+00:00,0.00000000
2023-09-01 00:00:00+00:00,0.00341588
2023-09-04 00:00:00+00:00,0.00000000
2023-09-05 00:00:00+00:00,-0.05294620
2023-09-06 00:00:00+00:00,0.00175439
2023-09-07 00:00:00+00:00,-0.02015776
2023-09-08 00:00:00+00:00,-0.03011515
2023-09-11 00:00:00+00:00,0.01348921
2023-09-12 00:00:00+00:00,-0.00357143
2023-09-13 00:00:00+00:00,0.02238138
2023-09-14 00:00:00+00:00,-0.01504425
2023-09-15 00:00:00+00:00,0.01158645
2023-09-18 00:00:00+00:00,-0.00620567
2023-09-19 00:00:00+00:00,0.00888889
2023-09-20 00:00:00+00:00,0.01061947
2023-09-21 00:00:00+00:00,-0.02640845
2023-09-22 00:00:00+00:00,-0.00802855
2023-09-25 00:00:00+00:00,-0.01433692
2023-09-26 00:00:00+00:00,-0.01173285
2023-09-27 00:00:00+00:00,-0.02181818
2023-09-28 00:00:00+00:00,0.02022059
2023-09-29 00:00:00+00:00,0.03821656
2023-10-02 00:00:00+00:00,-0.04107143
2023-10-03 00:00:00+00:00,-0.01458523
2023-10-04 00:00:00+00:00,-0.01101928
2023-10-05 00:00:00+00:00,0.01292705
2023-10-06 00:00:00+00:00,-0.01467890
2023-10-09 00:00:00+00:00,-0.00184843
2023-10-10 00:00:00+00:00,-0.01665125
2023-10-11 00:00:00+00:00,0.00839552
2023-10-12 00:00:00+00:00,-0.02788104
2023-10-13 00:00:00+00:00,-0.00377003
2023-10-16 00:00:00+00:00,-0.00566572
2023-10-17 00:00:00+00:00,0.01325758
2023-10-18 00:00:00+00:00,-0.00470367
2023-10-19 00:00:00+00:00,0.00942507
2023-10-20 00:00:00+00:00,-0.00750469
2023-10-23 00:00:00+00:00,0.01224105
2023-10-24 00:00:00+00:00,0.01498127
2023-10-25 00:00:00+00:00,0.00743494
2023-10-26 00:00:00+00:00,-0.01666667
2023-10-27 00:00:00+00:00,0.05420561
2023-10-30 00:00:00+00:00,0.00363967
2023-10-31 00:00:00+00:00,0.02270663
2023-11-01 00:00:00+00:00,0.00269300
2023-11-02 00:00:00+00:00,0.01434978
2023-11-03 00:00:00+00:00,0.02760463
2023-11-06 00:00:00+00:00,-0.01229148
2023-11-07 00:00:00+00:00,-0.01148410
2023-11-08 00:00:00+00:00,-0.03555556
2023-11-09 00:00:00+00:00,-0.01990950
2023-11-10 00:00:00+00:00,-0.00182815
2023-11-13 00:00:00+00:00,-0.02104300
2023-11-14 00:00:00+00:00,0.07208872
2023-11-15 00:00:00+00:00,0.00802855
2023-11-16 00:00:00+00:00,0.01511111
2023-11-17 00:00:00+00:00,-0.01763668
2023-11-20 00:00:00+00:00,0.03024911
2023-11-21 00:00:00+00:00,0.01402279
2023-11-22 00:00:00+00:00,-0.01044386
2023-11-23 00:00:00+00:00,0.00000000
2023-11-24 00:00:00+00:00,0.00524934
2023-11-27 00:00:00+00:00,0.00000000
2023-11-28 00:00:00+00:00,0.00261780
2023-11-29 00:00:00+00:00,0.00087260
2023-11-30 00:00:00+00:00,0.00087184
2023-12-01 00:00:00+00:00,0.02528335
2023-12-04 00:00:00+00:00,-0.02581756
2023-12-05 00:00:00+00:00,-0.02441151
2023-12-06 00:00:00+00:00,0.02030009
2023-12-07 00:00:00+00:00,-0.00087413
2023-12-08 00:00:00+00:00,0.00349650
2023-12-11 00:00:00+00:00,-0.02792321
2023-12-12 00:00:00+00:00,0.01238938
2023-12-13 00:00:00+00:00,0.00527704
2023-12-14 00:00:00+00:00,0.02280702
2023-12-15 00:00:00+00:00,-0.02081526
2023-12-18 00:00:00+00:00,0.00964067
2023-12-19 00:00:00+00:00,0.01745201
2023-12-20 00:00:00+00:00,-0.01816609
2023-12-21 00:00:00+00:00,-0.01745201
2023-12-22 00:00:00+00:00,-0.02904930
2023-12-26 00:00:00+00:00,-0.00893655
2023-12-27 00:00:00+00:00,0.03321364
2023-12-28 00:00:00+00:00,-0.00617829
2023-12-29 00:00:00+00:00,0.00886525
2024-01-02 00:00:00+00:00,-0.00882613
2024-01-03 00:00:00+00:00,0.00000000
2024-01-04 00:00:00+00:00,-0.00886525
2024-01-05 00:00:00+00:00,-0.00178094
2024-01-08 00:00:00+00:00,-0.03475936
2024-01-09 00:00:00+00:00,-0.03266788
2024-01-10 00:00:00+00:00,0.01199262
2024-01-11 00:00:00+00:00,0.00733272
2024-01-12 00:00:00+00:00,0.00730594
2024-01-15 00:00:00+00:00,0.00000000
2024-01-16 00:00:00+00:00,-0.03548681
2024-01-17 00:00:00+00:00,0.00556070
2024-01-18 00:00:00+00:00,0.01201479
2024-01-19 00:00:00+00:00,0.01652893
2024-01-22 00:00:00+00:00,0.00182149
2024-01-23 00:00:00+00:00,-0.00727934
2024-01-24 00:00:00+00:00,0.00547945
2024-01-25 00:00:00+00:00,0.00182149
2024-01-26 00:00:00+00:00,-0.03275705
2024-01-29 00:00:00+00:00,-0.01110083
2024-01-30 00:00:00+00:00,-0.00465116
2024-01-31 00:00:00+00:00,0.00000000
2024-02-01 00:00:00+00:00,0.00000000
2024-02-02 00:00:00+00:00,-0.01770736
2024-02-05 00:00:00+00:00,-0.00745573
2024-02-06 00:00:00+00:00,0.00838770
2024-02-07 00:00:00+00:00,-0.00465983
2024-02-08 00:00:00+00:00,-0.01211556
2024-02-09 00:00:00+00:00,-0.00372787
2024-02-12 00:00:00+00:00,-0.00093197
2024-02-13 00:00:00+00:00,-0.03914259
2024-02-14 00:00:00+00:00,0.02524272
2024-02-15 00:00:00+00:00,-0.01917546
2024-02-16 00:00:00+00:00,-0.00774443
2024-02-19 00:00:00+00:00,0.00000000
2024-02-20 00:00:00+00:00,0.01846453
2024-02-21 00:00:00+00:00,-0.01734104
2024-02-22 00:00:00+00:00,-0.01554908
2024-02-23 00:00:00+00:00,-0.00195886
2024-02-26 00:00:00+00:00,-0.01764706
2024-02-27 00:00:00+00:00,0.01285856
2024-02-28 00:00:00+00:00,0.00982318
2024-02-29 00:00:00+00:00,0.01173021
2024-03-01 00:00:00+00:00,0.00977517
2024-03-04 00:00:00+00:00,-0.01742498
2024-03-05 00:00:00+00:00,-0.00976563
2024-03-06 00:00:00+00:00,-0.00981354
2024-03-07 00:00:00+00:00,0.00591716
2024-03-08 00:00:00+00:00,0.04326450
2024-03-11 00:00:00+00:00,-0.01154957
2024-03-12 00:00:00+00:00,0.01548887
2024-03-13 00:00:00+00:00,0.02881844
2024-03-14 00:00:00+00:00,0.00946970
2024-03-15 00:00:00+00:00,-0.00094251
2024-03-18 00:00:00+00:00,-0.01225259
2024-03-19 00:00:00+00:00,-0.03795066
2024-03-20 00:00:00+00:00,-0.01160542
2024-03-21 00:00:00+00:00,0.00000000
2024-03-22 00:00:00+00:00,-0.01848249
2024-03-25 00:00:00+00:00,0.00196271
2024-03-26 00:00:00+00:00,0.00098135
2024-03-27 00:00:00+00:00,-0.00196078
2024-03-28 00:00:00+00:00,0.00392542
