Date,EU-DJ-TELECOM
2014-06-18 00:00:00+00:00,0.00864074
2014-06-19 00:00:00+00:00,0.00527183
2014-06-20 00:00:00+00:00,-0.01048836
2014-06-23 00:00:00+00:00,-0.00563100
2014-06-24 00:00:00+00:00,-0.00133245
2014-06-25 00:00:00+00:00,-0.01434290
2014-06-26 00:00:00+00:00,0.01150592
2014-06-27 00:00:00+00:00,0.00635664
2014-06-30 00:00:00+00:00,-0.00099734
2014-07-01 00:00:00+00:00,0.00532446
2014-07-02 00:00:00+00:00,-0.01125455
2014-07-03 00:00:00+00:00,0.00770003
2014-07-04 00:00:00+00:00,-0.00132890
2014-07-07 00:00:00+00:00,-0.00798403
2014-07-08 00:00:00+00:00,-0.01475520
2014-07-09 00:00:00+00:00,0.00068074
2014-07-10 00:00:00+00:00,-0.00102041
2014-07-11 00:00:00+00:00,-0.00817160
2014-07-14 00:00:00+00:00,0.00755235
2014-07-15 00:00:00+00:00,0.00170358
2014-07-16 00:00:00+00:00,-0.00102041
2014-07-17 00:00:00+00:00,0.00170242
2014-07-18 00:00:00+00:00,-0.00067981
2014-07-21 00:00:00+00:00,-0.00272109
2014-07-22 00:00:00+00:00,0.01125512
2014-07-23 00:00:00+00:00,0.00236088
2014-07-24 00:00:00+00:00,0.00201884
2014-07-25 00:00:00+00:00,0.00402955
2014-07-28 00:00:00+00:00,0.00066890
2014-07-29 00:00:00+00:00,-0.00434492
2014-07-30 00:00:00+00:00,0.00939913
2014-07-31 00:00:00+00:00,-0.01563020
2014-08-01 00:00:00+00:00,-0.01250000
2014-08-04 00:00:00+00:00,0.00136846
2014-08-05 00:00:00+00:00,-0.00409976
2014-08-06 00:00:00+00:00,-0.00720412
2014-08-07 00:00:00+00:00,-0.01140290
2014-08-08 00:00:00+00:00,-0.01223348
2014-08-11 00:00:00+00:00,0.00990800
2014-08-12 00:00:00+00:00,-0.00175193
2014-08-13 00:00:00+00:00,0.00772201
2014-08-14 00:00:00+00:00,-0.00383142
2014-08-15 00:00:00+00:00,-0.00209790
2014-08-18 00:00:00+00:00,0.01261388
2014-08-19 00:00:00+00:00,0.00311419
2014-08-20 00:00:00+00:00,0.00103484
2014-08-21 00:00:00+00:00,0.00792557
2014-08-22 00:00:00+00:00,0.00136752
2014-08-25 00:00:00+00:00,0.01229088
2014-08-26 00:00:00+00:00,-0.00236088
2014-08-27 00:00:00+00:00,0.00777552
2014-08-28 00:00:00+00:00,0.00637370
2014-08-29 00:00:00+00:00,-0.00466667
2014-09-01 00:00:00+00:00,-0.00267917
2014-09-02 00:00:00+00:00,-0.00268637
2014-09-03 00:00:00+00:00,0.00437710
2014-09-04 00:00:00+00:00,0.00838082
2014-09-05 00:00:00+00:00,-0.00267957
2014-09-08 00:00:00+00:00,-0.00500000
2014-09-09 00:00:00+00:00,-0.00201005
2014-09-10 00:00:00+00:00,-0.00100705
2014-09-11 00:00:00+00:00,-0.00302419
2014-09-12 00:00:00+00:00,-0.00775194
2014-09-15 00:00:00+00:00,-0.00543478
2014-09-17 00:00:00+00:00,0.00375683
2014-09-18 00:00:00+00:00,0.01020755
2014-09-19 00:00:00+00:00,0.01212529
2014-09-22 00:00:00+00:00,-0.00665557
2014-09-23 00:00:00+00:00,-0.01072027
2014-09-24 00:00:00+00:00,0.01286827
2014-09-25 00:00:00+00:00,-0.00534938
2014-09-26 00:00:00+00:00,0.00605042
2014-09-29 00:00:00+00:00,-0.00334113
2014-09-30 00:00:00+00:00,0.00335233
2014-10-01 00:00:00+00:00,-0.00701637
2014-10-02 00:00:00+00:00,-0.02187079
2014-10-03 00:00:00+00:00,0.01031992
2014-10-06 00:00:00+00:00,-0.00136193
2014-10-07 00:00:00+00:00,-0.00852370
2014-10-08 00:00:00+00:00,-0.00618982
2014-10-09 00:00:00+00:00,-0.01557093
2014-10-10 00:00:00+00:00,-0.00949033
2014-10-13 00:00:00+00:00,-0.00993612
2014-10-14 00:00:00+00:00,0.00788530
2014-10-15 00:00:00+00:00,-0.04125178
2014-10-16 00:00:00+00:00,-0.00704748
2014-10-17 00:00:00+00:00,0.01979828
2014-10-20 00:00:00+00:00,0.00366300
2014-10-21 00:00:00+00:00,0.02116788
2014-10-22 00:00:00+00:00,-0.00142959
2014-10-23 00:00:00+00:00,-0.00071582
2014-10-24 00:00:00+00:00,0.02829513
2014-10-27 00:00:00+00:00,-0.00661790
2014-10-28 00:00:00+00:00,0.02734923
2014-10-29 00:00:00+00:00,0.00580205
2014-10-30 00:00:00+00:00,0.00373261
2014-10-31 00:00:00+00:00,0.01419878
2014-11-03 00:00:00+00:00,-0.00333333
2014-11-04 00:00:00+00:00,-0.01036789
2014-11-05 00:00:00+00:00,0.02365664
2014-11-06 00:00:00+00:00,-0.00693298
2014-11-07 00:00:00+00:00,-0.00465426
2014-11-10 00:00:00+00:00,0.00567802
2014-11-11 00:00:00+00:00,0.02391232
2014-11-12 00:00:00+00:00,-0.00583847
2014-11-13 00:00:00+00:00,0.00489396
2014-11-14 00:00:00+00:00,0.00162338
2014-11-17 00:00:00+00:00,0.01296596
2014-11-18 00:00:00+00:00,0.00128000
2014-11-19 00:00:00+00:00,0.00255673
2014-11-20 00:00:00+00:00,0.00095633
2014-11-21 00:00:00+00:00,0.01974522
2014-11-24 00:00:00+00:00,0.00405996
2014-11-25 00:00:00+00:00,0.00031104
2014-11-26 00:00:00+00:00,0.00559701
2014-11-27 00:00:00+00:00,0.00432900
2014-11-28 00:00:00+00:00,0.01354680
2014-12-01 00:00:00+00:00,-0.00911300
2014-12-02 00:00:00+00:00,0.00551809
2014-12-03 00:00:00+00:00,0.00335366
2014-12-04 00:00:00+00:00,-0.00881191
2014-12-05 00:00:00+00:00,0.02789700
2014-12-08 00:00:00+00:00,-0.00387712
2014-12-09 00:00:00+00:00,-0.02876251
2014-12-10 00:00:00+00:00,0.02805179
2014-12-11 00:00:00+00:00,-0.02878561
2014-12-12 00:00:00+00:00,-0.03118246
2014-12-15 00:00:00+00:00,0.05672403
2014-12-16 00:00:00+00:00,0.00642674
2014-12-17 00:00:00+00:00,0.00000000
2014-12-18 00:00:00+00:00,0.02554278
2014-12-19 00:00:00+00:00,-0.00217933
2014-12-22 00:00:00+00:00,0.00624025
2014-12-23 00:00:00+00:00,0.00589147
2014-12-29 00:00:00+00:00,-0.00277435
2014-12-30 00:00:00+00:00,-0.01391036
2015-01-02 00:00:00+00:00,-0.00438871
2015-01-05 00:00:00+00:00,-0.02739295
2015-01-06 00:00:00+00:00,-0.00582713
2015-01-07 00:00:00+00:00,0.00748942
2015-01-08 00:00:00+00:00,0.03555268
2015-01-09 00:00:00+00:00,-0.01591760
2015-01-12 00:00:00+00:00,0.01522360
2015-01-13 00:00:00+00:00,0.01655733
2015-01-14 00:00:00+00:00,-0.00399508
2015-01-15 00:00:00+00:00,0.01882135
2015-01-16 00:00:00+00:00,0.00908540
2015-01-19 00:00:00+00:00,0.00720288
2015-01-20 00:00:00+00:00,0.00834327
2015-01-21 00:00:00+00:00,0.01329787
2015-01-22 00:00:00+00:00,0.01283173
2015-01-23 00:00:00+00:00,0.02649007
2015-01-26 00:00:00+00:00,0.00140252
2015-01-27 00:00:00+00:00,-0.01092437
2015-01-28 00:00:00+00:00,0.00396488
2015-01-29 00:00:00+00:00,0.00564175
2015-01-30 00:00:00+00:00,-0.01093969
2015-02-02 00:00:00+00:00,-0.01020987
2015-02-03 00:00:00+00:00,0.01547278
2015-02-04 00:00:00+00:00,0.00366817
2015-02-05 00:00:00+00:00,0.00281136
2015-02-06 00:00:00+00:00,0.00504626
2015-02-09 00:00:00+00:00,-0.01422594
2015-02-10 00:00:00+00:00,0.01386531
2015-02-11 00:00:00+00:00,-0.00223277
2015-02-12 00:00:00+00:00,0.00307692
2015-02-13 00:00:00+00:00,0.00083659
2015-02-16 00:00:00+00:00,0.00027863
2015-02-17 00:00:00+00:00,-0.00417827
2015-02-18 00:00:00+00:00,-0.00699301
2015-02-19 00:00:00+00:00,0.00591549
2015-02-20 00:00:00+00:00,0.00700084
2015-02-23 00:00:00+00:00,0.11067853
2015-02-24 00:00:00+00:00,0.00194013
2015-02-25 00:00:00+00:00,0.00027663
2015-02-26 00:00:00+00:00,0.01493363
2015-02-27 00:00:00+00:00,0.01989101
2015-03-02 00:00:00+00:00,0.00244167
2015-03-03 00:00:00+00:00,-0.00784844
2015-03-04 00:00:00+00:00,0.01254774
2015-03-05 00:00:00+00:00,0.00404858
2015-03-06 00:00:00+00:00,0.00293699
2015-03-09 00:00:00+00:00,-0.01193382
2015-03-10 00:00:00+00:00,-0.00850947
2015-03-11 00:00:00+00:00,0.01937984
2015-03-12 00:00:00+00:00,-0.01086366
2015-03-13 00:00:00+00:00,-0.01767265
2015-03-16 00:00:00+00:00,0.00498201
2015-03-17 00:00:00+00:00,-0.00826219
2015-03-18 00:00:00+00:00,-0.00222161
2015-03-19 00:00:00+00:00,0.00389647
2015-03-20 00:00:00+00:00,0.00720821
2015-03-23 00:00:00+00:00,-0.00495458
2015-03-24 00:00:00+00:00,0.00719225
2015-03-25 00:00:00+00:00,-0.00494370
2015-03-26 00:00:00+00:00,-0.00496826
2015-03-27 00:00:00+00:00,-0.00166436
2015-03-30 00:00:00+00:00,0.00694637
2015-03-31 00:00:00+00:00,-0.01048565
2015-04-01 00:00:00+00:00,-0.00027886
2015-04-02 00:00:00+00:00,0.00278940
2015-04-07 00:00:00+00:00,0.00890125
2015-04-08 00:00:00+00:00,-0.00137855
2015-04-09 00:00:00+00:00,0.01187189
2015-04-10 00:00:00+00:00,0.00682128
2015-04-13 00:00:00+00:00,0.00840108
2015-04-14 00:00:00+00:00,-0.00214996
2015-04-15 00:00:00+00:00,0.00188527
2015-04-16 00:00:00+00:00,-0.00806452
2015-04-17 00:00:00+00:00,-0.01707317
2015-04-20 00:00:00+00:00,0.01213124
2015-04-21 00:00:00+00:00,0.00490330
2015-04-22 00:00:00+00:00,0.00162646
2015-04-23 00:00:00+00:00,0.00405954
2015-04-24 00:00:00+00:00,0.01132075
2015-04-27 00:00:00+00:00,-0.00186567
2015-04-28 00:00:00+00:00,-0.01068091
2015-04-29 00:00:00+00:00,-0.00809717
2015-04-30 00:00:00+00:00,-0.00462585
2015-05-04 00:00:00+00:00,0.00109349
2015-05-05 00:00:00+00:00,-0.01365374
2015-05-06 00:00:00+00:00,0.00249169
2015-05-07 00:00:00+00:00,-0.00082850
2015-05-08 00:00:00+00:00,0.02625760
2015-05-11 00:00:00+00:00,-0.00269324
2015-05-12 00:00:00+00:00,-0.00027005
2015-05-13 00:00:00+00:00,-0.00108050
2015-05-14 00:00:00+00:00,0.00081125
2015-05-15 00:00:00+00:00,-0.00027020
2015-05-18 00:00:00+00:00,0.00054054
2015-05-19 00:00:00+00:00,0.00729335
2015-05-20 00:00:00+00:00,0.00563154
2015-05-21 00:00:00+00:00,0.01413333
2015-05-22 00:00:00+00:00,0.00499606
2015-05-26 00:00:00+00:00,-0.01177394
2015-05-27 00:00:00+00:00,0.00794281
2015-05-28 00:00:00+00:00,-0.00551615
2015-05-29 00:00:00+00:00,-0.00950872
2015-06-01 00:00:00+00:00,-0.00213333
2015-06-02 00:00:00+00:00,-0.00320684
2015-06-03 00:00:00+00:00,-0.00428954
2015-06-04 00:00:00+00:00,-0.00592353
2015-06-05 00:00:00+00:00,-0.01408451
2015-06-08 00:00:00+00:00,-0.00551451
2015-06-09 00:00:00+00:00,-0.00718232
2015-06-10 00:00:00+00:00,0.01780746
2015-06-11 00:00:00+00:00,0.00464735
2015-06-12 00:00:00+00:00,0.02394558
2015-06-15 00:00:00+00:00,-0.02139182
2015-06-16 00:00:00+00:00,0.00498063
2015-06-17 00:00:00+00:00,-0.00440529
2015-06-18 00:00:00+00:00,0.00663717
2015-06-19 00:00:00+00:00,0.00906593
2015-06-22 00:00:00+00:00,0.03103730
2015-06-23 00:00:00+00:00,0.01610774
2015-06-24 00:00:00+00:00,0.00051975
2015-06-25 00:00:00+00:00,-0.00883117
2015-06-26 00:00:00+00:00,0.00026205
2015-06-29 00:00:00+00:00,-0.02698454
2015-06-30 00:00:00+00:00,-0.00376952
2015-07-01 00:00:00+00:00,0.00486486
2015-07-02 00:00:00+00:00,-0.00430339
2015-07-03 00:00:00+00:00,-0.01080497
2015-07-06 00:00:00+00:00,-0.01338067
2015-07-07 00:00:00+00:00,-0.01660670
2015-07-08 00:00:00+00:00,0.00197017
2015-07-09 00:00:00+00:00,0.01825843
2015-07-10 00:00:00+00:00,0.03062069
2015-07-13 00:00:00+00:00,0.01980728
2015-07-14 00:00:00+00:00,-0.00078740
2015-07-15 00:00:00+00:00,0.00709220
2015-07-16 00:00:00+00:00,0.02529995
2015-07-17 00:00:00+00:00,0.00635970
2015-07-20 00:00:00+00:00,-0.00075834
2015-07-21 00:00:00+00:00,-0.01416646
2015-07-22 00:00:00+00:00,-0.00205286
2015-07-23 00:00:00+00:00,-0.01131396
2015-07-24 00:00:00+00:00,0.00650195
2015-07-27 00:00:00+00:00,-0.02325581
2015-07-28 00:00:00+00:00,0.00502646
2015-07-29 00:00:00+00:00,0.02000526
2015-07-30 00:00:00+00:00,-0.00258065
2015-07-31 00:00:00+00:00,-0.00439845
2015-08-03 00:00:00+00:00,0.01559252
2015-08-04 00:00:00+00:00,-0.00127943
2015-08-05 00:00:00+00:00,0.01357930
2015-08-06 00:00:00+00:00,-0.00758342
2015-08-07 00:00:00+00:00,-0.01502802
2015-08-10 00:00:00+00:00,0.00827515
2015-08-11 00:00:00+00:00,-0.00846371
2015-08-12 00:00:00+00:00,-0.03000517
2015-08-13 00:00:00+00:00,0.01093333
2015-08-14 00:00:00+00:00,-0.00263783
2015-08-17 00:00:00+00:00,-0.00052896
2015-08-18 00:00:00+00:00,0.00291082
2015-08-19 00:00:00+00:00,-0.01715040
2015-08-20 00:00:00+00:00,-0.02523490
2015-08-21 00:00:00+00:00,-0.03167172
2015-08-24 00:00:00+00:00,-0.05659841
2015-08-25 00:00:00+00:00,0.04944227
2015-08-26 00:00:00+00:00,-0.02183281
2015-08-27 00:00:00+00:00,0.03729809
2015-08-28 00:00:00+00:00,0.00368063
2015-08-31 00:00:00+00:00,-0.00028209
2015-09-01 00:00:00+00:00,-0.03244921
2015-09-02 00:00:00+00:00,0.00233304
2015-09-03 00:00:00+00:00,0.02909514
2015-09-04 00:00:00+00:00,-0.01724625
2015-09-07 00:00:00+00:00,0.00487068
2015-09-08 00:00:00+00:00,0.01345548
2015-09-09 00:00:00+00:00,0.01158192
2015-09-10 00:00:00+00:00,-0.01759285
2015-09-11 00:00:00+00:00,-0.07685776
2015-09-14 00:00:00+00:00,0.00029214
2015-09-15 00:00:00+00:00,-0.01489486
2015-09-16 00:00:00+00:00,0.01808479
2015-09-17 00:00:00+00:00,0.01193943
2015-09-18 00:00:00+00:00,-0.02503597
2015-09-21 00:00:00+00:00,0.01092090
2015-09-22 00:00:00+00:00,-0.02948905
2015-09-23 00:00:00+00:00,0.00180505
2015-09-24 00:00:00+00:00,-0.02012012
2015-09-25 00:00:00+00:00,0.02972724
2015-09-28 00:00:00+00:00,-0.02440476
2015-09-29 00:00:00+00:00,-0.01372788
2015-09-30 00:00:00+00:00,0.01391896
2015-10-01 00:00:00+00:00,-0.02196461
2015-10-02 00:00:00+00:00,0.00904554
2015-10-05 00:00:00+00:00,0.02565688
2015-10-06 00:00:00+00:00,0.00994575
2015-10-07 00:00:00+00:00,-0.00716204
2015-10-08 00:00:00+00:00,-0.00811542
2015-10-09 00:00:00+00:00,0.00818182
2015-10-12 00:00:00+00:00,-0.00060114
2015-10-13 00:00:00+00:00,-0.01293233
2015-10-14 00:00:00+00:00,-0.02193784
2015-10-15 00:00:00+00:00,0.01744548
2015-10-16 00:00:00+00:00,0.01255358
2015-10-19 00:00:00+00:00,0.00423344
2015-10-20 00:00:00+00:00,0.00451671
2015-10-21 00:00:00+00:00,-0.00269784
2015-10-22 00:00:00+00:00,0.04388338
2015-10-23 00:00:00+00:00,0.02591420
2015-10-26 00:00:00+00:00,0.00477126
2015-10-27 00:00:00+00:00,-0.01536313
2015-10-28 00:00:00+00:00,0.00851064
2015-10-29 00:00:00+00:00,0.00196906
2015-10-30 00:00:00+00:00,-0.00140371
2015-11-02 00:00:00+00:00,0.00196795
2015-11-03 00:00:00+00:00,0.00364759
2015-11-04 00:00:00+00:00,0.00531171
2015-11-05 00:00:00+00:00,-0.00778643
2015-11-06 00:00:00+00:00,-0.00084081
2015-11-09 00:00:00+00:00,-0.01178121
2015-11-10 00:00:00+00:00,0.01986943
2015-11-11 00:00:00+00:00,0.01335931
2015-11-12 00:00:00+00:00,-0.01235924
2015-11-13 00:00:00+00:00,-0.00500556
2015-11-16 00:00:00+00:00,0.00419229
2015-11-17 00:00:00+00:00,0.03256332
2015-11-18 00:00:00+00:00,-0.00943396
2015-11-19 00:00:00+00:00,0.00190476
2015-11-20 00:00:00+00:00,0.00217273
2015-11-23 00:00:00+00:00,-0.00975610
2015-11-24 00:00:00+00:00,-0.01286262
2015-11-25 00:00:00+00:00,0.01580261
2015-11-26 00:00:00+00:00,0.01282751
2015-11-27 00:00:00+00:00,0.00134735
2015-11-30 00:00:00+00:00,-0.00026911
2015-12-01 00:00:00+00:00,-0.01157470
2015-12-02 00:00:00+00:00,-0.00245098
2015-12-03 00:00:00+00:00,0.01692602
2015-12-04 00:00:00+00:00,-0.01104318
2015-12-07 00:00:00+00:00,0.00943127
2015-12-08 00:00:00+00:00,-0.01132503
2015-12-09 00:00:00+00:00,-0.00744559
2015-12-10 00:00:00+00:00,-0.05712637
2015-12-14 00:00:00+00:00,-0.04216342
2015-12-15 00:00:00+00:00,0.03734062
2015-12-16 00:00:00+00:00,0.00204858
2015-12-17 00:00:00+00:00,0.01869159
2015-12-18 00:00:00+00:00,-0.01777523
2015-12-21 00:00:00+00:00,-0.01751313
2015-12-22 00:00:00+00:00,-0.00326797
2015-12-23 00:00:00+00:00,0.02980626
2015-12-28 00:00:00+00:00,-0.00549928
2015-12-29 00:00:00+00:00,0.01135041
2015-12-30 00:00:00+00:00,-0.00143885
2016-01-04 00:00:00+00:00,-0.02853026
2016-01-05 00:00:00+00:00,0.01156927
2016-01-06 00:00:00+00:00,-0.00263930
2016-01-07 00:00:00+00:00,-0.00999706
2016-01-08 00:00:00+00:00,-0.00326700
2016-01-11 00:00:00+00:00,-0.00476758
2016-01-12 00:00:00+00:00,0.00538922
2016-01-13 00:00:00+00:00,0.00178678
2016-01-14 00:00:00+00:00,-0.01902497
2016-01-15 00:00:00+00:00,-0.02666667
2016-01-18 00:00:00+00:00,-0.00404732
2016-01-19 00:00:00+00:00,0.01187871
2016-01-20 00:00:00+00:00,-0.03923386
2016-01-21 00:00:00+00:00,0.03215434
2016-01-22 00:00:00+00:00,0.04236760
2016-01-25 00:00:00+00:00,-0.01225344
2016-01-26 00:00:00+00:00,0.00635401
2016-01-27 00:00:00+00:00,0.00721587
2016-01-28 00:00:00+00:00,-0.02776119
2016-01-29 00:00:00+00:00,0.02916795
2016-02-01 00:00:00+00:00,0.01073986
2016-02-02 00:00:00+00:00,-0.01239669
2016-02-03 00:00:00+00:00,-0.02331142
2016-02-04 00:00:00+00:00,-0.00734394
2016-02-05 00:00:00+00:00,-0.01757090
2016-02-08 00:00:00+00:00,-0.04173204
2016-02-09 00:00:00+00:00,-0.00392927
2016-02-10 00:00:00+00:00,0.01314924
2016-02-11 00:00:00+00:00,-0.03212200
2016-02-12 00:00:00+00:00,0.02078445
2016-02-15 00:00:00+00:00,0.02528736
2016-02-16 00:00:00+00:00,-0.00512492
2016-02-17 00:00:00+00:00,0.02833226
2016-02-18 00:00:00+00:00,0.00970570
2016-02-19 00:00:00+00:00,-0.01767442
2016-02-22 00:00:00+00:00,0.02209596
2016-02-23 00:00:00+00:00,-0.01297097
2016-02-24 00:00:00+00:00,-0.02659574
2016-02-25 00:00:00+00:00,0.03632273
2016-02-26 00:00:00+00:00,0.00031017
2016-02-29 00:00:00+00:00,0.00496124
2016-03-01 00:00:00+00:00,0.02283246
2016-03-02 00:00:00+00:00,-0.00090498
2016-03-03 00:00:00+00:00,-0.00815217
2016-03-04 00:00:00+00:00,0.00395738
2016-03-07 00:00:00+00:00,-0.00788357
2016-03-08 00:00:00+00:00,-0.00305623
2016-03-09 00:00:00+00:00,0.00243248
2016-03-10 00:00:00+00:00,-0.01314985
2016-03-11 00:00:00+00:00,0.03036876
2016-03-14 00:00:00+00:00,0.00451128
2016-03-15 00:00:00+00:00,-0.06407186
2016-03-16 00:00:00+00:00,-0.03135363
2016-03-17 00:00:00+00:00,0.00000000
2016-03-18 00:00:00+00:00,0.00155618
2016-03-21 00:00:00+00:00,-0.00310752
2016-03-22 00:00:00+00:00,-0.00498753
2016-03-23 00:00:00+00:00,0.00000000
2016-03-24 00:00:00+00:00,-0.01472431
2016-03-29 00:00:00+00:00,0.00826709
2016-03-30 00:00:00+00:00,0.01576790
2016-03-31 00:00:00+00:00,-0.01148712
2016-04-01 00:00:00+00:00,-0.02606784
2016-04-04 00:00:00+00:00,-0.00386972
2016-04-05 00:00:00+00:00,-0.02201360
2016-04-06 00:00:00+00:00,0.00860642
2016-04-07 00:00:00+00:00,-0.00295372
2016-04-08 00:00:00+00:00,0.01349572
2016-04-11 00:00:00+00:00,0.00649562
2016-04-12 00:00:00+00:00,0.00806712
2016-04-13 00:00:00+00:00,0.00736236
2016-04-14 00:00:00+00:00,0.00285987
2016-04-15 00:00:00+00:00,0.00633714
2016-04-18 00:00:00+00:00,0.00157431
2016-04-19 00:00:00+00:00,0.01477523
2016-04-20 00:00:00+00:00,-0.00030979
2016-04-21 00:00:00+00:00,-0.00464828
2016-04-22 00:00:00+00:00,-0.00996264
2016-04-25 00:00:00+00:00,-0.00345912
2016-04-26 00:00:00+00:00,0.00536447
2016-04-27 00:00:00+00:00,-0.00062775
2016-04-28 00:00:00+00:00,-0.00439698
2016-04-29 00:00:00+00:00,-0.01766562
2016-05-02 00:00:00+00:00,-0.00160565
2016-05-03 00:00:00+00:00,-0.00611129
2016-05-04 00:00:00+00:00,-0.01877023
2016-05-05 00:00:00+00:00,0.01385224
2016-05-06 00:00:00+00:00,-0.01106051
2016-05-09 00:00:00+00:00,0.00953947
2016-05-10 00:00:00+00:00,0.01173021
2016-05-11 00:00:00+00:00,-0.00289855
2016-05-12 00:00:00+00:00,0.00872093
2016-05-13 00:00:00+00:00,0.00608389
2016-05-17 00:00:00+00:00,0.01018460
2016-05-18 00:00:00+00:00,0.00882168
2016-05-19 00:00:00+00:00,-0.01217989
2016-05-20 00:00:00+00:00,0.00790389
2016-05-23 00:00:00+00:00,-0.00972396
2016-05-24 00:00:00+00:00,0.01773836
2016-05-25 00:00:00+00:00,0.01151572
2016-05-26 00:00:00+00:00,0.00923077
2016-05-27 00:00:00+00:00,-0.00152439
2016-05-30 00:00:00+00:00,0.00305344
2016-05-31 00:00:00+00:00,-0.01126332
2016-06-01 00:00:00+00:00,-0.01477833
2016-06-02 00:00:00+00:00,0.00312500
2016-06-03 00:00:00+00:00,-0.01028037
2016-06-06 00:00:00+00:00,0.00155381
2016-06-07 00:00:00+00:00,0.00597109
2016-06-08 00:00:00+00:00,-0.00812246
2016-06-09 00:00:00+00:00,-0.01385827
2016-06-10 00:00:00+00:00,-0.08290602
2016-06-13 00:00:00+00:00,-0.02652259
2016-06-14 00:00:00+00:00,-0.01984527
2016-06-15 00:00:00+00:00,0.00823610
2016-06-16 00:00:00+00:00,-0.00272294
2016-06-17 00:00:00+00:00,0.00102389
2016-06-20 00:00:00+00:00,0.04159564
2016-06-21 00:00:00+00:00,0.00065466
2016-06-22 00:00:00+00:00,0.00981354
2016-06-23 00:00:00+00:00,0.01133787
2016-06-24 00:00:00+00:00,-0.08544214
2016-06-27 00:00:00+00:00,-0.02741652
2016-06-28 00:00:00+00:00,0.03469462
2016-06-29 00:00:00+00:00,0.04366050
2016-06-30 00:00:00+00:00,0.00602410
2016-07-01 00:00:00+00:00,0.00565536
2016-07-04 00:00:00+00:00,-0.00926232
2016-07-05 00:00:00+00:00,-0.01469115
2016-07-06 00:00:00+00:00,-0.02812606
2016-07-07 00:00:00+00:00,0.01359833
2016-07-08 00:00:00+00:00,0.01272790
2016-07-11 00:00:00+00:00,0.00985054
2016-07-12 00:00:00+00:00,0.01681803
2016-07-13 00:00:00+00:00,-0.00330797
2016-07-14 00:00:00+00:00,0.00564222
2016-07-15 00:00:00+00:00,-0.00396040
2016-07-18 00:00:00+00:00,-0.00033135
2016-07-19 00:00:00+00:00,-0.00894929
2016-07-20 00:00:00+00:00,0.00000000
2016-07-21 00:00:00+00:00,-0.00200669
2016-07-22 00:00:00+00:00,0.01340483
2016-07-25 00:00:00+00:00,0.00000000
2016-07-26 00:00:00+00:00,-0.00363757
2016-07-27 00:00:00+00:00,0.00398274
2016-07-28 00:00:00+00:00,-0.00793388
2016-07-29 00:00:00+00:00,-0.00033322
2016-08-01 00:00:00+00:00,0.00033333
2016-08-02 00:00:00+00:00,-0.01599467
2016-08-03 00:00:00+00:00,0.00745005
2016-08-04 00:00:00+00:00,0.00168067
2016-08-05 00:00:00+00:00,0.01342282
2016-08-08 00:00:00+00:00,-0.00596026
2016-08-09 00:00:00+00:00,0.01232512
2016-08-10 00:00:00+00:00,-0.00329056
2016-08-11 00:00:00+00:00,0.00825355
2016-08-12 00:00:00+00:00,0.00130976
2016-08-15 00:00:00+00:00,-0.00490517
2016-08-16 00:00:00+00:00,-0.01051594
2016-08-17 00:00:00+00:00,-0.00697443
2016-08-18 00:00:00+00:00,0.00635452
2016-08-19 00:00:00+00:00,-0.00997009
2016-08-22 00:00:00+00:00,0.00033568
2016-08-23 00:00:00+00:00,0.00805369
2016-08-24 00:00:00+00:00,-0.00199734
2016-08-25 00:00:00+00:00,-0.00166778
2016-08-26 00:00:00+00:00,0.00400936
2016-08-29 00:00:00+00:00,-0.00532446
2016-08-30 00:00:00+00:00,0.00434928
2016-08-31 00:00:00+00:00,-0.00433045
2016-09-01 00:00:00+00:00,-0.00769488
2016-09-02 00:00:00+00:00,0.01820634
2016-09-05 00:00:00+00:00,0.00198675
2016-09-06 00:00:00+00:00,-0.00167235
2016-09-07 00:00:00+00:00,-0.00198610
2016-09-08 00:00:00+00:00,0.00431177
2016-09-09 00:00:00+00:00,-0.03335535
2016-09-12 00:00:00+00:00,-0.04209823
2016-09-13 00:00:00+00:00,-0.01267992
2016-09-14 00:00:00+00:00,-0.00763624
2016-09-15 00:00:00+00:00,-0.00034977
2016-09-16 00:00:00+00:00,0.00000000
2016-09-19 00:00:00+00:00,0.00804759
2016-09-20 00:00:00+00:00,0.00312392
2016-09-21 00:00:00+00:00,0.01245675
2016-09-22 00:00:00+00:00,0.01640465
2016-09-23 00:00:00+00:00,-0.00840619
2016-09-26 00:00:00+00:00,-0.01492031
2016-09-27 00:00:00+00:00,0.00172117
2016-09-28 00:00:00+00:00,0.00687285
2016-09-29 00:00:00+00:00,-0.00204778
2016-09-30 00:00:00+00:00,-0.00478796
2016-10-03 00:00:00+00:00,-0.00343643
2016-10-04 00:00:00+00:00,0.01137931
2016-10-05 00:00:00+00:00,-0.01841118
2016-10-06 00:00:00+00:00,-0.01354637
2016-10-07 00:00:00+00:00,-0.01549296
2016-10-10 00:00:00+00:00,0.01144492
2016-10-11 00:00:00+00:00,-0.00212164
2016-10-12 00:00:00+00:00,-0.00956768
2016-10-13 00:00:00+00:00,-0.00393560
2016-10-14 00:00:00+00:00,0.01544540
2016-10-17 00:00:00+00:00,-0.00459851
2016-10-18 00:00:00+00:00,0.01812367
2016-10-19 00:00:00+00:00,-0.00523560
2016-10-20 00:00:00+00:00,0.00105263
2016-10-21 00:00:00+00:00,0.00630915
2016-10-24 00:00:00+00:00,0.00104493
2016-10-25 00:00:00+00:00,0.01670146
2016-10-26 00:00:00+00:00,-0.00308008
2016-10-27 00:00:00+00:00,-0.00617920
2016-10-28 00:00:00+00:00,0.00000000
2016-10-31 00:00:00+00:00,-0.00656304
2016-11-01 00:00:00+00:00,-0.01495132
2016-11-02 00:00:00+00:00,-0.00953053
2016-11-03 00:00:00+00:00,0.00463293
2016-11-04 00:00:00+00:00,-0.01631784
2016-11-07 00:00:00+00:00,0.00396682
2016-11-08 00:00:00+00:00,0.01149425
2016-11-09 00:00:00+00:00,-0.00071023
2016-11-10 00:00:00+00:00,-0.02558635
2016-11-11 00:00:00+00:00,-0.00437637
2016-11-14 00:00:00+00:00,-0.00439560
2016-11-15 00:00:00+00:00,0.00404709
2016-11-16 00:00:00+00:00,0.00036643
2016-11-17 00:00:00+00:00,0.01282051
2016-11-18 00:00:00+00:00,-0.01121157
2016-11-21 00:00:00+00:00,-0.00292612
2016-11-22 00:00:00+00:00,0.01210565
2016-11-23 00:00:00+00:00,-0.00543675
2016-11-24 00:00:00+00:00,-0.00218659
2016-11-25 00:00:00+00:00,0.00730460
2016-11-28 00:00:00+00:00,-0.01740392
2016-11-29 00:00:00+00:00,0.00959410
2016-11-30 00:00:00+00:00,-0.06359649
2016-12-01 00:00:00+00:00,-0.01206140
2016-12-02 00:00:00+00:00,0.00406955
2016-12-05 00:00:00+00:00,-0.00368460
2016-12-06 00:00:00+00:00,0.00959538
2016-12-07 00:00:00+00:00,0.01098901
2016-12-08 00:00:00+00:00,0.04673913
2016-12-09 00:00:00+00:00,0.01670814
2016-12-12 00:00:00+00:00,-0.00563380
2016-12-13 00:00:00+00:00,0.01948972
2016-12-14 00:00:00+00:00,-0.00347584
2016-12-15 00:00:00+00:00,0.00034880
2016-12-16 00:00:00+00:00,0.01046025
2016-12-19 00:00:00+00:00,0.00793651
2016-12-20 00:00:00+00:00,0.00102705
2016-12-21 00:00:00+00:00,-0.00512996
2016-12-22 00:00:00+00:00,-0.00618769
2016-12-23 00:00:00+00:00,0.00518852
2016-12-27 00:00:00+00:00,0.00034412
2016-12-28 00:00:00+00:00,0.00034400
2016-12-29 00:00:00+00:00,0.00309491
2016-12-30 00:00:00+00:00,-0.00068564
2017-01-02 00:00:00+00:00,0.00789022
2017-01-03 00:00:00+00:00,0.00408441
2017-01-04 00:00:00+00:00,0.01016949
2017-01-05 00:00:00+00:00,0.01140940
2017-01-06 00:00:00+00:00,-0.00066357
2017-01-09 00:00:00+00:00,-0.01062417
2017-01-10 00:00:00+00:00,-0.00067114
2017-01-11 00:00:00+00:00,0.00772330
2017-01-12 00:00:00+00:00,-0.00366544
2017-01-13 00:00:00+00:00,0.00568562
2017-01-16 00:00:00+00:00,-0.01230462
2017-01-17 00:00:00+00:00,0.00000000
2017-01-18 00:00:00+00:00,-0.00168350
2017-01-19 00:00:00+00:00,-0.00505902
2017-01-20 00:00:00+00:00,0.00745763
2017-01-23 00:00:00+00:00,-0.00874832
2017-01-24 00:00:00+00:00,-0.02919212
2017-01-25 00:00:00+00:00,-0.00419580
2017-01-26 00:00:00+00:00,0.00280899
2017-01-27 00:00:00+00:00,-0.00560224
2017-01-30 00:00:00+00:00,-0.00316901
2017-01-31 00:00:00+00:00,-0.00141293
2017-02-01 00:00:00+00:00,-0.00565971
2017-02-02 00:00:00+00:00,-0.00177873
2017-02-03 00:00:00+00:00,0.00641483
2017-02-06 00:00:00+00:00,-0.00637394
2017-02-07 00:00:00+00:00,-0.00570207
2017-02-08 00:00:00+00:00,0.01146953
2017-02-09 00:00:00+00:00,0.01346563
2017-02-10 00:00:00+00:00,-0.00629371
2017-02-13 00:00:00+00:00,0.00281492
2017-02-14 00:00:00+00:00,-0.00035088
2017-02-15 00:00:00+00:00,0.00561601
2017-02-16 00:00:00+00:00,0.00383944
2017-02-17 00:00:00+00:00,-0.00486787
2017-02-20 00:00:00+00:00,0.01257862
2017-02-21 00:00:00+00:00,0.00345066
2017-02-22 00:00:00+00:00,0.00550206
2017-02-23 00:00:00+00:00,0.00991792
2017-02-24 00:00:00+00:00,0.00000000
2017-02-27 00:00:00+00:00,-0.00914324
2017-02-28 00:00:00+00:00,-0.00273411
2017-03-01 00:00:00+00:00,0.00856751
2017-03-02 00:00:00+00:00,0.00271831
2017-03-03 00:00:00+00:00,-0.00271095
2017-03-06 00:00:00+00:00,-0.00273831
2017-03-07 00:00:00+00:00,0.00885860
2017-03-08 00:00:00+00:00,0.00238745
2017-03-09 00:00:00+00:00,0.01429058
2017-03-10 00:00:00+00:00,-0.01385603
2017-03-13 00:00:00+00:00,-0.00724388
2017-03-14 00:00:00+00:00,-0.00138985
2017-03-15 00:00:00+00:00,0.00452331
2017-03-16 00:00:00+00:00,0.01281607
2017-03-17 00:00:00+00:00,0.00718194
2017-03-20 00:00:00+00:00,-0.00543294
2017-03-21 00:00:00+00:00,-0.00477979
2017-03-22 00:00:00+00:00,0.00205832
2017-03-23 00:00:00+00:00,0.01129750
2017-03-24 00:00:00+00:00,-0.00372376
2017-03-27 00:00:00+00:00,-0.00033979
2017-03-28 00:00:00+00:00,-0.00033990
2017-03-29 00:00:00+00:00,-0.00034002
2017-03-30 00:00:00+00:00,-0.00068027
2017-03-31 00:00:00+00:00,0.00544588
2017-04-03 00:00:00+00:00,-0.00677048
2017-04-04 00:00:00+00:00,-0.00374915
2017-04-05 00:00:00+00:00,-0.00136846
2017-04-06 00:00:00+00:00,-0.00513875
2017-04-07 00:00:00+00:00,-0.00344353
2017-04-10 00:00:00+00:00,0.00276434
2017-04-11 00:00:00+00:00,-0.00034459
2017-04-12 00:00:00+00:00,0.00379180
2017-04-13 00:00:00+00:00,-0.00824176
2017-04-18 00:00:00+00:00,-0.00554017
2017-04-19 00:00:00+00:00,0.00383008
2017-04-20 00:00:00+00:00,-0.00346861
2017-04-21 00:00:00+00:00,0.00000000
2017-04-24 00:00:00+00:00,0.01287852
2017-04-25 00:00:00+00:00,0.00996564
2017-04-26 00:00:00+00:00,-0.00136101
2017-04-27 00:00:00+00:00,-0.00681431
2017-04-28 00:00:00+00:00,-0.01029160
2017-05-02 00:00:00+00:00,0.00935875
2017-05-03 00:00:00+00:00,0.00309066
2017-05-04 00:00:00+00:00,0.00890106
2017-05-05 00:00:00+00:00,0.00644723
2017-05-08 00:00:00+00:00,0.00438301
2017-05-09 00:00:00+00:00,0.00067137
2017-05-10 00:00:00+00:00,0.00469641
2017-05-11 00:00:00+00:00,-0.01702838
2017-05-12 00:00:00+00:00,0.02343750
2017-05-15 00:00:00+00:00,-0.00365085
2017-05-16 00:00:00+00:00,0.01332445
2017-05-17 00:00:00+00:00,-0.00953320
2017-05-18 00:00:00+00:00,-0.00597411
2017-05-19 00:00:00+00:00,0.00667780
2017-05-22 00:00:00+00:00,0.01426202
2017-05-23 00:00:00+00:00,0.00065402
2017-05-24 00:00:00+00:00,0.00032680
2017-05-25 00:00:00+00:00,0.00457367
2017-05-26 00:00:00+00:00,0.00032520
2017-05-29 00:00:00+00:00,0.00097529
2017-05-30 00:00:00+00:00,-0.00746996
2017-05-31 00:00:00+00:00,0.00196335
2017-06-01 00:00:00+00:00,0.00293926
2017-06-02 00:00:00+00:00,-0.00260501
2017-06-05 00:00:00+00:00,0.05190989
2017-06-06 00:00:00+00:00,-0.00949712
2017-06-07 00:00:00+00:00,0.00131105
2017-06-08 00:00:00+00:00,-0.00458265
2017-06-09 00:00:00+00:00,-0.00690562
2017-06-12 00:00:00+00:00,-0.00032949
2017-06-13 00:00:00+00:00,-0.00263852
2017-06-14 00:00:00+00:00,-0.00066138
2017-06-15 00:00:00+00:00,-0.01422899
2017-06-16 00:00:00+00:00,0.00671366
2017-06-19 00:00:00+00:00,0.00266756
2017-06-20 00:00:00+00:00,-0.00897905
2017-06-21 00:00:00+00:00,0.00033557
2017-06-22 00:00:00+00:00,-0.00234821
2017-06-23 00:00:00+00:00,-0.00134499
2017-06-26 00:00:00+00:00,-0.00101010
2017-06-27 00:00:00+00:00,-0.01112235
2017-06-28 00:00:00+00:00,-0.00306748
2017-06-29 00:00:00+00:00,-0.01162393
2017-06-30 00:00:00+00:00,-0.00380491
2017-07-03 00:00:00+00:00,0.00659722
2017-07-04 00:00:00+00:00,-0.00517420
2017-07-05 00:00:00+00:00,-0.00277393
2017-07-06 00:00:00+00:00,-0.00382476
2017-07-07 00:00:00+00:00,-0.00069808
2017-07-10 00:00:00+00:00,0.00384212
2017-07-11 00:00:00+00:00,-0.00695894
2017-07-12 00:00:00+00:00,0.01576734
2017-07-13 00:00:00+00:00,0.01414281
2017-07-14 00:00:00+00:00,-0.00272109
2017-07-17 00:00:00+00:00,0.00920873
2017-07-18 00:00:00+00:00,-0.00946266
2017-07-19 00:00:00+00:00,0.01023541
2017-07-20 00:00:00+00:00,0.00033772
2017-07-21 00:00:00+00:00,-0.00506415
2017-07-24 00:00:00+00:00,-0.00644723
2017-07-25 00:00:00+00:00,0.00068306
2017-07-26 00:00:00+00:00,0.00887372
2017-07-27 00:00:00+00:00,0.01251691
2017-07-28 00:00:00+00:00,-0.01369863
2017-07-31 00:00:00+00:00,0.00169377
2017-08-01 00:00:00+00:00,0.00676361
2017-08-02 00:00:00+00:00,-0.00537454
2017-08-03 00:00:00+00:00,0.00168862
2017-08-04 00:00:00+00:00,0.00809171
2017-08-07 00:00:00+00:00,0.00434783
2017-08-08 00:00:00+00:00,-0.00133200
2017-08-09 00:00:00+00:00,-0.00566856
2017-08-10 00:00:00+00:00,-0.01240778
2017-08-11 00:00:00+00:00,-0.01629881
2017-08-14 00:00:00+00:00,0.01518813
2017-08-15 00:00:00+00:00,-0.00408024
2017-08-16 00:00:00+00:00,-0.00170707
2017-08-17 00:00:00+00:00,-0.00683995
2017-08-18 00:00:00+00:00,-0.00619835
2017-08-21 00:00:00+00:00,-0.00346500
2017-08-22 00:00:00+00:00,0.00799722
2017-08-23 00:00:00+00:00,-0.00862366
2017-08-24 00:00:00+00:00,0.00000000
2017-08-25 00:00:00+00:00,-0.00347947
2017-08-28 00:00:00+00:00,-0.00384078
2017-08-29 00:00:00+00:00,-0.00630915
2017-08-30 00:00:00+00:00,0.00811287
2017-08-31 00:00:00+00:00,0.00804759
2017-09-01 00:00:00+00:00,-0.00381812
2017-09-04 00:00:00+00:00,-0.00452962
2017-09-05 00:00:00+00:00,-0.07674501
2017-09-06 00:00:00+00:00,-0.00425080
2017-09-07 00:00:00+00:00,-0.00141443
2017-09-08 00:00:00+00:00,-0.00777111
2017-09-11 00:00:00+00:00,0.01170628
2017-09-12 00:00:00+00:00,0.00070796
2017-09-13 00:00:00+00:00,0.00070746
2017-09-14 00:00:00+00:00,-0.00282785
2017-09-15 00:00:00+00:00,-0.00248139
2017-09-18 00:00:00+00:00,0.00710732
2017-09-19 00:00:00+00:00,0.00705716
2017-09-20 00:00:00+00:00,0.00000000
2017-09-21 00:00:00+00:00,-0.00981079
2017-09-22 00:00:00+00:00,-0.00318471
2017-09-25 00:00:00+00:00,0.00638978
2017-09-26 00:00:00+00:00,0.00035273
2017-09-27 00:00:00+00:00,0.00599436
2017-09-28 00:00:00+00:00,-0.00736067
2017-09-29 00:00:00+00:00,0.00459040
2017-10-02 00:00:00+00:00,-0.00140598
2017-10-03 00:00:00+00:00,-0.00387188
2017-10-04 00:00:00+00:00,-0.00600707
2017-10-05 00:00:00+00:00,0.00782083
2017-10-06 00:00:00+00:00,-0.00211640
2017-10-09 00:00:00+00:00,0.00212089
2017-10-10 00:00:00+00:00,0.00105820
2017-10-11 00:00:00+00:00,0.00458069
2017-10-12 00:00:00+00:00,-0.00280603
2017-10-13 00:00:00+00:00,0.00386915
2017-10-16 00:00:00+00:00,-0.00245270
2017-10-17 00:00:00+00:00,-0.00280998
2017-10-18 00:00:00+00:00,-0.00387460
2017-10-19 00:00:00+00:00,-0.00495050
2017-10-20 00:00:00+00:00,0.00390903
2017-10-23 00:00:00+00:00,0.00106195
2017-10-24 00:00:00+00:00,-0.00424328
2017-10-25 00:00:00+00:00,-0.00497159
2017-10-26 00:00:00+00:00,0.00571021
2017-10-27 00:00:00+00:00,0.00177431
2017-10-30 00:00:00+00:00,-0.00070847
2017-10-31 00:00:00+00:00,0.00815314
2017-11-01 00:00:00+00:00,0.00421941
2017-11-02 00:00:00+00:00,-0.00315126
2017-11-03 00:00:00+00:00,-0.01088865
2017-11-06 00:00:00+00:00,-0.00355114
2017-11-07 00:00:00+00:00,-0.00712758
2017-11-08 00:00:00+00:00,-0.00251256
2017-11-09 00:00:00+00:00,-0.00179921
2017-11-10 00:00:00+00:00,-0.00468637
2017-11-13 00:00:00+00:00,-0.00941688
2017-11-14 00:00:00+00:00,0.00329068
2017-11-15 00:00:00+00:00,0.00619534
2017-11-16 00:00:00+00:00,0.00325969
2017-11-17 00:00:00+00:00,-0.00685921
2017-11-20 00:00:00+00:00,0.00981461
2017-11-21 00:00:00+00:00,-0.00503960
2017-11-22 00:00:00+00:00,-0.00217077
2017-11-23 00:00:00+00:00,0.00326323
2017-11-24 00:00:00+00:00,-0.00252982
2017-11-27 00:00:00+00:00,-0.00036232
2017-11-28 00:00:00+00:00,0.00253715
2017-11-29 00:00:00+00:00,-0.00072307
2017-11-30 00:00:00+00:00,0.00322696
2017-12-01 00:00:00+00:00,0.00000000
2017-12-04 00:00:00+00:00,0.00464618
2017-12-05 00:00:00+00:00,0.00247022
2017-12-06 00:00:00+00:00,-0.00212917
2017-12-07 00:00:00+00:00,0.03413940
2017-12-08 00:00:00+00:00,0.00420610
2017-12-11 00:00:00+00:00,-0.01712688
2017-12-12 00:00:00+00:00,0.00670430
2017-12-13 00:00:00+00:00,-0.00876271
2017-12-14 00:00:00+00:00,-0.00106082
2017-12-15 00:00:00+00:00,0.00000000
2017-12-18 00:00:00+00:00,0.00743363
2017-12-19 00:00:00+00:00,-0.00316233
2017-12-20 00:00:00+00:00,-0.00634473
2017-12-21 00:00:00+00:00,0.00709471
2017-12-22 00:00:00+00:00,-0.00352237
2017-12-27 00:00:00+00:00,0.00141393
2017-12-28 00:00:00+00:00,-0.00741264
2017-12-29 00:00:00+00:00,-0.00284495
2018-01-02 00:00:00+00:00,0.00320970
2018-01-03 00:00:00+00:00,0.00035549
2018-01-04 00:00:00+00:00,0.00639659
2018-01-05 00:00:00+00:00,0.01059322
2018-01-08 00:00:00+00:00,0.00384347
2018-01-09 00:00:00+00:00,0.00417682
2018-01-10 00:00:00+00:00,-0.01733102
2018-01-11 00:00:00+00:00,-0.01481481
2018-01-12 00:00:00+00:00,0.00465449
2018-01-15 00:00:00+00:00,-0.00106914
2018-01-16 00:00:00+00:00,0.00713521
2018-01-17 00:00:00+00:00,-0.00850159
2018-01-18 00:00:00+00:00,-0.00142908
2018-01-19 00:00:00+00:00,0.00000000
2018-01-22 00:00:00+00:00,0.01395349
2018-01-23 00:00:00+00:00,0.00564573
2018-01-24 00:00:00+00:00,-0.00912281
2018-01-25 00:00:00+00:00,-0.00601983
2018-01-26 00:00:00+00:00,0.00783755
2018-01-29 00:00:00+00:00,-0.00600919
2018-01-30 00:00:00+00:00,-0.01102418
2018-01-31 00:00:00+00:00,-0.00035958
2018-02-01 00:00:00+00:00,-0.01187050
2018-02-02 00:00:00+00:00,-0.00910084
2018-02-05 00:00:00+00:00,-0.03747245
2018-02-06 00:00:00+00:00,-0.00038168
2018-02-07 00:00:00+00:00,0.00916380
2018-02-08 00:00:00+00:00,-0.02118804
2018-02-09 00:00:00+00:00,-0.01546193
2018-02-12 00:00:00+00:00,0.01334904
2018-02-13 00:00:00+00:00,-0.01201085
2018-02-14 00:00:00+00:00,0.00274510
2018-02-15 00:00:00+00:00,-0.00078217
2018-02-16 00:00:00+00:00,0.01878669
2018-02-19 00:00:00+00:00,-0.00576258
2018-02-20 00:00:00+00:00,0.00888717
2018-02-21 00:00:00+00:00,-0.00229797
2018-02-22 00:00:00+00:00,0.00153551
2018-02-23 00:00:00+00:00,0.02184745
2018-02-26 00:00:00+00:00,0.00600150
2018-02-27 00:00:00+00:00,-0.01043997
2018-02-28 00:00:00+00:00,-0.00489827
2018-03-01 00:00:00+00:00,-0.00908747
2018-03-02 00:00:00+00:00,-0.01681314
2018-03-05 00:00:00+00:00,0.01593471
2018-03-06 00:00:00+00:00,-0.07526154
2018-03-07 00:00:00+00:00,-0.00152439
2018-03-08 00:00:00+00:00,0.03204884
2018-03-09 00:00:00+00:00,0.00525723
2018-03-12 00:00:00+00:00,-0.03295880
2018-03-13 00:00:00+00:00,-0.01587302
2018-03-14 00:00:00+00:00,0.00157356
2018-03-15 00:00:00+00:00,-0.00196386
2018-03-16 00:00:00+00:00,0.00747737
2018-03-19 00:00:00+00:00,-0.01289063
2018-03-20 00:00:00+00:00,-0.00831025
2018-03-21 00:00:00+00:00,-0.00159617
2018-03-22 00:00:00+00:00,-0.01598721
2018-03-23 00:00:00+00:00,-0.00081235
2018-03-26 00:00:00+00:00,-0.01178862
2018-03-27 00:00:00+00:00,0.01398601
2018-03-28 00:00:00+00:00,0.01095335
2018-03-29 00:00:00+00:00,-0.00080257
2018-04-03 00:00:00+00:00,-0.00602410
2018-04-04 00:00:00+00:00,0.00282828
2018-04-05 00:00:00+00:00,0.02900886
2018-04-06 00:00:00+00:00,0.00234926
2018-04-09 00:00:00+00:00,0.00273437
2018-04-10 00:00:00+00:00,0.00740164
2018-04-11 00:00:00+00:00,0.00193349
2018-04-12 00:00:00+00:00,0.00617522
2018-04-13 00:00:00+00:00,-0.00038358
2018-04-16 00:00:00+00:00,0.00076746
2018-04-17 00:00:00+00:00,0.00498466
2018-04-18 00:00:00+00:00,-0.00267074
2018-04-19 00:00:00+00:00,-0.00229533
2018-04-20 00:00:00+00:00,0.01380368
2018-04-23 00:00:00+00:00,0.01059002
2018-04-24 00:00:00+00:00,-0.00973054
2018-04-25 00:00:00+00:00,-0.00188964
2018-04-26 00:00:00+00:00,0.01893222
2018-04-27 00:00:00+00:00,-0.00631735
2018-04-30 00:00:00+00:00,0.00299177
2018-05-02 00:00:00+00:00,0.00000000
2018-05-03 00:00:00+00:00,-0.01193139
2018-05-04 00:00:00+00:00,0.00150943
2018-05-07 00:00:00+00:00,0.00452148
2018-05-08 00:00:00+00:00,-0.00187547
2018-05-09 00:00:00+00:00,0.00338219
2018-05-10 00:00:00+00:00,-0.01011236
2018-05-11 00:00:00+00:00,-0.00113507
2018-05-14 00:00:00+00:00,-0.00719697
2018-05-15 00:00:00+00:00,-0.02327356
2018-05-16 00:00:00+00:00,-0.00390625
2018-05-17 00:00:00+00:00,0.00588235
2018-05-18 00:00:00+00:00,-0.01091618
2018-05-21 00:00:00+00:00,0.00039417
2018-05-22 00:00:00+00:00,-0.01615445
2018-05-23 00:00:00+00:00,0.02683220
2018-05-24 00:00:00+00:00,-0.00819033
2018-05-25 00:00:00+00:00,-0.00117971
2018-05-28 00:00:00+00:00,-0.00196850
2018-05-29 00:00:00+00:00,-0.01262327
2018-05-30 00:00:00+00:00,0.01038753
2018-05-31 00:00:00+00:00,-0.00988533
2018-06-01 00:00:00+00:00,0.01038339
2018-06-04 00:00:00+00:00,0.00988142
2018-06-05 00:00:00+00:00,-0.00315112
2018-06-06 00:00:00+00:00,-0.01923832
2018-06-07 00:00:00+00:00,-0.00156801
2018-06-08 00:00:00+00:00,-0.00274833
2018-06-11 00:00:00+00:00,0.01141732
2018-06-12 00:00:00+00:00,0.00078186
2018-06-13 00:00:00+00:00,-0.00976562
2018-06-14 00:00:00+00:00,0.01932939
2018-06-15 00:00:00+00:00,-0.01393189
2018-06-18 00:00:00+00:00,-0.00824176
2018-06-19 00:00:00+00:00,-0.00356154
2018-06-20 00:00:00+00:00,0.00794281
2018-06-21 00:00:00+00:00,-0.00827423
2018-06-22 00:00:00+00:00,0.01390544
2018-06-25 00:00:00+00:00,-0.01489028
2018-06-26 00:00:00+00:00,-0.00517104
2018-06-27 00:00:00+00:00,0.00319872
2018-06-28 00:00:00+00:00,-0.01036269
2018-06-29 00:00:00+00:00,0.00161095
2018-07-02 00:00:00+00:00,-0.00442300
2018-07-03 00:00:00+00:00,0.01817447
2018-07-04 00:00:00+00:00,0.01943673
2018-07-05 00:00:00+00:00,0.00155642
2018-07-06 00:00:00+00:00,0.00660451
2018-07-09 00:00:00+00:00,0.00192976
2018-07-10 00:00:00+00:00,-0.00577812
2018-07-11 00:00:00+00:00,-0.01239830
2018-07-12 00:00:00+00:00,-0.00117693
2018-07-13 00:00:00+00:00,-0.00942655
2018-07-16 00:00:00+00:00,-0.00475813
2018-07-17 00:00:00+00:00,-0.00956175
2018-07-18 00:00:00+00:00,-0.00321802
2018-07-19 00:00:00+00:00,-0.00443906
2018-07-20 00:00:00+00:00,0.00486421
2018-07-23 00:00:00+00:00,0.00242033
2018-07-24 00:00:00+00:00,-0.00281690
2018-07-25 00:00:00+00:00,-0.00121065
2018-07-26 00:00:00+00:00,0.01696970
2018-07-27 00:00:00+00:00,0.02224871
2018-07-30 00:00:00+00:00,0.00427517
2018-07-31 00:00:00+00:00,-0.00348297
2018-08-01 00:00:00+00:00,-0.00932039
2018-08-02 00:00:00+00:00,-0.00274402
2018-08-03 00:00:00+00:00,0.01061321
2018-08-06 00:00:00+00:00,0.00038895
2018-08-07 00:00:00+00:00,0.00311042
2018-08-08 00:00:00+00:00,-0.00542636
2018-08-09 00:00:00+00:00,-0.00077942
2018-08-10 00:00:00+00:00,-0.01482059
2018-08-13 00:00:00+00:00,0.00039588
2018-08-14 00:00:00+00:00,-0.00118718
2018-08-15 00:00:00+00:00,-0.01624406
2018-08-16 00:00:00+00:00,0.00523560
2018-08-17 00:00:00+00:00,-0.00360577
2018-08-20 00:00:00+00:00,0.00201045
2018-08-21 00:00:00+00:00,0.00120385
2018-08-22 00:00:00+00:00,0.00080160
2018-08-23 00:00:00+00:00,-0.00280336
2018-08-24 00:00:00+00:00,-0.00321285
2018-08-27 00:00:00+00:00,0.00322321
2018-08-28 00:00:00+00:00,-0.01004016
2018-08-29 00:00:00+00:00,0.00243408
2018-08-30 00:00:00+00:00,-0.02185350
2018-08-31 00:00:00+00:00,-0.00579230
2018-09-03 00:00:00+00:00,0.00374532
2018-09-04 00:00:00+00:00,-0.07428081
2018-09-05 00:00:00+00:00,-0.01175512
2018-09-06 00:00:00+00:00,-0.01017812
2018-09-07 00:00:00+00:00,0.01104034
2018-09-10 00:00:00+00:00,0.00713986
2018-09-11 00:00:00+00:00,-0.01042535
2018-09-13 00:00:00+00:00,0.00297114
2018-09-17 00:00:00+00:00,0.00592467
2018-09-18 00:00:00+00:00,0.00925536
2018-09-19 00:00:00+00:00,-0.00625261
2018-09-20 00:00:00+00:00,0.00419463
2018-09-21 00:00:00+00:00,0.00334169
2018-09-24 00:00:00+00:00,-0.00707744
2018-09-25 00:00:00+00:00,-0.00209644
2018-09-26 00:00:00+00:00,0.00420168
2018-09-27 00:00:00+00:00,0.01004184
2018-09-28 00:00:00+00:00,-0.01864126
2018-10-01 00:00:00+00:00,-0.00295483
2018-10-02 00:00:00+00:00,-0.00931414
2018-10-03 00:00:00+00:00,0.01367521
2018-10-04 00:00:00+00:00,-0.00084317
2018-10-05 00:00:00+00:00,-0.00379747
2018-10-08 00:00:00+00:00,-0.00931809
2018-10-09 00:00:00+00:00,0.00000000
2018-10-10 00:00:00+00:00,0.01154339
2018-10-11 00:00:00+00:00,-0.00760778
2018-10-12 00:00:00+00:00,-0.00979557
2018-10-15 00:00:00+00:00,0.01763441
2018-10-16 00:00:00+00:00,0.00464920
2018-10-17 00:00:00+00:00,0.00294489
2018-10-18 00:00:00+00:00,0.00209732
2018-10-19 00:00:00+00:00,0.00293010
2018-10-22 00:00:00+00:00,-0.00876461
2018-10-23 00:00:00+00:00,-0.01263158
2018-10-24 00:00:00+00:00,0.00724947
2018-10-25 00:00:00+00:00,-0.00465707
2018-10-26 00:00:00+00:00,-0.02552105
2018-10-29 00:00:00+00:00,0.02444347
2018-10-30 00:00:00+00:00,0.00213038
2018-10-31 00:00:00+00:00,0.00892857
2018-11-01 00:00:00+00:00,0.02359882
2018-11-02 00:00:00+00:00,-0.00123508
2018-11-05 00:00:00+00:00,0.00535862
2018-11-06 00:00:00+00:00,-0.00943009
2018-11-07 00:00:00+00:00,0.01117550
2018-11-08 00:00:00+00:00,0.00327466
2018-11-09 00:00:00+00:00,-0.00815993
2018-11-12 00:00:00+00:00,-0.00164541
2018-11-13 00:00:00+00:00,0.02060157
2018-11-14 00:00:00+00:00,0.00403714
2018-11-15 00:00:00+00:00,-0.01045436
2018-11-16 00:00:00+00:00,0.00081268
2018-11-19 00:00:00+00:00,0.00446610
2018-11-20 00:00:00+00:00,-0.00889248
2018-11-21 00:00:00+00:00,0.01182708
2018-11-22 00:00:00+00:00,-0.02781137
2018-11-23 00:00:00+00:00,0.02570481
2018-11-26 00:00:00+00:00,0.03354891
2018-11-27 00:00:00+00:00,0.01212358
2018-11-28 00:00:00+00:00,0.07436429
2018-11-29 00:00:00+00:00,-0.00271108
2018-11-30 00:00:00+00:00,0.00970874
2018-12-03 00:00:00+00:00,-0.01038462
2018-12-04 00:00:00+00:00,0.00155461
2018-12-05 00:00:00+00:00,-0.00428853
2018-12-06 00:00:00+00:00,-0.04520655
2018-12-07 00:00:00+00:00,0.00630666
2018-12-10 00:00:00+00:00,-0.01299213
2018-12-11 00:00:00+00:00,0.00199442
2018-12-13 00:00:00+00:00,0.00755167
2018-12-17 00:00:00+00:00,0.00000000
2018-12-18 00:00:00+00:00,-0.01143984
2018-12-19 00:00:00+00:00,0.00798085
2018-12-20 00:00:00+00:00,-0.01543943
2018-12-21 00:00:00+00:00,-0.01246482
2018-12-27 00:00:00+00:00,-0.02157980
2018-12-28 00:00:00+00:00,0.01581357
2019-01-02 00:00:00+00:00,0.01024170
2019-01-03 00:00:00+00:00,0.00729927
2019-01-04 00:00:00+00:00,0.00563607
2019-01-07 00:00:00+00:00,0.00360288
2019-01-08 00:00:00+00:00,-0.01396091
2019-01-09 00:00:00+00:00,-0.01132686
2019-01-10 00:00:00+00:00,-0.00204583
2019-01-11 00:00:00+00:00,0.00820008
2019-01-14 00:00:00+00:00,-0.01179341
2019-01-15 00:00:00+00:00,-0.00329218
2019-01-16 00:00:00+00:00,-0.00165153
2019-01-17 00:00:00+00:00,0.00620347
2019-01-18 00:00:00+00:00,0.01191944
2019-01-21 00:00:00+00:00,-0.00771730
2019-01-22 00:00:00+00:00,-0.00204666
2019-01-23 00:00:00+00:00,0.00205086
2019-01-24 00:00:00+00:00,-0.00900532
2019-01-25 00:00:00+00:00,-0.00950021
2019-01-28 00:00:00+00:00,0.00000000
2019-01-29 00:00:00+00:00,-0.00125104
2019-01-30 00:00:00+00:00,-0.00208768
2019-01-31 00:00:00+00:00,0.00041841
2019-02-01 00:00:00+00:00,-0.00292765
2019-02-04 00:00:00+00:00,-0.00629195
2019-02-05 00:00:00+00:00,0.01646264
2019-02-06 00:00:00+00:00,-0.00041528
2019-02-07 00:00:00+00:00,-0.01329456
2019-02-08 00:00:00+00:00,-0.01010526
2019-02-11 00:00:00+00:00,0.00552956
2019-02-12 00:00:00+00:00,-0.00296108
2019-02-13 00:00:00+00:00,0.00509122
2019-02-14 00:00:00+00:00,-0.00548755
2019-02-15 00:00:00+00:00,0.01146010
2019-02-18 00:00:00+00:00,0.01091062
2019-02-19 00:00:00+00:00,0.00539643
2019-02-20 00:00:00+00:00,0.00454170
2019-02-21 00:00:00+00:00,0.00082203
2019-02-22 00:00:00+00:00,0.00041068
2019-02-25 00:00:00+00:00,-0.00697865
2019-02-26 00:00:00+00:00,-0.00744109
2019-02-27 00:00:00+00:00,-0.00416493
2019-02-28 00:00:00+00:00,-0.00083647
2019-03-01 00:00:00+00:00,-0.00334868
2019-03-04 00:00:00+00:00,-0.07506062
2019-03-05 00:00:00+00:00,0.00964793
2019-03-06 00:00:00+00:00,-0.00083264
2019-03-07 00:00:00+00:00,0.02254697
2019-03-08 00:00:00+00:00,0.00701610
2019-03-11 00:00:00+00:00,-0.02060157
2019-03-12 00:00:00+00:00,-0.00127065
2019-03-13 00:00:00+00:00,0.00593723
2019-03-14 00:00:00+00:00,0.00927487
2019-03-15 00:00:00+00:00,0.01712615
2019-03-18 00:00:00+00:00,0.00698152
2019-03-19 00:00:00+00:00,0.00489396
2019-03-20 00:00:00+00:00,-0.00324675
2019-03-21 00:00:00+00:00,0.00244300
2019-03-22 00:00:00+00:00,-0.00771730
2019-03-25 00:00:00+00:00,-0.00532133
2019-03-26 00:00:00+00:00,0.00123457
2019-03-27 00:00:00+00:00,0.00369914
2019-03-28 00:00:00+00:00,-0.01064701
2019-03-29 00:00:00+00:00,0.00372517
2019-04-01 00:00:00+00:00,0.00865979
2019-04-02 00:00:00+00:00,-0.00327065
2019-04-03 00:00:00+00:00,0.01230517
2019-04-04 00:00:00+00:00,0.00162075
2019-04-05 00:00:00+00:00,-0.01294498
2019-04-08 00:00:00+00:00,-0.00368852
2019-04-09 00:00:00+00:00,0.00082271
2019-04-10 00:00:00+00:00,0.00000000
2019-04-11 00:00:00+00:00,-0.00534320
2019-04-12 00:00:00+00:00,0.00041322
2019-04-15 00:00:00+00:00,0.00950021
2019-04-16 00:00:00+00:00,-0.00245499
2019-04-17 00:00:00+00:00,0.00082034
2019-04-18 00:00:00+00:00,0.00040984
2019-04-23 00:00:00+00:00,-0.00532569
2019-04-24 00:00:00+00:00,-0.01029654
2019-04-25 00:00:00+00:00,0.00000000
2019-04-26 00:00:00+00:00,0.01373283
2019-04-29 00:00:00+00:00,-0.00041051
2019-04-30 00:00:00+00:00,-0.00287474
2019-05-02 00:00:00+00:00,-0.00617792
2019-05-03 00:00:00+00:00,-0.00207211
2019-05-06 00:00:00+00:00,-0.00332226
2019-05-07 00:00:00+00:00,-0.00208333
2019-05-08 00:00:00+00:00,0.00083507
2019-05-09 00:00:00+00:00,-0.00959533
2019-05-10 00:00:00+00:00,0.00084246
2019-05-13 00:00:00+00:00,-0.02483165
2019-05-14 00:00:00+00:00,0.00776867
2019-05-15 00:00:00+00:00,-0.00256959
2019-05-16 00:00:00+00:00,0.01159296
2019-05-17 00:00:00+00:00,-0.00466893
2019-05-20 00:00:00+00:00,0.01066098
2019-05-21 00:00:00+00:00,-0.00168776
2019-05-22 00:00:00+00:00,-0.00211327
2019-05-23 00:00:00+00:00,-0.01228293
2019-05-24 00:00:00+00:00,0.00943396
2019-05-27 00:00:00+00:00,0.00552251
2019-05-28 00:00:00+00:00,-0.00253485
2019-05-29 00:00:00+00:00,-0.00508259
2019-05-30 00:00:00+00:00,0.00553427
2019-05-31 00:00:00+00:00,-0.00423370
2019-06-03 00:00:00+00:00,0.00552721
2019-06-04 00:00:00+00:00,0.01226216
2019-06-05 00:00:00+00:00,0.00459482
2019-06-06 00:00:00+00:00,-0.00457380
2019-06-07 00:00:00+00:00,0.00916964
2019-06-10 00:00:00+00:00,0.00124172
2019-06-11 00:00:00+00:00,0.00206697
2019-06-12 00:00:00+00:00,0.00453795
2019-06-13 00:00:00+00:00,0.02792608
2019-06-14 00:00:00+00:00,-0.01392872
2019-06-17 00:00:00+00:00,-0.00290818
2019-06-18 00:00:00+00:00,0.01458333
2019-06-19 00:00:00+00:00,-0.00574949
2019-06-20 00:00:00+00:00,0.00165221
2019-06-21 00:00:00+00:00,-0.00577320
2019-06-24 00:00:00+00:00,-0.00497719
2019-06-25 00:00:00+00:00,-0.00208420
2019-06-26 00:00:00+00:00,-0.00125313
2019-06-27 00:00:00+00:00,-0.00250941
2019-06-28 00:00:00+00:00,0.00251572
2019-07-01 00:00:00+00:00,-0.00041824
2019-07-02 00:00:00+00:00,0.00334728
2019-07-03 00:00:00+00:00,0.00959133
2019-07-04 00:00:00+00:00,0.00165221
2019-07-05 00:00:00+00:00,0.00371134
2019-07-08 00:00:00+00:00,-0.00328677
2019-07-09 00:00:00+00:00,0.00082440
2019-07-10 00:00:00+00:00,-0.00658979
2019-07-11 00:00:00+00:00,-0.01699834
2019-07-12 00:00:00+00:00,-0.00540091
2019-07-15 00:00:00+00:00,-0.00710109
2019-07-16 00:00:00+00:00,-0.00883467
2019-07-17 00:00:00+00:00,-0.00509338
2019-07-18 00:00:00+00:00,0.00213311
2019-07-19 00:00:00+00:00,0.00042571
2019-07-22 00:00:00+00:00,-0.00723404
2019-07-23 00:00:00+00:00,0.01071582
2019-07-24 00:00:00+00:00,0.00508906
2019-07-25 00:00:00+00:00,-0.00843882
2019-07-26 00:00:00+00:00,0.02510638
2019-07-29 00:00:00+00:00,0.01577418
2019-07-30 00:00:00+00:00,-0.01961586
2019-07-31 00:00:00+00:00,-0.00208420
2019-08-01 00:00:00+00:00,0.00208855
2019-08-02 00:00:00+00:00,-0.00083368
2019-08-05 00:00:00+00:00,-0.01710471
2019-08-06 00:00:00+00:00,-0.00466893
2019-08-07 00:00:00+00:00,0.00170576
2019-08-08 00:00:00+00:00,0.00553427
2019-08-09 00:00:00+00:00,-0.01100762
2019-08-12 00:00:00+00:00,-0.00171233
2019-08-13 00:00:00+00:00,0.00900515
2019-08-14 00:00:00+00:00,-0.01359966
2019-08-15 00:00:00+00:00,-0.00129255
2019-08-16 00:00:00+00:00,0.01509922
2019-08-19 00:00:00+00:00,0.00807480
2019-08-20 00:00:00+00:00,-0.01096121
2019-08-21 00:00:00+00:00,0.00511509
2019-08-22 00:00:00+00:00,-0.00212044
2019-08-23 00:00:00+00:00,-0.00424989
2019-08-26 00:00:00+00:00,0.00512164
2019-08-27 00:00:00+00:00,0.00721868
2019-08-28 00:00:00+00:00,0.00716695
2019-08-29 00:00:00+00:00,0.01172039
2019-08-30 00:00:00+00:00,0.00537857
2019-09-02 00:00:00+00:00,0.00205761
2019-09-03 00:00:00+00:00,0.00410678
2019-09-04 00:00:00+00:00,0.00163599
2019-09-05 00:00:00+00:00,-0.00410330
2019-09-06 00:00:00+00:00,0.00861009
2019-09-09 00:00:00+00:00,-0.00328003
2019-09-10 00:00:00+00:00,0.00411353
2019-09-11 00:00:00+00:00,0.00327735
2019-09-12 00:00:00+00:00,-0.00327198
2019-09-13 00:00:00+00:00,0.00328272
2019-09-16 00:00:00+00:00,0.00449898
2019-09-17 00:00:00+00:00,-0.00895765
2019-09-18 00:00:00+00:00,0.00493016
2019-09-19 00:00:00+00:00,0.01144726
2019-09-20 00:00:00+00:00,0.00565885
2019-09-23 00:00:00+00:00,-0.00200965
2019-09-24 00:00:00+00:00,0.00281917
2019-09-25 00:00:00+00:00,-0.00120482
2019-09-26 00:00:00+00:00,0.00844391
2019-09-27 00:00:00+00:00,-0.00199362
2019-09-30 00:00:00+00:00,0.00599281
2019-10-01 00:00:00+00:00,-0.00913423
2019-10-02 00:00:00+00:00,-0.01883768
2019-10-03 00:00:00+00:00,0.00081699
2019-10-04 00:00:00+00:00,0.00734694
2019-10-07 00:00:00+00:00,0.00972447
2019-10-08 00:00:00+00:00,-0.00401284
2019-10-09 00:00:00+00:00,0.00443191
2019-10-10 00:00:00+00:00,0.01083032
2019-10-11 00:00:00+00:00,0.01626984
2019-10-14 00:00:00+00:00,-0.00351425
2019-10-15 00:00:00+00:00,0.01214734
2019-10-16 00:00:00+00:00,0.00154859
2019-10-17 00:00:00+00:00,0.00347893
2019-10-18 00:00:00+00:00,0.00115562
2019-10-21 00:00:00+00:00,0.00153905
2019-10-22 00:00:00+00:00,0.00537841
2019-10-23 00:00:00+00:00,0.00496752
2019-10-24 00:00:00+00:00,-0.01292776
2019-10-25 00:00:00+00:00,-0.00038521
2019-10-28 00:00:00+00:00,-0.00385356
2019-10-29 00:00:00+00:00,-0.01779497
2019-10-30 00:00:00+00:00,0.00196928
2019-10-31 00:00:00+00:00,0.00511006
2019-11-01 00:00:00+00:00,-0.00508408
2019-11-04 00:00:00+00:00,0.00511006
2019-11-05 00:00:00+00:00,-0.00273758
2019-11-06 00:00:00+00:00,-0.00352941
2019-11-07 00:00:00+00:00,-0.00314837
2019-11-08 00:00:00+00:00,0.00236873
2019-11-11 00:00:00+00:00,0.00078771
2019-11-12 00:00:00+00:00,0.00944510
2019-11-13 00:00:00+00:00,-0.00350877
2019-11-14 00:00:00+00:00,-0.01212833
2019-11-15 00:00:00+00:00,0.00277228
2019-11-18 00:00:00+00:00,-0.00236967
2019-11-19 00:00:00+00:00,-0.00277118
2019-11-20 00:00:00+00:00,0.00039698
2019-11-21 00:00:00+00:00,-0.00277778
2019-11-22 00:00:00+00:00,0.00557103
2019-11-25 00:00:00+00:00,0.00554017
2019-11-26 00:00:00+00:00,-0.00157418
2019-11-27 00:00:00+00:00,0.01340166
2019-11-28 00:00:00+00:00,-0.00388954
2019-11-29 00:00:00+00:00,0.00078094
2019-12-02 00:00:00+00:00,-0.02653141
2019-12-03 00:00:00+00:00,-0.00200401
2019-12-04 00:00:00+00:00,0.03052209
2019-12-05 00:00:00+00:00,-0.00202080
2019-12-06 00:00:00+00:00,0.00481155
2019-12-09 00:00:00+00:00,-0.00558659
2019-12-10 00:00:00+00:00,-0.00762440
2019-12-11 00:00:00+00:00,-0.00242620
2019-12-13 00:00:00+00:00,0.00161421
2019-12-16 00:00:00+00:00,0.01087832
2019-12-17 00:00:00+00:00,-0.00438422
2019-12-18 00:00:00+00:00,-0.00280224
2019-12-19 00:00:00+00:00,-0.00160578
2019-12-20 00:00:00+00:00,0.00321673
2019-12-23 00:00:00+00:00,-0.00360721
2019-12-27 00:00:00+00:00,0.00000000
2019-12-30 00:00:00+00:00,-0.01367659
2020-01-02 00:00:00+00:00,0.01060359
2020-01-03 00:00:00+00:00,-0.00201776
2020-01-06 00:00:00+00:00,-0.00080873
2020-01-07 00:00:00+00:00,-0.00323756
2020-01-08 00:00:00+00:00,0.00040601
2020-01-09 00:00:00+00:00,0.00852273
2020-01-10 00:00:00+00:00,-0.00442656
2020-01-13 00:00:00+00:00,-0.00363783
2020-01-14 00:00:00+00:00,0.00365112
2020-01-15 00:00:00+00:00,-0.00161681
2020-01-16 00:00:00+00:00,0.00161943
2020-01-17 00:00:00+00:00,0.00606306
2020-01-20 00:00:00+00:00,0.00522298
2020-01-21 00:00:00+00:00,0.00039968
2020-01-22 00:00:00+00:00,0.00039952
2020-01-23 00:00:00+00:00,-0.00798722
2020-01-24 00:00:00+00:00,0.00684380
2020-01-27 00:00:00+00:00,-0.01359456
2020-01-28 00:00:00+00:00,0.01661938
2020-01-29 00:00:00+00:00,-0.00478469
2020-01-30 00:00:00+00:00,-0.01282051
2020-01-31 00:00:00+00:00,-0.00649351
2020-02-03 00:00:00+00:00,-0.00040850
2020-02-04 00:00:00+00:00,0.00163465
2020-02-05 00:00:00+00:00,-0.00285598
2020-02-06 00:00:00+00:00,0.00818331
2020-02-07 00:00:00+00:00,0.00487013
2020-02-10 00:00:00+00:00,-0.00565428
2020-02-11 00:00:00+00:00,0.01096669
2020-02-12 00:00:00+00:00,0.01285657
2020-02-13 00:00:00+00:00,0.00238001
2020-02-14 00:00:00+00:00,0.00039573
2020-02-17 00:00:00+00:00,0.00553797
2020-02-18 00:00:00+00:00,0.01022817
2020-02-19 00:00:00+00:00,0.01401869
2020-02-20 00:00:00+00:00,-0.00345622
2020-02-21 00:00:00+00:00,-0.00732177
2020-02-24 00:00:00+00:00,-0.02445652
2020-02-25 00:00:00+00:00,-0.02506964
2020-02-26 00:00:00+00:00,0.00326531
2020-02-27 00:00:00+00:00,-0.04231082
2020-02-28 00:00:00+00:00,-0.03355990
2020-03-02 00:00:00+00:00,0.00351648
2020-03-03 00:00:00+00:00,0.00786436
2020-03-04 00:00:00+00:00,0.01955671
2020-03-05 00:00:00+00:00,-0.01023018
2020-03-06 00:00:00+00:00,-0.02540913
2020-03-09 00:00:00+00:00,-0.07638153
2020-03-13 00:00:00+00:00,-0.07839993
2020-03-16 00:00:00+00:00,-0.06818182
2020-03-17 00:00:00+00:00,0.07896146
2020-03-18 00:00:00+00:00,-0.03746702
2020-03-19 00:00:00+00:00,0.07998203
2020-03-20 00:00:00+00:00,-0.02161890
2020-03-23 00:00:00+00:00,-0.03391572
2020-03-24 00:00:00+00:00,0.03723404
2020-03-25 00:00:00+00:00,0.01641026
2020-03-26 00:00:00+00:00,0.01109990
2020-03-27 00:00:00+00:00,-0.03293413
2020-03-30 00:00:00+00:00,0.01083591
2020-03-31 00:00:00+00:00,-0.00357325
2020-04-01 00:00:00+00:00,-0.01434426
2020-04-02 00:00:00+00:00,0.02130977
2020-04-03 00:00:00+00:00,-0.01221374
2020-04-06 00:00:00+00:00,0.03812468
2020-04-07 00:00:00+00:00,0.00595533
2020-04-08 00:00:00+00:00,-0.00641342
2020-04-09 00:00:00+00:00,0.00595829
2020-04-14 00:00:00+00:00,0.00394867
2020-04-15 00:00:00+00:00,-0.02261554
2020-04-16 00:00:00+00:00,-0.00301811
2020-04-17 00:00:00+00:00,0.01564077
2020-04-20 00:00:00+00:00,0.00099354
2020-04-21 00:00:00+00:00,-0.04069479
2020-04-22 00:00:00+00:00,0.01914123
2020-04-23 00:00:00+00:00,-0.00050761
2020-04-24 00:00:00+00:00,-0.00050787
2020-04-27 00:00:00+00:00,0.00914634
2020-04-28 00:00:00+00:00,0.00855992
2020-04-29 00:00:00+00:00,0.02246630
2020-04-30 00:00:00+00:00,-0.01562500
2020-05-04 00:00:00+00:00,-0.01934524
2020-05-05 00:00:00+00:00,0.01871523
2020-05-06 00:00:00+00:00,-0.01340616
2020-05-07 00:00:00+00:00,-0.00201309
2020-05-08 00:00:00+00:00,0.01512859
2020-05-11 00:00:00+00:00,-0.00645802
2020-05-12 00:00:00+00:00,0.02550000
2020-05-13 00:00:00+00:00,-0.01755241
2020-05-14 00:00:00+00:00,-0.00694789
2020-05-15 00:00:00+00:00,0.00000000
2020-05-18 00:00:00+00:00,0.02898551
2020-05-19 00:00:00+00:00,-0.02914036
2020-05-20 00:00:00+00:00,0.00950475
2020-05-21 00:00:00+00:00,0.00495540
2020-05-22 00:00:00+00:00,0.00246548
2020-05-25 00:00:00+00:00,0.01032956
2020-05-26 00:00:00+00:00,-0.00681597
2020-05-27 00:00:00+00:00,0.00735294
2020-05-28 00:00:00+00:00,0.02092457
2020-05-29 00:00:00+00:00,-0.00714967
2020-06-01 00:00:00+00:00,0.02352376
2020-06-02 00:00:00+00:00,0.00140713
2020-06-03 00:00:00+00:00,0.01873536
2020-06-04 00:00:00+00:00,-0.00321839
2020-06-05 00:00:00+00:00,0.01752768
2020-06-08 00:00:00+00:00,0.00679964
2020-06-09 00:00:00+00:00,-0.01037570
2020-06-10 00:00:00+00:00,-0.00864422
2020-06-11 00:00:00+00:00,-0.04726939
2020-06-12 00:00:00+00:00,0.00529865
2020-06-15 00:00:00+00:00,-0.05893627
2020-06-16 00:00:00+00:00,0.03300971
2020-06-17 00:00:00+00:00,0.00375940
2020-06-18 00:00:00+00:00,-0.00842697
2020-06-19 00:00:00+00:00,0.00519358
2020-06-22 00:00:00+00:00,-0.00422734
2020-06-23 00:00:00+00:00,0.00613208
2020-06-24 00:00:00+00:00,-0.02062822
2020-06-25 00:00:00+00:00,0.01531833
2020-06-26 00:00:00+00:00,-0.01414427
2020-06-29 00:00:00+00:00,0.01434720
2020-06-30 00:00:00+00:00,-0.00047148
2020-07-01 00:00:00+00:00,0.00424528
2020-07-02 00:00:00+00:00,0.00892438
2020-07-03 00:00:00+00:00,-0.00837989
2020-07-06 00:00:00+00:00,0.00610329
2020-07-07 00:00:00+00:00,-0.01726552
2020-07-08 00:00:00+00:00,0.00094967
2020-07-09 00:00:00+00:00,-0.00996205
2020-07-10 00:00:00+00:00,0.00718735
2020-07-13 00:00:00+00:00,0.01236917
2020-07-14 00:00:00+00:00,0.00939850
2020-07-15 00:00:00+00:00,0.00186220
2020-07-16 00:00:00+00:00,0.00371747
2020-07-17 00:00:00+00:00,0.00277778
2020-07-20 00:00:00+00:00,0.01108033
2020-07-21 00:00:00+00:00,-0.00593607
2020-07-22 00:00:00+00:00,-0.00689022
2020-07-23 00:00:00+00:00,-0.00185014
2020-07-24 00:00:00+00:00,-0.02177943
2020-07-27 00:00:00+00:00,-0.01800095
2020-07-28 00:00:00+00:00,0.00241196
2020-07-29 00:00:00+00:00,0.00529355
2020-07-30 00:00:00+00:00,-0.02728578
2020-07-31 00:00:00+00:00,-0.01230315
2020-08-03 00:00:00+00:00,0.00946687
2020-08-04 00:00:00+00:00,0.00839092
2020-08-05 00:00:00+00:00,-0.00342633
2020-08-06 00:00:00+00:00,-0.01768173
2020-08-07 00:00:00+00:00,0.00950000
2020-08-10 00:00:00+00:00,0.00792472
2020-08-11 00:00:00+00:00,0.00982801
2020-08-12 00:00:00+00:00,0.01995134
2020-08-13 00:00:00+00:00,0.00238550
2020-08-14 00:00:00+00:00,-0.01047120
2020-08-17 00:00:00+00:00,-0.00336700
2020-08-18 00:00:00+00:00,-0.00675676
2020-08-19 00:00:00+00:00,0.01360544
2020-08-20 00:00:00+00:00,-0.01342282
2020-08-21 00:00:00+00:00,-0.00680272
2020-08-24 00:00:00+00:00,0.01956947
2020-08-25 00:00:00+00:00,-0.00623800
2020-08-26 00:00:00+00:00,-0.00144858
2020-08-27 00:00:00+00:00,-0.00145068
2020-08-28 00:00:00+00:00,-0.01113801
2020-08-31 00:00:00+00:00,-0.01273262
2020-09-01 00:00:00+00:00,-0.01041667
2020-09-02 00:00:00+00:00,0.01804511
2020-09-03 00:00:00+00:00,-0.00196947
2020-09-04 00:00:00+00:00,-0.04144055
2020-09-07 00:00:00+00:00,0.01901808
2020-09-08 00:00:00+00:00,-0.01939334
2020-09-09 00:00:00+00:00,0.04108216
2020-09-10 00:00:00+00:00,-0.01078431
2020-09-11 00:00:00+00:00,-0.00988142
2020-09-14 00:00:00+00:00,-0.00050025
2020-09-15 00:00:00+00:00,0.00300300
2020-09-16 00:00:00+00:00,-0.00399202
2020-09-17 00:00:00+00:00,0.00350701
2020-09-18 00:00:00+00:00,-0.01347978
2020-09-21 00:00:00+00:00,-0.02834008
2020-09-22 00:00:00+00:00,0.00625000
2020-09-23 00:00:00+00:00,-0.00569358
2020-09-24 00:00:00+00:00,-0.00780843
2020-09-25 00:00:00+00:00,-0.00472193
2020-09-28 00:00:00+00:00,0.01212441
2020-09-29 00:00:00+00:00,-0.00572917
2020-09-30 00:00:00+00:00,0.00000000
2020-10-01 00:00:00+00:00,-0.00314301
2020-10-02 00:00:00+00:00,0.00525486
2020-10-05 00:00:00+00:00,0.02090957
2020-10-06 00:00:00+00:00,0.00563236
2020-10-07 00:00:00+00:00,-0.00967413
2020-10-08 00:00:00+00:00,0.01285347
2020-10-09 00:00:00+00:00,0.01015228
2020-10-12 00:00:00+00:00,0.00000000
2020-10-13 00:00:00+00:00,0.00201005
2020-10-14 00:00:00+00:00,-0.00551655
2020-10-15 00:00:00+00:00,-0.01361573
2020-10-16 00:00:00+00:00,-0.00357873
2020-10-19 00:00:00+00:00,0.00461775
2020-10-20 00:00:00+00:00,-0.00561798
2020-10-21 00:00:00+00:00,0.00205444
2020-10-22 00:00:00+00:00,0.00205023
2020-10-23 00:00:00+00:00,0.01023018
2020-10-26 00:00:00+00:00,-0.01215190
2020-10-27 00:00:00+00:00,-0.01332650
2020-10-28 00:00:00+00:00,-0.02285714
2020-10-29 00:00:00+00:00,-0.00372142
2020-10-30 00:00:00+00:00,0.00106724
2020-11-02 00:00:00+00:00,0.01119403
2020-11-03 00:00:00+00:00,0.00527148
2020-11-04 00:00:00+00:00,0.00629261
2020-11-05 00:00:00+00:00,0.01406983
2020-11-06 00:00:00+00:00,-0.00719424
2020-11-09 00:00:00+00:00,0.03312629
2020-11-10 00:00:00+00:00,0.01452906
2020-11-11 00:00:00+00:00,0.01432099
2020-11-12 00:00:00+00:00,-0.00146056
2020-11-13 00:00:00+00:00,0.00438810
2020-11-16 00:00:00+00:00,0.01553398
2020-11-17 00:00:00+00:00,0.02629063
2020-11-18 00:00:00+00:00,0.00673725
2020-11-19 00:00:00+00:00,-0.00669216
2020-11-20 00:00:00+00:00,0.00288739
2020-11-23 00:00:00+00:00,-0.01151631
2020-11-24 00:00:00+00:00,0.01456311
2020-11-25 00:00:00+00:00,0.00861244
2020-11-26 00:00:00+00:00,-0.00616698
2020-11-27 00:00:00+00:00,0.01575179
2020-11-30 00:00:00+00:00,0.00563910
2020-12-01 00:00:00+00:00,0.00525060
2020-12-02 00:00:00+00:00,0.00000000
2020-12-03 00:00:00+00:00,-0.01234568
2020-12-04 00:00:00+00:00,0.00713606
2020-12-07 00:00:00+00:00,0.01462336
2020-12-08 00:00:00+00:00,-0.00141376
2020-12-09 00:00:00+00:00,0.02302632
2020-12-10 00:00:00+00:00,-0.00700607
2020-12-11 00:00:00+00:00,-0.05159475
2020-12-14 00:00:00+00:00,0.01350048
2020-12-15 00:00:00+00:00,-0.01046622
2020-12-16 00:00:00+00:00,0.00576923
2020-12-17 00:00:00+00:00,-0.00573614
2020-12-18 00:00:00+00:00,0.00240385
2020-12-21 00:00:00+00:00,-0.02733813
2020-12-22 00:00:00+00:00,0.00147929
2020-12-23 00:00:00+00:00,0.01181684
2020-12-28 00:00:00+00:00,0.00827251
2020-12-29 00:00:00+00:00,0.00434363
2020-12-30 00:00:00+00:00,-0.01009130
2021-01-04 00:00:00+00:00,0.01165049
2021-01-05 00:00:00+00:00,0.00335893
2021-01-06 00:00:00+00:00,0.01052128
2021-01-07 00:00:00+00:00,0.00615239
2021-01-08 00:00:00+00:00,-0.00752587
2021-01-11 00:00:00+00:00,0.00094787
2021-01-12 00:00:00+00:00,-0.00804924
2021-01-13 00:00:00+00:00,0.01431981
2021-01-14 00:00:00+00:00,0.00047059
2021-01-15 00:00:00+00:00,0.00141110
2021-01-18 00:00:00+00:00,-0.01221231
2021-01-19 00:00:00+00:00,-0.00095102
2021-01-20 00:00:00+00:00,0.00951928
2021-01-21 00:00:00+00:00,-0.00377181
2021-01-22 00:00:00+00:00,-0.00283956
2021-01-25 00:00:00+00:00,0.01566208
2021-01-26 00:00:00+00:00,-0.00046729
2021-01-27 00:00:00+00:00,0.04254324
2021-01-28 00:00:00+00:00,-0.04484305
2021-01-29 00:00:00+00:00,-0.00422535
2021-02-01 00:00:00+00:00,0.00895804
2021-02-02 00:00:00+00:00,0.00373832
2021-02-03 00:00:00+00:00,0.01722533
2021-02-04 00:00:00+00:00,0.00091533
2021-02-05 00:00:00+00:00,-0.00640146
2021-02-08 00:00:00+00:00,-0.00782329
2021-02-09 00:00:00+00:00,-0.00324675
2021-02-10 00:00:00+00:00,0.00093067
2021-02-11 00:00:00+00:00,-0.00092980
2021-02-12 00:00:00+00:00,0.00651466
2021-02-15 00:00:00+00:00,0.00970874
2021-02-16 00:00:00+00:00,-0.01098901
2021-02-17 00:00:00+00:00,-0.00185185
2021-02-18 00:00:00+00:00,-0.00927644
2021-02-19 00:00:00+00:00,0.00046816
2021-02-22 00:00:00+00:00,-0.00421151
2021-02-23 00:00:00+00:00,-0.00845865
2021-02-24 00:00:00+00:00,-0.00236967
2021-02-25 00:00:00+00:00,0.00285036
2021-02-26 00:00:00+00:00,-0.02794884
2021-03-01 00:00:00+00:00,0.01200192
2021-03-02 00:00:00+00:00,0.00237192
2021-03-03 00:00:00+00:00,-0.00236630
2021-03-04 00:00:00+00:00,0.00094877
2021-03-05 00:00:00+00:00,-0.00096787
2021-03-08 00:00:00+00:00,0.02561670
2021-03-09 00:00:00+00:00,0.02151543
2021-03-10 00:00:00+00:00,0.03569773
2021-03-11 00:00:00+00:00,0.00000000
2021-03-12 00:00:00+00:00,0.00504819
2021-03-15 00:00:00+00:00,0.01141553
2021-03-16 00:00:00+00:00,0.00767494
2021-03-17 00:00:00+00:00,0.04032258
2021-03-18 00:00:00+00:00,-0.03746770
2021-03-19 00:00:00+00:00,-0.01297539
2021-03-22 00:00:00+00:00,-0.00271985
2021-03-23 00:00:00+00:00,0.01363636
2021-03-24 00:00:00+00:00,-0.01210762
2021-03-25 00:00:00+00:00,0.00635497
2021-03-26 00:00:00+00:00,0.00857014
2021-03-29 00:00:00+00:00,0.00581395
2021-03-30 00:00:00+00:00,-0.00088928
2021-03-31 00:00:00+00:00,0.00178015
2021-04-01 00:00:00+00:00,0.00533096
2021-04-06 00:00:00+00:00,-0.00486080
2021-04-07 00:00:00+00:00,-0.00133215
2021-04-08 00:00:00+00:00,0.00311249
2021-04-09 00:00:00+00:00,-0.00664894
2021-04-12 00:00:00+00:00,-0.00401606
2021-04-13 00:00:00+00:00,-0.00448029
2021-04-14 00:00:00+00:00,-0.00585059
2021-04-15 00:00:00+00:00,0.00588502
2021-04-16 00:00:00+00:00,0.00990099
2021-04-19 00:00:00+00:00,0.00133690
2021-04-20 00:00:00+00:00,-0.01379617
2021-04-21 00:00:00+00:00,0.01398917
2021-04-22 00:00:00+00:00,0.00000000
2021-04-23 00:00:00+00:00,-0.00489542
2021-04-26 00:00:00+00:00,0.00178891
2021-04-27 00:00:00+00:00,0.00089286
2021-04-28 00:00:00+00:00,0.00267618
2021-04-29 00:00:00+00:00,0.00444840
2021-04-30 00:00:00+00:00,0.00531444
2021-05-03 00:00:00+00:00,0.00616740
2021-05-04 00:00:00+00:00,-0.00831874
2021-05-05 00:00:00+00:00,0.01721854
2021-05-06 00:00:00+00:00,0.00477431
2021-05-07 00:00:00+00:00,0.00302376
2021-05-10 00:00:00+00:00,0.00258398
2021-05-11 00:00:00+00:00,-0.01932990
2021-05-12 00:00:00+00:00,0.00657030
2021-05-13 00:00:00+00:00,-0.00826806
2021-05-14 00:00:00+00:00,0.01009215
2021-05-17 00:00:00+00:00,0.00955691
2021-05-18 00:00:00+00:00,-0.00602410
2021-05-19 00:00:00+00:00,-0.01255411
2021-05-20 00:00:00+00:00,0.01490574
2021-05-21 00:00:00+00:00,0.00604752
2021-05-24 00:00:00+00:00,0.00343495
2021-05-25 00:00:00+00:00,-0.00727428
2021-05-26 00:00:00+00:00,-0.00431034
2021-05-27 00:00:00+00:00,0.00000000
2021-05-28 00:00:00+00:00,0.00779221
2021-05-31 00:00:00+00:00,-0.00773196
2021-06-01 00:00:00+00:00,0.00389610
2021-06-02 00:00:00+00:00,0.00733075
2021-06-03 00:00:00+00:00,-0.00085616
2021-06-04 00:00:00+00:00,-0.00085690
2021-06-07 00:00:00+00:00,0.01027160
2021-06-08 00:00:00+00:00,0.07767402
2021-06-09 00:00:00+00:00,0.00000000
2021-06-10 00:00:00+00:00,0.02287166
2021-06-11 00:00:00+00:00,-0.00585774
2021-06-14 00:00:00+00:00,0.00252738
2021-06-15 00:00:00+00:00,0.00126050
2021-06-16 00:00:00+00:00,0.00377675
2021-06-17 00:00:00+00:00,-0.00418060
2021-06-18 00:00:00+00:00,-0.01175483
2021-06-21 00:00:00+00:00,0.00594732
2021-06-22 00:00:00+00:00,0.00506757
2021-06-23 00:00:00+00:00,-0.00924370
2021-06-24 00:00:00+00:00,0.00254453
2021-06-25 00:00:00+00:00,0.00042301
2021-06-28 00:00:00+00:00,-0.00338266
2021-06-29 00:00:00+00:00,0.00212134
2021-06-30 00:00:00+00:00,-0.00465707
2021-07-01 00:00:00+00:00,0.00340281
2021-07-02 00:00:00+00:00,0.00508690
2021-07-05 00:00:00+00:00,0.00126529
2021-07-06 00:00:00+00:00,-0.00673968
2021-07-07 00:00:00+00:00,0.00339271
2021-07-08 00:00:00+00:00,-0.01141167
2021-07-09 00:00:00+00:00,0.00855066
2021-07-12 00:00:00+00:00,0.00466299
2021-07-13 00:00:00+00:00,0.01434599
2021-07-14 00:00:00+00:00,-0.00457571
2021-07-15 00:00:00+00:00,-0.00961137
2021-07-16 00:00:00+00:00,-0.00253165
2021-07-19 00:00:00+00:00,-0.02707276
2021-07-20 00:00:00+00:00,0.00652174
2021-07-21 00:00:00+00:00,0.01252700
2021-07-22 00:00:00+00:00,-0.00426621
2021-07-23 00:00:00+00:00,0.01285347
2021-07-26 00:00:00+00:00,-0.00126904
2021-07-27 00:00:00+00:00,-0.00847099
2021-07-28 00:00:00+00:00,0.00555318
2021-07-29 00:00:00+00:00,-0.00552251
2021-07-30 00:00:00+00:00,0.00000000
2021-08-02 00:00:00+00:00,0.00000000
2021-08-03 00:00:00+00:00,0.01281504
2021-08-04 00:00:00+00:00,0.00253058
2021-08-05 00:00:00+00:00,0.00042070
2021-08-06 00:00:00+00:00,0.00084104
2021-08-09 00:00:00+00:00,0.00294118
2021-08-10 00:00:00+00:00,0.00418936
2021-08-11 00:00:00+00:00,0.00125156
2021-08-12 00:00:00+00:00,0.01041667
2021-08-13 00:00:00+00:00,0.00000000
2021-08-16 00:00:00+00:00,-0.00329897
2021-08-17 00:00:00+00:00,0.00496483
2021-08-18 00:00:00+00:00,0.00864553
2021-08-19 00:00:00+00:00,-0.01265306
2021-08-20 00:00:00+00:00,0.00909467
2021-08-23 00:00:00+00:00,-0.00040967
2021-08-24 00:00:00+00:00,-0.00122951
2021-08-25 00:00:00+00:00,0.00246204
2021-08-26 00:00:00+00:00,-0.00573066
2021-08-27 00:00:00+00:00,0.00164677
2021-08-30 00:00:00+00:00,-0.00328812
2021-08-31 00:00:00+00:00,-0.01154639
2021-09-01 00:00:00+00:00,0.00292032
2021-09-02 00:00:00+00:00,-0.00332779
2021-09-03 00:00:00+00:00,-0.00667780
2021-09-06 00:00:00+00:00,0.08680484
2021-09-07 00:00:00+00:00,0.01355932
2021-09-08 00:00:00+00:00,-0.00250836
2021-09-09 00:00:00+00:00,-0.00667501
2021-09-10 00:00:00+00:00,0.09379468
2021-09-13 00:00:00+00:00,0.00289575
2021-09-14 00:00:00+00:00,-0.00964010
2021-09-15 00:00:00+00:00,-0.00839793
2021-09-16 00:00:00+00:00,0.00162022
2021-09-17 00:00:00+00:00,-0.00453515
2021-09-20 00:00:00+00:00,-0.02012334
2021-09-21 00:00:00+00:00,0.00885246
2021-09-22 00:00:00+00:00,0.01240614
2021-09-23 00:00:00+00:00,0.00940642
2021-09-24 00:00:00+00:00,-0.00839251
2021-09-27 00:00:00+00:00,0.00778715
2021-09-28 00:00:00+00:00,-0.02649435
2021-09-29 00:00:00+00:00,0.00688073
2021-09-30 00:00:00+00:00,-0.00065274
2021-10-01 00:00:00+00:00,-0.00587851
2021-10-04 00:00:00+00:00,0.00490517
2021-10-05 00:00:00+00:00,0.01436969
2021-10-06 00:00:00+00:00,-0.03438210
2021-10-07 00:00:00+00:00,0.01682058
2021-10-08 00:00:00+00:00,-0.00098071
2021-10-11 00:00:00+00:00,-0.00098168
2021-10-12 00:00:00+00:00,-0.00130890
2021-10-13 00:00:00+00:00,0.00262037
2021-10-14 00:00:00+00:00,0.00817795
2021-10-15 00:00:00+00:00,0.00162973
2021-10-18 00:00:00+00:00,-0.01106411
2021-10-19 00:00:00+00:00,-0.01243455
2021-10-20 00:00:00+00:00,0.01549110
2021-10-21 00:00:00+00:00,0.00032669
2021-10-22 00:00:00+00:00,-0.00816460
2021-10-25 00:00:00+00:00,-0.01181878
2021-10-26 00:00:00+00:00,0.00858369
2021-10-27 00:00:00+00:00,-0.00657678
2021-10-28 00:00:00+00:00,-0.02310231
2021-10-29 00:00:00+00:00,-0.00768203
2021-11-01 00:00:00+00:00,0.01037831
2021-11-02 00:00:00+00:00,-0.07135712
2021-11-03 00:00:00+00:00,0.00287253
2021-11-04 00:00:00+00:00,0.00179019
2021-11-05 00:00:00+00:00,0.01036455
2021-11-08 00:00:00+00:00,-0.00070746
2021-11-09 00:00:00+00:00,0.00035398
2021-11-10 00:00:00+00:00,0.01026185
2021-11-11 00:00:00+00:00,-0.00420315
2021-11-12 00:00:00+00:00,0.01195920
2021-11-15 00:00:00+00:00,-0.00799444
2021-11-16 00:00:00+00:00,-0.01191310
2021-11-17 00:00:00+00:00,0.00921986
2021-11-18 00:00:00+00:00,-0.00527056
2021-11-19 00:00:00+00:00,0.00423878
2021-11-22 00:00:00+00:00,0.02391840
2021-11-23 00:00:00+00:00,-0.00583992
2021-11-24 00:00:00+00:00,0.00863856
2021-11-25 00:00:00+00:00,-0.00753683
2021-11-26 00:00:00+00:00,-0.02899551
2021-11-29 00:00:00+00:00,0.00462140
2021-11-30 00:00:00+00:00,-0.01273885
2021-12-01 00:00:00+00:00,0.01935484
2021-12-02 00:00:00+00:00,-0.02953586
2021-12-03 00:00:00+00:00,-0.00615942
2021-12-06 00:00:00+00:00,0.01604083
2021-12-07 00:00:00+00:00,0.01219950
2021-12-08 00:00:00+00:00,-0.00070897
2021-12-09 00:00:00+00:00,0.09646794
2021-12-10 00:00:00+00:00,-0.00319716
2021-12-14 00:00:00+00:00,0.01603706
2021-12-16 00:00:00+00:00,0.00035075
2021-12-17 00:00:00+00:00,-0.01507714
2021-12-20 00:00:00+00:00,-0.00961196
2021-12-21 00:00:00+00:00,0.01114306
2021-12-22 00:00:00+00:00,0.00426591
2021-12-23 00:00:00+00:00,0.01345133
2021-12-27 00:00:00+00:00,0.00558854
2021-12-28 00:00:00+00:00,0.00868357
2021-12-29 00:00:00+00:00,-0.00792011
2021-12-30 00:00:00+00:00,0.00138841
2022-01-03 00:00:00+00:00,0.00623917
2022-01-04 00:00:00+00:00,-0.00688942
2022-01-05 00:00:00+00:00,-0.00381547
2022-01-06 00:00:00+00:00,-0.01183844
2022-01-07 00:00:00+00:00,-0.00986610
2022-01-10 00:00:00+00:00,-0.01174377
2022-01-11 00:00:00+00:00,0.00576161
2022-01-12 00:00:00+00:00,0.00393842
2022-01-13 00:00:00+00:00,-0.00178317
2022-01-14 00:00:00+00:00,-0.00571633
2022-01-17 00:00:00+00:00,0.00143730
2022-01-18 00:00:00+00:00,0.00215285
2022-01-19 00:00:00+00:00,0.00322234
2022-01-20 00:00:00+00:00,0.00499643
2022-01-21 00:00:00+00:00,-0.01278409
2022-01-24 00:00:00+00:00,-0.01978417
2022-01-25 00:00:00+00:00,0.01944954
2022-01-26 00:00:00+00:00,0.00143988
2022-01-27 00:00:00+00:00,0.01509705
2022-01-28 00:00:00+00:00,0.00283286
2022-01-31 00:00:00+00:00,0.00247175
2022-02-01 00:00:00+00:00,-0.00035224
2022-02-02 00:00:00+00:00,0.01127555
2022-02-03 00:00:00+00:00,0.00766551
2022-02-04 00:00:00+00:00,-0.02074689
2022-02-07 00:00:00+00:00,0.00988701
2022-02-08 00:00:00+00:00,0.00384615
2022-02-09 00:00:00+00:00,0.01532567
2022-02-10 00:00:00+00:00,-0.00240137
2022-02-11 00:00:00+00:00,-0.00481431
2022-02-14 00:00:00+00:00,-0.00760194
2022-02-15 00:00:00+00:00,0.01114206
2022-02-16 00:00:00+00:00,0.00206612
2022-02-17 00:00:00+00:00,-0.01099656
2022-02-18 00:00:00+00:00,-0.00069493
2022-02-21 00:00:00+00:00,-0.01599444
2022-02-22 00:00:00+00:00,0.00141343
2022-02-23 00:00:00+00:00,-0.00529287
2022-02-24 00:00:00+00:00,-0.03228095
2022-02-25 00:00:00+00:00,0.02785924
2022-02-28 00:00:00+00:00,-0.00499287
2022-03-01 00:00:00+00:00,-0.01827957
2022-03-02 00:00:00+00:00,0.02263600
2022-03-03 00:00:00+00:00,-0.02463406
2022-03-04 00:00:00+00:00,-0.02525622
2022-03-07 00:00:00+00:00,-0.00563275
2022-03-08 00:00:00+00:00,-0.01208459
2022-03-09 00:00:00+00:00,0.03822630
2022-03-10 00:00:00+00:00,-0.00405007
2022-03-11 00:00:00+00:00,0.01256932
2022-03-14 00:00:00+00:00,-0.05695509
2022-03-15 00:00:00+00:00,0.00886918
2022-03-16 00:00:00+00:00,0.00735835
2022-03-17 00:00:00+00:00,0.03532009
2022-03-18 00:00:00+00:00,-0.00647948
2022-03-21 00:00:00+00:00,0.00036232
2022-03-22 00:00:00+00:00,0.00325969
2022-03-23 00:00:00+00:00,-0.00541516
2022-03-24 00:00:00+00:00,0.00871143
2022-03-25 00:00:00+00:00,0.00611731
2022-03-28 00:00:00+00:00,0.01323319
2022-03-29 00:00:00+00:00,0.00494176
2022-03-30 00:00:00+00:00,0.00070249
2022-03-31 00:00:00+00:00,-0.00772201
2022-04-01 00:00:00+00:00,0.01096569
2022-04-04 00:00:00+00:00,0.00769769
2022-04-05 00:00:00+00:00,0.00694444
2022-04-06 00:00:00+00:00,-0.00310345
2022-04-07 00:00:00+00:00,-0.00207541
2022-04-08 00:00:00+00:00,0.01317158
2022-04-11 00:00:00+00:00,0.00034211
2022-04-12 00:00:00+00:00,0.00239398
2022-04-13 00:00:00+00:00,0.01125896
2022-04-14 00:00:00+00:00,0.00641026
2022-04-19 00:00:00+00:00,-0.00737513
2022-04-20 00:00:00+00:00,0.00405268
2022-04-21 00:00:00+00:00,-0.00437269
2022-04-22 00:00:00+00:00,-0.00675676
2022-04-25 00:00:00+00:00,0.00034014
2022-04-26 00:00:00+00:00,0.00204012
2022-04-27 00:00:00+00:00,0.00407194
2022-04-28 00:00:00+00:00,-0.00540723
2022-04-29 00:00:00+00:00,0.00271831
2022-05-02 00:00:00+00:00,-0.01084378
2022-05-03 00:00:00+00:00,0.01164782
2022-05-04 00:00:00+00:00,0.00237047
2022-05-05 00:00:00+00:00,-0.00067568
2022-05-06 00:00:00+00:00,-0.01487492
2022-05-09 00:00:00+00:00,-0.01853123
2022-05-10 00:00:00+00:00,0.00594406
2022-05-11 00:00:00+00:00,0.00417101
2022-05-12 00:00:00+00:00,0.00934579
2022-05-13 00:00:00+00:00,0.01680384
2022-05-16 00:00:00+00:00,-0.01045531
2022-05-17 00:00:00+00:00,0.00579414
2022-05-18 00:00:00+00:00,-0.00711623
2022-05-19 00:00:00+00:00,-0.00989761
2022-05-20 00:00:00+00:00,0.01240951
2022-05-23 00:00:00+00:00,0.00749064
2022-05-24 00:00:00+00:00,0.01047651
2022-05-25 00:00:00+00:00,0.00836120
2022-05-26 00:00:00+00:00,0.01227197
2022-05-27 00:00:00+00:00,0.00163827
2022-05-30 00:00:00+00:00,-0.00359830
2022-05-31 00:00:00+00:00,-0.00459619
2022-06-01 00:00:00+00:00,-0.00461741
2022-06-02 00:00:00+00:00,-0.00198807
2022-06-03 00:00:00+00:00,-0.00199203
2022-06-06 00:00:00+00:00,0.00632069
2022-06-07 00:00:00+00:00,-0.00760331
2022-06-08 00:00:00+00:00,-0.00899400
2022-06-09 00:00:00+00:00,-0.00739496
2022-06-10 00:00:00+00:00,0.02472062
2022-06-13 00:00:00+00:00,-0.01559252
2022-06-14 00:00:00+00:00,-0.00598381
2022-06-15 00:00:00+00:00,0.00814448
2022-06-16 00:00:00+00:00,-0.00772743
2022-06-17 00:00:00+00:00,0.00884956
2022-06-20 00:00:00+00:00,0.01508772
2022-06-21 00:00:00+00:00,-0.00483927
2022-06-22 00:00:00+00:00,0.01076763
2022-06-23 00:00:00+00:00,0.00000000
2022-06-24 00:00:00+00:00,0.01340206
2022-06-27 00:00:00+00:00,0.00203459
2022-06-28 00:00:00+00:00,0.00541455
2022-06-29 00:00:00+00:00,-0.00471222
2022-06-30 00:00:00+00:00,-0.00541089
2022-07-01 00:00:00+00:00,0.00918055
2022-07-04 00:00:00+00:00,0.00235849
2022-07-05 00:00:00+00:00,-0.01512605
2022-07-06 00:00:00+00:00,0.00068259
2022-07-07 00:00:00+00:00,0.00682128
2022-07-08 00:00:00+00:00,-0.00033875
2022-07-11 00:00:00+00:00,0.00372755
2022-07-12 00:00:00+00:00,0.01282917
2022-07-13 00:00:00+00:00,-0.00766667
2022-07-14 00:00:00+00:00,-0.01679543
2022-07-15 00:00:00+00:00,0.00922446
2022-07-18 00:00:00+00:00,-0.00744753
2022-07-19 00:00:00+00:00,0.00613915
2022-07-20 00:00:00+00:00,-0.01016949
2022-07-21 00:00:00+00:00,0.00068493
2022-07-22 00:00:00+00:00,-0.00787132
2022-07-25 00:00:00+00:00,0.00517420
2022-07-26 00:00:00+00:00,-0.00239808
2022-07-27 00:00:00+00:00,0.01372213
2022-07-28 00:00:00+00:00,-0.01294719
2022-07-29 00:00:00+00:00,0.01371742
2022-08-01 00:00:00+00:00,-0.00238420
2022-08-02 00:00:00+00:00,0.01091033
2022-08-03 00:00:00+00:00,-0.01356392
2022-08-04 00:00:00+00:00,-0.01297371
2022-08-05 00:00:00+00:00,0.00549828
2022-08-08 00:00:00+00:00,0.00514051
2022-08-09 00:00:00+00:00,0.00170940
2022-08-10 00:00:00+00:00,-0.01127049
2022-08-11 00:00:00+00:00,0.01236688
2022-08-12 00:00:00+00:00,-0.00443837
2022-08-15 00:00:00+00:00,-0.00273691
2022-08-16 00:00:00+00:00,0.03425831
2022-08-17 00:00:00+00:00,-0.02559784
2022-08-18 00:00:00+00:00,0.00204708
2022-08-19 00:00:00+00:00,0.00272665
2022-08-22 00:00:00+00:00,-0.00000000
2022-08-23 00:00:00+00:00,-0.01598639
2022-08-24 00:00:00+00:00,-0.00994854
2022-08-25 00:00:00+00:00,0.00000000
2022-08-26 00:00:00+00:00,-0.02206897
2022-08-29 00:00:00+00:00,-0.00349040
2022-08-30 00:00:00+00:00,0.00209497
2022-08-31 00:00:00+00:00,-0.00034916
2022-09-01 00:00:00+00:00,-0.00803073
2022-09-02 00:00:00+00:00,0.01964223
2022-09-05 00:00:00+00:00,-0.02152031
2022-09-06 00:00:00+00:00,-0.00526316
2022-09-07 00:00:00+00:00,0.00105522
2022-09-08 00:00:00+00:00,-0.01371308
2022-09-09 00:00:00+00:00,0.03719447
2022-09-12 00:00:00+00:00,0.00938478
2022-09-13 00:00:00+00:00,-0.02594258
2022-09-14 00:00:00+00:00,-0.02003515
2022-09-15 00:00:00+00:00,0.00070972
2022-09-16 00:00:00+00:00,-0.04293825
2022-09-19 00:00:00+00:00,-0.00036271
2022-09-20 00:00:00+00:00,-0.04390421
2022-09-21 00:00:00+00:00,-0.00482196
2022-09-22 00:00:00+00:00,-0.01896616
2022-09-23 00:00:00+00:00,-0.03603604
2022-09-26 00:00:00+00:00,-0.03058104
2022-09-27 00:00:00+00:00,0.00349379
2022-09-28 00:00:00+00:00,-0.00774893
2022-09-29 00:00:00+00:00,-0.03811746
2022-09-30 00:00:00+00:00,0.00317209
2022-10-03 00:00:00+00:00,0.04117181
2022-10-04 00:00:00+00:00,0.04499612
2022-10-05 00:00:00+00:00,-0.04400607
2022-10-06 00:00:00+00:00,-0.02908104
2022-10-07 00:00:00+00:00,-0.01338056
2022-10-10 00:00:00+00:00,0.01465927
2022-10-11 00:00:00+00:00,-0.01180173
2022-10-12 00:00:00+00:00,-0.00751880
2022-10-13 00:00:00+00:00,-0.00833995
2022-10-14 00:00:00+00:00,0.01834862
2022-10-17 00:00:00+00:00,0.02766798
2022-10-18 00:00:00+00:00,0.01403509
2022-10-19 00:00:00+00:00,0.00542005
2022-10-20 00:00:00+00:00,-0.03629344
2022-10-21 00:00:00+00:00,-0.03224538
2022-10-24 00:00:00+00:00,0.02877698
2022-10-25 00:00:00+00:00,0.02364066
2022-10-26 00:00:00+00:00,0.01712729
2022-10-27 00:00:00+00:00,0.01235044
2022-10-28 00:00:00+00:00,0.04064417
2022-10-31 00:00:00+00:00,0.01579541
2022-11-01 00:00:00+00:00,0.00485075
2022-11-02 00:00:00+00:00,0.01005212
2022-11-03 00:00:00+00:00,-0.02296296
2022-11-04 00:00:00+00:00,0.02810041
2022-11-07 00:00:00+00:00,-0.00221729
2022-11-08 00:00:00+00:00,0.01590825
2022-11-09 00:00:00+00:00,0.01248164
2022-11-10 00:00:00+00:00,0.01422838
2022-11-11 00:00:00+00:00,-0.03006157
2022-11-14 00:00:00+00:00,0.01066176
2022-11-15 00:00:00+00:00,-0.01280176
2022-11-16 00:00:00+00:00,-0.01214575
2022-11-17 00:00:00+00:00,-0.00962963
2022-11-18 00:00:00+00:00,0.02679568
2022-11-21 00:00:00+00:00,0.01468968
2022-11-22 00:00:00+00:00,0.00291651
2022-11-23 00:00:00+00:00,-0.00072807
2022-11-24 00:00:00+00:00,0.01893664
2022-11-25 00:00:00+00:00,0.00072150
2022-11-28 00:00:00+00:00,-0.01550667
2022-11-29 00:00:00+00:00,-0.02579942
2022-11-30 00:00:00+00:00,0.00405007
2022-12-01 00:00:00+00:00,0.03600294
2022-12-02 00:00:00+00:00,-0.00721501
2022-12-05 00:00:00+00:00,-0.01412532
2022-12-06 00:00:00+00:00,-0.00693178
2022-12-07 00:00:00+00:00,-0.01720351
2022-12-08 00:00:00+00:00,-0.01107420
2022-12-09 00:00:00+00:00,0.00965108
2022-12-12 00:00:00+00:00,-0.00480236
2022-12-13 00:00:00+00:00,0.00664943
2022-12-14 00:00:00+00:00,-0.00073638
2022-12-15 00:00:00+00:00,-0.02946593
2022-12-16 00:00:00+00:00,-0.03439252
2022-12-19 00:00:00+00:00,0.01407915
2022-12-20 00:00:00+00:00,-0.01286904
2022-12-21 00:00:00+00:00,0.02359209
2022-12-22 00:00:00+00:00,-0.00714554
2022-12-23 00:00:00+00:00,0.00264251
2022-12-27 00:00:00+00:00,-0.00113080
2022-12-28 00:00:00+00:00,-0.00188608
2022-12-29 00:00:00+00:00,0.02302756
2022-12-30 00:00:00+00:00,-0.04217992
2023-01-02 00:00:00+00:00,0.03698056
2023-01-03 00:00:00+00:00,0.00673905
2023-01-04 00:00:00+00:00,0.02835821
2023-01-05 00:00:00+00:00,0.01766004
2023-01-06 00:00:00+00:00,0.02042305
2023-01-09 00:00:00+00:00,0.01010830
2023-01-10 00:00:00+00:00,0.00323276
2023-01-11 00:00:00+00:00,0.00071736
2023-01-12 00:00:00+00:00,0.02079598
2023-01-13 00:00:00+00:00,0.00070972
2023-01-16 00:00:00+00:00,0.00993260
2023-01-17 00:00:00+00:00,-0.00211715
2023-01-18 00:00:00+00:00,-0.01836807
2023-01-19 00:00:00+00:00,-0.01889483
2023-01-20 00:00:00+00:00,0.01619288
2023-01-23 00:00:00+00:00,0.01106748
2023-01-24 00:00:00+00:00,-0.00745739
2023-01-25 00:00:00+00:00,-0.00213828
2023-01-26 00:00:00+00:00,0.00142704
2023-01-27 00:00:00+00:00,0.00427807
2023-01-30 00:00:00+00:00,0.01565279
2023-01-31 00:00:00+00:00,-0.00282386
2023-02-01 00:00:00+00:00,0.00388830
2023-02-02 00:00:00+00:00,0.02611150
2023-02-03 00:00:00+00:00,-0.03099965
2023-02-06 00:00:00+00:00,-0.01061571
2023-02-07 00:00:00+00:00,0.00142298
2023-02-08 00:00:00+00:00,0.01635265
2023-02-09 00:00:00+00:00,-0.00176305
2023-02-10 00:00:00+00:00,0.00176491
2023-02-13 00:00:00+00:00,0.01198872
2023-02-14 00:00:00+00:00,0.03119523
2023-02-15 00:00:00+00:00,0.00690369
2023-02-16 00:00:00+00:00,0.01582387
2023-02-17 00:00:00+00:00,0.01399317
2023-02-20 00:00:00+00:00,-0.00033898
2023-02-21 00:00:00+00:00,-0.00203321
2023-02-22 00:00:00+00:00,0.01119403
2023-02-23 00:00:00+00:00,-0.00641026
2023-02-24 00:00:00+00:00,-0.00338409
2023-02-27 00:00:00+00:00,0.01491525
2023-02-28 00:00:00+00:00,-0.01547779
2023-03-01 00:00:00+00:00,-0.00949474
2023-03-02 00:00:00+00:00,0.00068143
2023-03-03 00:00:00+00:00,0.02452316
2023-03-06 00:00:00+00:00,0.01076716
2023-03-07 00:00:00+00:00,-0.01305221
2023-03-08 00:00:00+00:00,0.01414141
2023-03-09 00:00:00+00:00,0.00267469
2023-03-10 00:00:00+00:00,-0.01335559
2023-03-13 00:00:00+00:00,-0.02991597
2023-03-14 00:00:00+00:00,0.01524602
2023-03-15 00:00:00+00:00,-0.01479188
2023-03-16 00:00:00+00:00,0.00311850
2023-03-17 00:00:00+00:00,-0.02386717
2023-03-20 00:00:00+00:00,0.02310116
2023-03-21 00:00:00+00:00,0.01868512
2023-03-22 00:00:00+00:00,-0.01372213
2023-03-23 00:00:00+00:00,0.00345423
2023-03-24 00:00:00+00:00,-0.01690238
2023-03-27 00:00:00+00:00,0.02433936
2023-03-28 00:00:00+00:00,-0.00068705
2023-03-29 00:00:00+00:00,0.02061856
2023-03-30 00:00:00+00:00,0.01258503
2023-03-31 00:00:00+00:00,0.02028398
2023-04-03 00:00:00+00:00,-0.00535475
2023-04-04 00:00:00+00:00,0.00604027
2023-04-05 00:00:00+00:00,0.04250335
2023-04-06 00:00:00+00:00,0.02555701
2023-04-11 00:00:00+00:00,-0.01585247
2023-04-12 00:00:00+00:00,-0.00032605
2023-04-13 00:00:00+00:00,-0.00587084
2023-04-14 00:00:00+00:00,-0.00392542
2023-04-17 00:00:00+00:00,0.01212717
2023-04-18 00:00:00+00:00,-0.00586510
2023-04-19 00:00:00+00:00,0.00098039
2023-04-20 00:00:00+00:00,-0.02809539
2023-04-21 00:00:00+00:00,-0.00496853
2023-04-24 00:00:00+00:00,-0.01394885
2023-04-25 00:00:00+00:00,-0.00468227
2023-04-26 00:00:00+00:00,0.01877305
2023-04-27 00:00:00+00:00,0.00597808
2023-04-28 00:00:00+00:00,-0.00794702
2023-05-02 00:00:00+00:00,-0.04089096
2023-05-03 00:00:00+00:00,0.00542925
2023-05-04 00:00:00+00:00,0.00067682
2023-05-05 00:00:00+00:00,0.00270636
2023-05-08 00:00:00+00:00,-0.00337838
2023-05-09 00:00:00+00:00,-0.00101523
2023-05-10 00:00:00+00:00,-0.00677277
2023-05-11 00:00:00+00:00,-0.00203874
2023-05-12 00:00:00+00:00,0.00986395
2023-05-15 00:00:00+00:00,0.01150982
2023-05-16 00:00:00+00:00,0.00605857
2023-05-17 00:00:00+00:00,-0.01476510
2023-05-18 00:00:00+00:00,-0.00270453
2023-05-19 00:00:00+00:00,0.00677048
2023-05-22 00:00:00+00:00,0.00067476
2023-05-23 00:00:00+00:00,0.00843170
2023-05-24 00:00:00+00:00,-0.01711984
2023-05-25 00:00:00+00:00,-0.03250931
2023-05-26 00:00:00+00:00,-0.00206540
2023-05-29 00:00:00+00:00,0.00000000
2023-05-30 00:00:00+00:00,-0.01929704
2023-05-31 00:00:00+00:00,0.00347947
2023-06-01 00:00:00+00:00,0.00764154
2023-06-02 00:00:00+00:00,-0.06955017
2023-06-05 00:00:00+00:00,0.01362007
2023-06-06 00:00:00+00:00,-0.01673789
2023-06-07 00:00:00+00:00,-0.01005386
2023-06-08 00:00:00+00:00,-0.01732227
2023-06-09 00:00:00+00:00,0.00982533
2023-06-12 00:00:00+00:00,-0.01477477
2023-06-13 00:00:00+00:00,-0.00943739
2023-06-14 00:00:00+00:00,0.01495259
2023-06-15 00:00:00+00:00,0.01303403
2023-06-16 00:00:00+00:00,0.00431655
2023-06-19 00:00:00+00:00,-0.01147776
2023-06-20 00:00:00+00:00,-0.00288809
2023-06-21 00:00:00+00:00,-0.01048445
2023-06-22 00:00:00+00:00,0.00000000
2023-06-23 00:00:00+00:00,0.01235465
2023-06-26 00:00:00+00:00,0.00613940
2023-06-27 00:00:00+00:00,0.01728484
2023-06-28 00:00:00+00:00,0.01499464
2023-06-29 00:00:00+00:00,0.00177179
2023-06-30 00:00:00+00:00,0.00389381
2023-07-03 00:00:00+00:00,0.00530035
2023-07-04 00:00:00+00:00,0.00000000
2023-07-05 00:00:00+00:00,-0.00986610
2023-07-06 00:00:00+00:00,-0.02691218
2023-07-07 00:00:00+00:00,-0.01507538
2023-07-10 00:00:00+00:00,-0.00325497
2023-07-11 00:00:00+00:00,0.00253531
2023-07-12 00:00:00+00:00,0.01989870
2023-07-13 00:00:00+00:00,0.01253582
2023-07-14 00:00:00+00:00,-0.01281595
2023-07-17 00:00:00+00:00,-0.01110713
2023-07-18 00:00:00+00:00,-0.02125360
2023-07-19 00:00:00+00:00,0.00837582
2023-07-20 00:00:00+00:00,0.01377810
2023-07-21 00:00:00+00:00,0.00792222
2023-07-24 00:00:00+00:00,0.01542324
2023-07-25 00:00:00+00:00,-0.00676397
2023-07-26 00:00:00+00:00,-0.01142857
2023-07-27 00:00:00+00:00,0.01508621
2023-07-28 00:00:00+00:00,0.01426025
2023-07-31 00:00:00+00:00,-0.01805310
2023-08-01 00:00:00+00:00,-0.01642857
2023-08-02 00:00:00+00:00,-0.04681311
2023-08-03 00:00:00+00:00,-0.02249263
2023-08-04 00:00:00+00:00,-0.00037286
2023-08-07 00:00:00+00:00,-0.00783290
2023-08-08 00:00:00+00:00,-0.01235492
2023-08-09 00:00:00+00:00,0.02336096
2023-08-10 00:00:00+00:00,0.01750466
2023-08-11 00:00:00+00:00,-0.01366322
2023-08-14 00:00:00+00:00,0.01115242
2023-08-15 00:00:00+00:00,-0.01515712
2023-08-16 00:00:00+00:00,-0.00111732
2023-08-17 00:00:00+00:00,-0.00745434
2023-08-18 00:00:00+00:00,0.00374111
2023-08-21 00:00:00+00:00,-0.00373413
2023-08-22 00:00:00+00:00,0.00224467
2023-08-23 00:00:00+00:00,0.01532138
2023-08-24 00:00:00+00:00,-0.00704748
2023-08-25 00:00:00+00:00,0.00000000
2023-08-28 00:00:00+00:00,0.02716785
2023-08-29 00:00:00+00:00,0.01836210
2023-08-30 00:00:00+00:00,0.00000000
2023-08-31 00:00:00+00:00,0.01128093
2023-09-01 00:00:00+00:00,0.00398118
2023-09-04 00:00:00+00:00,-0.00758397
2023-09-05 00:00:00+00:00,0.01051487
2023-09-06 00:00:00+00:00,0.00144248
2023-09-07 00:00:00+00:00,0.01045045
2023-09-08 00:00:00+00:00,0.00572861
2023-09-11 00:00:00+00:00,0.02002145
2023-09-12 00:00:00+00:00,0.00672566
2023-09-13 00:00:00+00:00,-0.00386779
2023-09-14 00:00:00+00:00,0.01514618
2023-09-15 00:00:00+00:00,-0.00419727
2023-09-18 00:00:00+00:00,-0.00175193
2023-09-19 00:00:00+00:00,0.00981767
2023-09-20 00:00:00+00:00,0.01465969
2023-09-21 00:00:00+00:00,-0.01732502
2023-09-22 00:00:00+00:00,-0.00803915
2023-09-25 00:00:00+00:00,-0.03649123
2023-09-26 00:00:00+00:00,-0.01858470
2023-09-27 00:00:00+00:00,-0.03174603
2023-09-28 00:00:00+00:00,-0.00036657
2023-09-29 00:00:00+00:00,0.01576246
2023-10-02 00:00:00+00:00,-0.01164060
2023-10-03 00:00:00+00:00,-0.03256495
2023-10-04 00:00:00+00:00,-0.00148754
2023-10-05 00:00:00+00:00,-0.00297730
2023-10-06 00:00:00+00:00,0.01453597
2023-10-09 00:00:00+00:00,0.00813910
2023-10-10 00:00:00+00:00,0.02837141
2023-10-11 00:00:00+00:00,0.00181686
2023-10-12 00:00:00+00:00,-0.01197822
2023-10-13 00:00:00+00:00,-0.00657414
2023-10-16 00:00:00+00:00,-0.00403078
2023-10-17 00:00:00+00:00,-0.00660793
2023-10-18 00:00:00+00:00,-0.00036832
2023-10-19 00:00:00+00:00,-0.03500368
2023-10-20 00:00:00+00:00,-0.01837270
2023-10-23 00:00:00+00:00,-0.01816118
2023-10-24 00:00:00+00:00,0.00152730
2023-10-25 00:00:00+00:00,0.01182755
2023-10-26 00:00:00+00:00,-0.00758725
2023-10-27 00:00:00+00:00,0.00533130
2023-10-30 00:00:00+00:00,0.00835549
2023-10-31 00:00:00+00:00,0.01210287
2023-11-01 00:00:00+00:00,0.01766917
2023-11-02 00:00:00+00:00,0.04025345
2023-11-03 00:00:00+00:00,0.01607600
2023-11-06 00:00:00+00:00,-0.00724900
2023-11-07 00:00:00+00:00,-0.00800291
2023-11-08 00:00:00+00:00,0.00511322
2023-11-09 00:00:00+00:00,0.01347905
2023-11-10 00:00:00+00:00,-0.00651466
2023-11-13 00:00:00+00:00,0.01815541
2023-11-14 00:00:00+00:00,0.00503778
2023-11-15 00:00:00+00:00,-0.01363963
2023-11-16 00:00:00+00:00,0.00361402
2023-11-17 00:00:00+00:00,0.00901876
2023-11-20 00:00:00+00:00,0.00825853
2023-11-21 00:00:00+00:00,-0.00643777
2023-11-22 00:00:00+00:00,0.01650520
2023-11-23 00:00:00+00:00,0.00213523
2023-11-24 00:00:00+00:00,0.00568586
2023-11-27 00:00:00+00:00,0.00602410
2023-11-28 00:00:00+00:00,0.00070671
2023-11-29 00:00:00+00:00,0.00706464
2023-11-30 00:00:00+00:00,0.00316790
2023-12-01 00:00:00+00:00,0.01229796
2023-12-04 00:00:00+00:00,-0.00593783
2023-12-05 00:00:00+00:00,0.00490368
2023-12-06 00:00:00+00:00,0.00699056
2023-12-07 00:00:00+00:00,-0.00383142
2023-12-08 00:00:00+00:00,0.00488656
2023-12-11 00:00:00+00:00,0.00243733
2023-12-12 00:00:00+00:00,-0.00382476
2023-12-13 00:00:00+00:00,-0.02681992
2023-12-14 00:00:00+00:00,-0.02154716
2023-12-15 00:00:00+00:00,-0.00749197
2023-12-18 00:00:00+00:00,-0.00677845
2023-12-19 00:00:00+00:00,-0.00749197
2023-12-20 00:00:00+00:00,0.02370690
2023-12-21 00:00:00+00:00,-0.00709975
2023-12-22 00:00:00+00:00,0.00819380
2023-12-27 00:00:00+00:00,-0.00745209
2023-12-28 00:00:00+00:00,-0.00925926
2023-12-29 00:00:00+00:00,0.00071556
2024-01-02 00:00:00+00:00,0.02682403
2024-01-03 00:00:00+00:00,0.00917431
2024-01-04 00:00:00+00:00,0.01791359
2024-01-05 00:00:00+00:00,-0.00069638
2024-01-08 00:00:00+00:00,0.00731452
2024-01-09 00:00:00+00:00,-0.00520653
2024-01-10 00:00:00+00:00,-0.00173974
2024-01-11 00:00:00+00:00,-0.00835946
2024-01-12 00:00:00+00:00,0.01818818
2024-01-15 00:00:00+00:00,0.01698440
2024-01-16 00:00:00+00:00,0.00206186
2024-01-17 00:00:00+00:00,-0.00892551
2024-01-18 00:00:00+00:00,-0.00068966
2024-01-19 00:00:00+00:00,0.00655398
2024-01-22 00:00:00+00:00,0.01581843
2024-01-23 00:00:00+00:00,0.00409417
2024-01-24 00:00:00+00:00,0.00136240
2024-01-25 00:00:00+00:00,0.01701838
2024-01-26 00:00:00+00:00,0.00168748
2024-01-29 00:00:00+00:00,-0.01449764
2024-01-30 00:00:00+00:00,-0.01629881
2024-01-31 00:00:00+00:00,-0.00787402
2024-02-01 00:00:00+00:00,-0.00137504
2024-02-02 00:00:00+00:00,-0.00894393
2024-02-05 00:00:00+00:00,-0.01243953
2024-02-06 00:00:00+00:00,-0.00278164
2024-02-07 00:00:00+00:00,-0.02332869
2024-02-08 00:00:00+00:00,-0.00704473
2024-02-09 00:00:00+00:00,-0.00919053
2024-02-12 00:00:00+00:00,0.01349432
2024-02-13 00:00:00+00:00,-0.01305115
2024-02-14 00:00:00+00:00,-0.00355114
2024-02-15 00:00:00+00:00,0.01245109
2024-02-16 00:00:00+00:00,0.00070696
2024-02-19 00:00:00+00:00,0.01484099
2024-02-20 00:00:00+00:00,0.00035088
2024-02-21 00:00:00+00:00,-0.00105226
2024-02-22 00:00:00+00:00,0.01193401
2024-02-23 00:00:00+00:00,-0.00558269
2024-02-26 00:00:00+00:00,-0.01049685
2024-02-27 00:00:00+00:00,0.01125572
2024-02-28 00:00:00+00:00,-0.01119272
2024-02-29 00:00:00+00:00,-0.00703482
2024-03-01 00:00:00+00:00,0.00211790
2024-03-04 00:00:00+00:00,0.00811001
2024-03-05 00:00:00+00:00,0.00912921
2024-03-06 00:00:00+00:00,0.00139762
2024-03-07 00:00:00+00:00,-0.00523926
2024-03-08 00:00:00+00:00,-0.00735552
2024-03-11 00:00:00+00:00,-0.00316344
2024-03-12 00:00:00+00:00,-0.00704473
2024-03-13 00:00:00+00:00,-0.01131142
2024-03-14 00:00:00+00:00,-0.02843939
2024-03-15 00:00:00+00:00,0.01818843
2024-03-18 00:00:00+00:00,-0.02091598
2024-03-19 00:00:00+00:00,0.01384840
2024-03-20 00:00:00+00:00,0.00470503
2024-03-21 00:00:00+00:00,0.00361011
2024-03-22 00:00:00+00:00,0.00288288
2024-03-25 00:00:00+00:00,0.01007557
2024-03-26 00:00:00+00:00,0.01324740
2024-03-27 00:00:00+00:00,0.00996087
2024-03-28 00:00:00+00:00,0.00707965
