Date,EU-HOUSE
2020-12-16 00:00:00+00:00,
2020-12-17 00:00:00+00:00,-0.00076351
2020-12-18 00:00:00+00:00,-0.00794581
2020-12-21 00:00:00+00:00,-0.01985549
2020-12-22 00:00:00+00:00,0.01365017
2020-12-23 00:00:00+00:00,0.00441360
2020-12-28 00:00:00+00:00,0.01263753
2020-12-29 00:00:00+00:00,0.01530179
2020-12-30 00:00:00+00:00,-0.00171275
2021-01-04 00:00:00+00:00,-0.00000219
2021-01-05 00:00:00+00:00,-0.01006873
2021-01-06 00:00:00+00:00,0.00551462
2021-01-07 00:00:00+00:00,0.00257964
2021-01-08 00:00:00+00:00,0.00450453
2021-01-11 00:00:00+00:00,-0.00513005
2021-01-12 00:00:00+00:00,-0.00945155
2021-01-13 00:00:00+00:00,-0.00000239
2021-01-14 00:00:00+00:00,0.00487580
2021-01-15 00:00:00+00:00,-0.01219211
2021-01-18 00:00:00+00:00,0.00720535
2021-01-19 00:00:00+00:00,-0.00867644
2021-01-20 00:00:00+00:00,0.00809137
2021-01-21 00:00:00+00:00,0.00520552
2021-01-22 00:00:00+00:00,-0.00550678
2021-01-25 00:00:00+00:00,-0.00000211
2021-01-26 00:00:00+00:00,0.00607551
2021-01-27 00:00:00+00:00,-0.00593509
2021-01-28 00:00:00+00:00,-0.00195509
2021-01-29 00:00:00+00:00,-0.02066052
2021-02-01 00:00:00+00:00,0.00954657
2021-02-02 00:00:00+00:00,0.01561485
2021-02-03 00:00:00+00:00,0.00010701
2021-02-04 00:00:00+00:00,-0.00638910
2021-02-05 00:00:00+00:00,0.00283225
2021-02-08 00:00:00+00:00,0.00358495
2021-02-09 00:00:00+00:00,0.00920198
2021-02-10 00:00:00+00:00,-0.01137331
2021-02-11 00:00:00+00:00,0.00542480
2021-02-12 00:00:00+00:00,0.00388445
2021-02-15 00:00:00+00:00,0.01451343
2021-02-16 00:00:00+00:00,-0.00328643
2021-02-17 00:00:00+00:00,-0.00829460
2021-02-18 00:00:00+00:00,-0.00471854
2021-02-19 00:00:00+00:00,0.00527755
2021-02-22 00:00:00+00:00,-0.01168107
2021-02-23 00:00:00+00:00,0.00270970
2021-02-24 00:00:00+00:00,-0.00659694
2021-02-25 00:00:00+00:00,-0.00315783
2021-02-26 00:00:00+00:00,-0.01845495
2021-03-01 00:00:00+00:00,0.02113597
2021-03-02 00:00:00+00:00,0.00468347
2021-03-03 00:00:00+00:00,0.00346882
2021-03-04 00:00:00+00:00,-0.00162198
2021-03-05 00:00:00+00:00,-0.00779411
2021-03-08 00:00:00+00:00,0.01265295
2021-03-09 00:00:00+00:00,0.00915538
2021-03-10 00:00:00+00:00,0.01259493
2021-03-15 00:00:00+00:00,-0.00337409
2021-03-16 00:00:00+00:00,0.01057703
2021-03-17 00:00:00+00:00,0.00272087
2021-03-18 00:00:00+00:00,0.00271357
2021-03-19 00:00:00+00:00,-0.00884891
2021-03-22 00:00:00+00:00,0.00199531
2021-03-23 00:00:00+00:00,0.00880461
2021-03-24 00:00:00+00:00,-0.01070297
2021-03-25 00:00:00+00:00,-0.00231124
2021-03-26 00:00:00+00:00,0.00294712
2021-03-29 00:00:00+00:00,0.00850174
2021-03-30 00:00:00+00:00,0.00447480
2021-03-31 00:00:00+00:00,-0.00310912
2021-04-01 00:00:00+00:00,0.00187041
2021-04-06 00:00:00+00:00,0.01359007
2021-04-07 00:00:00+00:00,-0.00388987
2021-04-08 00:00:00+00:00,0.01572092
2021-04-09 00:00:00+00:00,-0.00050618
2021-04-12 00:00:00+00:00,-0.00151872
2021-04-13 00:00:00+00:00,0.00354734
2021-04-14 00:00:00+00:00,0.00363581
2021-04-15 00:00:00+00:00,0.00835305
2021-04-16 00:00:00+00:00,0.00658698
2021-04-19 00:00:00+00:00,0.00257753
2021-04-20 00:00:00+00:00,-0.02017674
2021-04-21 00:00:00+00:00,0.01110262
2021-04-22 00:00:00+00:00,0.00389283
2021-04-23 00:00:00+00:00,-0.00706102
2021-04-26 00:00:00+00:00,-0.00330537
2021-04-27 00:00:00+00:00,-0.00050283
2021-04-28 00:00:00+00:00,-0.00482608
2021-04-29 00:00:00+00:00,0.00535372
2021-04-30 00:00:00+00:00,-0.00201001
2021-05-03 00:00:00+00:00,0.00885983
2021-05-04 00:00:00+00:00,-0.01367307
2021-05-05 00:00:00+00:00,0.01821259
2021-05-06 00:00:00+00:00,0.00019833
2021-05-07 00:00:00+00:00,0.01241886
2021-05-10 00:00:00+00:00,0.00421955
2021-05-11 00:00:00+00:00,-0.01866552
2021-05-12 00:00:00+00:00,0.00527742
2021-05-13 00:00:00+00:00,0.00207988
2021-05-14 00:00:00+00:00,0.01057703
2021-05-17 00:00:00+00:00,0.00166264
2021-05-18 00:00:00+00:00,0.00048786
2021-05-19 00:00:00+00:00,-0.01015171
2021-05-20 00:00:00+00:00,0.01469261
2021-05-21 00:00:00+00:00,0.00826031
2021-05-25 00:00:00+00:00,0.00549356
2021-05-26 00:00:00+00:00,0.00440923
2021-05-27 00:00:00+00:00,-0.00190904
2021-05-28 00:00:00+00:00,0.00870111
2021-06-01 00:00:00+00:00,0.00104234
2021-06-02 00:00:00+00:00,0.00473429
2021-06-03 00:00:00+00:00,-0.00018906
2021-06-04 00:00:00+00:00,-0.00018909
2021-06-07 00:00:00+00:00,0.00650506
2021-06-08 00:00:00+00:00,0.00177917
2021-06-09 00:00:00+00:00,-0.00112282
2021-06-10 00:00:00+00:00,-0.00224746
2021-06-11 00:00:00+00:00,0.01172750
2021-06-14 00:00:00+00:00,-0.00215841
2021-06-15 00:00:00+00:00,0.00551487
2021-06-16 00:00:00+00:00,0.00325266
2021-06-17 00:00:00+00:00,0.00277904
2021-06-18 00:00:00+00:00,-0.01645064
2021-06-21 00:00:00+00:00,0.00535449
2021-06-22 00:00:00+00:00,0.00242871
2021-06-23 00:00:00+00:00,-0.01212136
2021-06-24 00:00:00+00:00,0.00490604
2021-06-25 00:00:00+00:00,0.00084376
2021-06-28 00:00:00+00:00,-0.00234729
2021-06-29 00:00:00+00:00,0.00573598
2021-06-30 00:00:00+00:00,-0.01028838
2021-07-01 00:00:00+00:00,0.00179400
2021-07-02 00:00:00+00:00,0.00094180
2021-07-05 00:00:00+00:00,0.00263711
2021-07-06 00:00:00+00:00,-0.00582840
2021-07-07 00:00:00+00:00,0.01436797
2021-07-08 00:00:00+00:00,-0.02497817
2021-07-09 00:00:00+00:00,0.01615223
2021-07-12 00:00:00+00:00,0.00902872
2021-07-13 00:00:00+00:00,0.00186304
2021-07-14 00:00:00+00:00,0.00353445
2021-07-15 00:00:00+00:00,-0.01075701
2021-07-16 00:00:00+00:00,-0.00328181
2021-07-19 00:00:00+00:00,-0.01824465
2021-07-20 00:00:00+00:00,-0.00009720
2021-07-21 00:00:00+00:00,0.01302665
2021-07-22 00:00:00+00:00,-0.00387840
2021-07-23 00:00:00+00:00,0.01879486
2021-07-26 00:00:00+00:00,-0.00810787
2021-07-27 00:00:00+00:00,-0.00845609
2021-07-28 00:00:00+00:00,0.00520938
2021-07-29 00:00:00+00:00,0.00226074
2021-07-30 00:00:00+00:00,-0.00498529
2021-08-02 00:00:00+00:00,0.01077270
2021-08-03 00:00:00+00:00,0.00738521
2021-08-04 00:00:00+00:00,0.00083393
2021-08-05 00:00:00+00:00,-0.00083612
2021-08-06 00:00:00+00:00,0.00055548
2021-08-09 00:00:00+00:00,0.00139005
2021-08-10 00:00:00+00:00,0.00092480
2021-08-11 00:00:00+00:00,0.00305272
2021-08-12 00:00:00+00:00,0.00129033
2021-08-13 00:00:00+00:00,0.00239440
2021-08-16 00:00:00+00:00,-0.01443455
2021-08-17 00:00:00+00:00,-0.00028188
2021-08-18 00:00:00+00:00,-0.01884849
2021-08-19 00:00:00+00:00,-0.02795887
2021-08-20 00:00:00+00:00,0.00537908
2021-08-23 00:00:00+00:00,0.01225897
2021-08-24 00:00:00+00:00,-0.00932584
2021-08-25 00:00:00+00:00,-0.00116579
2021-08-26 00:00:00+00:00,-0.00184721
2021-08-27 00:00:00+00:00,0.00029050
2021-08-30 00:00:00+00:00,0.00136085
2021-08-31 00:00:00+00:00,-0.00281900
2021-09-01 00:00:00+00:00,0.01188608
2021-09-02 00:00:00+00:00,-0.00038645
2021-09-03 00:00:00+00:00,-0.00770766
2021-09-06 00:00:00+00:00,0.01087145
2021-09-07 00:00:00+00:00,0.00211160
2021-09-08 00:00:00+00:00,-0.00536783
2021-09-09 00:00:00+00:00,0.00202204
2021-09-10 00:00:00+00:00,0.00211405
2021-09-14 00:00:00+00:00,-0.01410592
2021-09-15 00:00:00+00:00,-0.01567024
2021-09-16 00:00:00+00:00,-0.00217617
2021-09-17 00:00:00+00:00,-0.00376641
2021-09-20 00:00:00+00:00,-0.00925088
2021-09-21 00:00:00+00:00,0.01084159
2021-09-22 00:00:00+00:00,0.00854023
2021-09-23 00:00:00+00:00,0.00955111
2021-09-24 00:00:00+00:00,-0.01199863
2021-09-27 00:00:00+00:00,-0.00750404
2021-09-28 00:00:00+00:00,-0.02089043
2021-09-29 00:00:00+00:00,0.00731370
2021-09-30 00:00:00+00:00,-0.00272420
2021-10-01 00:00:00+00:00,-0.00525996
2021-10-04 00:00:00+00:00,-0.00264441
2021-10-05 00:00:00+00:00,0.00397440
2021-10-06 00:00:00+00:00,-0.01421592
2021-10-07 00:00:00+00:00,0.01483013
2021-10-08 00:00:00+00:00,-0.00690287
2021-10-11 00:00:00+00:00,0.00040737
2021-10-12 00:00:00+00:00,0.00030505
2021-10-13 00:00:00+00:00,0.01940218
2021-10-14 00:00:00+00:00,0.01422433
2021-10-15 00:00:00+00:00,0.00286315
2021-10-18 00:00:00+00:00,-0.01191913
2021-10-19 00:00:00+00:00,-0.00219454
2021-10-20 00:00:00+00:00,0.00809035
2021-10-21 00:00:00+00:00,0.00733171
2021-10-22 00:00:00+00:00,0.01347592
2021-10-25 00:00:00+00:00,-0.00543739
2021-10-26 00:00:00+00:00,0.01210073
2021-10-27 00:00:00+00:00,-0.00424456
2021-10-28 00:00:00+00:00,0.00396900
2021-10-29 00:00:00+00:00,0.00347095
2021-11-01 00:00:00+00:00,0.00643912
2021-11-02 00:00:00+00:00,0.00018961
2021-11-03 00:00:00+00:00,0.00496421
2021-11-04 00:00:00+00:00,0.00712543
2021-11-05 00:00:00+00:00,0.00839574
2021-11-08 00:00:00+00:00,-0.00074964
2021-11-09 00:00:00+00:00,-0.00140577
2021-11-10 00:00:00+00:00,-0.00225177
2021-11-11 00:00:00+00:00,0.00385160
2021-11-12 00:00:00+00:00,0.01890884
2021-11-15 00:00:00+00:00,0.00459262
2021-11-16 00:00:00+00:00,0.00804701
2021-11-17 00:00:00+00:00,-0.00154379
2021-11-18 00:00:00+00:00,-0.00100096
2021-11-19 00:00:00+00:00,0.00554706
2021-11-22 00:00:00+00:00,-0.00280558
2021-11-23 00:00:00+00:00,-0.00626049
2021-11-24 00:00:00+00:00,0.00008959
2021-11-25 00:00:00+00:00,0.00793916
2021-11-26 00:00:00+00:00,-0.03776295
2021-11-29 00:00:00+00:00,0.00837435
2021-11-30 00:00:00+00:00,-0.00952084
2021-12-01 00:00:00+00:00,0.01328404
2021-12-02 00:00:00+00:00,-0.01385678
2021-12-03 00:00:00+00:00,-0.00349039
2021-12-06 00:00:00+00:00,0.01542245
2021-12-07 00:00:00+00:00,0.02814101
2021-12-08 00:00:00+00:00,-0.00734344
2021-12-09 00:00:00+00:00,-0.00191921
2021-12-10 00:00:00+00:00,0.00091308
2021-12-13 00:00:00+00:00,-0.00521132
2021-12-14 00:00:00+00:00,-0.02343050
2021-12-16 00:00:00+00:00,0.01152059
2021-12-17 00:00:00+00:00,-0.02476187
2021-12-20 00:00:00+00:00,-0.01061151
2021-12-21 00:00:00+00:00,0.01260235
2021-12-22 00:00:00+00:00,0.01998579
2021-12-23 00:00:00+00:00,0.01764980
2021-12-27 00:00:00+00:00,0.00713845
2021-12-29 00:00:00+00:00,0.00546862
2021-12-30 00:00:00+00:00,-0.00082956
2022-01-03 00:00:00+00:00,0.01415153
2022-01-04 00:00:00+00:00,0.01810697
2022-01-05 00:00:00+00:00,0.01097084
2022-01-06 00:00:00+00:00,-0.04723886
2022-01-07 00:00:00+00:00,-0.01858672
2022-01-10 00:00:00+00:00,-0.03132772
2022-01-11 00:00:00+00:00,0.01595539
2022-01-12 00:00:00+00:00,-0.00140365
2022-01-13 00:00:00+00:00,-0.02463593
2022-01-14 00:00:00+00:00,-0.02591895
2022-01-17 00:00:00+00:00,0.01262560
2022-01-18 00:00:00+00:00,-0.02633458
2022-01-19 00:00:00+00:00,0.03981058
2022-01-20 00:00:00+00:00,0.00907346
2022-01-21 00:00:00+00:00,-0.02730153
2022-01-24 00:00:00+00:00,-0.03175538
2022-01-25 00:00:00+00:00,-0.00338727
2022-01-26 00:00:00+00:00,0.01483389
2022-01-27 00:00:00+00:00,0.00112867
2022-01-28 00:00:00+00:00,-0.00336474
2022-01-31 00:00:00+00:00,0.00630185
2022-02-01 00:00:00+00:00,0.02601275
2022-02-02 00:00:00+00:00,0.01394973
2022-02-03 00:00:00+00:00,-0.03708273
2022-02-04 00:00:00+00:00,-0.02610160
2022-02-07 00:00:00+00:00,0.01418296
2022-02-08 00:00:00+00:00,-0.00663852
2022-02-09 00:00:00+00:00,0.02028972
2022-02-10 00:00:00+00:00,-0.02192655
2022-02-11 00:00:00+00:00,-0.00137201
2022-02-14 00:00:00+00:00,-0.03107150
2022-02-15 00:00:00+00:00,0.03446205
2022-02-16 00:00:00+00:00,-0.00839923
2022-02-17 00:00:00+00:00,0.00568445
2022-02-18 00:00:00+00:00,0.00084562
2022-02-21 00:00:00+00:00,-0.02182032
2022-02-22 00:00:00+00:00,-0.01091734
2022-02-23 00:00:00+00:00,-0.00041451
2022-02-24 00:00:00+00:00,-0.06367663
2022-02-25 00:00:00+00:00,0.06364188
2022-02-28 00:00:00+00:00,-0.01974866
2022-03-01 00:00:00+00:00,-0.04588533
2022-03-02 00:00:00+00:00,0.01503133
2022-03-03 00:00:00+00:00,-0.05030392
2022-03-04 00:00:00+00:00,-0.07327873
2022-03-07 00:00:00+00:00,-0.02101495
2022-03-08 00:00:00+00:00,-0.01923050
2022-03-09 00:00:00+00:00,0.06002567
2022-03-10 00:00:00+00:00,-0.01978018
2022-03-11 00:00:00+00:00,0.00151522
2022-03-14 00:00:00+00:00,0.00172981
2022-03-15 00:00:00+00:00,-0.00823632
2022-03-16 00:00:00+00:00,0.03706925
2022-03-17 00:00:00+00:00,0.00818310
2022-03-18 00:00:00+00:00,0.01033260
2022-03-21 00:00:00+00:00,-0.00022261
2022-03-22 00:00:00+00:00,0.00897147
2022-03-23 00:00:00+00:00,-0.02145125
2022-03-24 00:00:00+00:00,-0.00350688
2022-03-25 00:00:00+00:00,0.00062227
2022-03-28 00:00:00+00:00,0.01017348
2022-03-29 00:00:00+00:00,0.02782604
2022-03-30 00:00:00+00:00,0.00018949
2022-03-31 00:00:00+00:00,-0.01892093
2022-04-01 00:00:00+00:00,0.00540200
2022-04-04 00:00:00+00:00,0.01334938
2022-04-05 00:00:00+00:00,0.00131000
2022-04-06 00:00:00+00:00,-0.01982716
2022-04-07 00:00:00+00:00,-0.00689397
2022-04-08 00:00:00+00:00,0.01015473
2022-04-11 00:00:00+00:00,-0.01403685
2022-04-12 00:00:00+00:00,0.00145322
2022-04-13 00:00:00+00:00,-0.00286014
2022-04-14 00:00:00+00:00,0.01558501
2022-04-19 00:00:00+00:00,-0.00926477
2022-04-20 00:00:00+00:00,0.01066672
2022-04-21 00:00:00+00:00,0.01252366
2022-04-22 00:00:00+00:00,-0.01548639
2022-04-25 00:00:00+00:00,-0.02405052
2022-04-26 00:00:00+00:00,-0.00556572
2022-04-27 00:00:00+00:00,0.00308492
2022-04-28 00:00:00+00:00,0.00681469
2022-04-29 00:00:00+00:00,0.01631789
2022-05-02 00:00:00+00:00,-0.01338618
2022-05-03 00:00:00+00:00,-0.01240665
2022-05-04 00:00:00+00:00,-0.00409719
2022-05-05 00:00:00+00:00,-0.02035715
2022-05-06 00:00:00+00:00,-0.01979074
2022-05-09 00:00:00+00:00,-0.02310179
2022-05-10 00:00:00+00:00,0.01442435
2022-05-11 00:00:00+00:00,0.02450575
2022-05-12 00:00:00+00:00,-0.00388797
2022-05-13 00:00:00+00:00,0.02179356
2022-05-16 00:00:00+00:00,-0.00295536
2022-05-17 00:00:00+00:00,0.01073349
2022-05-18 00:00:00+00:00,-0.01551773
2022-05-19 00:00:00+00:00,-0.01980402
2022-05-20 00:00:00+00:00,-0.00170059
2022-05-23 00:00:00+00:00,-0.00605739
2022-05-24 00:00:00+00:00,-0.00328691
2022-05-25 00:00:00+00:00,0.00380161
2022-05-27 00:00:00+00:00,0.03409640
2022-05-30 00:00:00+00:00,0.01625289
2022-05-31 00:00:00+00:00,0.00242710
2022-06-01 00:00:00+00:00,0.00849282
2022-06-02 00:00:00+00:00,-0.00203923
2022-06-06 00:00:00+00:00,0.01235231
2022-06-07 00:00:00+00:00,-0.01028272
2022-06-08 00:00:00+00:00,-0.00880426
2022-06-09 00:00:00+00:00,-0.00898870
2022-06-10 00:00:00+00:00,-0.02757066
2022-06-13 00:00:00+00:00,-0.02282574
2022-06-14 00:00:00+00:00,-0.01363067
2022-06-15 00:00:00+00:00,0.01532522
2022-06-16 00:00:00+00:00,-0.01880109
2022-06-17 00:00:00+00:00,-0.00004425
2022-06-20 00:00:00+00:00,0.00433161
2022-06-21 00:00:00+00:00,0.00889901
2022-06-22 00:00:00+00:00,-0.00208970
2022-06-23 00:00:00+00:00,0.01304958
2022-06-24 00:00:00+00:00,0.03187401
2022-06-27 00:00:00+00:00,-0.00429471
2022-06-28 00:00:00+00:00,0.00421658
2022-06-29 00:00:00+00:00,-0.00157369
2022-06-30 00:00:00+00:00,-0.01302857
2022-07-01 00:00:00+00:00,0.00315763
2022-07-04 00:00:00+00:00,0.00678295
2022-07-05 00:00:00+00:00,-0.01711779
2022-07-06 00:00:00+00:00,0.03211952
2022-07-07 00:00:00+00:00,0.00576987
2022-07-08 00:00:00+00:00,-0.00262798
2022-07-11 00:00:00+00:00,-0.00564745
2022-07-12 00:00:00+00:00,0.01647929
2022-07-13 00:00:00+00:00,-0.00506440
2022-07-14 00:00:00+00:00,-0.00776224
2022-07-15 00:00:00+00:00,0.00801355
2022-07-18 00:00:00+00:00,0.00591771
2022-07-19 00:00:00+00:00,0.02457195
2022-07-20 00:00:00+00:00,-0.00794732
2022-07-21 00:00:00+00:00,0.00411101
2022-07-22 00:00:00+00:00,0.00669508
2022-07-25 00:00:00+00:00,0.00396154
2022-07-26 00:00:00+00:00,-0.00655509
2022-07-27 00:00:00+00:00,0.01003728
2022-07-28 00:00:00+00:00,0.03094557
2022-07-29 00:00:00+00:00,0.02804415
2022-08-01 00:00:00+00:00,0.01089423
2022-08-02 00:00:00+00:00,-0.01684920
2022-08-03 00:00:00+00:00,0.01142377
2022-08-04 00:00:00+00:00,0.01066219
2022-08-05 00:00:00+00:00,-0.02719313
2022-08-08 00:00:00+00:00,0.02368820
2022-08-09 00:00:00+00:00,-0.02248903
2022-08-10 00:00:00+00:00,0.01806034
2022-08-11 00:00:00+00:00,0.00190300
2022-08-12 00:00:00+00:00,-0.00167220
2022-08-15 00:00:00+00:00,0.01332536
2022-08-16 00:00:00+00:00,-0.00166552
2022-08-17 00:00:00+00:00,-0.00245586
2022-08-18 00:00:00+00:00,0.00426300
2022-08-19 00:00:00+00:00,-0.01044556
2022-08-22 00:00:00+00:00,-0.01942117
2022-08-23 00:00:00+00:00,-0.01980558
2022-08-24 00:00:00+00:00,0.02611108
2022-08-25 00:00:00+00:00,-0.00238542
2022-08-26 00:00:00+00:00,-0.04507831
2022-08-29 00:00:00+00:00,-0.02166560
2022-08-30 00:00:00+00:00,-0.00412067
2022-08-31 00:00:00+00:00,-0.02010106
2022-09-01 00:00:00+00:00,-0.04510757
2022-09-02 00:00:00+00:00,0.02262799
2022-09-05 00:00:00+00:00,-0.01131523
2022-09-06 00:00:00+00:00,0.01384533
2022-09-07 00:00:00+00:00,-0.00189513
2022-09-08 00:00:00+00:00,-0.00549242
2022-09-09 00:00:00+00:00,0.03203668
2022-09-12 00:00:00+00:00,0.02610406
2022-09-13 00:00:00+00:00,-0.02234474
2022-09-14 00:00:00+00:00,-0.01779894
2022-09-15 00:00:00+00:00,-0.02672371
2022-09-16 00:00:00+00:00,-0.03008029
2022-09-19 00:00:00+00:00,0.00924702
2022-09-20 00:00:00+00:00,-0.00854686
2022-09-21 00:00:00+00:00,0.02673356
2022-09-22 00:00:00+00:00,-0.04417424
2022-09-23 00:00:00+00:00,-0.05426342
2022-09-26 00:00:00+00:00,0.01014838
2022-09-27 00:00:00+00:00,-0.01075612
2022-09-28 00:00:00+00:00,0.00924593
2022-09-29 00:00:00+00:00,-0.02456262
2022-09-30 00:00:00+00:00,0.00636708
2022-10-03 00:00:00+00:00,0.00329052
2022-10-04 00:00:00+00:00,0.06960849
2022-10-05 00:00:00+00:00,-0.02314888
2022-10-06 00:00:00+00:00,-0.00297977
2022-10-07 00:00:00+00:00,-0.02831616
2022-10-10 00:00:00+00:00,-0.01110462
2022-10-11 00:00:00+00:00,0.00271052
2022-10-12 00:00:00+00:00,0.01070162
2022-10-13 00:00:00+00:00,-0.00807428
2022-10-14 00:00:00+00:00,0.01552108
2022-10-17 00:00:00+00:00,0.02846137
2022-10-18 00:00:00+00:00,-0.00056408
2022-10-19 00:00:00+00:00,-0.01696996
2022-10-20 00:00:00+00:00,0.01430777
2022-10-21 00:00:00+00:00,-0.02691694
2022-10-24 00:00:00+00:00,0.00881455
2022-10-25 00:00:00+00:00,0.04382001
2022-10-26 00:00:00+00:00,-0.00143280
2022-10-27 00:00:00+00:00,-0.01069187
2022-10-28 00:00:00+00:00,-0.00866520
2022-10-31 00:00:00+00:00,0.00251155
2022-11-01 00:00:00+00:00,0.01491864
2022-11-02 00:00:00+00:00,-0.03185276
2022-11-03 00:00:00+00:00,-0.02095314
2022-11-04 00:00:00+00:00,0.07923096
2022-11-07 00:00:00+00:00,-0.00561971
2022-11-08 00:00:00+00:00,0.01422908
2022-11-09 00:00:00+00:00,0.00072685
2022-11-10 00:00:00+00:00,0.05494881
2022-11-11 00:00:00+00:00,0.01926876
2022-11-14 00:00:00+00:00,0.00028340
2022-11-15 00:00:00+00:00,0.00069490
2022-11-16 00:00:00+00:00,-0.00374332
2022-11-17 00:00:00+00:00,0.00069627
2022-11-18 00:00:00+00:00,0.01971551
2022-11-21 00:00:00+00:00,0.00570364
2022-11-22 00:00:00+00:00,-0.00207203
2022-11-23 00:00:00+00:00,0.01907213
2022-11-24 00:00:00+00:00,0.00320528
2022-11-25 00:00:00+00:00,-0.00568717
2022-11-28 00:00:00+00:00,0.00411776
2022-11-29 00:00:00+00:00,-0.00437951
2022-11-30 00:00:00+00:00,0.04513146
2022-12-01 00:00:00+00:00,0.00491645
2022-12-02 00:00:00+00:00,-0.00023165
2022-12-05 00:00:00+00:00,-0.01217154
2022-12-06 00:00:00+00:00,-0.00112829
2022-12-07 00:00:00+00:00,-0.01057496
2022-12-08 00:00:00+00:00,-0.00533154
2022-12-09 00:00:00+00:00,0.00538095
2022-12-12 00:00:00+00:00,-0.00483076
2022-12-13 00:00:00+00:00,0.01692223
2022-12-14 00:00:00+00:00,0.00872287
2022-12-15 00:00:00+00:00,-0.06936847
2022-12-16 00:00:00+00:00,-0.00916515
2022-12-19 00:00:00+00:00,0.00409580
2022-12-20 00:00:00+00:00,-0.02877648
2022-12-21 00:00:00+00:00,0.03901447
2022-12-22 00:00:00+00:00,-0.02276343
2022-12-23 00:00:00+00:00,-0.01028391
2022-12-27 00:00:00+00:00,0.02505675
2022-12-28 00:00:00+00:00,-0.00322154
2022-12-29 00:00:00+00:00,0.01273445
2022-12-30 00:00:00+00:00,-0.03993522
2023-01-02 00:00:00+00:00,0.03848647
2023-01-03 00:00:00+00:00,0.02536680
2023-01-04 00:00:00+00:00,0.05275363
2023-01-05 00:00:00+00:00,-0.00871297
2023-01-06 00:00:00+00:00,0.02845274
2023-01-09 00:00:00+00:00,0.01858700
2023-01-10 00:00:00+00:00,-0.02014870
2023-01-11 00:00:00+00:00,0.01459786
2023-01-12 00:00:00+00:00,0.01158522
2023-01-13 00:00:00+00:00,0.01565868
2023-01-16 00:00:00+00:00,0.01238185
2023-01-17 00:00:00+00:00,0.00717454
2023-01-18 00:00:00+00:00,-0.00714647
2023-01-19 00:00:00+00:00,-0.02835240
2023-01-20 00:00:00+00:00,0.00496412
2023-01-23 00:00:00+00:00,0.01369595
2023-01-24 00:00:00+00:00,-0.00386535
2023-01-25 00:00:00+00:00,-0.00865250
2023-01-26 00:00:00+00:00,0.01166890
2023-01-27 00:00:00+00:00,0.00338948
2023-01-30 00:00:00+00:00,0.00891091
2023-01-31 00:00:00+00:00,0.00128013
2023-02-01 00:00:00+00:00,-0.01483500
2023-02-02 00:00:00+00:00,0.03127590
2023-02-03 00:00:00+00:00,0.02045249
2023-02-06 00:00:00+00:00,-0.02341280
2023-02-07 00:00:00+00:00,-0.01878856
2023-02-08 00:00:00+00:00,-0.00432570
2023-02-09 00:00:00+00:00,0.01614477
2023-02-10 00:00:00+00:00,-0.02641351
2023-02-13 00:00:00+00:00,0.04150172
2023-02-14 00:00:00+00:00,0.00201180
2023-02-15 00:00:00+00:00,0.01362830
2023-02-16 00:00:00+00:00,0.00590322
2023-02-17 00:00:00+00:00,-0.00979511
2023-02-20 00:00:00+00:00,-0.00806971
2023-02-21 00:00:00+00:00,0.00518868
2023-02-22 00:00:00+00:00,0.00321350
2023-02-23 00:00:00+00:00,-0.00322098
2023-02-24 00:00:00+00:00,-0.03093856
2023-02-27 00:00:00+00:00,0.01937494
2023-02-28 00:00:00+00:00,-0.01131570
2023-03-01 00:00:00+00:00,-0.01571931
2023-03-02 00:00:00+00:00,0.02211064
2023-03-03 00:00:00+00:00,0.01462174
2023-03-06 00:00:00+00:00,-0.00257588
2023-03-07 00:00:00+00:00,-0.01024485
2023-03-08 00:00:00+00:00,-0.00090371
2023-03-09 00:00:00+00:00,-0.00399436
2023-03-10 00:00:00+00:00,-0.01861604
2023-03-13 00:00:00+00:00,-0.02096984
2023-03-14 00:00:00+00:00,0.02890043
2023-03-15 00:00:00+00:00,-0.04400184
2023-03-16 00:00:00+00:00,0.04692596
2023-03-17 00:00:00+00:00,-0.03195086
2023-03-20 00:00:00+00:00,0.03154049
2023-03-21 00:00:00+00:00,0.01248450
2023-03-22 00:00:00+00:00,0.01649937
2023-03-23 00:00:00+00:00,0.00117864
2023-03-24 00:00:00+00:00,-0.00259422
2023-03-27 00:00:00+00:00,0.01514164
2023-03-28 00:00:00+00:00,-0.00857176
2023-03-29 00:00:00+00:00,0.02082966
2023-03-30 00:00:00+00:00,0.01484055
2023-03-31 00:00:00+00:00,0.02627972
2023-04-03 00:00:00+00:00,-0.00233243
2023-04-04 00:00:00+00:00,0.00761288
2023-04-05 00:00:00+00:00,-0.00132897
2023-04-06 00:00:00+00:00,-0.02335254
2023-04-11 00:00:00+00:00,0.01687862
2023-04-12 00:00:00+00:00,-0.01165281
2023-04-13 00:00:00+00:00,0.04741067
2023-04-14 00:00:00+00:00,0.01491783
2023-04-17 00:00:00+00:00,-0.01181873
2023-04-18 00:00:00+00:00,0.01095139
2023-04-19 00:00:00+00:00,0.01071282
2023-04-20 00:00:00+00:00,0.01428812
2023-04-21 00:00:00+00:00,0.00873093
2023-04-24 00:00:00+00:00,0.00510284
2023-04-25 00:00:00+00:00,-0.00478324
2023-04-26 00:00:00+00:00,-0.02370526
2023-04-27 00:00:00+00:00,0.01206860
2023-04-28 00:00:00+00:00,0.00063917
2023-05-02 00:00:00+00:00,-0.00816650
2023-05-03 00:00:00+00:00,0.01636778
2023-05-04 00:00:00+00:00,-0.01707281
2023-05-05 00:00:00+00:00,0.00974160
2023-05-08 00:00:00+00:00,0.01127516
2023-05-09 00:00:00+00:00,-0.01817142
2023-05-10 00:00:00+00:00,-0.02494936
2023-05-11 00:00:00+00:00,0.02307126
2023-05-12 00:00:00+00:00,0.00152150
2023-05-15 00:00:00+00:00,0.00337457
2023-05-16 00:00:00+00:00,-0.00878928
2023-05-17 00:00:00+00:00,-0.01157049
2023-05-18 00:00:00+00:00,0.00001939
2023-05-19 00:00:00+00:00,0.00260038
2023-05-22 00:00:00+00:00,-0.00051357
2023-05-23 00:00:00+00:00,-0.04905279
2023-05-24 00:00:00+00:00,-0.04371375
2023-05-25 00:00:00+00:00,0.00710353
2023-05-26 00:00:00+00:00,0.02842209
2023-05-29 00:00:00+00:00,-0.01150586
2023-05-30 00:00:00+00:00,-0.01726916
2023-05-31 00:00:00+00:00,-0.03876315
2023-06-01 00:00:00+00:00,0.00277118
2023-06-02 00:00:00+00:00,0.04036312
2023-06-05 00:00:00+00:00,-0.02007121
2023-06-06 00:00:00+00:00,-0.00006667
2023-06-07 00:00:00+00:00,-0.00623635
2023-06-08 00:00:00+00:00,-0.00653739
2023-06-09 00:00:00+00:00,0.00548808
2023-06-12 00:00:00+00:00,0.01978654
2023-06-13 00:00:00+00:00,0.01447940
2023-06-14 00:00:00+00:00,0.00747773
2023-06-15 00:00:00+00:00,-0.00748842
2023-06-16 00:00:00+00:00,0.03727490
2023-06-19 00:00:00+00:00,-0.02876484
2023-06-20 00:00:00+00:00,-0.00858509
2023-06-21 00:00:00+00:00,-0.01073871
2023-06-22 00:00:00+00:00,-0.00274877
2023-06-23 00:00:00+00:00,-0.00488202
2023-06-26 00:00:00+00:00,0.00169670
2023-06-27 00:00:00+00:00,0.00429102
2023-06-28 00:00:00+00:00,0.00844539
2023-06-29 00:00:00+00:00,0.00739493
2023-06-30 00:00:00+00:00,0.02489753
2023-07-03 00:00:00+00:00,-0.01203514
2023-07-04 00:00:00+00:00,0.00394497
2023-07-05 00:00:00+00:00,-0.01881916
2023-07-06 00:00:00+00:00,-0.05841192
2023-07-07 00:00:00+00:00,0.00296102
2023-07-10 00:00:00+00:00,0.00597874
2023-07-11 00:00:00+00:00,0.02649024
2023-07-12 00:00:00+00:00,0.03330125
2023-07-13 00:00:00+00:00,0.01336886
2023-07-14 00:00:00+00:00,0.01109825
2023-07-17 00:00:00+00:00,-0.05190471
2023-07-18 00:00:00+00:00,0.00539966
2023-07-19 00:00:00+00:00,0.00344272
2023-07-20 00:00:00+00:00,-0.00625215
2023-07-21 00:00:00+00:00,0.02149398
2023-07-24 00:00:00+00:00,-0.01307344
2023-07-25 00:00:00+00:00,0.02001774
2023-07-26 00:00:00+00:00,-0.03601743
2023-07-27 00:00:00+00:00,0.04405038
2023-07-28 00:00:00+00:00,0.01165307
2023-07-31 00:00:00+00:00,0.00019895
2023-08-01 00:00:00+00:00,-0.03196310
2023-08-02 00:00:00+00:00,-0.02687194
2023-08-03 00:00:00+00:00,-0.00946702
2023-08-04 00:00:00+00:00,0.00310841
2023-08-07 00:00:00+00:00,-0.00333592
2023-08-08 00:00:00+00:00,-0.01801599
2023-08-09 00:00:00+00:00,0.00341945
2023-08-10 00:00:00+00:00,0.04398620
2023-08-11 00:00:00+00:00,-0.03111090
2023-08-14 00:00:00+00:00,0.00152052
2023-08-15 00:00:00+00:00,-0.02567998
2023-08-16 00:00:00+00:00,0.00191917
2023-08-17 00:00:00+00:00,-0.02456542
2023-08-18 00:00:00+00:00,-0.01500318
2023-08-21 00:00:00+00:00,0.00292275
2023-08-22 00:00:00+00:00,0.00513286
2023-08-23 00:00:00+00:00,0.00502191
2023-08-24 00:00:00+00:00,-0.00773234
2023-08-25 00:00:00+00:00,-0.00054947
2023-08-28 00:00:00+00:00,0.02224279
2023-08-29 00:00:00+00:00,0.01781109
2023-08-30 00:00:00+00:00,-0.00186147
2023-08-31 00:00:00+00:00,-0.01620370
2023-09-01 00:00:00+00:00,-0.01490433
2023-09-04 00:00:00+00:00,-0.00064260
2023-09-05 00:00:00+00:00,-0.01779678
2023-09-06 00:00:00+00:00,-0.04415556
2023-09-07 00:00:00+00:00,-0.00856090
2023-09-08 00:00:00+00:00,0.02454247
2023-09-11 00:00:00+00:00,0.00836903
2023-09-12 00:00:00+00:00,-0.00904901
2023-09-13 00:00:00+00:00,-0.00732858
2023-09-14 00:00:00+00:00,0.02524398
2023-09-15 00:00:00+00:00,0.02453873
2023-09-18 00:00:00+00:00,-0.02898843
2023-09-19 00:00:00+00:00,-0.01644461
2023-09-20 00:00:00+00:00,0.01624783
2023-09-21 00:00:00+00:00,-0.02931309
2023-09-22 00:00:00+00:00,0.00329697
2023-09-25 00:00:00+00:00,-0.04074968
2023-09-26 00:00:00+00:00,-0.02334637
2023-09-27 00:00:00+00:00,-0.01066760
2023-09-28 00:00:00+00:00,0.00885464
2023-09-29 00:00:00+00:00,0.02534474
2023-10-02 00:00:00+00:00,-0.01699185
2023-10-03 00:00:00+00:00,-0.01693101
2023-10-04 00:00:00+00:00,-0.00047345
2023-10-05 00:00:00+00:00,0.01305241
2023-10-06 00:00:00+00:00,0.00685776
2023-10-09 00:00:00+00:00,-0.02228050
2023-10-10 00:00:00+00:00,0.04783907
2023-10-11 00:00:00+00:00,-0.03843125
2023-10-12 00:00:00+00:00,-0.02436704
2023-10-13 00:00:00+00:00,-0.03096700
2023-10-16 00:00:00+00:00,0.01158993
2023-10-17 00:00:00+00:00,0.00014633
2023-10-18 00:00:00+00:00,-0.00120969
2023-10-19 00:00:00+00:00,-0.00100114
2023-10-20 00:00:00+00:00,-0.01938225
2023-10-23 00:00:00+00:00,0.00711003
2023-10-24 00:00:00+00:00,0.02504945
2023-10-25 00:00:00+00:00,-0.00047727
2023-10-26 00:00:00+00:00,-0.03067944
2023-10-27 00:00:00+00:00,-0.02282345
2023-10-30 00:00:00+00:00,0.01337061
2023-10-31 00:00:00+00:00,0.01433873
2023-11-01 00:00:00+00:00,0.00593129
2023-11-02 00:00:00+00:00,0.03923996
2023-11-03 00:00:00+00:00,0.00795560
2023-11-06 00:00:00+00:00,-0.00917217
2023-11-07 00:00:00+00:00,0.00466840
2023-11-08 00:00:00+00:00,0.01696568
2023-11-09 00:00:00+00:00,0.02536475
2023-11-10 00:00:00+00:00,-0.05098205
2023-11-13 00:00:00+00:00,0.00612164
2023-11-14 00:00:00+00:00,0.04749920
2023-11-15 00:00:00+00:00,0.00776304
2023-11-16 00:00:00+00:00,-0.02844912
2023-11-17 00:00:00+00:00,0.01108888
2023-11-20 00:00:00+00:00,0.00417136
2023-11-21 00:00:00+00:00,-0.00127005
2023-11-22 00:00:00+00:00,0.01855781
2023-11-23 00:00:00+00:00,-0.00395366
2023-11-24 00:00:00+00:00,-0.00236187
2023-11-27 00:00:00+00:00,-0.00136390
2023-11-28 00:00:00+00:00,-0.01961622
2023-11-29 00:00:00+00:00,0.00287452
2023-11-30 00:00:00+00:00,0.00973574
2023-12-01 00:00:00+00:00,0.01159600
2023-12-04 00:00:00+00:00,0.00912508
2023-12-05 00:00:00+00:00,0.01176881
2023-12-06 00:00:00+00:00,0.00458465
2023-12-07 00:00:00+00:00,-0.01407507
2023-12-08 00:00:00+00:00,0.02891911
2023-12-11 00:00:00+00:00,0.00150026
2023-12-12 00:00:00+00:00,0.00296461
2023-12-13 00:00:00+00:00,0.00168741
2023-12-14 00:00:00+00:00,0.02463605
2023-12-15 00:00:00+00:00,-0.00765444
2023-12-18 00:00:00+00:00,-0.01404722
2023-12-19 00:00:00+00:00,0.00741090
2023-12-20 00:00:00+00:00,0.00602830
2023-12-21 00:00:00+00:00,-0.01356995
2023-12-22 00:00:00+00:00,-0.01608738
2023-12-27 00:00:00+00:00,0.00081588
2023-12-28 00:00:00+00:00,-0.00769314
2023-12-29 00:00:00+00:00,-0.00281179
2024-01-02 00:00:00+00:00,-0.00724110
2024-01-03 00:00:00+00:00,-0.02670444
2024-01-04 00:00:00+00:00,-0.00076269
2024-01-05 00:00:00+00:00,-0.01296651
2024-01-08 00:00:00+00:00,0.01534123
2024-01-09 00:00:00+00:00,-0.00236094
2024-01-10 00:00:00+00:00,0.00203756
2024-01-11 00:00:00+00:00,-0.02024242
2024-01-12 00:00:00+00:00,0.00316807
2024-01-15 00:00:00+00:00,-0.01829623
2024-01-16 00:00:00+00:00,-0.01103959
2024-01-17 00:00:00+00:00,-0.03205140
2024-01-18 00:00:00+00:00,0.02247743
2024-01-19 00:00:00+00:00,-0.00981351
2024-01-22 00:00:00+00:00,0.01190808
2024-01-23 00:00:00+00:00,0.00701830
2024-01-24 00:00:00+00:00,0.01333021
2024-01-25 00:00:00+00:00,0.00521739
2024-01-26 00:00:00+00:00,0.09141008
2024-01-29 00:00:00+00:00,0.00705071
2024-01-30 00:00:00+00:00,0.00760067
2024-01-31 00:00:00+00:00,-0.00865710
2024-02-01 00:00:00+00:00,-0.00783034
2024-02-02 00:00:00+00:00,0.01167426
2024-02-05 00:00:00+00:00,0.00902168
2024-02-06 00:00:00+00:00,0.01088557
2024-02-07 00:00:00+00:00,-0.00575017
2024-02-08 00:00:00+00:00,0.03859545
2024-02-09 00:00:00+00:00,-0.00938848
2024-02-12 00:00:00+00:00,0.01903286
2024-02-13 00:00:00+00:00,-0.02872841
2024-02-14 00:00:00+00:00,0.00614184
2024-02-15 00:00:00+00:00,0.02009705
2024-02-16 00:00:00+00:00,0.01209316
2024-02-19 00:00:00+00:00,0.00417515
2024-02-20 00:00:00+00:00,-0.00034558
2024-02-21 00:00:00+00:00,-0.00154316
2024-02-22 00:00:00+00:00,0.02462592
2024-02-23 00:00:00+00:00,0.00894021
2024-02-26 00:00:00+00:00,-0.01067333
2024-02-27 00:00:00+00:00,-0.00070819
2024-02-28 00:00:00+00:00,-0.02530960
2024-02-29 00:00:00+00:00,-0.00209872
2024-03-01 00:00:00+00:00,0.00713488
2024-03-04 00:00:00+00:00,-0.01350432
2024-03-05 00:00:00+00:00,-0.01498306
2024-03-06 00:00:00+00:00,0.00021185
2024-03-07 00:00:00+00:00,0.01682070
2024-03-08 00:00:00+00:00,0.01020117
2024-03-11 00:00:00+00:00,0.00646617
2024-03-12 00:00:00+00:00,0.01884311
2024-03-13 00:00:00+00:00,0.01793578
2024-03-14 00:00:00+00:00,0.00551806
2024-03-15 00:00:00+00:00,-0.03717516
2024-03-18 00:00:00+00:00,-0.01086966
2024-03-19 00:00:00+00:00,0.00094262
2024-03-20 00:00:00+00:00,-0.02664663
2024-03-21 00:00:00+00:00,0.00077037
2024-03-22 00:00:00+00:00,-0.01487669
2024-03-25 00:00:00+00:00,-0.00034896
2024-03-26 00:00:00+00:00,-0.00016125
2024-03-27 00:00:00+00:00,0.01289287
2024-03-28 00:00:00+00:00,0.01158497
