Date,EUROSTX-LARGE
2013-03-13 00:00:00+00:00,-0.00320856
2013-03-14 00:00:00+00:00,0.02392857
2013-03-15 00:00:00+00:00,-0.01129146
2013-03-18 00:00:00+00:00,-0.00816182
2013-03-19 00:00:00+00:00,-0.01923077
2013-03-20 00:00:00+00:00,0.02053314
2013-03-21 00:00:00+00:00,-0.02136752
2013-03-22 00:00:00+00:00,-0.00143988
2013-03-25 00:00:00+00:00,-0.02053314
2013-03-26 00:00:00+00:00,-0.00364033
2013-03-27 00:00:00+00:00,-0.02078775
2013-03-28 00:00:00+00:00,0.00515844
2013-04-02 00:00:00+00:00,0.04042631
2013-04-03 00:00:00+00:00,-0.02377522
2013-04-04 00:00:00+00:00,-0.01385345
2013-04-05 00:00:00+00:00,-0.03303965
2013-04-08 00:00:00+00:00,0.00000000
2013-04-09 00:00:00+00:00,0.00074655
2013-04-10 00:00:00+00:00,0.05447761
2013-04-11 00:00:00+00:00,0.01525608
2013-04-12 00:00:00+00:00,-0.03172314
2013-04-15 00:00:00+00:00,-0.01025641
2013-04-16 00:00:00+00:00,-0.00736377
2013-04-17 00:00:00+00:00,-0.04360680
2013-04-18 00:00:00+00:00,-0.00226672
2013-04-19 00:00:00+00:00,0.01210287
2013-04-22 00:00:00+00:00,0.00827068
2013-04-23 00:00:00+00:00,0.06364657
2013-04-24 00:00:00+00:00,0.02539913
2013-04-25 00:00:00+00:00,0.00573271
2013-04-26 00:00:00+00:00,-0.01357628
2013-04-29 00:00:00+00:00,0.02589928
2013-04-30 00:00:00+00:00,-0.00142045
2013-05-02 00:00:00+00:00,0.00995025
2013-05-03 00:00:00+00:00,0.02899576
2013-05-06 00:00:00+00:00,-0.00278843
2013-05-07 00:00:00+00:00,0.01256545
2013-05-08 00:00:00+00:00,0.01595560
2013-05-09 00:00:00+00:00,0.00137694
2013-05-10 00:00:00+00:00,0.00550396
2013-05-13 00:00:00+00:00,-0.00343053
2013-05-14 00:00:00+00:00,0.01305842
2013-05-15 00:00:00+00:00,0.01229088
2013-05-16 00:00:00+00:00,0.00067866
2013-05-17 00:00:00+00:00,0.00881954
2013-05-20 00:00:00+00:00,0.01080716
2013-05-21 00:00:00+00:00,-0.00201545
2013-05-22 00:00:00+00:00,0.01210491
2013-05-23 00:00:00+00:00,-0.04077540
2013-05-24 00:00:00+00:00,-0.00614125
2013-05-27 00:00:00+00:00,0.01779603
2013-05-28 00:00:00+00:00,0.03324288
2013-05-29 00:00:00+00:00,-0.03536870
2013-05-30 00:00:00+00:00,0.00951087
2013-05-31 00:00:00+00:00,-0.01757945
2013-06-03 00:00:00+00:00,-0.01773533
2013-06-04 00:00:00+00:00,0.00481762
2013-06-05 00:00:00+00:00,-0.03027241
2013-06-06 00:00:00+00:00,-0.02509585
2013-06-07 00:00:00+00:00,0.03176844
2013-06-10 00:00:00+00:00,0.00000000
2013-06-11 00:00:00+00:00,-0.02293259
2013-06-12 00:00:00+00:00,-0.00843585
2013-06-13 00:00:00+00:00,-0.00425381
2013-06-14 00:00:00+00:00,0.00497512
2013-06-17 00:00:00+00:00,0.02197802
2013-06-18 00:00:00+00:00,0.00000000
2013-06-19 00:00:00+00:00,-0.00841515
2013-06-20 00:00:00+00:00,-0.07007042
2013-06-21 00:00:00+00:00,-0.02043050
2013-06-24 00:00:00+00:00,-0.03206782
2013-06-25 00:00:00+00:00,0.02099738
2013-06-26 00:00:00+00:00,0.04378479
2013-06-27 00:00:00+00:00,0.01597676
2013-06-28 00:00:00+00:00,-0.01476945
2013-07-01 00:00:00+00:00,0.01450326
2013-07-02 00:00:00+00:00,-0.01151908
2013-07-03 00:00:00+00:00,-0.01810282
2013-07-04 00:00:00+00:00,0.05407380
2013-07-05 00:00:00+00:00,-0.03415155
2013-07-08 00:00:00+00:00,0.03619254
2013-07-09 00:00:00+00:00,0.01564166
2013-07-10 00:00:00+00:00,-0.00564374
2013-07-11 00:00:00+00:00,0.01839406
2013-07-12 00:00:00+00:00,-0.00630915
2013-07-15 00:00:00+00:00,0.00984529
2013-07-16 00:00:00+00:00,-0.01329601
2013-07-17 00:00:00+00:00,0.01056710
2013-07-18 00:00:00+00:00,0.02172390
2013-07-19 00:00:00+00:00,0.00277296
2013-07-22 00:00:00+00:00,0.00346141
2013-07-23 00:00:00+00:00,-0.00207326
2013-07-24 00:00:00+00:00,0.01937046
2013-07-25 00:00:00+00:00,-0.00616650
2013-07-26 00:00:00+00:00,0.00068729
2013-07-29 00:00:00+00:00,-0.00274820
2013-07-30 00:00:00+00:00,0.01238390
2013-07-31 00:00:00+00:00,-0.00478632
2013-08-01 00:00:00+00:00,0.03632625
2013-08-02 00:00:00+00:00,0.00269270
2013-08-05 00:00:00+00:00,0.00067227
2013-08-06 00:00:00+00:00,-0.01209677
2013-08-07 00:00:00+00:00,-0.00270453
2013-08-08 00:00:00+00:00,0.01421801
2013-08-09 00:00:00+00:00,0.00705882
2013-08-12 00:00:00+00:00,0.00468855
2013-08-13 00:00:00+00:00,0.00868694
2013-08-14 00:00:00+00:00,0.00931470
2013-08-15 00:00:00+00:00,-0.01523179
2013-08-16 00:00:00+00:00,0.01201201
2013-08-19 00:00:00+00:00,-0.01857380
2013-08-20 00:00:00+00:00,-0.02209575
2013-08-21 00:00:00+00:00,-0.00812458
2013-08-22 00:00:00+00:00,0.02311353
2013-08-23 00:00:00+00:00,0.01209677
2013-08-26 00:00:00+00:00,-0.00467602
2013-08-27 00:00:00+00:00,-0.04285236
2013-08-28 00:00:00+00:00,-0.01505303
2013-08-29 00:00:00+00:00,0.01240951
2013-08-30 00:00:00+00:00,-0.01884207
2013-09-02 00:00:00+00:00,0.02802768
2013-09-03 00:00:00+00:00,-0.00545703
2013-09-04 00:00:00+00:00,0.00136799
2013-09-05 00:00:00+00:00,0.00882285
2013-09-06 00:00:00+00:00,0.01633209
2013-09-09 00:00:00+00:00,0.00337496
2013-09-10 00:00:00+00:00,0.03638814
2013-09-11 00:00:00+00:00,0.00496360
2013-09-12 00:00:00+00:00,-0.00363276
2013-09-13 00:00:00+00:00,0.00497183
2013-09-16 00:00:00+00:00,0.01785714
2013-09-17 00:00:00+00:00,-0.00065552
2013-09-18 00:00:00+00:00,0.00885246
2013-09-19 00:00:00+00:00,0.01664491
2013-09-20 00:00:00+00:00,-0.00064725
2013-09-23 00:00:00+00:00,-0.01553901
2013-09-24 00:00:00+00:00,0.01011089
2013-09-25 00:00:00+00:00,0.00064872
2013-09-26 00:00:00+00:00,-0.00389105
2013-09-27 00:00:00+00:00,-0.00194932
2013-09-30 00:00:00+00:00,-0.01528455
2013-10-01 00:00:00+00:00,0.02229508
2013-10-02 00:00:00+00:00,-0.00778210
2013-10-03 00:00:00+00:00,-0.01106771
2013-10-04 00:00:00+00:00,0.01374795
2013-10-07 00:00:00+00:00,-0.00390117
2013-10-08 00:00:00+00:00,-0.00716612
2013-10-09 00:00:00+00:00,-0.00849951
2013-10-10 00:00:00+00:00,0.04333552
2013-10-11 00:00:00+00:00,0.00642674
2013-10-14 00:00:00+00:00,0.00000000
2013-10-15 00:00:00+00:00,0.01985906
2013-10-16 00:00:00+00:00,0.00634317
2013-10-17 00:00:00+00:00,-0.00126462
2013-10-18 00:00:00+00:00,0.01486871
2013-10-21 00:00:00+00:00,0.00219849
2013-10-22 00:00:00+00:00,0.00941029
2013-10-23 00:00:00+00:00,-0.01873244
2013-10-24 00:00:00+00:00,0.01260637
2013-10-25 00:00:00+00:00,-0.00438459
2013-10-28 00:00:00+00:00,-0.00690521
2013-10-29 00:00:00+00:00,0.01574803
2013-10-30 00:00:00+00:00,-0.00312500
2013-10-31 00:00:00+00:00,0.01314554
2013-11-01 00:00:00+00:00,-0.00995025
2013-11-04 00:00:00+00:00,0.00750000
2013-11-05 00:00:00+00:00,-0.01307597
2013-11-06 00:00:00+00:00,0.01504231
2013-11-07 00:00:00+00:00,-0.00342146
2013-11-08 00:00:00+00:00,-0.01278055
2013-11-11 00:00:00+00:00,0.01938712
2013-11-12 00:00:00+00:00,-0.01118012
2013-11-13 00:00:00+00:00,-0.00999375
2013-11-14 00:00:00+00:00,0.02008788
2013-11-15 00:00:00+00:00,0.00124301
2013-11-18 00:00:00+00:00,0.01801242
2013-11-19 00:00:00+00:00,-0.01846722
2013-11-20 00:00:00+00:00,-0.00186393
2013-11-21 00:00:00+00:00,0.00062189
2013-11-22 00:00:00+00:00,0.00435188
2013-11-25 00:00:00+00:00,0.01240695
2013-11-26 00:00:00+00:00,-0.00493218
2013-11-27 00:00:00+00:00,0.01112485
2013-11-28 00:00:00+00:00,0.00645360
2013-11-29 00:00:00+00:00,-0.00306373
2013-12-02 00:00:00+00:00,-0.00613685
2013-12-03 00:00:00+00:00,-0.03847338
2013-12-04 00:00:00+00:00,-0.01568874
2013-12-05 00:00:00+00:00,-0.02030335
2013-12-06 00:00:00+00:00,0.01469649
2013-12-09 00:00:00+00:00,0.00634317
2013-12-10 00:00:00+00:00,-0.01517547
2013-12-11 00:00:00+00:00,-0.01210577
2013-12-12 00:00:00+00:00,-0.00897436
2013-12-13 00:00:00+00:00,-0.00226391
2013-12-16 00:00:00+00:00,0.03269667
2013-12-17 00:00:00+00:00,-0.01784008
2013-12-18 00:00:00+00:00,0.01735776
2013-12-19 00:00:00+00:00,0.03282345
2013-12-20 00:00:00+00:00,0.01567890
2013-12-23 00:00:00+00:00,0.01275669
2013-12-27 00:00:00+00:00,0.02844774
2013-12-30 00:00:00+00:00,-0.00121951
2014-01-02 00:00:00+00:00,-0.02440513
2014-01-03 00:00:00+00:00,0.00957381
2014-01-06 00:00:00+00:00,-0.00461396
2014-01-07 00:00:00+00:00,0.02219482
2014-01-08 00:00:00+00:00,-0.00060976
2014-01-09 00:00:00+00:00,-0.00914913
2014-01-10 00:00:00+00:00,0.00919118
2014-01-13 00:00:00+00:00,0.00548948
2014-01-14 00:00:00+00:00,0.00364964
2014-01-15 00:00:00+00:00,0.02975106
2014-01-16 00:00:00+00:00,-0.00538439
2014-01-17 00:00:00+00:00,0.00299940
2014-01-20 00:00:00+00:00,-0.00299491
2014-01-21 00:00:00+00:00,0.00000000
2014-01-22 00:00:00+00:00,0.00059988
2014-01-23 00:00:00+00:00,-0.01919040
2014-01-24 00:00:00+00:00,-0.05873448
2014-01-27 00:00:00+00:00,-0.00623830
2014-01-28 00:00:00+00:00,0.01314143
2014-01-29 00:00:00+00:00,-0.01212310
2014-01-30 00:00:00+00:00,0.00375352
2014-01-31 00:00:00+00:00,-0.00561973
2014-02-03 00:00:00+00:00,-0.03193488
2014-02-04 00:00:00+00:00,0.00063633
2014-02-05 00:00:00+00:00,0.00127226
2014-02-06 00:00:00+00:00,0.03242212
2014-02-07 00:00:00+00:00,0.01689084
2014-02-10 00:00:00+00:00,-0.00217122
2014-02-11 00:00:00+00:00,0.02795031
2014-02-12 00:00:00+00:00,0.01225115
2014-02-13 00:00:00+00:00,0.00426180
2014-02-14 00:00:00+00:00,0.01032807
2014-02-17 00:00:00+00:00,0.00302206
2014-02-18 00:00:00+00:00,-0.00060350
2014-02-19 00:00:00+00:00,0.00120736
2014-02-20 00:00:00+00:00,-0.00422323
2014-02-21 00:00:00+00:00,0.00060459
2014-02-24 00:00:00+00:00,0.01631913
2014-02-25 00:00:00+00:00,0.00479616
2014-02-26 00:00:00+00:00,-0.00179426
2014-02-27 00:00:00+00:00,-0.00838072
2014-02-28 00:00:00+00:00,0.00000000
2014-03-03 00:00:00+00:00,-0.05350165
2014-03-04 00:00:00+00:00,0.05126621
2014-03-05 00:00:00+00:00,0.00053923
2014-03-06 00:00:00+00:00,0.00541842
2014-03-07 00:00:00+00:00,-0.02761933
2014-03-10 00:00:00+00:00,-0.00547945
2014-03-11 00:00:00+00:00,-0.00122100
2014-03-12 00:00:00+00:00,-0.02840562
2014-03-13 00:00:00+00:00,-0.02766426
2014-03-14 00:00:00+00:00,-0.00573797
2014-03-17 00:00:00+00:00,0.01918159
2014-03-18 00:00:00+00:00,0.01773274
2014-03-19 00:00:00+00:00,0.00188324
2014-03-20 00:00:00+00:00,0.00156789
2014-03-21 00:00:00+00:00,0.01065497
2014-03-24 00:00:00+00:00,-0.02930175
2014-03-25 00:00:00+00:00,0.02785692
2014-03-26 00:00:00+00:00,0.02372776
2014-03-27 00:00:00+00:00,0.00308547
2014-03-28 00:00:00+00:00,0.02279729
2014-03-31 00:00:00+00:00,-0.00060920
2014-04-01 00:00:00+00:00,0.01218769
2014-04-02 00:00:00+00:00,0.00423985
2014-04-03 00:00:00+00:00,0.00785736
2014-04-04 00:00:00+00:00,0.01264299
2014-04-07 00:00:00+00:00,-0.02572540
2014-04-08 00:00:00+00:00,-0.00606061
2014-04-09 00:00:00+00:00,0.00303951
2014-04-10 00:00:00+00:00,-0.01213961
2014-04-11 00:00:00+00:00,-0.02564885
2014-04-14 00:00:00+00:00,0.00618620
2014-04-15 00:00:00+00:00,-0.02343509
2014-04-16 00:00:00+00:00,0.02995320
2014-04-17 00:00:00+00:00,0.01291116
2014-04-22 00:00:00+00:00,0.02810018
2014-04-23 00:00:00+00:00,-0.01144578
2014-04-24 00:00:00+00:00,0.00302939
2014-04-25 00:00:00+00:00,-0.02117362
2014-04-28 00:00:00+00:00,0.00489147
2014-04-29 00:00:00+00:00,0.02805733
2014-04-30 00:00:00+00:00,-0.00240602
2014-05-02 00:00:00+00:00,-0.01144234
2014-05-05 00:00:00+00:00,0.00302847
2014-05-06 00:00:00+00:00,-0.01209555
2014-05-07 00:00:00+00:00,0.00790995
2014-05-08 00:00:00+00:00,0.02727273
2014-05-09 00:00:00+00:00,-0.00956652
2014-05-12 00:00:00+00:00,0.01622109
2014-05-13 00:00:00+00:00,0.00536353
2014-05-14 00:00:00+00:00,0.00059435
2014-05-15 00:00:00+00:00,-0.03089721
2014-05-16 00:00:00+00:00,0.00362100
2014-05-19 00:00:00+00:00,0.00662651
2014-05-20 00:00:00+00:00,-0.00240168
2014-05-21 00:00:00+00:00,0.01262399
2014-05-22 00:00:00+00:00,0.00477897
2014-05-23 00:00:00+00:00,0.00715137
2014-05-26 00:00:00+00:00,0.02909739
2014-05-27 00:00:00+00:00,-0.00117062
2014-05-28 00:00:00+00:00,0.00000000
2014-05-29 00:00:00+00:00,0.00117130
2014-05-30 00:00:00+00:00,0.00175593
2014-06-02 00:00:00+00:00,0.00467836
2014-06-03 00:00:00+00:00,-0.00700117
2014-06-04 00:00:00+00:00,-0.00058548
2014-06-05 00:00:00+00:00,0.01633524
2014-06-06 00:00:00+00:00,0.01510311
2014-06-09 00:00:00+00:00,0.00807149
2014-06-10 00:00:00+00:00,0.00114844
2014-06-11 00:00:00+00:00,-0.01262554
2014-06-12 00:00:00+00:00,-0.00231014
2014-06-13 00:00:00+00:00,-0.00289436
2014-06-16 00:00:00+00:00,-0.01043478
2014-06-17 00:00:00+00:00,0.00524476
2014-06-18 00:00:00+00:00,0.00290613
2014-06-19 00:00:00+00:00,0.01799187
2014-06-20 00:00:00+00:00,-0.00460167
2014-06-23 00:00:00+00:00,-0.01297204
2014-06-24 00:00:00+00:00,0.00058038
2014-06-25 00:00:00+00:00,-0.01740644
2014-06-26 00:00:00+00:00,-0.01287679
2014-06-27 00:00:00+00:00,0.00058910
2014-06-30 00:00:00+00:00,0.00294464
2014-07-01 00:00:00+00:00,0.01234931
2014-07-02 00:00:00+00:00,0.00058445
2014-07-03 00:00:00+00:00,0.02044990
2014-07-04 00:00:00+00:00,-0.01041064
2014-07-07 00:00:00+00:00,-0.02325581
2014-07-08 00:00:00+00:00,-0.02882353
2014-07-09 00:00:00+00:00,0.00835571
2014-07-10 00:00:00+00:00,-0.02971768
2014-07-11 00:00:00+00:00,0.00060332
2014-07-14 00:00:00+00:00,0.02110977
2014-07-15 00:00:00+00:00,-0.01611459
2014-07-16 00:00:00+00:00,0.02707581
2014-07-17 00:00:00+00:00,-0.02612051
2014-07-18 00:00:00+00:00,0.00240602
2014-07-21 00:00:00+00:00,-0.01201562
2014-07-22 00:00:00+00:00,0.02840737
2014-07-23 00:00:00+00:00,0.00178784
2014-07-24 00:00:00+00:00,0.01786246
2014-07-25 00:00:00+00:00,-0.02832694
2014-07-28 00:00:00+00:00,-0.00179587
2014-07-29 00:00:00+00:00,0.00958658
2014-07-30 00:00:00+00:00,-0.01132976
2014-07-31 00:00:00+00:00,-0.03298351
2014-08-01 00:00:00+00:00,-0.02987805
2014-08-04 00:00:00+00:00,0.00061900
2014-08-05 00:00:00+00:00,-0.00185644
2014-08-06 00:00:00+00:00,-0.01486528
2014-08-07 00:00:00+00:00,-0.02184087
2014-08-08 00:00:00+00:00,-0.00378549
2014-08-11 00:00:00+00:00,0.02844501
2014-08-12 00:00:00+00:00,-0.01433468
2014-08-13 00:00:00+00:00,0.02008788
2014-08-14 00:00:00+00:00,0.00062150
2014-08-15 00:00:00+00:00,-0.02112457
2014-08-18 00:00:00+00:00,0.03265306
2014-08-19 00:00:00+00:00,0.01235712
2014-08-20 00:00:00+00:00,-0.00491250
2014-08-21 00:00:00+00:00,0.02339181
2014-08-22 00:00:00+00:00,-0.01277761
2014-08-25 00:00:00+00:00,0.03674219
2014-08-26 00:00:00+00:00,0.02044498
2014-08-27 00:00:00+00:00,-0.00178571
2014-08-28 00:00:00+00:00,-0.01846887
2014-08-29 00:00:00+00:00,0.00180397
2014-09-01 00:00:00+00:00,0.00360469
2014-09-02 00:00:00+00:00,0.00509745
2014-09-03 00:00:00+00:00,0.02243494
2014-09-04 00:00:00+00:00,0.03371783
2014-09-05 00:00:00+00:00,-0.00064473
2014-09-08 00:00:00+00:00,-0.00407332
2014-09-09 00:00:00+00:00,-0.01107872
2014-09-10 00:00:00+00:00,-0.00058634
2014-09-11 00:00:00+00:00,-0.00703812
2014-09-12 00:00:00+00:00,-0.00500294
2014-09-15 00:00:00+00:00,-0.00177462
2014-09-16 00:00:00+00:00,-0.00592066
2014-09-17 00:00:00+00:00,0.01128266
2014-09-18 00:00:00+00:00,0.01653381
2014-09-19 00:00:00+00:00,0.00585652
2014-09-22 00:00:00+00:00,-0.01401460
2014-09-23 00:00:00+00:00,-0.02821869
2014-09-24 00:00:00+00:00,0.02087060
2014-09-25 00:00:00+00:00,-0.02537622
2014-09-26 00:00:00+00:00,0.01016139
2014-09-29 00:00:00+00:00,-0.01605709
2014-09-30 00:00:00+00:00,0.02398082
2014-10-01 00:00:00+00:00,-0.02191943
2014-10-02 00:00:00+00:00,-0.05031447
2014-10-03 00:00:00+00:00,0.01536098
2014-10-06 00:00:00+00:00,-0.00243902
2014-10-07 00:00:00+00:00,-0.03052503
2014-10-08 00:00:00+00:00,-0.01549907
2014-10-09 00:00:00+00:00,-0.00812246
2014-10-10 00:00:00+00:00,-0.03387704
2014-10-13 00:00:00+00:00,-0.00063816
2014-10-14 00:00:00+00:00,0.00766039
2014-10-15 00:00:00+00:00,-0.07249603
2014-10-16 00:00:00+00:00,-0.00857803
2014-10-17 00:00:00+00:00,0.05699139
2014-10-20 00:00:00+00:00,-0.01739691
2014-10-21 00:00:00+00:00,0.04224894
2014-10-22 00:00:00+00:00,0.01018460
2014-10-23 00:00:00+00:00,0.02279924
2014-10-24 00:00:00+00:00,-0.00626174
2014-10-27 00:00:00+00:00,-0.02072864
2014-10-28 00:00:00+00:00,0.02856236
2014-10-29 00:00:00+00:00,-0.01001252
2014-10-30 00:00:00+00:00,0.01069182
2014-10-31 00:00:00+00:00,0.04566781
2014-11-03 00:00:00+00:00,-0.01590214
2014-11-04 00:00:00+00:00,-0.02774353
2014-11-05 00:00:00+00:00,0.03376055
2014-11-06 00:00:00+00:00,0.00799262
2014-11-07 00:00:00+00:00,-0.02143295
2014-11-10 00:00:00+00:00,0.01671309
2014-11-11 00:00:00+00:00,0.00675261
2014-11-12 00:00:00+00:00,-0.03303763
2014-11-13 00:00:00+00:00,0.00870918
2014-11-14 00:00:00+00:00,0.00061939
2014-11-17 00:00:00+00:00,0.01547988
2014-11-18 00:00:00+00:00,0.02150538
2014-11-19 00:00:00+00:00,0.00182371
2014-11-20 00:00:00+00:00,-0.00971758
2014-11-21 00:00:00+00:00,0.05431797
2014-11-24 00:00:00+00:00,0.01188354
2014-11-25 00:00:00+00:00,0.00590667
2014-11-26 00:00:00+00:00,0.00412250
2014-11-27 00:00:00+00:00,0.00881575
2014-11-28 00:00:00+00:00,0.00292227
2014-12-01 00:00:00+00:00,-0.01108842
2014-12-02 00:00:00+00:00,0.00645540
2014-12-03 00:00:00+00:00,0.00818953
2014-12-04 00:00:00+00:00,-0.03204195
2014-12-05 00:00:00+00:00,0.05203884
2014-12-08 00:00:00+00:00,-0.01615695
2014-12-09 00:00:00+00:00,-0.04653869
2014-12-10 00:00:00+00:00,-0.01220965
2014-12-11 00:00:00+00:00,0.00419413
2014-12-12 00:00:00+00:00,-0.03079223
2014-12-15 00:00:00+00:00,-0.04935225
2014-12-16 00:00:00+00:00,0.04111322
2014-12-17 00:00:00+00:00,0.00402851
2014-12-18 00:00:00+00:00,0.05815032
2014-12-19 00:00:00+00:00,-0.00420800
2014-12-22 00:00:00+00:00,0.01265060
2014-12-23 00:00:00+00:00,0.02034101
2014-12-29 00:00:00+00:00,0.00325733
2014-12-30 00:00:00+00:00,-0.02667457
2015-01-02 00:00:00+00:00,-0.00030039
2015-01-05 00:00:00+00:00,-0.06850962
2015-01-06 00:00:00+00:00,0.00342253
2015-01-07 00:00:00+00:00,-0.00530587
2015-01-08 00:00:00+00:00,0.07038306
2015-01-09 00:00:00+00:00,-0.05294826
2015-01-12 00:00:00+00:00,0.02719407
2015-01-13 00:00:00+00:00,0.02987805
2015-01-14 00:00:00+00:00,-0.01922499
2015-01-15 00:00:00+00:00,0.03275705
2015-01-16 00:00:00+00:00,0.03282602
2015-01-19 00:00:00+00:00,0.01115678
2015-01-20 00:00:00+00:00,0.01343066
2015-01-21 00:00:00+00:00,0.01392111
2015-01-22 00:00:00+00:00,0.03456221
2015-01-23 00:00:00+00:00,0.03737259
2015-01-26 00:00:00+00:00,0.01723180
2015-01-27 00:00:00+00:00,-0.02314687
2015-01-28 00:00:00+00:00,-0.00334541
2015-01-29 00:00:00+00:00,0.00558503
2015-01-30 00:00:00+00:00,-0.01169591
2015-02-02 00:00:00+00:00,0.00784314
2015-02-03 00:00:00+00:00,0.02622768
2015-02-04 00:00:00+00:00,0.00055081
2015-02-05 00:00:00+00:00,-0.00055066
2015-02-06 00:00:00+00:00,-0.00550812
2015-02-09 00:00:00+00:00,-0.02540735
2015-02-10 00:00:00+00:00,0.01678322
2015-02-11 00:00:00+00:00,-0.00332779
2015-02-12 00:00:00+00:00,0.02444444
2015-02-13 00:00:00+00:00,0.01756312
2015-02-16 00:00:00+00:00,-0.00598477
2015-02-17 00:00:00+00:00,-0.00272851
2015-02-18 00:00:00+00:00,0.01748634
2015-02-19 00:00:00+00:00,0.01354280
2015-02-20 00:00:00+00:00,0.00107614
2015-02-23 00:00:00+00:00,0.01667115
2015-02-24 00:00:00+00:00,0.01600000
2015-02-25 00:00:00+00:00,-0.00317460
2015-02-26 00:00:00+00:00,0.01642819
2015-02-27 00:00:00+00:00,0.00946124
2015-03-02 00:00:00+00:00,0.00104630
2015-03-03 00:00:00+00:00,-0.02039216
2015-03-04 00:00:00+00:00,0.01320655
2015-03-05 00:00:00+00:00,0.02250326
2015-03-06 00:00:00+00:00,0.00415153
2015-03-09 00:00:00+00:00,-0.00517866
2015-03-10 00:00:00+00:00,-0.01713396
2015-03-11 00:00:00+00:00,0.04346688
2015-03-12 00:00:00+00:00,-0.02050231
2015-03-13 00:00:00+00:00,0.00837258
2015-03-16 00:00:00+00:00,0.02709745
2015-03-17 00:00:00+00:00,-0.02005141
2015-03-18 00:00:00+00:00,-0.00207738
2015-03-19 00:00:00+00:00,0.00155966
2015-03-20 00:00:00+00:00,0.02961039
2015-03-23 00:00:00+00:00,-0.02098797
2015-03-24 00:00:00+00:00,0.02327988
2015-03-25 00:00:00+00:00,-0.02403477
2015-03-26 00:00:00+00:00,-0.01190476
2015-03-27 00:00:00+00:00,0.00416558
2015-03-30 00:00:00+00:00,0.03169654
2015-03-31 00:00:00+00:00,-0.01585678
2015-04-01 00:00:00+00:00,0.00670276
2015-04-02 00:00:00+00:00,0.00000000
2015-04-07 00:00:00+00:00,0.02826310
2015-04-08 00:00:00+00:00,-0.00912085
2015-04-09 00:00:00+00:00,0.02036142
2015-04-10 00:00:00+00:00,0.01965231
2015-04-13 00:00:00+00:00,0.00648703
2015-04-14 00:00:00+00:00,-0.01890077
2015-04-15 00:00:00+00:00,0.00853628
2015-04-16 00:00:00+00:00,-0.02450000
2015-04-17 00:00:00+00:00,-0.04505189
2015-04-20 00:00:00+00:00,0.02278612
2015-04-21 00:00:00+00:00,0.00921659
2015-04-22 00:00:00+00:00,-0.00101937
2015-04-23 00:00:00+00:00,-0.01631820
2015-04-24 00:00:00+00:00,0.01182519
2015-04-27 00:00:00+00:00,0.03117812
2015-04-28 00:00:00+00:00,-0.03321590
2015-04-29 00:00:00+00:00,-0.04912999
2015-04-30 00:00:00+00:00,0.00157398
2015-05-04 00:00:00+00:00,0.01625164
2015-05-05 00:00:00+00:00,-0.04888196
2015-05-06 00:00:00+00:00,0.00426439
2015-05-07 00:00:00+00:00,0.00691489
2015-05-08 00:00:00+00:00,0.04611715
2015-05-11 00:00:00+00:00,-0.00466321
2015-05-12 00:00:00+00:00,-0.02440924
2015-05-13 00:00:00+00:00,-0.00998948
2015-05-14 00:00:00+00:00,0.03223250
2015-05-15 00:00:00+00:00,-0.01820073
2015-05-18 00:00:00+00:00,0.01259512
2015-05-19 00:00:00+00:00,0.04745763
2015-05-20 00:00:00+00:00,0.00560367
2015-05-21 00:00:00+00:00,0.00254001
2015-05-22 00:00:00+00:00,-0.00253678
2015-05-26 00:00:00+00:00,-0.03200406
2015-05-27 00:00:00+00:00,0.03613836
2015-05-28 00:00:00+00:00,-0.01521298
2015-05-29 00:00:00+00:00,-0.04087890
2015-06-01 00:00:00+00:00,0.00208659
2015-06-02 00:00:00+00:00,-0.00729547
2015-06-03 00:00:00+00:00,0.00941423
2015-06-04 00:00:00+00:00,-0.01041124
2015-06-05 00:00:00+00:00,-0.02727388
2015-06-08 00:00:00+00:00,-0.02175066
2015-06-09 00:00:00+00:00,-0.01179941
2015-06-10 00:00:00+00:00,0.04262207
2015-06-11 00:00:00+00:00,0.01426307
2015-06-12 00:00:00+00:00,-0.01311992
2015-06-15 00:00:00+00:00,-0.03403350
2015-06-16 00:00:00+00:00,0.00676224
2015-06-17 00:00:00+00:00,-0.01509434
2015-06-18 00:00:00+00:00,0.01466594
2015-06-19 00:00:00+00:00,0.00107846
2015-06-22 00:00:00+00:00,0.07976287
2015-06-23 00:00:00+00:00,0.01399326
2015-06-24 00:00:00+00:00,-0.00694802
2015-06-25 00:00:00+00:00,-0.00051693
2015-06-26 00:00:00+00:00,0.00879007
2015-06-29 00:00:00+00:00,-0.08030888
2015-06-30 00:00:00+00:00,-0.01823545
2015-07-01 00:00:00+00:00,0.02976996
2015-07-02 00:00:00+00:00,-0.01706667
2015-07-03 00:00:00+00:00,-0.01264120
2015-07-06 00:00:00+00:00,-0.04059540
2015-07-07 00:00:00+00:00,-0.04060773
2015-07-08 00:00:00+00:00,0.01748449
2015-07-09 00:00:00+00:00,0.05591278
2015-07-10 00:00:00+00:00,0.06146315
2015-07-13 00:00:00+00:00,0.03113456
2015-07-14 00:00:00+00:00,0.00675500
2015-07-15 00:00:00+00:00,0.01139306
2015-07-16 00:00:00+00:00,0.02883625
2015-07-17 00:00:00+00:00,-0.00228426
2015-07-20 00:00:00+00:00,0.00965447
2015-07-21 00:00:00+00:00,-0.02123894
2015-07-22 00:00:00+00:00,-0.00766675
2015-07-23 00:00:00+00:00,-0.00359159
2015-07-24 00:00:00+00:00,-0.01696222
2015-07-27 00:00:00+00:00,-0.04613790
2015-07-28 00:00:00+00:00,0.01644999
2015-07-29 00:00:00+00:00,0.01157895
2015-07-30 00:00:00+00:00,0.00418629
2015-07-31 00:00:00+00:00,0.01096606
2015-08-03 00:00:00+00:00,0.02025448
2015-08-04 00:00:00+00:00,-0.00565553
2015-08-05 00:00:00+00:00,0.03196700
2015-08-06 00:00:00+00:00,-0.00710480
2015-08-07 00:00:00+00:00,-0.01527884
2015-08-10 00:00:00+00:00,0.01693610
2015-08-11 00:00:00+00:00,-0.03765903
2015-08-12 00:00:00+00:00,-0.06224066
2015-08-13 00:00:00+00:00,0.01391863
2015-08-14 00:00:00+00:00,-0.00584795
2015-08-17 00:00:00+00:00,0.00213276
2015-08-18 00:00:00+00:00,-0.00159787
2015-08-19 00:00:00+00:00,-0.03678038
2015-08-20 00:00:00+00:00,-0.04452892
2015-08-21 00:00:00+00:00,-0.05887254
2015-08-24 00:00:00+00:00,-0.10773416
2015-08-25 00:00:00+00:00,0.10184905
2015-08-26 00:00:00+00:00,-0.02768965
2015-08-27 00:00:00+00:00,0.06376133
2015-08-28 00:00:00+00:00,-0.00425170
2015-08-31 00:00:00+00:00,-0.00738427
2015-09-01 00:00:00+00:00,-0.04903079
2015-09-02 00:00:00+00:00,0.01227352
2015-09-03 00:00:00+00:00,0.04240488
2015-09-04 00:00:00+00:00,-0.05062571
2015-09-07 00:00:00+00:00,0.00927461
2015-09-08 00:00:00+00:00,0.02149288
2015-09-09 00:00:00+00:00,0.02241379
2015-09-10 00:00:00+00:00,-0.02699631
2015-09-11 00:00:00+00:00,-0.01843849
2015-09-14 00:00:00+00:00,-0.00494330
2015-09-15 00:00:00+00:00,0.01694915
2015-09-16 00:00:00+00:00,0.02434077
2015-09-17 00:00:00+00:00,0.00486688
2015-09-18 00:00:00+00:00,-0.06169666
2015-09-21 00:00:00+00:00,0.02269378
2015-09-22 00:00:00+00:00,-0.07057451
2015-09-23 00:00:00+00:00,0.00544135
2015-09-24 00:00:00+00:00,-0.04522159
2015-09-25 00:00:00+00:00,0.06724244
2015-09-28 00:00:00+00:00,-0.04595643
2015-09-29 00:00:00+00:00,-0.00549786
2015-09-30 00:00:00+00:00,0.04226646
2015-10-01 00:00:00+00:00,-0.01739652
2015-10-02 00:00:00+00:00,0.00907716
2015-10-05 00:00:00+00:00,0.06445783
2015-10-06 00:00:00+00:00,0.02509484
2015-10-07 00:00:00+00:00,-0.00345821
2015-10-08 00:00:00+00:00,0.00923788
2015-10-09 00:00:00+00:00,0.01091954
2015-10-12 00:00:00+00:00,0.00000000
2015-10-13 00:00:00+00:00,-0.01943412
2015-10-14 00:00:00+00:00,-0.01269841
2015-10-15 00:00:00+00:00,0.02497822
2015-10-16 00:00:00+00:00,0.01262192
2015-10-19 00:00:00+00:00,0.00627138
2015-10-20 00:00:00+00:00,-0.00738846
2015-10-21 00:00:00+00:00,0.00627496
2015-10-22 00:00:00+00:00,0.04890532
2015-10-23 00:00:00+00:00,0.03941160
2015-10-26 00:00:00+00:00,-0.00217746
2015-10-27 00:00:00+00:00,-0.01798365
2015-10-28 00:00:00+00:00,0.02034644
2015-10-29 00:00:00+00:00,-0.00816549
2015-10-30 00:00:00+00:00,0.00218639
2015-11-02 00:00:00+00:00,0.01747202
2015-11-03 00:00:00+00:00,0.00108254
2015-11-04 00:00:00+00:00,-0.00162294
2015-11-05 00:00:00+00:00,0.00703844
2015-11-06 00:00:00+00:00,0.01025088
2015-11-09 00:00:00+00:00,-0.02952228
2015-11-10 00:00:00+00:00,0.00490330
2015-11-11 00:00:00+00:00,0.01630435
2015-11-12 00:00:00+00:00,-0.03396226
2015-11-13 00:00:00+00:00,-0.01754867
2015-11-16 00:00:00+00:00,0.00055325
2015-11-17 00:00:00+00:00,0.05254425
2015-11-18 00:00:00+00:00,-0.00646726
2015-11-19 00:00:00+00:00,0.01243579
2015-11-20 00:00:00+00:00,0.00214938
2015-11-23 00:00:00+00:00,-0.00348900
2015-11-24 00:00:00+00:00,-0.02795699
2015-11-25 00:00:00+00:00,0.03217012
2015-11-26 00:00:00+00:00,0.02253823
2015-11-27 00:00:00+00:00,-0.00318387
2015-11-30 00:00:00+00:00,0.00797236
2015-12-01 00:00:00+00:00,-0.01164637
2015-12-02 00:00:00+00:00,-0.00692226
2015-12-03 00:00:00+00:00,-0.06091371
2015-12-04 00:00:00+00:00,-0.01102232
2015-12-07 00:00:00+00:00,0.01323708
2015-12-08 00:00:00+00:00,-0.03027801
2015-12-09 00:00:00+00:00,-0.01229737
2015-12-10 00:00:00+00:00,-0.00393701
2015-12-11 00:00:00+00:00,-0.04170189
2015-12-14 00:00:00+00:00,-0.02187050
2015-12-15 00:00:00+00:00,0.06060606
2015-12-16 00:00:00+00:00,0.00257069
2015-12-17 00:00:00+00:00,0.04222539
2015-12-18 00:00:00+00:00,-0.02737430
2015-12-21 00:00:00+00:00,-0.01474341
2015-12-22 00:00:00+00:00,-0.01458810
2015-12-23 00:00:00+00:00,0.05205637
2015-12-28 00:00:00+00:00,-0.01797248
2015-12-29 00:00:00+00:00,0.03060357
2015-12-30 00:00:00+00:00,-0.00948925
2016-01-04 00:00:00+00:00,-0.07571509
2016-01-05 00:00:00+00:00,0.00641212
2016-01-06 00:00:00+00:00,-0.02091807
2016-01-07 00:00:00+00:00,-0.03699354
2016-01-08 00:00:00+00:00,-0.02572540
2016-01-11 00:00:00+00:00,0.00060606
2016-01-12 00:00:00+00:00,0.02120570
2016-01-13 00:00:00+00:00,0.00179856
2016-01-14 00:00:00+00:00,-0.02755316
2016-01-15 00:00:00+00:00,-0.05891285
2016-01-18 00:00:00+00:00,-0.00438048
2016-01-19 00:00:00+00:00,0.02947632
2016-01-20 00:00:00+00:00,-0.06860321
2016-01-21 00:00:00+00:00,0.04608000
2016-01-22 00:00:00+00:00,0.06130748
2016-01-25 00:00:00+00:00,-0.01760243
2016-01-26 00:00:00+00:00,0.02204532
2016-01-27 00:00:00+00:00,0.00181708
2016-01-28 00:00:00+00:00,-0.03751891
2016-01-29 00:00:00+00:00,0.03946963
2016-02-01 00:00:00+00:00,-0.00544300
2016-02-02 00:00:00+00:00,-0.04305640
2016-02-03 00:00:00+00:00,-0.03098853
2016-02-04 00:00:00+00:00,0.00188857
2016-02-05 00:00:00+00:00,-0.02201258
2016-02-08 00:00:00+00:00,-0.06677266
2016-02-09 00:00:00+00:00,-0.02697368
2016-02-10 00:00:00+00:00,0.03201067
2016-02-11 00:00:00+00:00,-0.07023302
2016-02-12 00:00:00+00:00,0.04013605
2016-02-15 00:00:00+00:00,0.06468823
2016-02-16 00:00:00+00:00,-0.01421189
2016-02-17 00:00:00+00:00,0.05790501
2016-02-18 00:00:00+00:00,-0.00126462
2016-02-19 00:00:00+00:00,-0.01645049
2016-02-22 00:00:00+00:00,0.04465710
2016-02-23 00:00:00+00:00,-0.02558502
2016-02-24 00:00:00+00:00,-0.05120101
2016-02-25 00:00:00+00:00,0.04216672
2016-02-26 00:00:00+00:00,0.03430750
2016-02-29 00:00:00+00:00,0.00437227
2016-03-01 00:00:00+00:00,0.04518542
2016-03-02 00:00:00+00:00,0.01343101
2016-03-03 00:00:00+00:00,-0.00727714
2016-03-04 00:00:00+00:00,0.00791236
2016-03-07 00:00:00+00:00,-0.01033180
2016-03-08 00:00:00+00:00,-0.01275046
2016-03-09 00:00:00+00:00,0.01222120
2016-03-10 00:00:00+00:00,-0.02307926
2016-03-11 00:00:00+00:00,0.05990783
2016-03-14 00:00:00+00:00,-0.01612422
2016-03-15 00:00:00+00:00,-0.01335357
2016-03-16 00:00:00+00:00,-0.00427611
2016-03-17 00:00:00+00:00,-0.01531863
2016-03-18 00:00:00+00:00,0.02593393
2016-03-21 00:00:00+00:00,-0.00795594
2016-03-22 00:00:00+00:00,0.00122888
2016-03-23 00:00:00+00:00,0.00245625
2016-03-24 00:00:00+00:00,-0.03250537
2016-03-29 00:00:00+00:00,0.00685786
2016-03-30 00:00:00+00:00,0.03044424
2016-03-31 00:00:00+00:00,-0.02570379
2016-04-01 00:00:00+00:00,-0.03471792
2016-04-04 00:00:00+00:00,0.00567823
2016-04-05 00:00:00+00:00,-0.04089336
2016-04-06 00:00:00+00:00,0.00963391
2016-04-07 00:00:00+00:00,-0.02556727
2016-04-08 00:00:00+00:00,0.02848818
2016-04-11 00:00:00+00:00,0.01276732
2016-04-12 00:00:00+00:00,0.00824611
2016-04-13 00:00:00+00:00,0.05432723
2016-04-14 00:00:00+00:00,0.01660517
2016-04-15 00:00:00+00:00,-0.00487954
2016-04-18 00:00:00+00:00,0.01039437
2016-04-19 00:00:00+00:00,0.02980535
2016-04-20 00:00:00+00:00,0.01798022
2016-04-21 00:00:00+00:00,0.00000000
2016-04-22 00:00:00+00:00,-0.01188001
2016-04-25 00:00:00+00:00,-0.01254855
2016-04-26 00:00:00+00:00,0.00541191
2016-04-27 00:00:00+00:00,0.00659670
2016-04-28 00:00:00+00:00,-0.00059773
2016-04-29 00:00:00+00:00,-0.04843049
2016-05-02 00:00:00+00:00,0.00306373
2016-05-03 00:00:00+00:00,-0.03303763
2016-05-04 00:00:00+00:00,-0.02612753
2016-05-05 00:00:00+00:00,0.00504255
2016-05-06 00:00:00+00:00,0.00502986
2016-05-09 00:00:00+00:00,0.01066165
2016-05-10 00:00:00+00:00,0.01621959
2016-05-11 00:00:00+00:00,-0.01175743
2016-05-12 00:00:00+00:00,-0.01307190
2016-05-13 00:00:00+00:00,0.01315789
2016-05-16 00:00:00+00:00,-0.00248988
2016-05-17 00:00:00+00:00,-0.01121845
2016-05-18 00:00:00+00:00,0.01504231
2016-05-19 00:00:00+00:00,-0.01804044
2016-05-20 00:00:00+00:00,0.02510986
2016-05-23 00:00:00+00:00,-0.00495970
2016-05-24 00:00:00+00:00,0.04661280
2016-05-25 00:00:00+00:00,0.02793805
2016-05-26 00:00:00+00:00,0.01018269
2016-05-27 00:00:00+00:00,0.00119190
2016-05-30 00:00:00+00:00,0.00893389
2016-05-31 00:00:00+00:00,-0.01363771
2016-06-01 00:00:00+00:00,-0.01492537
2016-06-02 00:00:00+00:00,0.00360902
2016-06-03 00:00:00+00:00,-0.02461723
2016-06-06 00:00:00+00:00,-0.00279856
2016-06-07 00:00:00+00:00,0.02422774
2016-06-08 00:00:00+00:00,-0.01346499
2016-06-09 00:00:00+00:00,-0.01689291
2016-06-10 00:00:00+00:00,-0.04989352
2016-06-13 00:00:00+00:00,-0.02090484
2016-06-14 00:00:00+00:00,-0.04461440
2016-06-15 00:00:00+00:00,0.02346806
2016-06-16 00:00:00+00:00,-0.00837629
2016-06-17 00:00:00+00:00,0.01423488
2016-06-20 00:00:00+00:00,0.06906521
2016-06-21 00:00:00+00:00,0.01859312
2016-06-22 00:00:00+00:00,0.01535155
2016-06-23 00:00:00+00:00,0.02193784
2016-06-24 00:00:00+00:00,-0.12244842
2016-06-27 00:00:00+00:00,-0.06533812
2016-06-28 00:00:00+00:00,0.04322864
2016-06-29 00:00:00+00:00,0.05024793
2016-06-30 00:00:00+00:00,0.02450032
2016-07-01 00:00:00+00:00,0.01496815
2016-07-04 00:00:00+00:00,-0.01201011
2016-07-05 00:00:00+00:00,-0.03624801
2016-07-06 00:00:00+00:00,-0.03562176
2016-07-07 00:00:00+00:00,0.01582591
2016-07-08 00:00:00+00:00,0.04056264
2016-07-11 00:00:00+00:00,0.03109971
2016-07-12 00:00:00+00:00,0.03252289
2016-07-13 00:00:00+00:00,0.00000000
2016-07-14 00:00:00+00:00,0.02112457
2016-07-15 00:00:00+00:00,-0.00860744
2016-07-18 00:00:00+00:00,0.00185242
2016-07-19 00:00:00+00:00,-0.01233806
2016-07-20 00:00:00+00:00,0.02358783
2016-07-21 00:00:00+00:00,0.00153374
2016-07-22 00:00:00+00:00,-0.00061312
2016-07-25 00:00:00+00:00,0.00122662
2016-07-26 00:00:00+00:00,0.00858106
2016-07-27 00:00:00+00:00,0.01220629
2016-07-28 00:00:00+00:00,-0.01304216
2016-07-29 00:00:00+00:00,0.00732601
2016-08-01 00:00:00+00:00,-0.00608273
2016-08-02 00:00:00+00:00,-0.03843807
2016-08-03 00:00:00+00:00,-0.00124417
2016-08-04 00:00:00+00:00,0.01307190
2016-08-05 00:00:00+00:00,0.02968460
2016-08-08 00:00:00+00:00,0.00914077
2016-08-09 00:00:00+00:00,0.02942069
2016-08-10 00:00:00+00:00,-0.00478326
2016-08-11 00:00:00+00:00,0.01738088
2016-08-12 00:00:00+00:00,0.00178253
2016-08-15 00:00:00+00:00,0.00296824
2016-08-16 00:00:00+00:00,-0.01422644
2016-08-17 00:00:00+00:00,-0.02447761
2016-08-18 00:00:00+00:00,0.00785736
2016-08-19 00:00:00+00:00,-0.01384708
2016-08-22 00:00:00+00:00,-0.00727493
2016-08-23 00:00:00+00:00,0.02251293
2016-08-24 00:00:00+00:00,0.00722022
2016-08-25 00:00:00+00:00,-0.01258993
2016-08-26 00:00:00+00:00,0.01447964
2016-08-29 00:00:00+00:00,-0.00718778
2016-08-30 00:00:00+00:00,0.01803427
2016-08-31 00:00:00+00:00,-0.00476616
2016-09-01 00:00:00+00:00,-0.00776351
2016-09-02 00:00:00+00:00,0.04196643
2016-09-05 00:00:00+00:00,-0.00117440
2016-09-06 00:00:00+00:00,-0.00711353
2016-09-07 00:00:00+00:00,0.01325869
2016-09-08 00:00:00+00:00,-0.00585652
2016-09-09 00:00:00+00:00,-0.02202643
2016-09-12 00:00:00+00:00,-0.02612827
2016-09-13 00:00:00+00:00,-0.01474128
2016-09-14 00:00:00+00:00,-0.00244275
2016-09-15 00:00:00+00:00,0.00611434
2016-09-16 00:00:00+00:00,-0.02499238
2016-09-19 00:00:00+00:00,0.02222222
2016-09-20 00:00:00+00:00,0.00121914
2016-09-21 00:00:00+00:00,0.01035638
2016-09-22 00:00:00+00:00,0.04000000
2016-09-23 00:00:00+00:00,-0.00950683
2016-09-26 00:00:00+00:00,-0.03641791
2016-09-27 00:00:00+00:00,-0.00486470
2016-09-28 00:00:00+00:00,0.01645840
2016-09-29 00:00:00+00:00,-0.00181378
2016-09-30 00:00:00+00:00,0.00907716
2016-10-03 00:00:00+00:00,-0.00602410
2016-10-04 00:00:00+00:00,0.02477341
2016-10-05 00:00:00+00:00,-0.00656520
2016-10-06 00:00:00+00:00,0.00059880
2016-10-07 00:00:00+00:00,-0.02155043
2016-10-10 00:00:00+00:00,0.02178517
2016-10-11 00:00:00+00:00,-0.01197246
2016-10-12 00:00:00+00:00,-0.00722674
2016-10-13 00:00:00+00:00,-0.01994560
2016-10-14 00:00:00+00:00,0.03235653
2016-10-17 00:00:00+00:00,-0.01141484
2016-10-18 00:00:00+00:00,0.02839879
2016-10-19 00:00:00+00:00,0.00714924
2016-10-20 00:00:00+00:00,0.00771742
2016-10-21 00:00:00+00:00,0.00118273
2016-10-24 00:00:00+00:00,0.01182033
2016-10-25 00:00:00+00:00,-0.00940071
2016-10-26 00:00:00+00:00,-0.00177096
2016-10-27 00:00:00+00:00,0.00059084
2016-10-28 00:00:00+00:00,-0.00236267
2016-10-31 00:00:00+00:00,-0.00827912
2016-11-01 00:00:00+00:00,-0.02850356
2016-11-02 00:00:00+00:00,-0.02168675
2016-11-03 00:00:00+00:00,-0.00669915
2016-11-04 00:00:00+00:00,-0.01283226
2016-11-07 00:00:00+00:00,0.03136531
2016-11-08 00:00:00+00:00,0.01029367
2016-11-09 00:00:00+00:00,0.01867470
2016-11-10 00:00:00+00:00,-0.00895255
2016-11-11 00:00:00+00:00,-0.01558753
2016-11-14 00:00:00+00:00,0.00906344
2016-11-15 00:00:00+00:00,0.00781955
2016-11-16 00:00:00+00:00,-0.01198322
2016-11-17 00:00:00+00:00,0.00723327
2016-11-18 00:00:00+00:00,-0.00720721
2016-11-21 00:00:00+00:00,0.00421941
2016-11-22 00:00:00+00:00,0.00902256
2016-11-23 00:00:00+00:00,-0.00479042
2016-11-24 00:00:00+00:00,0.00120048
2016-11-25 00:00:00+00:00,0.00479904
2016-11-28 00:00:00+00:00,-0.01974865
2016-11-29 00:00:00+00:00,0.01390148
2016-11-30 00:00:00+00:00,0.01080432
2016-12-01 00:00:00+00:00,-0.01641791
2016-12-02 00:00:00+00:00,-0.00481638
2016-12-05 00:00:00+00:00,0.02051901
2016-12-06 00:00:00+00:00,0.02920821
2016-12-07 00:00:00+00:00,0.02355019
2016-12-08 00:00:00+00:00,0.03142275
2016-12-09 00:00:00+00:00,0.00544257
2016-12-12 00:00:00+00:00,-0.00114220
2016-12-13 00:00:00+00:00,0.00771429
2016-12-14 00:00:00+00:00,-0.01304225
2016-12-15 00:00:00+00:00,0.02168950
2016-12-16 00:00:00+00:00,0.00056465
2016-12-19 00:00:00+00:00,-0.00028225
2016-12-20 00:00:00+00:00,0.01295775
2016-12-21 00:00:00+00:00,-0.00279877
2016-12-22 00:00:00+00:00,-0.00336323
2016-12-23 00:00:00+00:00,0.00449186
2016-12-27 00:00:00+00:00,0.00448179
2016-12-28 00:00:00+00:00,-0.00223589
2016-12-29 00:00:00+00:00,-0.00447678
2016-12-30 00:00:00+00:00,0.00392597
2017-01-02 00:00:00+00:00,0.01679261
2017-01-03 00:00:00+00:00,0.00555093
2017-01-04 00:00:00+00:00,-0.00276778
2017-01-05 00:00:00+00:00,0.00055432
2017-01-06 00:00:00+00:00,0.00443336
2017-01-09 00:00:00+00:00,-0.00718828
2017-01-10 00:00:00+00:00,-0.00055494
2017-01-11 00:00:00+00:00,0.00055509
2017-01-12 00:00:00+00:00,-0.01054384
2017-01-13 00:00:00+00:00,0.01896792
2017-01-16 00:00:00+00:00,-0.01381597
2017-01-17 00:00:00+00:00,-0.00389538
2017-01-18 00:00:00+00:00,0.00167271
2017-01-19 00:00:00+00:00,-0.00222841
2017-01-20 00:00:00+00:00,0.00446180
2017-01-23 00:00:00+00:00,-0.01391208
2017-01-24 00:00:00+00:00,0.00672457
2017-01-25 00:00:00+00:00,0.02960067
2017-01-26 00:00:00+00:00,-0.00880572
2017-01-27 00:00:00+00:00,-0.00718629
2017-01-30 00:00:00+00:00,-0.02607490
2017-01-31 00:00:00+00:00,-0.01124227
2017-02-01 00:00:00+00:00,0.00960995
2017-02-02 00:00:00+00:00,0.00506329
2017-02-03 00:00:00+00:00,0.01290685
2017-02-06 00:00:00+00:00,-0.02341790
2017-02-07 00:00:00+00:00,-0.00338505
2017-02-08 00:00:00+00:00,0.00226053
2017-02-09 00:00:00+00:00,0.02257973
2017-02-10 00:00:00+00:00,-0.00223277
2017-02-13 00:00:00+00:00,0.02291143
2017-02-14 00:00:00+00:00,0.00000000
2017-02-15 00:00:00+00:00,0.00939227
2017-02-16 00:00:00+00:00,-0.00934836
2017-02-17 00:00:00+00:00,-0.00331492
2017-02-20 00:00:00+00:00,0.00719424
2017-02-21 00:00:00+00:00,0.01213124
2017-02-22 00:00:00+00:00,0.00164429
2017-02-23 00:00:00+00:00,-0.00492881
2017-02-24 00:00:00+00:00,-0.01317595
2017-02-27 00:00:00+00:00,0.00165792
2017-02-28 00:00:00+00:00,0.00717835
2017-03-01 00:00:00+00:00,0.03521320
2017-03-02 00:00:00+00:00,-0.00108137
2017-03-03 00:00:00+00:00,0.01514742
2017-03-06 00:00:00+00:00,-0.00707298
2017-03-07 00:00:00+00:00,-0.00649702
2017-03-08 00:00:00+00:00,0.00651820
2017-03-09 00:00:00+00:00,0.01136364
2017-03-10 00:00:00+00:00,0.00538068
2017-03-13 00:00:00+00:00,-0.02253823
2017-03-14 00:00:00+00:00,-0.00988197
2017-03-15 00:00:00+00:00,0.00882759
2017-03-16 00:00:00+00:00,0.01647899
2017-03-17 00:00:00+00:00,0.00326886
2017-03-20 00:00:00+00:00,-0.00054392
2017-03-21 00:00:00+00:00,-0.01033732
2017-03-22 00:00:00+00:00,-0.00218759
2017-03-23 00:00:00+00:00,0.01697235
2017-03-24 00:00:00+00:00,0.00000000
2017-03-27 00:00:00+00:00,-0.00651466
2017-03-28 00:00:00+00:00,0.01688453
2017-03-29 00:00:00+00:00,0.00432082
2017-03-30 00:00:00+00:00,0.00916195
2017-03-31 00:00:00+00:00,0.00858369
2017-04-03 00:00:00+00:00,-0.01014957
2017-04-04 00:00:00+00:00,0.00107383
2017-04-05 00:00:00+00:00,-0.00321975
2017-04-06 00:00:00+00:00,0.01182478
2017-04-07 00:00:00+00:00,0.00000000
2017-04-10 00:00:00+00:00,-0.00374032
2017-04-11 00:00:00+00:00,-0.00910064
2017-04-12 00:00:00+00:00,0.00161334
2017-04-13 00:00:00+00:00,-0.01235895
2017-04-18 00:00:00+00:00,-0.01676129
2017-04-19 00:00:00+00:00,0.00490731
2017-04-20 00:00:00+00:00,0.01196628
2017-04-21 00:00:00+00:00,0.00000000
2017-04-24 00:00:00+00:00,0.07515545
2017-04-25 00:00:00+00:00,0.00677436
2017-04-26 00:00:00+00:00,-0.00103869
2017-04-27 00:00:00+00:00,-0.00727462
2017-04-28 00:00:00+00:00,0.00312907
2017-05-02 00:00:00+00:00,0.01197605
2017-05-03 00:00:00+00:00,0.00103520
2017-05-04 00:00:00+00:00,0.02534920
2017-05-05 00:00:00+00:00,0.02094508
2017-05-08 00:00:00+00:00,-0.00758342
2017-05-09 00:00:00+00:00,0.00710480
2017-05-10 00:00:00+00:00,-0.00202276
2017-05-11 00:00:00+00:00,-0.00961782
2017-05-12 00:00:00+00:00,0.00813835
2017-05-15 00:00:00+00:00,0.00557244
2017-05-16 00:00:00+00:00,0.00454660
2017-05-17 00:00:00+00:00,-0.03175403
2017-05-18 00:00:00+00:00,-0.01075544
2017-05-19 00:00:00+00:00,0.01544799
2017-05-22 00:00:00+00:00,-0.00255493
2017-05-23 00:00:00+00:00,0.01023280
2017-05-24 00:00:00+00:00,-0.00509035
2017-05-25 00:00:00+00:00,-0.00051033
2017-05-26 00:00:00+00:00,-0.00255232
2017-05-29 00:00:00+00:00,-0.00051112
2017-05-30 00:00:00+00:00,-0.00766871
2017-05-31 00:00:00+00:00,0.00307929
2017-06-01 00:00:00+00:00,0.00717397
2017-06-02 00:00:00+00:00,0.01072249
2017-06-05 00:00:00+00:00,-0.00558659
2017-06-06 00:00:00+00:00,-0.01865225
2017-06-07 00:00:00+00:00,0.00256148
2017-06-08 00:00:00+00:00,0.00769034
2017-06-09 00:00:00+00:00,0.01021450
2017-06-12 00:00:00+00:00,-0.01778455
2017-06-13 00:00:00+00:00,0.00128172
2017-06-14 00:00:00+00:00,0.00051203
2017-06-15 00:00:00+00:00,-0.01484515
2017-06-16 00:00:00+00:00,0.00722022
2017-06-19 00:00:00+00:00,0.02363823
2017-06-20 00:00:00+00:00,-0.01015744
2017-06-21 00:00:00+00:00,-0.00561511
2017-06-22 00:00:00+00:00,0.00051190
2017-06-23 00:00:00+00:00,-0.00870010
2017-06-26 00:00:00+00:00,0.01130815
2017-06-27 00:00:00+00:00,-0.01635574
2017-06-28 00:00:00+00:00,0.00103066
2017-06-29 00:00:00+00:00,-0.03759979
2017-06-30 00:00:00+00:00,-0.01312336
2017-07-03 00:00:00+00:00,0.02800528
2017-07-04 00:00:00+00:00,-0.00104221
2017-07-05 00:00:00+00:00,-0.00156413
2017-07-06 00:00:00+00:00,-0.01095747
2017-07-07 00:00:00+00:00,-0.00157398
2017-07-10 00:00:00+00:00,0.01050144
2017-07-11 00:00:00+00:00,-0.00940193
2017-07-12 00:00:00+00:00,0.03148780
2017-07-13 00:00:00+00:00,0.00464996
2017-07-14 00:00:00+00:00,-0.00103093
2017-07-17 00:00:00+00:00,-0.00051573
2017-07-18 00:00:00+00:00,-0.02063451
2017-07-19 00:00:00+00:00,0.00781861
2017-07-20 00:00:00+00:00,0.00000000
2017-07-21 00:00:00+00:00,-0.02492212
2017-07-24 00:00:00+00:00,-0.00368034
2017-07-25 00:00:00+00:00,0.01527522
2017-07-26 00:00:00+00:00,0.00784109
2017-07-27 00:00:00+00:00,0.00000000
2017-07-28 00:00:00+00:00,-0.01666233
2017-07-31 00:00:00+00:00,-0.00472565
2017-08-01 00:00:00+00:00,0.01368421
2017-08-02 00:00:00+00:00,-0.01097752
2017-08-03 00:00:00+00:00,0.00735874
2017-08-04 00:00:00+00:00,0.02251898
2017-08-07 00:00:00+00:00,-0.00207147
2017-08-08 00:00:00+00:00,0.00570244
2017-08-09 00:00:00+00:00,-0.02532954
2017-08-10 00:00:00+00:00,-0.01989529
2017-08-11 00:00:00+00:00,-0.01586462
2017-08-14 00:00:00+00:00,0.03038380
2017-08-15 00:00:00+00:00,0.00367551
2017-08-16 00:00:00+00:00,0.01415094
2017-08-17 00:00:00+00:00,-0.01144939
2017-08-18 00:00:00+00:00,-0.01046846
2017-08-21 00:00:00+00:00,-0.01368061
2017-08-22 00:00:00+00:00,0.01960265
2017-08-23 00:00:00+00:00,-0.00891920
2017-08-24 00:00:00+00:00,0.00263505
2017-08-25 00:00:00+00:00,-0.00368421
2017-08-28 00:00:00+00:00,-0.00843659
2017-08-29 00:00:00+00:00,-0.02276939
2017-08-30 00:00:00+00:00,0.01071237
2017-08-31 00:00:00+00:00,0.01331913
2017-09-01 00:00:00+00:00,0.01005557
2017-09-04 00:00:00+00:00,-0.00737230
2017-09-05 00:00:00+00:00,-0.00772685
2017-09-06 00:00:00+00:00,0.00529381
2017-09-07 00:00:00+00:00,0.00818158
2017-09-08 00:00:00+00:00,0.00026302
2017-09-11 00:00:00+00:00,0.02576913
2017-09-12 00:00:00+00:00,0.00155763
2017-09-13 00:00:00+00:00,0.00673924
2017-09-14 00:00:00+00:00,0.00051666
2017-09-15 00:00:00+00:00,-0.00619835
2017-09-18 00:00:00+00:00,0.00284974
2017-09-19 00:00:00+00:00,0.00000000
2017-09-20 00:00:00+00:00,-0.00412584
2017-09-21 00:00:00+00:00,0.00930233
2017-09-22 00:00:00+00:00,-0.00102881
2017-09-25 00:00:00+00:00,-0.00205867
2017-09-26 00:00:00+00:00,-0.00257599
2017-09-27 00:00:00+00:00,0.01392830
2017-09-28 00:00:00+00:00,0.00204918
2017-09-29 00:00:00+00:00,0.01330604
2017-10-02 00:00:00+00:00,0.00711744
2017-10-03 00:00:00+00:00,0.00405268
2017-10-04 00:00:00+00:00,-0.00505561
2017-10-05 00:00:00+00:00,0.00861632
2017-10-06 00:00:00+00:00,-0.00555135
2017-10-09 00:00:00+00:00,0.00354251
2017-10-10 00:00:00+00:00,-0.00404142
2017-10-11 00:00:00+00:00,0.00607441
2017-10-12 00:00:00+00:00,-0.00100934
2017-10-13 00:00:00+00:00,0.00353446
2017-10-16 00:00:00+00:00,-0.00252016
2017-10-17 00:00:00+00:00,0.00302801
2017-10-18 00:00:00+00:00,0.00302343
2017-10-19 00:00:00+00:00,-0.01157233
2017-10-20 00:00:00+00:00,0.00607287
2017-10-23 00:00:00+00:00,0.00252270
2017-10-24 00:00:00+00:00,0.00251953
2017-10-25 00:00:00+00:00,-0.01207851
2017-10-26 00:00:00+00:00,0.02784810
2017-10-27 00:00:00+00:00,0.00599251
2017-10-30 00:00:00+00:00,0.00298730
2017-10-31 00:00:00+00:00,0.01143425
2017-11-01 00:00:00+00:00,0.00988631
2017-11-02 00:00:00+00:00,-0.00491884
2017-11-03 00:00:00+00:00,-0.00049310
2017-11-06 00:00:00+00:00,-0.00049322
2017-11-07 00:00:00+00:00,-0.01085348
2017-11-08 00:00:00+00:00,-0.00347222
2017-11-09 00:00:00+00:00,-0.01987578
2017-11-10 00:00:00+00:00,-0.01204517
2017-11-13 00:00:00+00:00,-0.00807877
2017-11-14 00:00:00+00:00,-0.01064639
2017-11-15 00:00:00+00:00,-0.00458716
2017-11-16 00:00:00+00:00,0.00970626
2017-11-17 00:00:00+00:00,-0.00864260
2017-11-20 00:00:00+00:00,0.00970130
2017-11-21 00:00:00+00:00,0.00914634
2017-11-22 00:00:00+00:00,-0.00910470
2017-11-23 00:00:00+00:00,0.00304878
2017-11-24 00:00:00+00:00,0.00608828
2017-11-27 00:00:00+00:00,-0.00961052
2017-11-28 00:00:00+00:00,0.01067344
2017-11-29 00:00:00+00:00,0.00202224
2017-11-30 00:00:00+00:00,-0.00454545
2017-12-01 00:00:00+00:00,-0.02480385
2017-12-04 00:00:00+00:00,0.02511533
2017-12-05 00:00:00+00:00,0.00196180
2017-12-06 00:00:00+00:00,-0.00758534
2017-12-07 00:00:00+00:00,0.00609756
2017-12-08 00:00:00+00:00,0.01367781
2017-12-11 00:00:00+00:00,-0.00578616
2017-12-12 00:00:00+00:00,0.00100959
2017-12-13 00:00:00+00:00,-0.00756430
2017-12-14 00:00:00+00:00,-0.01240192
2017-12-15 00:00:00+00:00,-0.00203770
2017-12-18 00:00:00+00:00,0.03008669
2017-12-19 00:00:00+00:00,-0.01207243
2017-12-20 00:00:00+00:00,-0.01670040
2017-12-21 00:00:00+00:00,0.01071702
2017-12-22 00:00:00+00:00,-0.00812183
2017-12-27 00:00:00+00:00,0.00101937
2017-12-28 00:00:00+00:00,-0.01426388
2017-12-29 00:00:00+00:00,-0.01026167
2018-01-02 00:00:00+00:00,-0.00928314
2018-01-03 00:00:00+00:00,0.01865285
2018-01-04 00:00:00+00:00,0.03028747
2018-01-05 00:00:00+00:00,0.02022756
2018-01-08 00:00:00+00:00,0.00750939
2018-01-09 00:00:00+00:00,0.00798005
2018-01-10 00:00:00+00:00,-0.01043219
2018-01-11 00:00:00+00:00,-0.00299625
2018-01-12 00:00:00+00:00,0.00450113
2018-01-15 00:00:00+00:00,0.00399202
2018-01-16 00:00:00+00:00,-0.00099602
2018-01-17 00:00:00+00:00,-0.00398605
2018-01-18 00:00:00+00:00,0.00499251
2018-01-19 00:00:00+00:00,0.01842629
2018-01-22 00:00:00+00:00,0.00641500
2018-01-23 00:00:00+00:00,0.00245942
2018-01-24 00:00:00+00:00,-0.01129944
2018-01-25 00:00:00+00:00,-0.01235178
2018-01-26 00:00:00+00:00,0.01193139
2018-01-29 00:00:00+00:00,-0.00345935
2018-01-30 00:00:00+00:00,-0.01534653
2018-01-31 00:00:00+00:00,-0.00199551
2018-02-01 00:00:00+00:00,-0.01398252
2018-02-02 00:00:00+00:00,-0.02615036
2018-02-05 00:00:00+00:00,-0.02496815
2018-02-06 00:00:00+00:00,-0.04850361
2018-02-07 00:00:00+00:00,0.03754627
2018-02-08 00:00:00+00:00,-0.05346483
2018-02-09 00:00:00+00:00,-0.02666667
2018-02-12 00:00:00+00:00,0.03783784
2018-02-13 00:00:00+00:00,-0.01909814
2018-02-14 00:00:00+00:00,0.02463846
2018-02-15 00:00:00+00:00,0.00476190
2018-02-16 00:00:00+00:00,0.02428081
2018-02-19 00:00:00+00:00,-0.01251630
2018-02-20 00:00:00+00:00,0.01574390
2018-02-21 00:00:00+00:00,-0.00156209
2018-02-22 00:00:00+00:00,0.00364773
2018-02-23 00:00:00+00:00,-0.00156047
2018-02-26 00:00:00+00:00,0.01509630
2018-02-27 00:00:00+00:00,-0.00774994
2018-02-28 00:00:00+00:00,-0.00622407
2018-03-01 00:00:00+00:00,-0.02861602
2018-03-02 00:00:00+00:00,-0.04011613
2018-03-05 00:00:00+00:00,0.00323189
2018-03-06 00:00:00+00:00,0.00260367
2018-03-07 00:00:00+00:00,0.01225033
2018-03-08 00:00:00+00:00,0.02223399
2018-03-09 00:00:00+00:00,0.00104712
2018-03-12 00:00:00+00:00,0.00732601
2018-03-13 00:00:00+00:00,-0.03441084
2018-03-14 00:00:00+00:00,0.00000000
2018-03-15 00:00:00+00:00,0.01457883
2018-03-16 00:00:00+00:00,0.00857679
2018-03-19 00:00:00+00:00,-0.02508674
2018-03-20 00:00:00+00:00,0.01405405
2018-03-21 00:00:00+00:00,-0.00536769
2018-03-22 00:00:00+00:00,-0.03444564
2018-03-23 00:00:00+00:00,-0.02135816
2018-03-26 00:00:00+00:00,-0.01882092
2018-03-27 00:00:00+00:00,0.02794077
2018-03-28 00:00:00+00:00,-0.00055112
2018-03-29 00:00:00+00:00,0.02646086
2018-04-03 00:00:00+00:00,-0.01088139
2018-04-04 00:00:00+00:00,-0.00820569
2018-04-05 00:00:00+00:00,0.05657786
2018-04-06 00:00:00+00:00,-0.01442308
2018-04-09 00:00:00+00:00,0.00645682
2018-04-10 00:00:00+00:00,0.01609010
2018-04-11 00:00:00+00:00,-0.01276935
2018-04-12 00:00:00+00:00,0.01499331
2018-04-13 00:00:00+00:00,0.00372044
2018-04-16 00:00:00+00:00,-0.00371353
2018-04-17 00:00:00+00:00,0.02498007
2018-04-18 00:00:00+00:00,0.00419948
2018-04-19 00:00:00+00:00,-0.00157150
2018-04-20 00:00:00+00:00,0.00104849
2018-04-23 00:00:00+00:00,0.01205135
2018-04-24 00:00:00+00:00,-0.00364583
2018-04-25 00:00:00+00:00,-0.01043569
2018-04-26 00:00:00+00:00,0.01573564
2018-04-27 00:00:00+00:00,0.00780640
2018-04-30 00:00:00+00:00,0.00725765
2018-05-02 00:00:00+00:00,0.01652893
2018-05-03 00:00:00+00:00,-0.01434426
2018-05-04 00:00:00+00:00,0.01496388
2018-05-07 00:00:00+00:00,0.01331626
2018-05-08 00:00:00+00:00,-0.00457899
2018-05-09 00:00:00+00:00,0.00662927
2018-05-10 00:00:00+00:00,0.00355781
2018-05-11 00:00:00+00:00,0.00152207
2018-05-14 00:00:00+00:00,-0.00050697
2018-05-15 00:00:00+00:00,0.00000000
2018-05-16 00:00:00+00:00,-0.00253550
2018-05-17 00:00:00+00:00,0.01320132
2018-05-18 00:00:00+00:00,-0.00554855
2018-05-21 00:00:00+00:00,0.00910470
2018-05-22 00:00:00+00:00,0.00906344
2018-05-23 00:00:00+00:00,-0.02857143
2018-05-24 00:00:00+00:00,-0.00966184
2018-05-25 00:00:00+00:00,-0.00306592
2018-05-28 00:00:00+00:00,-0.01074719
2018-05-29 00:00:00+00:00,-0.03447389
2018-05-30 00:00:00+00:00,0.00732984
2018-05-31 00:00:00+00:00,-0.00573813
2018-06-01 00:00:00+00:00,0.00941669
2018-06-04 00:00:00+00:00,0.00077740
2018-06-05 00:00:00+00:00,-0.00418459
2018-06-06 00:00:00+00:00,0.00206505
2018-06-07 00:00:00+00:00,-0.00051586
2018-06-08 00:00:00+00:00,-0.00954592
2018-06-11 00:00:00+00:00,0.02332815
2018-06-12 00:00:00+00:00,-0.00640533
2018-06-13 00:00:00+00:00,0.00644662
2018-06-14 00:00:00+00:00,0.02595734
2018-06-15 00:00:00+00:00,-0.01268070
2018-06-18 00:00:00+00:00,-0.02399183
2018-06-19 00:00:00+00:00,-0.01703226
2018-06-20 00:00:00+00:00,0.00312337
2018-06-21 00:00:00+00:00,-0.02598753
2018-06-22 00:00:00+00:00,0.01790416
2018-06-25 00:00:00+00:00,-0.03862213
2018-06-26 00:00:00+00:00,0.00159659
2018-06-27 00:00:00+00:00,0.01063547
2018-06-28 00:00:00+00:00,-0.02115842
2018-06-29 00:00:00+00:00,0.02405774
2018-07-02 00:00:00+00:00,-0.01796091
2018-07-03 00:00:00+00:00,0.01759062
2018-07-04 00:00:00+00:00,0.00052840
2018-07-05 00:00:00+00:00,0.01954569
2018-07-06 00:00:00+00:00,0.00366205
2018-07-09 00:00:00+00:00,0.01253264
2018-07-10 00:00:00+00:00,0.00622730
2018-07-11 00:00:00+00:00,-0.02638386
2018-07-12 00:00:00+00:00,0.01310616
2018-07-13 00:00:00+00:00,0.00625000
2018-07-16 00:00:00+00:00,-0.00051921
2018-07-17 00:00:00+00:00,0.00727084
2018-07-18 00:00:00+00:00,0.01345408
2018-07-19 00:00:00+00:00,-0.00925212
2018-07-20 00:00:00+00:00,-0.00568035
2018-07-23 00:00:00+00:00,-0.00776800
2018-07-24 00:00:00+00:00,0.02079543
2018-07-25 00:00:00+00:00,-0.01389246
2018-07-26 00:00:00+00:00,0.02383420
2018-07-27 00:00:00+00:00,0.01024066
2018-07-30 00:00:00+00:00,-0.00815079
2018-07-31 00:00:00+00:00,0.00613811
2018-08-01 00:00:00+00:00,-0.01274860
2018-08-02 00:00:00+00:00,-0.01847575
2018-08-03 00:00:00+00:00,0.01036001
2018-08-06 00:00:00+00:00,-0.00412265
2018-08-07 00:00:00+00:00,0.01497547
2018-08-08 00:00:00+00:00,-0.00666325
2018-08-09 00:00:00+00:00,0.00051427
2018-08-10 00:00:00+00:00,-0.03804627
2018-08-13 00:00:00+00:00,-0.00209644
2018-08-14 00:00:00+00:00,-0.00104932
2018-08-15 00:00:00+00:00,-0.03884514
2018-08-16 00:00:00+00:00,0.02141328
2018-08-17 00:00:00+00:00,-0.00582627
2018-08-20 00:00:00+00:00,0.01646746
2018-08-21 00:00:00+00:00,0.01001054
2018-08-22 00:00:00+00:00,0.00209699
2018-08-23 00:00:00+00:00,-0.00209479
2018-08-24 00:00:00+00:00,0.00629096
2018-08-27 00:00:00+00:00,0.01724588
2018-08-28 00:00:00+00:00,0.00051813
2018-08-29 00:00:00+00:00,0.00207200
2018-08-30 00:00:00+00:00,-0.01190168
2018-08-31 00:00:00+00:00,-0.02290474
2018-09-03 00:00:00+00:00,0.00210637
2018-09-04 00:00:00+00:00,-0.01841136
2018-09-05 00:00:00+00:00,-0.02528201
2018-09-06 00:00:00+00:00,-0.01183432
2018-09-07 00:00:00+00:00,-0.00216450
2018-09-10 00:00:00+00:00,0.01300108
2018-09-11 00:00:00+00:00,-0.00269107
2018-09-12 00:00:00+00:00,-0.00053894
2018-09-13 00:00:00+00:00,0.00269614
2018-09-14 00:00:00+00:00,0.00969305
2018-09-17 00:00:00+00:00,0.00107181
2018-09-18 00:00:00+00:00,0.00481670
2018-09-19 00:00:00+00:00,0.01014415
2018-09-20 00:00:00+00:00,0.01752988
2018-09-21 00:00:00+00:00,0.01211164
2018-09-24 00:00:00+00:00,-0.00889819
2018-09-25 00:00:00+00:00,0.00684211
2018-09-26 00:00:00+00:00,0.00472069
2018-09-27 00:00:00+00:00,0.00679739
2018-09-28 00:00:00+00:00,-0.02657634
2018-10-01 00:00:00+00:00,0.00528123
2018-10-02 00:00:00+00:00,-0.01316482
2018-10-03 00:00:00+00:00,0.01272197
2018-10-04 00:00:00+00:00,-0.02159600
2018-10-05 00:00:00+00:00,-0.01970181
2018-10-08 00:00:00+00:00,-0.02366227
2018-10-09 00:00:00+00:00,0.01034014
2018-10-10 00:00:00+00:00,-0.03573362
2018-10-11 00:00:00+00:00,-0.03638368
2018-10-12 00:00:00+00:00,-0.00729927
2018-10-15 00:00:00+00:00,0.00901662
2018-10-16 00:00:00+00:00,0.03029453
2018-10-17 00:00:00+00:00,-0.01050014
2018-10-18 00:00:00+00:00,-0.01611111
2018-10-19 00:00:00+00:00,-0.00784094
2018-10-22 00:00:00+00:00,-0.01068316
2018-10-23 00:00:00+00:00,-0.03335218
2018-10-24 00:00:00+00:00,-0.01437195
2018-10-25 00:00:00+00:00,0.02374059
2018-10-26 00:00:00+00:00,-0.02746781
2018-10-29 00:00:00+00:00,0.02610966
2018-10-30 00:00:00+00:00,-0.00171821
2018-10-31 00:00:00+00:00,0.02980797
2018-11-01 00:00:00+00:00,-0.00169444
2018-11-02 00:00:00+00:00,0.01469757
2018-11-05 00:00:00+00:00,-0.00336700
2018-11-06 00:00:00+00:00,-0.00505902
2018-11-07 00:00:00+00:00,0.02197802
2018-11-08 00:00:00+00:00,-0.00780379
2018-11-09 00:00:00+00:00,-0.00335758
2018-11-12 00:00:00+00:00,-0.02242152
2018-11-13 00:00:00+00:00,0.01984127
2018-11-14 00:00:00+00:00,-0.01122649
2018-11-15 00:00:00+00:00,-0.01128987
2018-11-16 00:00:00+00:00,-0.00170309
2018-11-19 00:00:00+00:00,-0.01704545
2018-11-20 00:00:00+00:00,-0.02865330
2018-11-21 00:00:00+00:00,0.02558140
2018-11-22 00:00:00+00:00,-0.01722158
2018-11-23 00:00:00+00:00,0.00752750
2018-11-26 00:00:00+00:00,0.02711278
2018-11-27 00:00:00+00:00,-0.00569152
2018-11-28 00:00:00+00:00,0.00114155
2018-11-29 00:00:00+00:00,0.00684541
2018-11-30 00:00:00+00:00,-0.00795907
2018-12-03 00:00:00+00:00,0.02968037
2018-12-04 00:00:00+00:00,-0.01856018
2018-12-05 00:00:00+00:00,-0.02390632
2018-12-06 00:00:00+00:00,-0.07354209
2018-12-07 00:00:00+00:00,0.01968387
2018-12-10 00:00:00+00:00,-0.03544005
2018-12-11 00:00:00+00:00,0.03427541
2018-12-12 00:00:00+00:00,0.01300621
2018-12-13 00:00:00+00:00,-0.00466881
2018-12-14 00:00:00+00:00,-0.01403919
2018-12-17 00:00:00+00:00,-0.01620029
2018-12-18 00:00:00+00:00,-0.01009801
2018-12-19 00:00:00+00:00,0.00805970
2018-12-20 00:00:00+00:00,-0.03807258
2018-12-21 00:00:00+00:00,-0.00606428
2018-12-27 00:00:00+00:00,-0.03832117
2018-12-28 00:00:00+00:00,0.03224806
2019-01-02 00:00:00+00:00,0.00427220
2019-01-03 00:00:00+00:00,-0.02192448
2019-01-04 00:00:00+00:00,0.05541872
2019-01-07 00:00:00+00:00,-0.00239664
2019-01-08 00:00:00+00:00,0.02279544
2019-01-09 00:00:00+00:00,0.01126928
2019-01-10 00:00:00+00:00,-0.00353878
2019-01-11 00:00:00+00:00,-0.00059084
2019-01-14 00:00:00+00:00,-0.00886525
2019-01-15 00:00:00+00:00,0.01068566
2019-01-16 00:00:00+00:00,-0.01062888
2019-01-17 00:00:00+00:00,-0.00176419
2019-01-18 00:00:00+00:00,0.04178929
2019-01-21 00:00:00+00:00,-0.00864803
2019-01-22 00:00:00+00:00,-0.00752750
2019-01-23 00:00:00+00:00,0.00290613
2019-01-24 00:00:00+00:00,0.01044689
2019-01-25 00:00:00+00:00,0.02424942
2019-01-28 00:00:00+00:00,-0.01768397
2019-01-29 00:00:00+00:00,0.00978417
2019-01-30 00:00:00+00:00,0.00229095
2019-01-31 00:00:00+00:00,0.00057208
2019-02-01 00:00:00+00:00,0.00629111
2019-02-04 00:00:00+00:00,-0.00684151
2019-02-05 00:00:00+00:00,0.03432494
2019-02-06 00:00:00+00:00,0.00281215
2019-02-07 00:00:00+00:00,-0.03538332
2019-02-08 00:00:00+00:00,-0.01772441
2019-02-11 00:00:00+00:00,0.01932506
2019-02-12 00:00:00+00:00,0.01884099
2019-02-13 00:00:00+00:00,-0.00735294
2019-02-14 00:00:00+00:00,-0.00789399
2019-02-15 00:00:00+00:00,0.03339938
2019-02-18 00:00:00+00:00,0.00334076
2019-02-19 00:00:00+00:00,-0.00389105
2019-02-20 00:00:00+00:00,0.01392370
2019-02-21 00:00:00+00:00,-0.00165929
2019-02-22 00:00:00+00:00,0.00664268
2019-02-25 00:00:00+00:00,0.00965517
2019-02-26 00:00:00+00:00,0.00494913
2019-02-27 00:00:00+00:00,-0.00822820
2019-02-28 00:00:00+00:00,0.01156706
2019-03-01 00:00:00+00:00,0.01040526
2019-03-04 00:00:00+00:00,0.00108962
2019-03-05 00:00:00+00:00,0.00429311
2019-03-06 00:00:00+00:00,-0.00217332
2019-03-07 00:00:00+00:00,-0.01223824
2019-03-08 00:00:00+00:00,-0.01094990
2019-03-11 00:00:00+00:00,0.01293697
2019-03-12 00:00:00+00:00,-0.02461707
2019-03-13 00:00:00+00:00,0.00841279
2019-03-14 00:00:00+00:00,0.01396258
2019-03-15 00:00:00+00:00,0.02163062
2019-03-18 00:00:00+00:00,-0.02249657
2019-03-19 00:00:00+00:00,0.01534667
2019-03-20 00:00:00+00:00,-0.01903726
2019-03-21 00:00:00+00:00,-0.00329489
2019-03-22 00:00:00+00:00,-0.03905391
2019-03-25 00:00:00+00:00,-0.00280505
2019-03-26 00:00:00+00:00,0.01292135
2019-03-27 00:00:00+00:00,0.00223277
2019-03-28 00:00:00+00:00,-0.00223028
2019-03-29 00:00:00+00:00,0.01674574
2019-04-01 00:00:00+00:00,0.02601716
2019-04-02 00:00:00+00:00,0.00710383
2019-04-03 00:00:00+00:00,0.02232507
2019-04-04 00:00:00+00:00,0.00323102
2019-04-05 00:00:00+00:00,0.00645161
2019-04-08 00:00:00+00:00,-0.00964630
2019-04-09 00:00:00+00:00,-0.00700054
2019-04-10 00:00:00+00:00,0.00108079
2019-04-11 00:00:00+00:00,0.00972185
2019-04-12 00:00:00+00:00,0.00752486
2019-04-15 00:00:00+00:00,0.00214190
2019-04-16 00:00:00+00:00,0.00962824
2019-04-17 00:00:00+00:00,0.00692042
2019-04-18 00:00:00+00:00,0.00848806
2019-04-23 00:00:00+00:00,0.00528262
2019-04-24 00:00:00+00:00,-0.00368809
2019-04-25 00:00:00+00:00,-0.00369491
2019-04-26 00:00:00+00:00,0.00528821
2019-04-29 00:00:00+00:00,0.00263713
2019-04-30 00:00:00+00:00,0.00526732
2019-05-02 00:00:00+00:00,-0.00945626
2019-05-03 00:00:00+00:00,0.00422275
2019-05-06 00:00:00+00:00,-0.01896234
2019-05-07 00:00:00+00:00,-0.03137463
2019-05-08 00:00:00+00:00,0.01080497
2019-05-09 00:00:00+00:00,-0.03815153
2019-05-10 00:00:00+00:00,0.01205149
2019-05-13 00:00:00+00:00,-0.02668119
2019-05-14 00:00:00+00:00,0.02262693
2019-05-15 00:00:00+00:00,0.01309686
2019-05-16 00:00:00+00:00,0.03090268
2019-05-17 00:00:00+00:00,-0.00427122
2019-05-20 00:00:00+00:00,-0.02996255
2019-05-21 00:00:00+00:00,0.01466594
2019-05-22 00:00:00+00:00,0.00215692
2019-05-23 00:00:00+00:00,-0.03339618
2019-05-24 00:00:00+00:00,0.01205149
2019-05-27 00:00:00+00:00,0.00925674
2019-05-28 00:00:00+00:00,-0.00758808
2019-05-29 00:00:00+00:00,-0.02937976
2019-05-30 00:00:00+00:00,0.01325235
2019-05-31 00:00:00+00:00,-0.02249040
2019-06-03 00:00:00+00:00,0.00776699
2019-06-04 00:00:00+00:00,0.02376347
2019-06-05 00:00:00+00:00,0.00266775
2019-06-06 00:00:00+00:00,-0.00599945
2019-06-07 00:00:00+00:00,0.01832604
2019-06-10 00:00:00+00:00,0.01325041
2019-06-11 00:00:00+00:00,0.01075558
2019-06-12 00:00:00+00:00,-0.00802354
2019-06-13 00:00:00+00:00,0.00269614
2019-06-14 00:00:00+00:00,-0.00861605
2019-06-17 00:00:00+00:00,0.00594916
2019-06-18 00:00:00+00:00,0.03909410
2019-06-19 00:00:00+00:00,-0.00052882
2019-06-20 00:00:00+00:00,0.00766993
2019-06-21 00:00:00+00:00,-0.00790514
2019-06-24 00:00:00+00:00,-0.00370370
2019-06-25 00:00:00+00:00,-0.00265041
2019-06-26 00:00:00+00:00,-0.00424628
2019-06-27 00:00:00+00:00,0.00053191
2019-06-28 00:00:00+00:00,0.01914384
2019-07-01 00:00:00+00:00,0.01316829
2019-07-02 00:00:00+00:00,0.00523286
2019-07-03 00:00:00+00:00,0.01878914
2019-07-04 00:00:00+00:00,0.00361944
2019-07-05 00:00:00+00:00,-0.01032258
2019-07-08 00:00:00+00:00,-0.00207523
2019-07-09 00:00:00+00:00,-0.01038691
2019-07-10 00:00:00+00:00,-0.00365440
2019-07-11 00:00:00+00:00,-0.00052301
2019-07-12 00:00:00+00:00,0.00000000
2019-07-15 00:00:00+00:00,0.00784724
2019-07-16 00:00:00+00:00,0.00729547
2019-07-17 00:00:00+00:00,-0.01090343
2019-07-18 00:00:00+00:00,-0.00887497
2019-07-19 00:00:00+00:00,-0.00314630
2019-07-22 00:00:00+00:00,0.00525210
2019-07-23 00:00:00+00:00,0.02881090
2019-07-24 00:00:00+00:00,0.00154919
2019-07-25 00:00:00+00:00,-0.00980392
2019-07-26 00:00:00+00:00,0.00466684
2019-07-29 00:00:00+00:00,-0.00103466
2019-07-30 00:00:00+00:00,-0.03674948
2019-07-31 00:00:00+00:00,0.00158186
2019-08-01 00:00:00+00:00,0.01264489
2019-08-02 00:00:00+00:00,-0.05654450
2019-08-05 00:00:00+00:00,-0.04040948
2019-08-06 00:00:00+00:00,-0.00934836
2019-08-07 00:00:00+00:00,0.00386740
2019-08-08 00:00:00+00:00,0.03363661
2019-08-09 00:00:00+00:00,-0.02006508
2019-08-12 00:00:00+00:00,-0.00109559
2019-08-13 00:00:00+00:00,0.01589477
2019-08-14 00:00:00+00:00,-0.04676455
2019-08-15 00:00:00+00:00,-0.00222717
2019-08-16 00:00:00+00:00,0.02675585
2019-08-19 00:00:00+00:00,0.02530253
2019-08-20 00:00:00+00:00,-0.01412276
2019-08-21 00:00:00+00:00,0.02625821
2019-08-22 00:00:00+00:00,-0.01295896
2019-08-23 00:00:00+00:00,-0.01576087
2019-08-26 00:00:00+00:00,0.00438236
2019-08-27 00:00:00+00:00,0.00929216
2019-08-28 00:00:00+00:00,0.00054407
2019-08-29 00:00:00+00:00,0.02610824
2019-08-30 00:00:00+00:00,0.00805369
2019-09-02 00:00:00+00:00,0.00748663
2019-09-03 00:00:00+00:00,-0.00692595
2019-09-04 00:00:00+00:00,0.02191927
2019-09-05 00:00:00+00:00,0.01950337
2019-09-06 00:00:00+00:00,0.00523697
2019-09-09 00:00:00+00:00,0.00104466
2019-09-10 00:00:00+00:00,0.00261028
2019-09-11 00:00:00+00:00,0.00729927
2019-09-12 00:00:00+00:00,0.00337662
2019-09-13 00:00:00+00:00,0.00310639
2019-09-16 00:00:00+00:00,-0.00748387
2019-09-17 00:00:00+00:00,-0.00208008
2019-09-18 00:00:00+00:00,0.00286608
2019-09-19 00:00:00+00:00,0.00467654
2019-09-20 00:00:00+00:00,0.00387898
2019-09-23 00:00:00+00:00,-0.00927357
2019-09-24 00:00:00+00:00,-0.00130005
2019-09-25 00:00:00+00:00,-0.00702942
2019-09-26 00:00:00+00:00,0.00707918
2019-09-27 00:00:00+00:00,0.00416558
2019-09-30 00:00:00+00:00,0.00648172
2019-10-01 00:00:00+00:00,-0.01133436
2019-10-02 00:00:00+00:00,-0.02866076
2019-10-03 00:00:00+00:00,-0.00026824
2019-10-04 00:00:00+00:00,0.00643950
2019-10-07 00:00:00+00:00,0.00799787
2019-10-08 00:00:00+00:00,-0.00899233
2019-10-09 00:00:00+00:00,0.00587136
2019-10-10 00:00:00+00:00,0.01008225
2019-10-11 00:00:00+00:00,0.01891253
2019-10-14 00:00:00+00:00,-0.00257798
2019-10-15 00:00:00+00:00,0.01266477
2019-10-16 00:00:00+00:00,0.00025523
2019-10-17 00:00:00+00:00,-0.00153100
2019-10-18 00:00:00+00:00,-0.00536673
2019-10-21 00:00:00+00:00,0.00565262
2019-10-22 00:00:00+00:00,-0.00051099
2019-10-23 00:00:00+00:00,0.00102249
2019-10-24 00:00:00+00:00,0.00331971
2019-10-25 00:00:00+00:00,0.00178162
2019-10-28 00:00:00+00:00,0.00304878
2019-10-29 00:00:00+00:00,-0.00227964
2019-10-30 00:00:00+00:00,-0.00025387
2019-10-31 00:00:00+00:00,-0.00050787
2019-11-01 00:00:00+00:00,0.00254065
2019-11-04 00:00:00+00:00,0.01165737
2019-11-05 00:00:00+00:00,0.00350701
2019-11-06 00:00:00+00:00,0.00224663
2019-11-07 00:00:00+00:00,0.00498132
2019-11-08 00:00:00+00:00,-0.00247831
2019-11-11 00:00:00+00:00,0.00099379
2019-11-12 00:00:00+00:00,0.00521221
2019-11-13 00:00:00+00:00,-0.00493827
2019-11-14 00:00:00+00:00,-0.00272953
2019-11-15 00:00:00+00:00,0.00522518
2019-11-18 00:00:00+00:00,-0.00222772
2019-11-19 00:00:00+00:00,-0.00099231
2019-11-20 00:00:00+00:00,-0.00223491
2019-11-21 00:00:00+00:00,-0.00223992
2019-11-22 00:00:00+00:00,0.00074832
2019-11-25 00:00:00+00:00,0.00648056
2019-11-26 00:00:00+00:00,0.00123824
2019-11-27 00:00:00+00:00,0.00049468
2019-11-28 00:00:00+00:00,-0.00271941
2019-11-29 00:00:00+00:00,0.00049579
2019-12-02 00:00:00+00:00,-0.01957384
2019-12-03 00:00:00+00:00,-0.00454890
2019-12-04 00:00:00+00:00,0.01193196
2019-12-05 00:00:00+00:00,-0.00075263
2019-12-06 00:00:00+00:00,0.01029375
2019-12-09 00:00:00+00:00,-0.00472167
2019-12-10 00:00:00+00:00,-0.00124844
2019-12-11 00:00:00+00:00,0.00475000
2019-12-12 00:00:00+00:00,0.00522518
2019-12-13 00:00:00+00:00,0.00371287
2019-12-16 00:00:00+00:00,0.01183724
2019-12-17 00:00:00+00:00,-0.00566865
2019-12-18 00:00:00+00:00,-0.00049020
2019-12-19 00:00:00+00:00,-0.00098087
2019-12-20 00:00:00+00:00,0.00785469
2019-12-23 00:00:00+00:00,0.06161715
2019-12-27 00:00:00+00:00,0.00146520
2020-01-02 00:00:00+00:00,0.00414533
2020-01-03 00:00:00+00:00,-0.00801360
2020-01-06 00:00:00+00:00,-0.00146879
2020-01-07 00:00:00+00:00,0.00269674
2020-01-09 00:00:00+00:00,0.00904645
2020-01-10 00:00:00+00:00,0.00218076
2020-01-14 00:00:00+00:00,-0.00459381
2020-01-15 00:00:00+00:00,-0.00072869
2020-01-16 00:00:00+00:00,-0.00170151
2020-01-17 00:00:00+00:00,0.01046993
2020-01-20 00:00:00+00:00,-0.00216867
2020-01-21 00:00:00+00:00,-0.00193190
2020-01-22 00:00:00+00:00,-0.00362932
2020-01-23 00:00:00+00:00,-0.00607091
2020-01-27 00:00:00+00:00,-0.01612509
2020-01-28 00:00:00+00:00,0.00546312
2020-01-29 00:00:00+00:00,0.01086688
2020-02-04 00:00:00+00:00,-0.00342047
2020-02-05 00:00:00+00:00,0.01176759
2020-02-06 00:00:00+00:00,0.00848074
2020-02-07 00:00:00+00:00,-0.00240269
2020-02-12 00:00:00+00:00,0.01685934
2020-02-13 00:00:00+00:00,-0.00165798
2020-02-14 00:00:00+00:00,0.00094899
2020-02-18 00:00:00+00:00,-0.00189618
2020-02-19 00:00:00+00:00,0.00664925
2020-02-20 00:00:00+00:00,-0.00265795
2020-02-21 00:00:00+00:00,-0.01158940
2020-02-24 00:00:00+00:00,-0.04139746
2020-02-25 00:00:00+00:00,-0.01947079
2020-02-26 00:00:00+00:00,-0.07255601
2020-03-26 00:00:00+00:00,0.00000000
2020-03-27 00:00:00+00:00,-0.10573814
2020-03-30 00:00:00+00:00,-0.02135469
2020-03-31 00:00:00+00:00,0.04057279
2020-04-01 00:00:00+00:00,-0.03833552
2020-04-03 00:00:00+00:00,-0.00545145
2020-04-07 00:00:00+00:00,0.07673861
2020-04-08 00:00:00+00:00,-0.01559020
2020-04-09 00:00:00+00:00,0.01809955
2020-04-14 00:00:00+00:00,0.01206349
2020-04-15 00:00:00+00:00,-0.04140527
2020-04-16 00:00:00+00:00,0.00327225
2020-04-17 00:00:00+00:00,0.03881279
2020-04-21 00:00:00+00:00,-0.03359498
2020-04-22 00:00:00+00:00,0.00357375
2020-04-23 00:00:00+00:00,0.00906442
2020-04-24 00:00:00+00:00,-0.00930382
2020-04-27 00:00:00+00:00,0.01748705
2020-04-28 00:00:00+00:00,0.02132400
2020-04-29 00:00:00+00:00,0.01121845
2020-04-30 00:00:00+00:00,-0.00862866
2020-05-04 00:00:00+00:00,-0.03388250
2020-05-05 00:00:00+00:00,0.00482625
2020-05-06 00:00:00+00:00,0.00256164
2020-05-07 00:00:00+00:00,0.01149792
2020-05-11 00:00:00+00:00,0.00000000
2020-05-12 00:00:00+00:00,0.00631512
2020-05-13 00:00:00+00:00,-0.02510198
2020-05-14 00:00:00+00:00,-0.01834567
2020-05-15 00:00:00+00:00,0.00229508
2020-05-18 00:00:00+00:00,0.05462872
2020-05-19 00:00:00+00:00,-0.01178660
2020-05-20 00:00:00+00:00,0.01632141
2020-05-25 00:00:00+00:00,0.01389747
2020-05-26 00:00:00+00:00,0.01218398
2020-05-27 00:00:00+00:00,0.01444478
2020-05-28 00:00:00+00:00,0.01631563
2020-05-29 00:00:00+00:00,-0.01167542
2020-06-02 00:00:00+00:00,0.02539870
2020-06-03 00:00:00+00:00,0.03398618
2020-06-04 00:00:00+00:00,0.00501393
2020-06-05 00:00:00+00:00,0.02245011
2020-06-08 00:00:00+00:00,-0.00243969
2020-06-09 00:00:00+00:00,-0.00869565
2020-06-10 00:00:00+00:00,-0.00630482
2020-06-11 00:00:00+00:00,-0.03834483
2020-06-12 00:00:00+00:00,-0.00659782
2020-06-15 00:00:00+00:00,-0.00433150
2020-06-16 00:00:00+00:00,0.02893932
2020-06-17 00:00:00+00:00,0.01127396
2020-06-18 00:00:00+00:00,-0.00975474
2020-06-22 00:00:00+00:00,-0.08387278
2020-06-23 00:00:00+00:00,0.01813031
2020-06-24 00:00:00+00:00,-0.02003339
2020-06-25 00:00:00+00:00,-0.00454287
2020-06-26 00:00:00+00:00,0.00256703
2020-06-29 00:00:00+00:00,0.00881935
2020-06-30 00:00:00+00:00,-0.00112803
2020-07-01 00:00:00+00:00,0.00169396
2020-07-02 00:00:00+00:00,0.02367531
2020-07-03 00:00:00+00:00,-0.00660793
2020-07-06 00:00:00+00:00,0.01662971
2020-07-07 00:00:00+00:00,-0.00845147
2020-07-08 00:00:00+00:00,-0.00659885
2020-07-09 00:00:00+00:00,0.00719624
2020-07-10 00:00:00+00:00,-0.00769442
2020-07-13 00:00:00+00:00,0.01827749
2020-07-14 00:00:00+00:00,-0.01305412
2020-07-15 00:00:00+00:00,0.02039129
2020-07-16 00:00:00+00:00,-0.00243046
2020-07-17 00:00:00+00:00,-0.00270709
2020-07-20 00:00:00+00:00,0.01085776
2020-07-21 00:00:00+00:00,0.00939850
2020-07-23 00:00:00+00:00,-0.00771482
2020-07-24 00:00:00+00:00,-0.02198391
2020-07-27 00:00:00+00:00,-0.00164474
2020-07-28 00:00:00+00:00,-0.00604064
2020-07-30 00:00:00+00:00,-0.02541436
2020-07-31 00:00:00+00:00,0.00028345
2020-08-03 00:00:00+00:00,0.01303485
2020-08-04 00:00:00+00:00,0.00251748
2020-08-05 00:00:00+00:00,0.00837054
2020-08-06 00:00:00+00:00,-0.00802435
2020-08-07 00:00:00+00:00,-0.00446304
2020-08-10 00:00:00+00:00,0.00868591
2020-08-11 00:00:00+00:00,0.00805556
2020-08-12 00:00:00+00:00,0.02204464
2020-08-13 00:00:00+00:00,-0.00404422
2020-08-14 00:00:00+00:00,-0.01570114
2020-08-17 00:00:00+00:00,0.00385039
2020-08-18 00:00:00+00:00,-0.00520548
2020-08-20 00:00:00+00:00,-0.00358028
2020-08-21 00:00:00+00:00,-0.00552792
2020-08-26 00:00:00+00:00,0.02779322
2020-08-27 00:00:00+00:00,-0.00054083
2020-08-28 00:00:00+00:00,-0.00703463
2020-08-31 00:00:00+00:00,-0.00926431
2020-09-01 00:00:00+00:00,0.00220022
2020-09-02 00:00:00+00:00,0.01509330
2020-09-03 00:00:00+00:00,-0.01108408
2020-09-04 00:00:00+00:00,-0.01858939
2020-09-07 00:00:00+00:00,0.02172702
2020-09-08 00:00:00+00:00,-0.00899673
2020-09-09 00:00:00+00:00,0.01155433
2020-09-10 00:00:00+00:00,-0.00163177
2020-09-11 00:00:00+00:00,0.00326886
2020-09-14 00:00:00+00:00,-0.00060604
2020-09-15 00:00:00+00:00,0.00461831
2020-09-16 00:00:00+00:00,-0.00243375
2020-09-17 00:00:00+00:00,0.02710762
2020-09-18 00:00:00+00:00,-0.00789116
2020-09-21 00:00:00+00:00,-0.03392613
2020-09-22 00:00:00+00:00,-0.00424809
2020-09-25 00:00:00+00:00,-0.01194539
2020-09-28 00:00:00+00:00,0.02475533
2020-09-29 00:00:00+00:00,0.00084270
2020-10-01 00:00:00+00:00,-0.00028066
2020-10-02 00:00:00+00:00,-0.00870298
2020-10-06 00:00:00+00:00,0.02039082
2020-10-07 00:00:00+00:00,-0.00111019
2020-10-09 00:00:00+00:00,0.01250347
2020-10-12 00:00:00+00:00,0.00850714
2020-10-14 00:00:00+00:00,-0.00190476
2020-10-16 00:00:00+00:00,-0.01553980
2020-10-28 00:00:00+00:00,0.00000000
2020-11-02 00:00:00+00:00,-0.06064802
2020-11-04 00:00:00+00:00,0.03626179
2020-11-05 00:00:00+00:00,0.02674253
2020-11-06 00:00:00+00:00,-0.00443336
2020-11-09 00:00:00+00:00,0.05956026
2020-11-10 00:00:00+00:00,0.00472813
2020-11-11 00:00:00+00:00,0.00575163
2020-11-12 00:00:00+00:00,-0.00155966
2020-11-16 00:00:00+00:00,0.00937256
2020-11-17 00:00:00+00:00,-0.00438483
2020-11-18 00:00:00+00:00,0.00492228
2020-11-19 00:00:00+00:00,-0.00515597
2020-11-20 00:00:00+00:00,0.00362788
2020-11-23 00:00:00+00:00,0.00129099
2020-11-24 00:00:00+00:00,0.00850954
2020-11-26 00:00:00+00:00,0.00409103
2020-11-27 00:00:00+00:00,0.00152788
2020-12-01 00:00:00+00:00,-0.00432240
2020-12-02 00:00:00+00:00,0.00153218
2020-12-03 00:00:00+00:00,0.00178480
2020-12-04 00:00:00+00:00,0.00050904
2020-12-07 00:00:00+00:00,0.06563215
2020-12-11 00:00:00+00:00,-0.01195625
2020-12-18 00:00:00+00:00,0.01647786
2020-12-21 00:00:00+00:00,-0.03064843
2020-12-22 00:00:00+00:00,0.01593938
2020-12-23 00:00:00+00:00,0.01388889
2020-12-28 00:00:00+00:00,0.01293760
2020-12-29 00:00:00+00:00,0.00100175
2020-12-30 00:00:00+00:00,0.00000000
2021-01-04 00:00:00+00:00,0.00750563
2021-01-05 00:00:00+00:00,-0.01912093
2021-01-06 00:00:00+00:00,0.02126582
2021-01-07 00:00:00+00:00,-0.00049579
2021-01-11 00:00:00+00:00,0.00272817
2021-01-12 00:00:00+00:00,0.00098936
2021-01-14 00:00:00+00:00,0.00617742
2021-01-15 00:00:00+00:00,-0.01105108
2021-01-19 00:00:00+00:00,-0.00124162
2021-01-20 00:00:00+00:00,0.00696171
2021-01-22 00:00:00+00:00,-0.00765432
2021-01-25 00:00:00+00:00,-0.00945509
2021-01-26 00:00:00+00:00,0.00828937
2021-01-28 00:00:00+00:00,-0.00971599
2021-01-29 00:00:00+00:00,-0.01635220
2021-02-02 00:00:00+00:00,0.02429668
2021-02-03 00:00:00+00:00,0.00774032
2021-02-04 00:00:00+00:00,0.00000000
2021-02-11 00:00:00+00:00,0.01040634
2021-02-12 00:00:00+00:00,0.00000000
2021-02-16 00:00:00+00:00,0.02010790
2021-02-17 00:00:00+00:00,-0.00745192
2021-02-19 00:00:00+00:00,-0.00653911
2021-02-22 00:00:00+00:00,-0.00146270
2021-02-23 00:00:00+00:00,-0.01074219
2021-02-25 00:00:00+00:00,0.01357354
2021-02-26 00:00:00+00:00,-0.01655710
2021-03-01 00:00:00+00:00,0.01955930
2021-03-04 00:00:00+00:00,-0.00437105
2021-03-05 00:00:00+00:00,-0.00902439
2021-03-08 00:00:00+00:00,0.02510460
2021-03-09 00:00:00+00:00,0.00672269
2021-03-10 00:00:00+00:00,0.00882423
2021-03-11 00:00:00+00:00,0.00378251
2021-03-12 00:00:00+00:00,-0.00070655
2021-03-15 00:00:00+00:00,0.00582906
2021-03-16 00:00:00+00:00,-0.00210872
2021-03-19 00:00:00+00:00,0.05822963
2021-03-23 00:00:00+00:00,-0.01995774
2021-03-24 00:00:00+00:00,0.00047916
2021-03-26 00:00:00+00:00,0.01029693
2021-03-29 00:00:00+00:00,0.00331832
2021-03-30 00:00:00+00:00,0.00637845
2021-04-08 00:00:00+00:00,0.00000000
2021-04-15 00:00:00+00:00,0.02206573
2021-04-20 00:00:00+00:00,-0.00206706
2021-04-22 00:00:00+00:00,0.00989643
2021-04-23 00:00:00+00:00,-0.00250684
2021-04-28 00:00:00+00:00,0.00799634
2021-04-29 00:00:00+00:00,-0.00430644
2021-04-30 00:00:00+00:00,-0.00386979
2021-05-03 00:00:00+00:00,0.00548446
2021-05-04 00:00:00+00:00,-0.00977273
2021-05-05 00:00:00+00:00,0.01147579
2021-05-07 00:00:00+00:00,0.00544588
2021-05-12 00:00:00+00:00,-0.01444369
2021-05-13 00:00:00+00:00,-0.00503778
2021-05-14 00:00:00+00:00,0.01403913
2021-05-18 00:00:00+00:00,0.01021335
2021-05-19 00:00:00+00:00,-0.02808358
2021-05-20 00:00:00+00:00,0.01571891
2021-05-25 00:00:00+00:00,0.02275831
2021-05-27 00:00:00+00:00,-0.00489542
2021-06-01 00:00:00+00:00,0.01431127
2021-06-02 00:00:00+00:00,-0.00132275
2021-06-07 00:00:00+00:00,0.00728477
2021-06-15 00:00:00+00:00,0.00000000
2021-06-17 00:00:00+00:00,0.00679378
2021-06-18 00:00:00+00:00,0.08380496
2021-06-21 00:00:00+00:00,-0.01345486
2021-06-22 00:00:00+00:00,0.00000000
2021-06-23 00:00:00+00:00,0.00087989
2021-06-25 00:00:00+00:00,0.00571429
2021-06-28 00:00:00+00:00,-0.00480769
2021-07-02 00:00:00+00:00,0.00219587
2021-07-06 00:00:00+00:00,-0.00876424
2021-07-08 00:00:00+00:00,-0.01458886
2021-07-12 00:00:00+00:00,0.02579632
2021-07-13 00:00:00+00:00,-0.00043735
2021-07-16 00:00:00+00:00,-0.01487639
2021-07-19 00:00:00+00:00,-0.02420608
2021-07-20 00:00:00+00:00,0.01024124
2021-07-21 00:00:00+00:00,0.01081325
2021-07-30 00:00:00+00:00,0.00000000
2021-08-13 00:00:00+00:00,0.00000000
2021-08-19 00:00:00+00:00,0.02785826
2021-09-01 00:00:00+00:00,0.00000000
2021-09-08 00:00:00+00:00,0.01712923
2021-09-15 00:00:00+00:00,-0.00319761
2021-09-16 00:00:00+00:00,0.00470488
2021-09-17 00:00:00+00:00,0.01596424
2021-09-20 00:00:00+00:00,-0.03815477
2021-09-21 00:00:00+00:00,0.02338923
2021-09-22 00:00:00+00:00,0.02178175
2021-09-23 00:00:00+00:00,0.01962899
2021-09-24 00:00:00+00:00,-0.01475936
2021-09-27 00:00:00+00:00,0.00043020
2021-09-28 00:00:00+00:00,-0.04820314
2021-09-29 00:00:00+00:00,0.00397088
2021-09-30 00:00:00+00:00,-0.00198544
2021-10-01 00:00:00+00:00,-0.01675854
2021-10-04 00:00:00+00:00,-0.00823687
2021-10-05 00:00:00+00:00,0.01825467
2021-10-06 00:00:00+00:00,-0.01598579
2021-10-07 00:00:00+00:00,0.03050546
2021-10-08 00:00:00+00:00,-0.00396476
2021-10-11 00:00:00+00:00,-0.00550661
2021-10-12 00:00:00+00:00,-0.00242987
2021-10-13 00:00:00+00:00,0.01391650
2021-10-14 00:00:00+00:00,0.03074896
2021-10-15 00:00:00+00:00,0.01318349
2021-10-18 00:00:00+00:00,-0.00859476
2021-10-19 00:00:00+00:00,0.00733075
2021-10-20 00:00:00+00:00,0.00515685
2021-10-21 00:00:00+00:00,-0.00321337
2021-10-22 00:00:00+00:00,0.01499572
2021-10-25 00:00:00+00:00,-0.00021263
2021-10-26 00:00:00+00:00,0.01191997
2021-10-27 00:00:00+00:00,-0.00762712
2021-10-28 00:00:00+00:00,0.00807995
2021-10-29 00:00:00+00:00,-0.00444444
2021-11-01 00:00:00+00:00,0.00874014
2021-11-02 00:00:00+00:00,0.00383713
2021-11-03 00:00:00+00:00,0.00319761
2021-11-04 00:00:00+00:00,0.03645278
2021-11-05 00:00:00+00:00,0.01116625
2021-11-08 00:00:00+00:00,0.00061551
2021-11-09 00:00:00+00:00,-0.00738613
2021-11-10 00:00:00+00:00,-0.00000000
2021-11-11 00:00:00+00:00,0.00288660
2021-11-12 00:00:00+00:00,-0.00041220
2021-11-15 00:00:00+00:00,0.00721352
2021-11-16 00:00:00+00:00,0.00391591
2021-11-17 00:00:00+00:00,0.01483924
2021-11-18 00:00:00+00:00,-0.00284611
2021-11-19 00:00:00+00:00,-0.01138443
2021-11-22 00:00:00+00:00,-0.00225271
2021-11-23 00:00:00+00:00,-0.02437026
2021-11-24 00:00:00+00:00,-0.00911162
2021-11-25 00:00:00+00:00,0.00479566
2021-11-26 00:00:00+00:00,-0.08369769
2021-11-29 00:00:00+00:00,0.01237516
2021-11-30 00:00:00+00:00,-0.01100799
2021-12-01 00:00:00+00:00,0.03773585
2021-12-02 00:00:00+00:00,-0.03028364
2021-12-03 00:00:00+00:00,-0.01839827
2021-12-06 00:00:00+00:00,0.03253275
2021-12-07 00:00:00+00:00,0.05480335
2021-12-08 00:00:00+00:00,-0.00606822
2021-12-09 00:00:00+00:00,-0.00354758
2021-12-10 00:00:00+00:00,-0.01189482
2021-12-13 00:00:00+00:00,-0.01705622
2021-12-14 00:00:00+00:00,-0.00661122
2021-12-15 00:00:00+00:00,0.00255918
2021-12-16 00:00:00+00:00,0.01087652
2021-12-17 00:00:00+00:00,-0.01130305
2021-12-20 00:00:00+00:00,-0.03369588
2021-12-21 00:00:00+00:00,0.03019770
2021-12-22 00:00:00+00:00,0.01177226
2021-12-23 00:00:00+00:00,0.03223052
2021-12-27 00:00:00+00:00,0.01276952
2021-12-28 00:00:00+00:00,0.01123362
2021-12-29 00:00:00+00:00,-0.01096854
2021-12-30 00:00:00+00:00,0.00914951
2022-01-03 00:00:00+00:00,0.01325052
2022-01-04 00:00:00+00:00,0.00966879
2022-01-05 00:00:00+00:00,0.01084510
2022-01-06 00:00:00+00:00,-0.03093833
2022-01-07 00:00:00+00:00,-0.00578393
2022-01-10 00:00:00+00:00,-0.02545003
2022-01-11 00:00:00+00:00,0.01216698
2022-01-12 00:00:00+00:00,0.00647182
2022-01-13 00:00:00+00:00,0.00793319
2022-01-14 00:00:00+00:00,-0.01948187
2022-01-17 00:00:00+00:00,0.01065831
2022-01-18 00:00:00+00:00,-0.01667014
2022-01-19 00:00:00+00:00,-0.00440344
2022-01-20 00:00:00+00:00,0.01451104
2022-01-21 00:00:00+00:00,-0.04199749
2022-01-24 00:00:00+00:00,-0.06799230
2022-01-25 00:00:00+00:00,-0.00375028
2022-01-26 00:00:00+00:00,0.04513117
2022-01-27 00:00:00+00:00,0.00585049
2022-01-28 00:00:00+00:00,-0.02180013
2022-01-31 00:00:00+00:00,0.01815398
2022-02-01 00:00:00+00:00,0.02787984
2022-02-02 00:00:00+00:00,0.00469183
2022-02-03 00:00:00+00:00,-0.02026018
2022-02-04 00:00:00+00:00,-0.03906083
2022-02-07 00:00:00+00:00,0.00898926
2022-02-08 00:00:00+00:00,0.00504275
2022-02-09 00:00:00+00:00,0.04038420
2022-02-10 00:00:00+00:00,-0.00426803
2022-02-11 00:00:00+00:00,-0.01949025
2022-02-14 00:00:00+00:00,-0.04601426
2022-02-15 00:00:00+00:00,0.03605397
2022-02-16 00:00:00+00:00,0.00477845
2022-02-17 00:00:00+00:00,-0.02685145
2022-02-18 00:00:00+00:00,-0.01923918
2022-02-21 00:00:00+00:00,-0.03974387
2022-02-22 00:00:00+00:00,-0.00022487
2022-02-23 00:00:00+00:00,-0.00765077
2022-02-24 00:00:00+00:00,-0.06972022
2022-02-25 00:00:00+00:00,0.06810204
2022-02-28 00:00:00+00:00,-0.01673073
2022-03-01 00:00:00+00:00,-0.07569539
2022-03-02 00:00:00+00:00,0.01327014
2022-03-03 00:00:00+00:00,-0.02843602
2022-03-04 00:00:00+00:00,-0.09597523
2022-03-07 00:00:00+00:00,-0.00850425
2022-03-08 00:00:00+00:00,-0.02470060
2022-03-09 00:00:00+00:00,0.05259127
2022-03-10 00:00:00+00:00,-0.01285472
2022-03-11 00:00:00+00:00,0.01474201
2022-03-14 00:00:00+00:00,0.01186441
2022-03-15 00:00:00+00:00,-0.02201484
2022-03-16 00:00:00+00:00,0.08221189
2022-03-17 00:00:00+00:00,0.00000000
2022-03-18 00:00:00+00:00,0.00070505
2022-03-21 00:00:00+00:00,0.00187882
2022-03-22 00:00:00+00:00,0.00586029
2022-03-23 00:00:00+00:00,-0.01095316
2022-03-24 00:00:00+00:00,-0.00259189
2022-03-25 00:00:00+00:00,0.00070872
2022-03-28 00:00:00+00:00,0.01699717
2022-03-29 00:00:00+00:00,0.01532033
2022-03-30 00:00:00+00:00,-0.01120256
2022-03-31 00:00:00+00:00,-0.00971098
2022-04-01 00:00:00+00:00,0.00373570
2022-04-04 00:00:00+00:00,0.00651314
2022-04-05 00:00:00+00:00,-0.00878207
2022-04-06 00:00:00+00:00,-0.02657962
2022-04-07 00:00:00+00:00,0.00095808
2022-04-08 00:00:00+00:00,0.01435750
2022-04-11 00:00:00+00:00,-0.00235905
2022-04-12 00:00:00+00:00,-0.00662095
2022-04-13 00:00:00+00:00,-0.00071412
2022-04-14 00:00:00+00:00,0.01048118
2022-04-19 00:00:00+00:00,-0.01272984
2022-04-20 00:00:00+00:00,0.02578797
2022-04-21 00:00:00+00:00,0.01117318
2022-04-22 00:00:00+00:00,-0.02279006
2022-04-25 00:00:00+00:00,-0.01884570
2022-04-26 00:00:00+00:00,-0.00888355
2022-04-27 00:00:00+00:00,-0.00557171
2022-04-28 00:00:00+00:00,0.00901340
2022-04-29 00:00:00+00:00,0.01641719
2022-05-02 00:00:00+00:00,-0.01615202
2022-05-03 00:00:00+00:00,0.00241429
2022-05-04 00:00:00+00:00,0.00385356
2022-05-05 00:00:00+00:00,-0.00287908
2022-05-06 00:00:00+00:00,-0.02550529
2022-05-09 00:00:00+00:00,-0.02419753
2022-05-10 00:00:00+00:00,0.01189271
2022-05-11 00:00:00+00:00,0.01250313
2022-05-12 00:00:00+00:00,-0.00765621
2022-05-13 00:00:00+00:00,0.02414136
2022-05-16 00:00:00+00:00,-0.00072904
2022-05-17 00:00:00+00:00,0.01653696
2022-05-18 00:00:00+00:00,-0.01483254
2022-05-19 00:00:00+00:00,-0.02088392
2022-05-20 00:00:00+00:00,0.02579365
2022-05-23 00:00:00+00:00,-0.00725338
2022-05-24 00:00:00+00:00,-0.00219191
2022-05-25 00:00:00+00:00,0.01025140
2022-05-27 00:00:00+00:00,0.02029476
2022-05-30 00:00:00+00:00,0.01823348
2022-05-31 00:00:00+00:00,-0.01558140
2022-06-01 00:00:00+00:00,-0.00755965
2022-06-02 00:00:00+00:00,0.00975958
2022-06-03 00:00:00+00:00,-0.00447902
2022-06-07 00:00:00+00:00,0.00426237
2022-06-08 00:00:00+00:00,0.00565904
2022-06-09 00:00:00+00:00,-0.02063306
2022-06-10 00:00:00+00:00,-0.01149150
2022-06-15 00:00:00+00:00,-0.04625817
2022-06-16 00:00:00+00:00,-0.02793296
2022-06-17 00:00:00+00:00,0.00235110
2022-06-20 00:00:00+00:00,0.00781861
2022-06-21 00:00:00+00:00,0.00724076
2022-06-22 00:00:00+00:00,-0.00718870
2022-06-23 00:00:00+00:00,-0.00930954
2022-06-24 00:00:00+00:00,0.02688593
2022-06-27 00:00:00+00:00,0.00279614
2022-06-28 00:00:00+00:00,0.00025349
2022-06-29 00:00:00+00:00,-0.01140395
2022-06-30 00:00:00+00:00,-0.01717508
2022-07-01 00:00:00+00:00,0.00026082
2022-07-04 00:00:00+00:00,0.00338983
2022-07-05 00:00:00+00:00,-0.02754678
2022-07-06 00:00:00+00:00,0.01710315
2022-07-07 00:00:00+00:00,0.01812927
2022-07-08 00:00:00+00:00,0.00851613
2022-07-11 00:00:00+00:00,-0.00870010
2022-07-12 00:00:00+00:00,0.00335570
2022-07-13 00:00:00+00:00,-0.00926164
2022-07-14 00:00:00+00:00,-0.01558037
2022-07-15 00:00:00+00:00,0.02294909
2022-07-18 00:00:00+00:00,0.00773595
2022-07-19 00:00:00+00:00,0.02302968
2022-07-20 00:00:00+00:00,-0.00250125
2022-07-21 00:00:00+00:00,0.00250752
2022-07-22 00:00:00+00:00,0.00350175
2022-07-25 00:00:00+00:00,-0.07951147
2022-07-26 00:00:00+00:00,-0.00972084
2022-07-27 00:00:00+00:00,0.01903808
2022-07-28 00:00:00+00:00,0.02084367
2022-07-29 00:00:00+00:00,0.03045187
2022-08-01 00:00:00+00:00,0.00169328
2022-08-02 00:00:00+00:00,-0.01111648
2022-08-03 00:00:00+00:00,0.02138518
2022-08-04 00:00:00+00:00,0.00913681
2022-08-05 00:00:00+00:00,-0.01531833
2022-08-08 00:00:00+00:00,0.01953690
2022-08-09 00:00:00+00:00,-0.01839465
2022-08-10 00:00:00+00:00,0.01952748
2022-08-11 00:00:00+00:00,0.00191022
2022-08-12 00:00:00+00:00,0.01097328
2022-08-15 00:00:00+00:00,0.00284698
2022-08-16 00:00:00+00:00,0.00923952
2022-08-17 00:00:00+00:00,-0.02452252
2022-08-18 00:00:00+00:00,0.00835522
2022-08-19 00:00:00+00:00,-0.02330005
2022-08-22 00:00:00+00:00,-0.03800818
2022-08-23 00:00:00+00:00,-0.00613046
2022-08-24 00:00:00+00:00,0.00957996
2022-08-25 00:00:00+00:00,0.00000000
2022-08-26 00:00:00+00:00,-0.03566194
2022-08-29 00:00:00+00:00,-0.01741727
2022-08-30 00:00:00+00:00,-0.00602864
2022-08-31 00:00:00+00:00,-0.01611279
2022-09-01 00:00:00+00:00,-0.03810008
2022-09-02 00:00:00+00:00,0.05280870
2022-09-05 00:00:00+00:00,-0.02975290
2022-09-06 00:00:00+00:00,0.00383828
2022-09-07 00:00:00+00:00,0.00689479
2022-09-08 00:00:00+00:00,0.00585391
2022-09-09 00:00:00+00:00,0.03324029
2022-09-12 00:00:00+00:00,0.03919121
2022-09-13 00:00:00+00:00,-0.03232125
2022-09-14 00:00:00+00:00,-0.00771528
2022-09-15 00:00:00+00:00,-0.01128668
2022-09-16 00:00:00+00:00,-0.03531786
2022-09-19 00:00:00+00:00,0.00538324
2022-09-20 00:00:00+00:00,-0.02608029
2022-09-21 00:00:00+00:00,0.01580311
2022-09-22 00:00:00+00:00,-0.03598047
2022-09-23 00:00:00+00:00,-0.04579953
2022-09-26 00:00:00+00:00,-0.00374933
2022-09-27 00:00:00+00:00,-0.00670781
2022-09-28 00:00:00+00:00,0.00161551
2022-09-29 00:00:00+00:00,-0.03900995
2022-09-30 00:00:00+00:00,0.02935528
2022-10-03 00:00:00+00:00,0.01486888
2022-10-04 00:00:00+00:00,0.07997853
2022-10-05 00:00:00+00:00,-0.02038710
2022-10-06 00:00:00+00:00,-0.00625652
2022-10-07 00:00:00+00:00,-0.03556485
2022-10-10 00:00:00+00:00,-0.00718850
2022-10-11 00:00:00+00:00,-0.01496526
2022-10-12 00:00:00+00:00,-0.00376952
2022-10-13 00:00:00+00:00,0.01564607
2022-10-14 00:00:00+00:00,0.01766595
2022-10-17 00:00:00+00:00,0.03130804
2022-10-18 00:00:00+00:00,0.01724138
2022-10-19 00:00:00+00:00,-0.00336700
2022-10-20 00:00:00+00:00,0.00778412
2022-10-21 00:00:00+00:00,-0.00982166
2022-10-24 00:00:00+00:00,0.03428571
2022-10-25 00:00:00+00:00,0.03243105
2022-10-26 00:00:00+00:00,0.01080674
2022-10-27 00:00:00+00:00,-0.00324919
2022-10-28 00:00:00+00:00,0.00050050
2022-10-31 00:00:00+00:00,0.00525526
2022-11-01 00:00:00+00:00,0.01098352
2022-11-02 00:00:00+00:00,-0.01365442
2022-11-03 00:00:00+00:00,-0.01799550
2022-11-04 00:00:00+00:00,0.05069357
2022-11-07 00:00:00+00:00,0.00738007
2022-11-08 00:00:00+00:00,0.01838235
2022-11-09 00:00:00+00:00,-0.00170027
2022-11-10 00:00:00+00:00,0.05882353
2022-11-11 00:00:00+00:00,0.00897496
2022-11-14 00:00:00+00:00,0.00681711
2022-11-15 00:00:00+00:00,0.01007262
2022-11-16 00:00:00+00:00,-0.01421911
2022-11-17 00:00:00+00:00,-0.00633952
2022-11-18 00:00:00+00:00,0.02355158
2022-11-21 00:00:00+00:00,-0.00325885
2022-11-22 00:00:00+00:00,0.01025880
2022-11-23 00:00:00+00:00,0.00765484
2022-11-24 00:00:00+00:00,0.00924428
2022-11-25 00:00:00+00:00,-0.00069013
2022-11-28 00:00:00+00:00,-0.01219512
2022-11-29 00:00:00+00:00,-0.00949294
2022-11-30 00:00:00+00:00,0.01579192
2022-12-01 00:00:00+00:00,0.00875576
2022-12-02 00:00:00+00:00,0.00091764
2022-12-05 00:00:00+00:00,-0.00871360
2022-12-06 00:00:00+00:00,-0.01427913
2022-12-07 00:00:00+00:00,-0.00603108
2022-12-08 00:00:00+00:00,-0.00372266
2022-12-09 00:00:00+00:00,0.01142457
2022-12-12 00:00:00+00:00,-0.00625724
2022-12-13 00:00:00+00:00,0.03882818
2022-12-14 00:00:00+00:00,-0.00251947
2022-12-15 00:00:00+00:00,-0.06603990
2022-12-16 00:00:00+00:00,-0.02016129
2022-12-19 00:00:00+00:00,0.00526442
2022-12-20 00:00:00+00:00,-0.00763723
2022-12-21 00:00:00+00:00,0.03545759
2022-12-22 00:00:00+00:00,-0.02471751
2022-12-23 00:00:00+00:00,-0.00023838
2022-12-27 00:00:00+00:00,0.00715137
2022-12-28 00:00:00+00:00,-0.01140143
2022-12-29 00:00:00+00:00,0.02054467
2022-12-30 00:00:00+00:00,-0.02601088
2023-01-02 00:00:00+00:00,0.03282223
2023-01-03 00:00:00+00:00,0.01343706
2023-01-04 00:00:00+00:00,0.04120815
2023-01-05 00:00:00+00:00,-0.00481872
2023-01-06 00:00:00+00:00,0.02598896
2023-01-09 00:00:00+00:00,0.02724796
2023-01-10 00:00:00+00:00,-0.00672043
2023-01-11 00:00:00+00:00,0.01461002
2023-01-12 00:00:00+00:00,0.01718366
2023-01-13 00:00:00+00:00,0.00730088
2023-01-16 00:00:00+00:00,0.00462963
2023-01-17 00:00:00+00:00,0.00307895
2023-01-18 00:00:00+00:00,0.00263505
2023-01-19 00:00:00+00:00,-0.03486842
2023-01-20 00:00:00+00:00,0.01138139
2023-01-23 00:00:00+00:00,0.01553484
2023-01-24 00:00:00+00:00,0.00242237
2023-01-25 00:00:00+00:00,-0.00461945
2023-01-26 00:00:00+00:00,0.01234568
2023-01-27 00:00:00+00:00,0.00153374
2023-01-30 00:00:00+00:00,-0.00525394
2023-01-31 00:00:00+00:00,0.00175593
2023-02-01 00:00:00+00:00,0.00460526
2023-02-02 00:00:00+00:00,0.03719912
2023-02-03 00:00:00+00:00,0.00171858
2023-02-06 00:00:00+00:00,-0.01953209
2023-02-07 00:00:00+00:00,-0.00151712
2023-02-08 00:00:00+00:00,0.00433839
2023-02-09 00:00:00+00:00,0.01558442
2023-02-10 00:00:00+00:00,-0.02469931
2023-02-13 00:00:00+00:00,0.02196130
2023-02-14 00:00:00+00:00,0.00344160
2023-02-15 00:00:00+00:00,0.01481641
2023-02-16 00:00:00+00:00,0.00895331
2023-02-17 00:00:00+00:00,-0.01082343
2023-02-20 00:00:00+00:00,-0.00064007
2023-02-21 00:00:00+00:00,-0.01173709
2023-02-22 00:00:00+00:00,-0.00493774
2023-02-23 00:00:00+00:00,0.00946847
2023-02-24 00:00:00+00:00,-0.02698651
2023-02-27 00:00:00+00:00,0.02344768
2023-02-28 00:00:00+00:00,-0.00364807
2023-03-01 00:00:00+00:00,-0.01354547
2023-03-02 00:00:00+00:00,0.00822511
2023-03-03 00:00:00+00:00,0.02845441
2023-03-06 00:00:00+00:00,-0.01700680
2023-03-07 00:00:00+00:00,-0.01314952
2023-03-08 00:00:00+00:00,0.00384698
2023-03-09 00:00:00+00:00,-0.00298380
2023-03-10 00:00:00+00:00,-0.03372465
2023-03-13 00:00:00+00:00,-0.04102453
2023-03-14 00:00:00+00:00,0.03236759
2023-03-15 00:00:00+00:00,-0.07122190
2023-03-16 00:00:00+00:00,0.04684976
2023-03-17 00:00:00+00:00,-0.05229937
2023-03-20 00:00:00+00:00,0.02609293
2023-03-21 00:00:00+00:00,0.03140533
2023-03-22 00:00:00+00:00,0.00489324
2023-03-23 00:00:00+00:00,0.00177541
2023-03-24 00:00:00+00:00,-0.03947660
2023-03-27 00:00:00+00:00,0.02261932
2023-03-28 00:00:00+00:00,-0.00022366
2023-03-29 00:00:00+00:00,0.02818792
2023-03-30 00:00:00+00:00,0.02978160
2023-03-31 00:00:00+00:00,0.01282609
2023-04-03 00:00:00+00:00,-0.00561676
2023-04-04 00:00:00+00:00,0.00454939
2023-04-05 00:00:00+00:00,-0.01188932
2023-04-06 00:00:00+00:00,0.01130681
2023-04-11 00:00:00+00:00,0.00605405
2023-04-12 00:00:00+00:00,0.00625135
2023-04-13 00:00:00+00:00,0.01096067
2023-04-14 00:00:00+00:00,0.00855066
2023-04-17 00:00:00+00:00,-0.00532141
2023-04-18 00:00:00+00:00,0.01003202
2023-04-19 00:00:00+00:00,0.01083032
2023-04-20 00:00:00+00:00,-0.01774398
2023-04-21 00:00:00+00:00,0.00724638
2023-04-24 00:00:00+00:00,0.00764494
2023-04-25 00:00:00+00:00,-0.01438545
2023-04-26 00:00:00+00:00,-0.01512892
2023-04-27 00:00:00+00:00,0.00837269
2023-04-28 00:00:00+00:00,-0.00491663
2023-05-02 00:00:00+00:00,-0.01435919
2023-05-03 00:00:00+00:00,0.00345349
2023-05-04 00:00:00+00:00,-0.00667959
2023-05-05 00:00:00+00:00,0.02161695
2023-05-08 00:00:00+00:00,0.00534645
2023-05-09 00:00:00+00:00,0.00874573
2023-05-10 00:00:00+00:00,-0.02378424
2023-05-11 00:00:00+00:00,0.00236407
2023-05-12 00:00:00+00:00,0.00622585
2023-05-15 00:00:00+00:00,0.00149797
2023-05-16 00:00:00+00:00,-0.00042772
2023-05-17 00:00:00+00:00,-0.00042781
2023-05-18 00:00:00+00:00,0.02182285
2023-05-19 00:00:00+00:00,0.01333333
2023-05-22 00:00:00+00:00,-0.00084104
2023-05-23 00:00:00+00:00,-0.01598654
2023-05-24 00:00:00+00:00,-0.03859203
2023-05-25 00:00:00+00:00,0.00172936
2023-05-26 00:00:00+00:00,0.02440605
2023-05-29 00:00:00+00:00,-0.00597525
2023-05-30 00:00:00+00:00,-0.01134418
2023-05-31 00:00:00+00:00,-0.04024968
2023-06-01 00:00:00+00:00,0.03030969
2023-06-02 00:00:00+00:00,0.03245348
2023-06-05 00:00:00+00:00,-0.01511925
2023-06-06 00:00:00+00:00,-0.00107273
2023-06-07 00:00:00+00:00,0.00042836
2023-06-08 00:00:00+00:00,0.00342759
2023-06-09 00:00:00+00:00,-0.00620454
2023-06-12 00:00:00+00:00,0.01201717
2023-06-13 00:00:00+00:00,0.01621160
2023-06-14 00:00:00+00:00,0.01163775
2023-06-15 00:00:00+00:00,-0.00648400
2023-06-16 00:00:00+00:00,0.01028116
2023-06-19 00:00:00+00:00,-0.02104167
2023-06-20 00:00:00+00:00,-0.01073684
2023-06-21 00:00:00+00:00,-0.00338911
2023-06-22 00:00:00+00:00,-0.02312752
2023-06-23 00:00:00+00:00,0.00429277
2023-06-26 00:00:00+00:00,-0.00364104
2023-06-27 00:00:00+00:00,0.00450644
2023-06-28 00:00:00+00:00,0.01991008
2023-06-29 00:00:00+00:00,0.00148399
2023-06-30 00:00:00+00:00,0.02139377
2023-07-03 00:00:00+00:00,0.01592957
2023-07-04 00:00:00+00:00,-0.01226866
2023-07-05 00:00:00+00:00,-0.02594142
2023-07-06 00:00:00+00:00,-0.05108097
2023-07-07 00:00:00+00:00,0.00739452
2023-07-10 00:00:00+00:00,0.01430119
2023-07-11 00:00:00+00:00,-0.00215146
2023-07-12 00:00:00+00:00,0.03532199
2023-07-13 00:00:00+00:00,0.02476715
2023-07-14 00:00:00+00:00,0.00229981
2023-07-17 00:00:00+00:00,-0.01357561
2023-07-18 00:00:00+00:00,0.00168209
2023-07-19 00:00:00+00:00,-0.00378151
2023-07-20 00:00:00+00:00,0.00357819
2023-07-21 00:00:00+00:00,0.01071429
2023-07-24 00:00:00+00:00,0.00000000
2023-07-25 00:00:00+00:00,0.00522466
2023-07-26 00:00:00+00:00,-0.02292622
2023-07-27 00:00:00+00:00,0.04069155
2023-07-28 00:00:00+00:00,0.01487911
2023-07-31 00:00:00+00:00,-0.00410256
2023-08-01 00:00:00+00:00,-0.02980473
2023-08-02 00:00:00+00:00,-0.03108700
2023-08-03 00:00:00+00:00,-0.01716465
2023-08-04 00:00:00+00:00,0.01731139
2023-08-07 00:00:00+00:00,0.00000000
2023-08-08 00:00:00+00:00,-0.02097902
2023-08-09 00:00:00+00:00,0.01092077
2023-08-10 00:00:00+00:00,0.02768903
2023-08-11 00:00:00+00:00,-0.02584034
2023-08-14 00:00:00+00:00,0.00276655
2023-08-15 00:00:00+00:00,-0.01891605
2023-08-16 00:00:00+00:00,-0.00042909
2023-08-17 00:00:00+00:00,-0.02489270
2023-08-18 00:00:00+00:00,-0.00608431
2023-08-21 00:00:00+00:00,0.00392328
2023-08-22 00:00:00+00:00,0.01653252
2023-08-23 00:00:00+00:00,0.00345200
2023-08-24 00:00:00+00:00,-0.01421495
2023-08-25 00:00:00+00:00,0.00108460
2023-08-28 00:00:00+00:00,0.02362887
2023-08-29 00:00:00+00:00,0.01114206
2023-08-30 00:00:00+00:00,-0.00724483
2023-08-31 00:00:00+00:00,0.01069290
2023-09-01 00:00:00+00:00,-0.01489045
2023-09-04 00:00:00+00:00,-0.00364338
2023-09-05 00:00:00+00:00,-0.00343495
2023-09-06 00:00:00+00:00,-0.01505376
2023-09-07 00:00:00+00:00,-0.00996750
2023-09-08 00:00:00+00:00,0.00783972
2023-09-11 00:00:00+00:00,0.00845987
2023-09-12 00:00:00+00:00,0.00561676
2023-09-13 00:00:00+00:00,-0.00622986
2023-09-14 00:00:00+00:00,0.02629310
2023-09-15 00:00:00+00:00,-0.00106360
2023-09-18 00:00:00+00:00,-0.02596850
2023-09-19 00:00:00+00:00,0.00043113
2023-09-20 00:00:00+00:00,0.01832291
2023-09-21 00:00:00+00:00,-0.02926725
2023-09-22 00:00:00+00:00,-0.00281812
2023-09-25 00:00:00+00:00,-0.02127660
2023-09-26 00:00:00+00:00,-0.01755541
2023-09-27 00:00:00+00:00,-0.00110668
2023-09-28 00:00:00+00:00,0.01085271
2023-09-29 00:00:00+00:00,0.01189689
2023-10-02 00:00:00+00:00,-0.02212002
2023-10-03 00:00:00+00:00,-0.02236492
2023-10-04 00:00:00+00:00,0.00223914
2023-10-05 00:00:00+00:00,0.00000000
2023-10-06 00:00:00+00:00,0.01923507
2023-10-09 00:00:00+00:00,-0.01462118
2023-10-10 00:00:00+00:00,0.04485606
2023-10-11 00:00:00+00:00,-0.00065488
2023-10-12 00:00:00+00:00,-0.00371179
2023-10-13 00:00:00+00:00,-0.02909648
2023-10-16 00:00:00+00:00,0.00532741
2023-10-17 00:00:00+00:00,-0.00066416
2023-10-18 00:00:00+00:00,-0.02148394
2023-10-19 00:00:00+00:00,-0.01029774
2023-10-20 00:00:00+00:00,-0.03015302
2023-10-23 00:00:00+00:00,0.00365464
2023-10-24 00:00:00+00:00,0.01117191
2023-10-25 00:00:00+00:00,0.00680272
2023-10-26 00:00:00+00:00,-0.01062147
2023-10-27 00:00:00+00:00,-0.01226715
2023-10-30 00:00:00+00:00,0.00228571
2023-10-31 00:00:00+00:00,0.01643836
2023-11-01 00:00:00+00:00,0.01426630
2023-11-02 00:00:00+00:00,0.03642905
2023-11-03 00:00:00+00:00,0.00618375
2023-11-06 00:00:00+00:00,-0.00968736
2023-11-07 00:00:00+00:00,-0.00265487
2023-11-08 00:00:00+00:00,0.00996899
2023-11-09 00:00:00+00:00,0.02138448
2023-11-10 00:00:00+00:00,-0.01483097
2023-11-13 00:00:00+00:00,0.01582070
2023-11-14 00:00:00+00:00,0.03096380
2023-11-15 00:00:00+00:00,0.00858922
2023-11-16 00:00:00+00:00,-0.00598674
2023-11-17 00:00:00+00:00,0.01629852
2023-11-20 00:00:00+00:00,0.00382897
2023-11-21 00:00:00+00:00,-0.00530786
2023-11-22 00:00:00+00:00,0.00957854
2023-11-23 00:00:00+00:00,0.00360169
2023-11-24 00:00:00+00:00,0.00507507
2023-11-27 00:00:00+00:00,-0.00653870
2023-11-28 00:00:00+00:00,-0.00910053
2023-11-29 00:00:00+00:00,0.01463104
2023-11-30 00:00:00+00:00,0.00464037
2023-12-01 00:00:00+00:00,0.01724501
2023-12-04 00:00:00+00:00,-0.00271399
2023-12-05 00:00:00+00:00,0.01441103
2023-12-06 00:00:00+00:00,0.01492537
2023-12-07 00:00:00+00:00,-0.00658436
2023-12-08 00:00:00+00:00,0.02023539
2023-12-11 00:00:00+00:00,0.00735895
2023-12-12 00:00:00+00:00,-0.00346232
2023-12-13 00:00:00+00:00,-0.00326464
2023-12-14 00:00:00+00:00,0.00858369
2023-12-15 00:00:00+00:00,0.00223850
2023-12-18 00:00:00+00:00,-0.00549451
2023-12-19 00:00:00+00:00,0.00771417
2023-12-20 00:00:00+00:00,-0.00182002
2023-12-21 00:00:00+00:00,-0.00728597
2023-12-22 00:00:00+00:00,0.00081251
2023-12-27 00:00:00+00:00,0.00406091
2023-12-28 00:00:00+00:00,-0.00830800
2023-12-29 00:00:00+00:00,-0.00081384
2024-01-02 00:00:00+00:00,0.00000000
2024-01-03 00:00:00+00:00,-0.02768166
2024-01-04 00:00:00+00:00,0.01362229
2024-01-05 00:00:00+00:00,-0.00533005
2024-01-08 00:00:00+00:00,0.00924974
2024-01-09 00:00:00+00:00,-0.00511561
2024-01-10 00:00:00+00:00,-0.00164103
2024-01-11 00:00:00+00:00,-0.01293369
2024-01-12 00:00:00+00:00,0.01673554
2024-01-15 00:00:00+00:00,-0.00799180
2024-01-16 00:00:00+00:00,-0.00617157
2024-01-17 00:00:00+00:00,-0.02166735
2024-01-18 00:00:00+00:00,0.02252816
2024-01-19 00:00:00+00:00,-0.00185682
2024-01-22 00:00:00+00:00,0.01548627
2024-01-23 00:00:00+00:00,-0.00635246
2024-01-24 00:00:00+00:00,0.03659539
2024-01-25 00:00:00+00:00,0.00686453
2024-01-26 00:00:00+00:00,0.01931590
2024-01-29 00:00:00+00:00,0.00000000
2024-01-30 00:00:00+00:00,0.00876843
2024-01-31 00:00:00+00:00,-0.00555556
2024-02-01 00:00:00+00:00,-0.01094310
2024-02-02 00:00:00+00:00,0.00620124
2024-02-05 00:00:00+00:00,-0.00159553
2024-02-06 00:00:00+00:00,0.01536926
2024-02-07 00:00:00+00:00,-0.00673534
2024-02-08 00:00:00+00:00,0.01033592
2024-02-09 00:00:00+00:00,0.00237295
2024-02-12 00:00:00+00:00,0.01106064
2024-02-13 00:00:00+00:00,-0.02082106
2024-02-14 00:00:00+00:00,0.00873362
2024-02-15 00:00:00+00:00,0.01225296
2024-02-16 00:00:00+00:00,0.00942840
2024-02-19 00:00:00+00:00,-0.00097752
2024-02-20 00:00:00+00:00,-0.00039124
2024-02-21 00:00:00+00:00,0.00273919
2024-02-22 00:00:00+00:00,0.02989449
2024-02-23 00:00:00+00:00,0.00616095
2024-02-26 00:00:00+00:00,-0.00460653
2024-02-27 00:00:00+00:00,0.00904194
2024-02-28 00:00:00+00:00,-0.00325608
2024-02-29 00:00:00+00:00,0.00000000
2024-03-01 00:00:00+00:00,0.00575484
2024-03-04 00:00:00+00:00,0.00459067
2024-03-05 00:00:00+00:00,-0.00610687
2024-03-06 00:00:00+00:00,0.00918836
2024-03-07 00:00:00+00:00,0.00038110
2024-03-08 00:00:00+00:00,-0.00452403
2024-03-11 00:00:00+00:00,-0.01152683
2024-03-12 00:00:00+00:00,0.02109464
2024-03-13 00:00:00+00:00,-0.00451467
2024-03-14 00:00:00+00:00,-0.00341038
2024-03-15 00:00:00+00:00,-0.01840957
2024-03-18 00:00:00+00:00,-0.00568720
2024-03-19 00:00:00+00:00,0.00836502
2024-03-20 00:00:00+00:00,-0.00075729
2024-03-21 00:00:00+00:00,0.02045455
2024-03-22 00:00:00+00:00,-0.00581177
2024-03-25 00:00:00+00:00,0.00450874
2024-03-26 00:00:00+00:00,0.00862231
2024-03-27 00:00:00+00:00,0.00373274
2024-03-28 00:00:00+00:00,0.00279434
