Date,FTSEINDO
2020-10-27 00:00:00+00:00,-0.00325380
2020-10-28 00:00:00+00:00,-0.00326442
2020-10-29 00:00:00+00:00,-0.01055313
2020-10-30 00:00:00+00:00,-0.00698786
2020-10-31 00:00:00+00:00,-0.00111111
2020-11-02 00:00:00+00:00,0.01594364
2020-11-03 00:00:00+00:00,0.00547445
2020-11-04 00:00:00+00:00,-0.01306715
2020-11-05 00:00:00+00:00,0.04303053
2020-11-06 00:00:00+00:00,0.02256700
2020-11-07 00:00:00+00:00,-0.00344828
2020-11-09 00:00:00+00:00,0.01280277
2020-11-10 00:00:00+00:00,0.02528186
2020-11-11 00:00:00+00:00,0.02365878
2020-11-12 00:00:00+00:00,-0.01236979
2020-11-13 00:00:00+00:00,-0.00296638
2020-11-16 00:00:00+00:00,0.00256223
2020-11-17 00:00:00+00:00,-0.01153973
2020-11-18 00:00:00+00:00,0.02368245
2020-11-19 00:00:00+00:00,0.00195503
2020-11-20 00:00:00+00:00,-0.00390244
2020-11-23 00:00:00+00:00,0.02220046
2020-11-24 00:00:00+00:00,0.00670712
2020-11-25 00:00:00+00:00,-0.00983503
2020-11-26 00:00:00+00:00,0.02371035
2020-11-27 00:00:00+00:00,-0.00532081
2020-11-30 00:00:00+00:00,-0.03964758
2020-12-01 00:00:00+00:00,0.02719528
2020-12-02 00:00:00+00:00,0.02392344
2020-12-03 00:00:00+00:00,-0.00436137
2020-12-04 00:00:00+00:00,-0.00938673
2020-12-07 00:00:00+00:00,0.02400505
2020-12-08 00:00:00+00:00,-0.00123381
2020-12-09 00:00:00+00:00,0.00308833
2020-12-10 00:00:00+00:00,-0.00892857
2020-12-11 00:00:00+00:00,0.00124262
2020-12-12 00:00:00+00:00,0.00341297
2020-12-14 00:00:00+00:00,0.00742115
2020-12-15 00:00:00+00:00,0.00828729
2020-12-16 00:00:00+00:00,0.02153666
2020-12-17 00:00:00+00:00,-0.00715137
2020-12-18 00:00:00+00:00,-0.01140456
2020-12-19 00:00:00+00:00,0.00546448
2020-12-21 00:00:00+00:00,0.00000000
2020-12-22 00:00:00+00:00,0.02506039
2020-12-23 00:00:00+00:00,-0.01662050
2020-12-24 00:00:00+00:00,0.01001565
2020-12-25 00:00:00+00:00,-0.00681748
2020-12-28 00:00:00+00:00,0.02340094
2020-12-29 00:00:00+00:00,-0.01097561
2020-12-30 00:00:00+00:00,-0.00462392
2020-12-31 00:00:00+00:00,-0.00092908
2021-01-01 00:00:00+00:00,-0.00123993
2021-01-04 00:00:00+00:00,0.02257924
2021-01-05 00:00:00+00:00,-0.00060698
2021-01-06 00:00:00+00:00,-0.02247191
2021-01-07 00:00:00+00:00,0.03976390
2021-01-08 00:00:00+00:00,0.03347535
2021-01-18 00:00:00+00:00,0.00000000
2021-01-20 00:00:00+00:00,0.03601441
2021-01-21 00:00:00+00:00,-0.00028969
2021-01-22 00:00:00+00:00,-0.02405100
2021-01-25 00:00:00+00:00,-0.00653207
2021-01-26 00:00:00+00:00,-0.02480574
2021-01-27 00:00:00+00:00,-0.00674226
2021-01-28 00:00:00+00:00,-0.02776921
2021-01-29 00:00:00+00:00,-0.01935893
2021-01-30 00:00:00+00:00,-0.01359223
2021-02-01 00:00:00+00:00,-0.01148294
2021-02-02 00:00:00+00:00,-0.00070937
2021-02-03 00:00:00+00:00,0.02416824
2021-02-04 00:00:00+00:00,0.00716958
2021-02-05 00:00:00+00:00,0.00936037
2021-02-08 00:00:00+00:00,-0.01051005
2021-02-10 00:00:00+00:00,-0.00927357
2021-02-11 00:00:00+00:00,-0.00031201
2021-02-15 00:00:00+00:00,0.01404494
2021-02-17 00:00:00+00:00,-0.02862419
2021-02-18 00:00:00+00:00,0.00982256
2021-02-19 00:00:00+00:00,0.00345152
2021-02-22 00:00:00+00:00,-0.00062539
2021-02-23 00:00:00+00:00,0.00625782
2021-02-24 00:00:00+00:00,-0.00342040
2021-02-25 00:00:00+00:00,-0.00967239
2021-02-26 00:00:00+00:00,0.00945180
2021-02-27 00:00:00+00:00,-0.00842697
2021-03-01 00:00:00+00:00,0.04249292
2021-03-02 00:00:00+00:00,-0.00030590
2021-03-03 00:00:00+00:00,0.00030600
2021-03-04 00:00:00+00:00,-0.02018966
2021-03-05 00:00:00+00:00,-0.00756945
2021-03-06 00:00:00+00:00,0.00062913
2021-03-08 00:00:00+00:00,0.00597296
2021-03-09 00:00:00+00:00,-0.00937500
2021-03-10 00:00:00+00:00,0.00347003
2021-03-11 00:00:00+00:00,-0.00534423
2021-03-18 00:00:00+00:00,-0.02182725
2021-03-23 00:00:00+00:00,0.01020083
2021-03-24 00:00:00+00:00,-0.01041338
2021-03-25 00:00:00+00:00,0.00095663
2021-03-26 00:00:00+00:00,0.00637146
2021-03-29 00:00:00+00:00,0.00094967
2021-03-30 00:00:00+00:00,-0.02087287
2021-03-31 00:00:00+00:00,-0.07913437
2021-04-01 00:00:00+00:00,0.00360774
2021-04-02 00:00:00+00:00,0.00613528
2021-04-03 00:00:00+00:00,-0.00098039
2021-04-05 00:00:00+00:00,-0.02158979
2021-04-06 00:00:00+00:00,0.00529626
2021-04-07 00:00:00+00:00,0.00098782
2021-04-08 00:00:00+00:00,0.00789474
2021-04-14 00:00:00+00:00,-0.01148294
2021-04-26 00:00:00+00:00,0.00000000
2021-04-27 00:00:00+00:00,0.00066379
2021-04-28 00:00:00+00:00,-0.00398010
2021-04-29 00:00:00+00:00,0.00699301
2021-04-30 00:00:00+00:00,-0.00330688
2021-05-01 00:00:00+00:00,-0.00066357
2021-05-03 00:00:00+00:00,-0.00830013
2021-05-04 00:00:00+00:00,0.00736525
2021-05-05 00:00:00+00:00,0.00033234
2021-05-06 00:00:00+00:00,-0.00299003
2021-05-07 00:00:00+00:00,-0.01532822
2021-05-08 00:00:00+00:00,0.01624365
2021-05-10 00:00:00+00:00,-0.00066600
2021-05-11 00:00:00+00:00,-0.00966345
2021-05-12 00:00:00+00:00,-0.00572005
2021-05-13 00:00:00+00:00,-0.01252115
2021-05-14 00:00:00+00:00,0.01267992
2021-05-15 00:00:00+00:00,0.00465206
2021-05-17 00:00:00+00:00,-0.01010441
2021-05-18 00:00:00+00:00,0.00170126
2021-05-19 00:00:00+00:00,-0.01970109
2021-05-20 00:00:00+00:00,0.01559252
2021-05-21 00:00:00+00:00,-0.05049471
2021-05-24 00:00:00+00:00,0.00549451
2021-05-25 00:00:00+00:00,-0.00239071
2021-05-26 00:00:00+00:00,0.00239644
2021-05-27 00:00:00+00:00,0.00614754
2021-05-28 00:00:00+00:00,0.00407332
2021-05-31 00:00:00+00:00,0.01588911
2021-06-01 00:00:00+00:00,-0.00066556
2021-06-02 00:00:00+00:00,0.01631702
2021-06-03 00:00:00+00:00,0.01507208
2021-06-04 00:00:00+00:00,-0.00161394
2021-06-07 00:00:00+00:00,-0.00969932
2021-06-08 00:00:00+00:00,-0.01469148
2021-06-09 00:00:00+00:00,0.01192843
2021-06-10 00:00:00+00:00,0.00949574
2021-06-11 00:00:00+00:00,-0.00713591
2021-06-14 00:00:00+00:00,-0.00588043
2021-06-15 00:00:00+00:00,-0.00271066
2021-06-16 00:00:00+00:00,-0.01482702
2021-06-17 00:00:00+00:00,-0.00668896
2021-06-18 00:00:00+00:00,-0.01346801
2021-06-19 00:00:00+00:00,-0.00648464
2021-06-21 00:00:00+00:00,0.00996221
2021-06-22 00:00:00+00:00,0.01096642
2021-06-23 00:00:00+00:00,-0.00915254
2021-06-24 00:00:00+00:00,-0.00410537
2021-06-25 00:00:00+00:00,-0.00240467
2021-06-28 00:00:00+00:00,-0.02651515
2021-06-29 00:00:00+00:00,0.00636717
2021-06-30 00:00:00+00:00,0.00096605
2021-07-01 00:00:00+00:00,0.00175562
2021-07-02 00:00:00+00:00,0.00981423
2021-07-03 00:00:00+00:00,0.00242971
2021-07-05 00:00:00+00:00,-0.00865651
2021-07-06 00:00:00+00:00,-0.02060775
2021-07-15 00:00:00+00:00,0.00000000
2021-07-22 00:00:00+00:00,0.00874432
2021-07-23 00:00:00+00:00,-0.00832178
2021-07-26 00:00:00+00:00,-0.00454545
2021-07-27 00:00:00+00:00,-0.00070249
2021-07-28 00:00:00+00:00,-0.00949033
2021-07-29 00:00:00+00:00,0.00496806
2021-07-30 00:00:00+00:00,-0.02118644
2021-07-31 00:00:00+00:00,0.00213828
2021-08-02 00:00:00+00:00,0.00640114
2021-08-03 00:00:00+00:00,0.01625442
2021-08-04 00:00:00+00:00,-0.00069541
2021-08-05 00:00:00+00:00,0.01287404
2021-08-06 00:00:00+00:00,-0.00661395
2021-08-07 00:00:00+00:00,-0.00138313
2021-08-09 00:00:00+00:00,-0.00969529
2021-08-10 00:00:00+00:00,-0.00209790
2021-08-11 00:00:00+00:00,-0.00035039
2021-08-12 00:00:00+00:00,0.03715387
2021-08-23 00:00:00+00:00,0.00000000
2021-08-24 00:00:00+00:00,0.00930714
2021-08-25 00:00:00+00:00,0.00990437
2021-08-26 00:00:00+00:00,-0.01149814
2021-08-27 00:00:00+00:00,0.00000000
2021-08-30 00:00:00+00:00,0.01813206
2021-08-31 00:00:00+00:00,0.02788978
2021-09-01 00:00:00+00:00,-0.00837802
2021-09-02 00:00:00+00:00,0.00168976
2021-09-03 00:00:00+00:00,0.02125506
2021-09-06 00:00:00+00:00,0.00333444
2021-09-07 00:00:00+00:00,0.00099701
2021-09-08 00:00:00+00:00,-0.02091633
2021-09-09 00:00:00+00:00,0.00542557
2021-09-10 00:00:00+00:00,-0.00133601
2021-09-11 00:00:00+00:00,-0.00301003
2021-09-13 00:00:00+00:00,-0.00100637
2021-09-14 00:00:00+00:00,0.00604433
2021-09-15 00:00:00+00:00,-0.00767690
2021-09-16 00:00:00+00:00,0.00260744
2021-09-17 00:00:00+00:00,-0.00269270
2021-09-18 00:00:00+00:00,-0.00573743
2021-09-20 00:00:00+00:00,-0.00067889
2021-09-21 00:00:00+00:00,-0.00305707
2021-09-22 00:00:00+00:00,0.00238501
2021-09-23 00:00:00+00:00,0.00235929
2021-09-24 00:00:00+00:00,-0.00235373
2021-09-27 00:00:00+00:00,-0.00134816
2021-09-28 00:00:00+00:00,-0.00674992
2021-09-29 00:00:00+00:00,0.01630989
2021-09-30 00:00:00+00:00,0.02808425
2021-10-01 00:00:00+00:00,-0.00357724
2021-10-02 00:00:00+00:00,-0.00130548
2021-10-04 00:00:00+00:00,0.02549020
2021-10-05 00:00:00+00:00,-0.00892288
2021-10-06 00:00:00+00:00,0.02893891
2021-10-07 00:00:00+00:00,0.00250000
2021-10-08 00:00:00+00:00,0.01465087
2021-10-09 00:00:00+00:00,0.00307220
2021-10-11 00:00:00+00:00,-0.00398162
2021-10-12 00:00:00+00:00,0.01107011
2021-10-13 00:00:00+00:00,0.01703163
2021-10-14 00:00:00+00:00,0.00956938
2021-10-15 00:00:00+00:00,0.00059242
2021-10-18 00:00:00+00:00,0.00473653
2021-10-19 00:00:00+00:00,-0.00353565
2021-10-20 00:00:00+00:00,-0.00029568
2021-10-21 00:00:00+00:00,0.10736469
2021-10-22 00:00:00+00:00,0.00208457
2021-10-25 00:00:00+00:00,-0.01575037
2021-10-26 00:00:00+00:00,0.00662052
2021-10-27 00:00:00+00:00,-0.01225710
2021-10-28 00:00:00+00:00,-0.01059322
2021-10-29 00:00:00+00:00,0.00581217
2021-11-01 00:00:00+00:00,0.00182482
2021-11-02 00:00:00+00:00,-0.01366120
2021-11-03 00:00:00+00:00,0.01169591
2021-11-04 00:00:00+00:00,-0.00517189
2021-11-05 00:00:00+00:00,0.00458716
2021-11-08 00:00:00+00:00,0.00334855
2021-11-09 00:00:00+00:00,0.00121359
2021-11-10 00:00:00+00:00,0.00030303
2021-11-11 00:00:00+00:00,0.00939109
2021-11-12 00:00:00+00:00,-0.00720288
2021-11-15 00:00:00+00:00,-0.00937122
2021-11-16 00:00:00+00:00,-0.00427220
2021-11-17 00:00:00+00:00,0.00398406
2021-11-18 00:00:00+00:00,-0.00946276
2021-11-19 00:00:00+00:00,0.01879815
2021-11-22 00:00:00+00:00,-0.00302480
2021-11-23 00:00:00+00:00,-0.00466727
2021-11-24 00:00:00+00:00,0.00075700
2021-11-25 00:00:00+00:00,0.00756430
2021-11-26 00:00:00+00:00,-0.02552553
2021-11-29 00:00:00+00:00,0.00647149
2021-11-30 00:00:00+00:00,-0.00887936
2021-12-01 00:00:00+00:00,-0.00339821
2021-12-02 00:00:00+00:00,0.02138872
2021-12-03 00:00:00+00:00,-0.01547800
2021-12-06 00:00:00+00:00,0.00678175
2021-12-07 00:00:00+00:00,0.01622780
2021-12-08 00:00:00+00:00,-0.01235312
2021-12-09 00:00:00+00:00,0.00061013
2021-12-10 00:00:00+00:00,0.00274390
2021-12-13 00:00:00+00:00,0.00060809
2021-12-14 00:00:00+00:00,-0.03150811
2021-12-15 00:00:00+00:00,0.01823802
2021-12-16 00:00:00+00:00,-0.01436430
2021-12-17 00:00:00+00:00,0.00154321
2021-12-20 00:00:00+00:00,0.00123267
2021-12-22 00:00:00+00:00,-0.00492459
2021-12-23 00:00:00+00:00,-0.00618620
2021-12-24 00:00:00+00:00,-0.00186741
2021-12-27 00:00:00+00:00,0.00187091
2021-12-28 00:00:00+00:00,0.00778089
2021-12-29 00:00:00+00:00,-0.00247066
2021-12-30 00:00:00+00:00,0.00804954
2021-12-31 00:00:00+00:00,-0.00706388
2022-01-03 00:00:00+00:00,0.00649552
2022-01-04 00:00:00+00:00,0.00614628
2022-01-05 00:00:00+00:00,-0.01557728
2022-01-06 00:00:00+00:00,0.01272107
2022-01-07 00:00:00+00:00,0.00735294
2022-01-10 00:00:00+00:00,-0.00942822
2022-01-11 00:00:00+00:00,0.01627264
2022-01-12 00:00:00+00:00,-0.00181269
2022-01-13 00:00:00+00:00,0.00242131
2022-01-14 00:00:00+00:00,0.00573671
2022-01-17 00:00:00+00:00,0.00030021
2022-01-18 00:00:00+00:00,-0.01140456
2022-01-19 00:00:00+00:00,-0.00091075
2022-01-20 00:00:00+00:00,-0.00425403
2022-01-21 00:00:00+00:00,0.04668904
2022-01-22 00:00:00+00:00,-0.00358637
2022-01-24 00:00:00+00:00,-0.03329334
2022-01-25 00:00:00+00:00,-0.00911300
2022-01-26 00:00:00+00:00,0.01863164
2022-01-27 00:00:00+00:00,-0.00749625
2022-01-28 00:00:00+00:00,0.00271903
2022-01-31 00:00:00+00:00,-0.00572462
2022-02-01 00:00:00+00:00,0.00121212
2022-02-02 00:00:00+00:00,-0.00575061
2022-02-03 00:00:00+00:00,0.00121766
2022-02-04 00:00:00+00:00,0.00395257
2022-02-07 00:00:00+00:00,0.01483949
2022-02-08 00:00:00+00:00,0.00298418
2022-02-09 00:00:00+00:00,0.00505802
2022-02-10 00:00:00+00:00,-0.00325636
2022-02-11 00:00:00+00:00,-0.00504901
2022-02-14 00:00:00+00:00,-0.00179104
2022-02-15 00:00:00+00:00,0.02003589
2022-02-16 00:00:00+00:00,0.00058634
2022-02-17 00:00:00+00:00,0.01904483
2022-02-18 00:00:00+00:00,0.00741840
2022-02-21 00:00:00+00:00,0.00353461
2022-02-22 00:00:00+00:00,0.00471837
2022-02-23 00:00:00+00:00,0.00616378
2022-02-24 00:00:00+00:00,-0.01283547
2022-02-25 00:00:00+00:00,0.02245863
2022-02-28 00:00:00+00:00,-0.00635838
2022-03-01 00:00:00+00:00,0.00145433
2022-03-02 00:00:00+00:00,-0.01510311
2022-03-03 00:00:00+00:00,-0.00530817
2022-03-04 00:00:00+00:00,0.00533650
2022-03-07 00:00:00+00:00,-0.00766735
2022-03-08 00:00:00+00:00,0.00921248
2022-03-09 00:00:00+00:00,0.02385159
2022-03-10 00:00:00+00:00,-0.01639344
2022-03-11 00:00:00+00:00,0.00058480
2022-03-14 00:00:00+00:00,0.01402688
2022-03-15 00:00:00+00:00,0.00576369
2022-03-16 00:00:00+00:00,0.02034384
2022-03-17 00:00:00+00:00,-0.02274642
2022-03-18 00:00:00+00:00,-0.00057471
2022-03-21 00:00:00+00:00,-0.00028752
2022-03-22 00:00:00+00:00,0.00230083
2022-03-23 00:00:00+00:00,0.01779053
2022-03-24 00:00:00+00:00,0.02725968
2022-03-25 00:00:00+00:00,-0.00454545
2022-03-28 00:00:00+00:00,0.01084475
2022-03-29 00:00:00+00:00,-0.00338792
2022-03-30 00:00:00+00:00,0.00084986
2022-03-31 00:00:00+00:00,-0.00056609
2022-04-01 00:00:00+00:00,0.00453129
2022-04-04 00:00:00+00:00,0.00028193
2022-04-05 00:00:00+00:00,-0.00140924
2022-04-06 00:00:00+00:00,-0.00310471
2022-04-07 00:00:00+00:00,0.00056625
2022-04-08 00:00:00+00:00,0.00424448
2022-04-11 00:00:00+00:00,-0.00704424
2022-04-12 00:00:00+00:00,-0.00028377
2022-04-13 00:00:00+00:00,0.00709622
2022-04-14 00:00:00+00:00,-0.00789177
2022-04-15 00:00:00+00:00,-0.00170455
2022-04-18 00:00:00+00:00,0.00825270
2022-04-19 00:00:00+00:00,-0.00959639
2022-04-20 00:00:00+00:00,0.01481904
2022-04-21 00:00:00+00:00,0.03903398
2022-04-22 00:00:00+00:00,-0.00694830
2022-04-25 00:00:00+00:00,0.02034560
2022-04-26 00:00:00+00:00,0.01485966
2022-04-27 00:00:00+00:00,-0.00027115
2022-04-28 00:00:00+00:00,0.00840792
2022-04-29 00:00:00+00:00,-0.00215169
2022-05-02 00:00:00+00:00,-0.00242588
2022-05-03 00:00:00+00:00,0.00000000
2022-05-04 00:00:00+00:00,0.00000000
2022-05-05 00:00:00+00:00,-0.00297217
2022-05-06 00:00:00+00:00,-0.00379404
2022-05-09 00:00:00+00:00,-0.05440696
2022-05-10 00:00:00+00:00,0.00258918
2022-05-11 00:00:00+00:00,0.00430416
2022-05-12 00:00:00+00:00,-0.02942857
2022-05-13 00:00:00+00:00,0.01206947
2022-05-16 00:00:00+00:00,-0.00087260
2022-05-17 00:00:00+00:00,0.00058224
2022-05-18 00:00:00+00:00,-0.00669188
2022-05-19 00:00:00+00:00,-0.07527827
2022-05-20 00:00:00+00:00,0.01666179
2022-05-23 00:00:00+00:00,-0.02482477
2022-05-24 00:00:00+00:00,-0.00292056
2022-05-25 00:00:00+00:00,-0.00702988
2022-05-26 00:00:00+00:00,0.01120944
2022-05-27 00:00:00+00:00,0.01779463
2022-05-30 00:00:00+00:00,0.00000000
2022-05-31 00:00:00+00:00,0.02464890
2022-06-01 00:00:00+00:00,-0.00755245
2022-06-02 00:00:00+00:00,-0.01493799
2022-06-03 00:00:00+00:00,-0.00114449
2022-06-06 00:00:00+00:00,-0.00085935
2022-06-07 00:00:00+00:00,-0.00602064
2022-06-08 00:00:00+00:00,0.00865301
2022-06-09 00:00:00+00:00,-0.01286817
2022-06-10 00:00:00+00:00,-0.03273465
2022-06-13 00:00:00+00:00,0.00539084
2022-06-16 00:00:00+00:00,0.01757522
2022-06-20 00:00:00+00:00,-0.00409836
2022-06-22 00:00:00+00:00,-0.01205173
2022-06-23 00:00:00+00:00,0.00565308
2022-06-24 00:00:00+00:00,0.01656805
2022-06-27 00:00:00+00:00,-0.01775320
2022-06-28 00:00:00+00:00,0.00474074
2022-06-29 00:00:00+00:00,-0.01975818
2022-06-30 00:00:00+00:00,-0.00391095
2022-07-01 00:00:00+00:00,-0.00815464
2022-07-04 00:00:00+00:00,-0.01827040
2022-07-05 00:00:00+00:00,0.00837469
2022-07-06 00:00:00+00:00,0.00153799
2022-07-07 00:00:00+00:00,-0.00061425
2022-07-08 00:00:00+00:00,0.00338045
2022-07-11 00:00:00+00:00,-0.00245023
2022-07-12 00:00:00+00:00,0.00276328
2022-07-13 00:00:00+00:00,-0.01561543
2022-07-14 00:00:00+00:00,0.00839813
2022-07-15 00:00:00+00:00,0.00123381
2022-07-18 00:00:00+00:00,0.02865065
2022-07-25 00:00:00+00:00,0.02994909
2022-07-26 00:00:00+00:00,0.01227913
2022-07-27 00:00:00+00:00,0.01035503
2022-07-28 00:00:00+00:00,0.00468521
2022-07-29 00:00:00+00:00,-0.00233168
2022-08-01 00:00:00+00:00,0.02629273
2022-08-02 00:00:00+00:00,0.00490337
2022-08-03 00:00:00+00:00,0.00861079
2022-08-04 00:00:00+00:00,0.00910643
2022-08-05 00:00:00+00:00,0.00169205
2022-08-08 00:00:00+00:00,0.04082207
2022-08-09 00:00:00+00:00,0.00755034
2022-08-10 00:00:00+00:00,0.00138773
2022-08-11 00:00:00+00:00,-0.00027716
2022-08-12 00:00:00+00:00,-0.00803992
2022-08-15 00:00:00+00:00,0.00055897
2022-08-16 00:00:00+00:00,0.00111982
2022-08-17 00:00:00+00:00,-0.00475391
2022-08-18 00:00:00+00:00,0.00533858
2022-08-19 00:00:00+00:00,-0.00950252
2022-08-22 00:00:00+00:00,-0.00790068
2022-08-23 00:00:00+00:00,0.01450512
2022-08-24 00:00:00+00:00,-0.00560695
2022-08-25 00:00:00+00:00,-0.00390843
2022-08-26 00:00:00+00:00,-0.01094583
2022-08-29 00:00:00+00:00,0.00848656
2022-08-30 00:00:00+00:00,0.00505192
2022-08-31 00:00:00+00:00,0.00251326
2022-09-01 00:00:00+00:00,0.00278552
2022-09-02 00:00:00+00:00,0.01027778
2022-09-03 00:00:00+00:00,-0.00137476
2022-09-05 00:00:00+00:00,0.04102423
2022-09-06 00:00:00+00:00,-0.00190996
2022-09-07 00:00:00+00:00,-0.00628759
2022-09-08 00:00:00+00:00,0.00797799
2022-09-09 00:00:00+00:00,0.00081878
2022-09-10 00:00:00+00:00,-0.00190892
2022-09-12 00:00:00+00:00,0.00519126
2022-09-13 00:00:00+00:00,0.00761076
2022-09-14 00:00:00+00:00,-0.00134880
2022-09-15 00:00:00+00:00,0.00702323
2022-09-16 00:00:00+00:00,-0.01984979
2022-09-17 00:00:00+00:00,-0.00027367
2022-09-19 00:00:00+00:00,0.01751985
2022-09-20 00:00:00+00:00,-0.00513791
2022-09-21 00:00:00+00:00,0.00027181
2022-09-22 00:00:00+00:00,0.00326087
2022-09-23 00:00:00+00:00,-0.01760563
2022-09-24 00:00:00+00:00,-0.02074236
2022-09-26 00:00:00+00:00,0.01932634
2022-09-27 00:00:00+00:00,-0.01012312
2022-09-28 00:00:00+00:00,-0.00329670
2022-09-29 00:00:00+00:00,-0.00330396
2022-09-30 00:00:00+00:00,-0.00192308
2022-10-01 00:00:00+00:00,0.00165153
2022-10-03 00:00:00+00:00,0.01071723
2022-10-04 00:00:00+00:00,0.00658436
2022-10-05 00:00:00+00:00,-0.00572363
2022-10-06 00:00:00+00:00,-0.00164474
2022-10-07 00:00:00+00:00,-0.01290500
2022-10-08 00:00:00+00:00,0.00000000
2022-10-10 00:00:00+00:00,-0.01863700
2022-10-11 00:00:00+00:00,-0.00055494
2022-10-12 00:00:00+00:00,0.00138812
2022-10-13 00:00:00+00:00,-0.00277239
2022-10-17 00:00:00+00:00,-0.01417848
2022-10-18 00:00:00+00:00,0.00083916
2022-10-19 00:00:00+00:00,0.00279486
2022-10-20 00:00:00+00:00,0.02452620
2022-10-21 00:00:00+00:00,0.00625680
2022-10-24 00:00:00+00:00,0.05893485
2022-10-25 00:00:00+00:00,-0.00266951
2022-10-26 00:00:00+00:00,-0.00347966
2022-10-27 00:00:00+00:00,0.00698362
2022-10-28 00:00:00+00:00,0.00160043
2022-10-29 00:00:00+00:00,0.00239680
2022-10-31 00:00:00+00:00,0.00770457
2022-11-01 00:00:00+00:00,-0.00159151
2022-11-02 00:00:00+00:00,-0.01168969
2022-11-03 00:00:00+00:00,-0.00134409
2022-11-04 00:00:00+00:00,-0.01049798
2022-11-05 00:00:00+00:00,0.00936580
2022-11-07 00:00:00+00:00,0.00397667
2022-11-08 00:00:00+00:00,-0.01293900
2022-11-09 00:00:00+00:00,0.00240770
2022-11-10 00:00:00+00:00,-0.00747264
2022-11-14 00:00:00+00:00,-0.03092229
2022-11-15 00:00:00+00:00,0.00513930
2022-11-16 00:00:00+00:00,-0.01614639
2022-11-21 00:00:00+00:00,0.00464989
2022-11-22 00:00:00+00:00,0.00189959
2022-11-23 00:00:00+00:00,0.00568797
2022-11-24 00:00:00+00:00,0.00350121
2022-11-25 00:00:00+00:00,-0.00187869
2022-11-28 00:00:00+00:00,0.01371336
2022-11-29 00:00:00+00:00,0.00777897
2022-11-30 00:00:00+00:00,0.01330849
2022-12-01 00:00:00+00:00,-0.01812451
2022-12-02 00:00:00+00:00,0.00080257
2022-12-03 00:00:00+00:00,-0.00133654
2022-12-05 00:00:00+00:00,-0.01820128
2022-12-06 00:00:00+00:00,-0.01460249
2022-12-07 00:00:00+00:00,-0.01509330
2022-12-08 00:00:00+00:00,-0.00027863
2022-12-09 00:00:00+00:00,-0.00975474
2022-12-10 00:00:00+00:00,-0.00534759
2022-12-12 00:00:00+00:00,-0.02178834
2022-12-13 00:00:00+00:00,0.01173512
2022-12-14 00:00:00+00:00,-0.00082850
2022-12-15 00:00:00+00:00,-0.01216142
2022-12-16 00:00:00+00:00,0.00475658
2022-12-17 00:00:00+00:00,0.01030354
2022-12-19 00:00:00+00:00,0.00330761
2022-12-20 00:00:00+00:00,-0.00775838
2022-12-21 00:00:00+00:00,0.00251326
2022-12-22 00:00:00+00:00,-0.00473538
2022-12-23 00:00:00+00:00,-0.01977165
2022-12-26 00:00:00+00:00,0.01436215
2022-12-27 00:00:00+00:00,0.00278940
2022-12-28 00:00:00+00:00,-0.02005571
2022-12-29 00:00:00+00:00,0.00084151
2022-12-30 00:00:00+00:00,0.00112108
2022-12-31 00:00:00+00:00,0.00000000
2023-01-03 00:00:00+00:00,0.01175812
2023-01-04 00:00:00+00:00,-0.01343785
2023-01-05 00:00:00+00:00,-0.01560726
2023-01-06 00:00:00+00:00,0.00057654
2023-01-07 00:00:00+00:00,0.00777874
2023-01-09 00:00:00+00:00,-0.02858776
2023-01-10 00:00:00+00:00,-0.01892202
2023-01-11 00:00:00+00:00,-0.03448276
2023-01-12 00:00:00+00:00,0.00884434
2023-01-13 00:00:00+00:00,-0.00350672
2023-01-16 00:00:00+00:00,0.01554252
2023-01-17 00:00:00+00:00,0.04136324
2023-01-18 00:00:00+00:00,0.00429185
2023-01-19 00:00:00+00:00,0.00684736
2023-01-20 00:00:00+00:00,0.00170989
2023-01-23 00:00:00+00:00,0.00881182
2023-01-24 00:00:00+00:00,-0.00536723
2023-01-25 00:00:00+00:00,-0.01562056
2023-01-26 00:00:00+00:00,0.01655724
2023-01-27 00:00:00+00:00,0.00954788
2023-01-30 00:00:00+00:00,0.01724618
2023-01-31 00:00:00+00:00,-0.02178771
2023-02-01 00:00:00+00:00,0.00960181
2023-02-02 00:00:00+00:00,-0.00365374
2023-02-03 00:00:00+00:00,0.01520270
2023-02-04 00:00:00+00:00,0.00138658
2023-02-06 00:00:00+00:00,0.01356965
2023-02-07 00:00:00+00:00,0.01280980
2023-02-08 00:00:00+00:00,0.00330761
2023-02-09 00:00:00+00:00,-0.00220143
2023-02-10 00:00:00+00:00,0.00523416
2023-02-13 00:00:00+00:00,-0.00438476
2023-02-14 00:00:00+00:00,0.01349490
2023-02-15 00:00:00+00:00,-0.00793434
2023-02-16 00:00:00+00:00,-0.00411975
2023-02-17 00:00:00+00:00,-0.00358522
2023-02-20 00:00:00+00:00,-0.00332134
2023-02-21 00:00:00+00:00,-0.00527631
2023-02-22 00:00:00+00:00,-0.00642099
2023-02-23 00:00:00+00:00,0.00730542
2023-02-24 00:00:00+00:00,-0.00446304
2023-02-27 00:00:00+00:00,-0.00084057
2023-02-28 00:00:00+00:00,-0.00418644
2023-03-01 00:00:00+00:00,-0.00336323
2023-03-02 00:00:00+00:00,0.00224972
2023-03-03 00:00:00+00:00,-0.00617284
2023-03-04 00:00:00+00:00,-0.00225861
2023-03-06 00:00:00+00:00,-0.02122241
2023-03-07 00:00:00+00:00,-0.00198807
2023-03-08 00:00:00+00:00,0.00626067
2023-03-09 00:00:00+00:00,0.00339367
2023-03-10 00:00:00+00:00,-0.00789177
2023-03-11 00:00:00+00:00,0.00028409
2023-03-13 00:00:00+00:00,-0.00823630
2023-03-14 00:00:00+00:00,-0.01622545
2023-03-15 00:00:00+00:00,-0.00376157
2023-03-16 00:00:00+00:00,-0.01045600
2023-03-17 00:00:00+00:00,0.00968594
2023-03-18 00:00:00+00:00,-0.00058140
2023-03-20 00:00:00+00:00,-0.01919721
2023-03-21 00:00:00+00:00,0.01223420
2023-03-22 00:00:00+00:00,0.00805755
2023-03-23 00:00:00+00:00,0.00884956
2023-03-24 00:00:00+00:00,0.04226156
2023-03-25 00:00:00+00:00,-0.00644980
2023-03-27 00:00:00+00:00,-0.00959639
2023-03-28 00:00:00+00:00,0.00509338
2023-03-29 00:00:00+00:00,0.01829955
2023-03-30 00:00:00+00:00,-0.00829417
2023-03-31 00:00:00+00:00,0.00000000
2023-04-01 00:00:00+00:00,0.00027878
2023-04-03 00:00:00+00:00,0.01393534
2023-04-04 00:00:00+00:00,0.00195149
2023-04-05 00:00:00+00:00,0.00027824
2023-04-06 00:00:00+00:00,-0.00751043
2023-04-07 00:00:00+00:00,0.00616592
2023-04-10 00:00:00+00:00,-0.01169916
2023-04-11 00:00:00+00:00,0.00700280
2023-04-12 00:00:00+00:00,0.00250348
2023-04-13 00:00:00+00:00,-0.00110988
2023-04-14 00:00:00+00:00,0.00833333
2023-04-15 00:00:00+00:00,0.00192837
2023-04-17 00:00:00+00:00,0.00797360
2023-04-18 00:00:00+00:00,0.00470263
2023-04-19 00:00:00+00:00,0.00495595
2023-04-20 00:00:00+00:00,-0.00605727
2023-04-21 00:00:00+00:00,0.00441258
2023-04-22 00:00:00+00:00,-0.00467804
2023-04-24 00:00:00+00:00,-0.00414250
2023-04-25 00:00:00+00:00,-0.00082873
2023-04-26 00:00:00+00:00,0.02983425
2023-04-27 00:00:00+00:00,0.00000000
2023-04-28 00:00:00+00:00,-0.00163488
2023-05-01 00:00:00+00:00,0.00846070
2023-05-02 00:00:00+00:00,-0.00894794
2023-05-03 00:00:00+00:00,-0.00656635
2023-05-04 00:00:00+00:00,0.00302947
2023-05-05 00:00:00+00:00,-0.00549149
2023-05-06 00:00:00+00:00,0.00303700
2023-05-08 00:00:00+00:00,-0.02449766
2023-05-09 00:00:00+00:00,0.00000000
2023-05-10 00:00:00+00:00,0.00636238
2023-05-11 00:00:00+00:00,-0.00714678
2023-05-12 00:00:00+00:00,-0.00442968
2023-05-13 00:00:00+00:00,-0.00723026
2023-05-15 00:00:00+00:00,-0.00672269
2023-05-16 00:00:00+00:00,-0.00251397
2023-05-17 00:00:00+00:00,0.00196024
2023-05-18 00:00:00+00:00,-0.00027949
2023-05-19 00:00:00+00:00,0.00447302
2023-05-22 00:00:00+00:00,0.03812970
2023-05-23 00:00:00+00:00,0.00466776
2023-05-24 00:00:00+00:00,-0.00519268
2023-05-25 00:00:00+00:00,-0.00164835
2023-05-26 00:00:00+00:00,-0.00495322
2023-05-27 00:00:00+00:00,0.00746681
2023-05-29 00:00:00+00:00,-0.00548998
2023-05-30 00:00:00+00:00,0.00660793
2023-05-31 00:00:00+00:00,-0.00957330
2023-06-01 00:00:00+00:00,0.00027617
2023-06-02 00:00:00+00:00,0.00635008
2023-06-03 00:00:00+00:00,0.00576132
2023-06-05 00:00:00+00:00,0.00681942
2023-06-06 00:00:00+00:00,-0.00491535
2023-06-07 00:00:00+00:00,-0.00356751
2023-06-08 00:00:00+00:00,0.00660975
2023-06-09 00:00:00+00:00,0.00027360
2023-06-10 00:00:00+00:00,0.00246171
2023-06-12 00:00:00+00:00,0.00300136
2023-06-13 00:00:00+00:00,0.00163488
2023-06-14 00:00:00+00:00,-0.00163221
2023-06-15 00:00:00+00:00,0.00108992
2023-06-16 00:00:00+00:00,0.00000000
2023-06-17 00:00:00+00:00,-0.00108873
2023-06-19 00:00:00+00:00,-0.00163488
2023-06-20 00:00:00+00:00,-0.00354513
2023-06-21 00:00:00+00:00,0.00711549
2023-06-22 00:00:00+00:00,-0.00815217
2023-06-23 00:00:00+00:00,0.00164384
2023-06-26 00:00:00+00:00,-0.00749115
2023-06-27 00:00:00+00:00,-0.00027424
2023-06-28 00:00:00+00:00,0.00891266
2023-06-29 00:00:00+00:00,-0.00245365
2023-06-30 00:00:00+00:00,0.00109319
2023-07-03 00:00:00+00:00,0.01201201
2023-07-04 00:00:00+00:00,0.00135833
2023-07-05 00:00:00+00:00,-0.00135648
2023-07-06 00:00:00+00:00,0.00271665
2023-07-07 00:00:00+00:00,-0.01083717
2023-07-08 00:00:00+00:00,0.00520405
2023-07-10 00:00:00+00:00,-0.00572207
2023-07-11 00:00:00+00:00,0.00463847
2023-07-12 00:00:00+00:00,0.00244432
2023-07-13 00:00:00+00:00,0.00108372
2023-07-14 00:00:00+00:00,0.00595399
2023-07-17 00:00:00+00:00,0.01614205
2023-07-18 00:00:00+00:00,-0.00752688
2023-07-19 00:00:00+00:00,0.00027086
2023-07-20 00:00:00+00:00,0.00460330
2023-07-21 00:00:00+00:00,-0.00619946
2023-07-24 00:00:00+00:00,0.00512821
2023-07-25 00:00:00+00:00,0.01346257
2023-07-26 00:00:00+00:00,0.00267308
2023-07-27 00:00:00+00:00,-0.00853106
2023-07-28 00:00:00+00:00,-0.00510890
2023-07-29 00:00:00+00:00,0.00729730
2023-07-31 00:00:00+00:00,0.00107325
2023-08-01 00:00:00+00:00,0.00241028
2023-08-02 00:00:00+00:00,-0.00694630
2023-08-03 00:00:00+00:00,0.00887813
2023-08-04 00:00:00+00:00,-0.00986667
2023-08-05 00:00:00+00:00,0.00026932
2023-08-07 00:00:00+00:00,0.01346257
2023-08-08 00:00:00+00:00,-0.00640171
2023-08-09 00:00:00+00:00,0.00134228
2023-08-10 00:00:00+00:00,0.00697051
2023-08-11 00:00:00+00:00,-0.00239617
2023-08-12 00:00:00+00:00,-0.00346944
2023-08-14 00:00:00+00:00,0.00723085
2023-08-15 00:00:00+00:00,-0.00745672
2023-08-16 00:00:00+00:00,-0.00268312
2023-08-17 00:00:00+00:00,-0.00080710
2023-08-18 00:00:00+00:00,-0.00430802
2023-08-21 00:00:00+00:00,-0.02244456
2023-08-22 00:00:00+00:00,0.01030928
2023-08-23 00:00:00+00:00,-0.00295381
2023-08-24 00:00:00+00:00,-0.00026932
2023-08-25 00:00:00+00:00,-0.01054909
2023-08-26 00:00:00+00:00,0.00218103
2023-08-28 00:00:00+00:00,0.01142546
2023-08-29 00:00:00+00:00,0.00783784
2023-08-30 00:00:00+00:00,0.00215112
2023-08-31 00:00:00+00:00,-0.00483871
2023-09-01 00:00:00+00:00,0.01747312
2023-09-02 00:00:00+00:00,-0.00026610
2023-09-04 00:00:00+00:00,0.00266170
2023-09-05 00:00:00+00:00,0.00026652
2023-09-06 00:00:00+00:00,0.00000000
2023-09-07 00:00:00+00:00,-0.01172395
2023-09-08 00:00:00+00:00,-0.00835805
2023-09-09 00:00:00+00:00,0.00054377
2023-09-11 00:00:00+00:00,-0.00923913
2023-09-12 00:00:00+00:00,-0.00405515
2023-09-13 00:00:00+00:00,-0.00135722
2023-09-14 00:00:00+00:00,0.00081544
2023-09-15 00:00:00+00:00,0.00516024
2023-09-16 00:00:00+00:00,-0.00567414
2023-09-18 00:00:00+00:00,-0.01630435
2023-09-19 00:00:00+00:00,0.00956284
2023-09-20 00:00:00+00:00,0.02895805
2023-09-21 00:00:00+00:00,-0.01930813
2023-09-22 00:00:00+00:00,0.01244926
2023-09-25 00:00:00+00:00,-0.01939655
2023-09-26 00:00:00+00:00,-0.01113525
2023-09-27 00:00:00+00:00,0.00054720
2023-09-28 00:00:00+00:00,-0.00328138
2023-09-29 00:00:00+00:00,0.00082305
2023-10-02 00:00:00+00:00,0.00767544
2023-10-03 00:00:00+00:00,-0.00108992
2023-10-04 00:00:00+00:00,-0.00627387
2023-10-05 00:00:00+00:00,-0.00274499
2023-10-06 00:00:00+00:00,-0.00082576
2023-10-07 00:00:00+00:00,0.00137741
2023-10-09 00:00:00+00:00,-0.01760660
2023-10-10 00:00:00+00:00,0.00220994
2023-10-11 00:00:00+00:00,-0.00303197
2023-10-12 00:00:00+00:00,0.00414708
2023-10-13 00:00:00+00:00,-0.00963656
2023-10-16 00:00:00+00:00,-0.00472616
2023-10-17 00:00:00+00:00,-0.00388889
2023-10-18 00:00:00+00:00,-0.00725042
2023-10-19 00:00:00+00:00,-0.01769663
2023-10-20 00:00:00+00:00,0.00428939
2023-10-21 00:00:00+00:00,-0.00370159
2023-10-23 00:00:00+00:00,-0.05315805
2023-10-24 00:00:00+00:00,0.01938097
2023-10-25 00:00:00+00:00,0.00715512
2023-10-26 00:00:00+00:00,-0.04931585
2023-10-27 00:00:00+00:00,0.00965759
2023-10-30 00:00:00+00:00,-0.00261628
2023-10-31 00:00:00+00:00,0.00145985
2023-11-01 00:00:00+00:00,-0.01282799
2023-11-02 00:00:00+00:00,0.02539870
2023-11-03 00:00:00+00:00,0.00633641
2023-11-04 00:00:00+00:00,0.00601030
2023-11-06 00:00:00+00:00,0.03726885
2023-11-07 00:00:00+00:00,-0.00564334
2023-11-08 00:00:00+00:00,-0.00993190
2023-11-09 00:00:00+00:00,0.00200631
2023-11-10 00:00:00+00:00,-0.01229977
2023-11-11 00:00:00+00:00,0.00579206
2023-11-13 00:00:00+00:00,-0.01900374
2023-11-14 00:00:00+00:00,0.00230150
2023-11-15 00:00:00+00:00,0.01406429
2023-11-16 00:00:00+00:00,0.00254741
2023-11-17 00:00:00+00:00,-0.00592885
2023-11-18 00:00:00+00:00,0.00198807
2023-11-20 00:00:00+00:00,0.01643991
2023-11-21 00:00:00+00:00,-0.00481450
2023-11-22 00:00:00+00:00,-0.00142288
2023-11-23 00:00:00+00:00,0.01567398
2023-11-24 00:00:00+00:00,0.00197461
2023-11-27 00:00:00+00:00,-0.00056306
2023-11-28 00:00:00+00:00,0.00112676
2023-11-29 00:00:00+00:00,-0.00168824
2023-11-30 00:00:00+00:00,0.00648253
2023-12-01 00:00:00+00:00,0.00756091
2023-12-04 00:00:00+00:00,0.02946081
2023-12-05 00:00:00+00:00,-0.00551420
2023-12-06 00:00:00+00:00,-0.00194067
2023-12-07 00:00:00+00:00,-0.00138889
2023-12-08 00:00:00+00:00,0.00166898
2023-12-09 00:00:00+00:00,-0.00277701
2023-12-11 00:00:00+00:00,-0.03620162
2023-12-12 00:00:00+00:00,0.00592551
2023-12-13 00:00:00+00:00,-0.01122020
2023-12-14 00:00:00+00:00,0.02695035
2023-12-15 00:00:00+00:00,0.00552486
2023-12-16 00:00:00+00:00,-0.00082418
2023-12-18 00:00:00+00:00,0.00714875
2023-12-19 00:00:00+00:00,0.00721421
2023-12-20 00:00:00+00:00,0.00192837
2023-12-21 00:00:00+00:00,0.00659885
2023-12-22 00:00:00+00:00,0.01374004
2023-12-25 00:00:00+00:00,0.00327154
2023-12-26 00:00:00+00:00,-0.00108962
2023-12-27 00:00:00+00:00,-0.00463215
2023-12-28 00:00:00+00:00,0.01338432
2023-12-29 00:00:00+00:00,0.00542594
2023-12-30 00:00:00+00:00,-0.00324500
2024-01-02 00:00:00+00:00,0.01139447
2024-01-03 00:00:00+00:00,-0.00243046
2024-01-04 00:00:00+00:00,0.00730915
2024-01-05 00:00:00+00:00,0.00241870
2024-01-06 00:00:00+00:00,0.00509383
2024-01-08 00:00:00+00:00,-0.00693518
2024-01-09 00:00:00+00:00,0.00188527
2024-01-10 00:00:00+00:00,0.00430108
2024-01-11 00:00:00+00:00,0.00267666
2024-01-12 00:00:00+00:00,0.00694074
2024-01-13 00:00:00+00:00,0.00609756
2024-01-15 00:00:00+00:00,0.00658762
2024-01-16 00:00:00+00:00,0.00106213
2024-01-17 00:00:00+00:00,-0.01007958
2024-01-18 00:00:00+00:00,0.00026795
2024-01-19 00:00:00+00:00,-0.00026788
2024-01-20 00:00:00+00:00,0.00375134
2024-01-22 00:00:00+00:00,-0.01895355
2024-01-23 00:00:00+00:00,-0.01693548
2024-01-24 00:00:00+00:00,-0.00785269
2024-01-25 00:00:00+00:00,-0.01115646
2024-01-26 00:00:00+00:00,-0.02325581
2024-01-29 00:00:00+00:00,0.02298532
2024-01-30 00:00:00+00:00,0.00924667
2024-01-31 00:00:00+00:00,0.00377257
2024-02-01 00:00:00+00:00,0.00214765
2024-02-02 00:00:00+00:00,0.00857219
2024-02-03 00:00:00+00:00,-0.00292165
2024-02-05 00:00:00+00:00,0.01358551
2024-02-06 00:00:00+00:00,0.00534616
2024-02-07 00:00:00+00:00,0.00132943
2024-02-08 00:00:00+00:00,0.00318640
2024-02-09 00:00:00+00:00,-0.00105876
2024-02-10 00:00:00+00:00,0.00317965
2024-02-12 00:00:00+00:00,0.02509245
2024-02-13 00:00:00+00:00,-0.00367261
2024-02-14 00:00:00+00:00,-0.00184308
2024-02-15 00:00:00+00:00,0.01899235
2024-02-16 00:00:00+00:00,0.00388299
2024-02-17 00:00:00+00:00,-0.00361011
2024-02-19 00:00:00+00:00,0.00181159
2024-02-20 00:00:00+00:00,0.00911458
2024-02-21 00:00:00+00:00,-0.00748387
2024-02-22 00:00:00+00:00,0.00130005
2024-02-23 00:00:00+00:00,-0.01116593
2024-02-26 00:00:00+00:00,-0.00236842
2024-02-27 00:00:00+00:00,0.00498557
2024-02-28 00:00:00+00:00,0.00340047
2024-02-29 00:00:00+00:00,-0.00182482
2024-03-01 00:00:00+00:00,-0.00338895
2024-03-02 00:00:00+00:00,0.00286757
2024-03-04 00:00:00+00:00,-0.02033368
2024-03-05 00:00:00+00:00,-0.00715801
2024-03-06 00:00:00+00:00,0.01121495
2024-03-07 00:00:00+00:00,0.00396092
2024-03-08 00:00:00+00:00,0.00631247
2024-03-09 00:00:00+00:00,-0.00365917
2024-03-11 00:00:00+00:00,0.02360965
2024-03-12 00:00:00+00:00,0.00104712
2024-03-13 00:00:00+00:00,0.00026151
2024-03-14 00:00:00+00:00,0.00758170
2024-03-15 00:00:00+00:00,-0.00441100
2024-03-16 00:00:00+00:00,-0.00312744
2024-03-18 00:00:00+00:00,-0.00287582
2024-03-19 00:00:00+00:00,0.00393288
2024-03-20 00:00:00+00:00,-0.00078349
2024-03-21 00:00:00+00:00,0.01045478
2024-03-22 00:00:00+00:00,-0.00260620
2024-03-25 00:00:00+00:00,0.01378772
2024-03-26 00:00:00+00:00,-0.00413650
2024-03-27 00:00:00+00:00,-0.00647165
2024-03-28 00:00:00+00:00,-0.00807712
