Date,INR
2015-11-10 00:00:00+00:00,
2015-11-11 00:00:00+00:00,0.00721988
2015-11-12 00:00:00+00:00,0.00119459
2015-11-13 00:00:00+00:00,0.00039473
2015-11-16 00:00:00+00:00,0.00332747
2015-11-17 00:00:00+00:00,0.00298823
2015-11-18 00:00:00+00:00,-0.01057495
2015-11-19 00:00:00+00:00,0.00921111
2015-11-20 00:00:00+00:00,-0.00113569
2015-11-23 00:00:00+00:00,-0.00779074
2015-11-24 00:00:00+00:00,0.00487588
2015-11-25 00:00:00+00:00,-0.00287282
2015-11-26 00:00:00+00:00,-0.00468337
2015-11-27 00:00:00+00:00,-0.00917386
2015-11-30 00:00:00+00:00,0.00321473
2015-12-01 00:00:00+00:00,0.00555364
2015-12-02 00:00:00+00:00,-0.00207907
2015-12-03 00:00:00+00:00,0.00139713
2015-12-04 00:00:00+00:00,-0.00375321
2015-12-07 00:00:00+00:00,0.00153211
2015-12-08 00:00:00+00:00,-0.00616977
2015-12-09 00:00:00+00:00,-0.00088309
2015-12-10 00:00:00+00:00,0.00019395
2015-12-11 00:00:00+00:00,-0.00081624
2015-12-14 00:00:00+00:00,-0.00782837
2015-12-15 00:00:00+00:00,0.00750434
2015-12-16 00:00:00+00:00,0.00970170
2015-12-17 00:00:00+00:00,0.00879125
2015-12-18 00:00:00+00:00,0.00287011
2015-12-21 00:00:00+00:00,0.00079554
2015-12-22 00:00:00+00:00,0.00139526
2015-12-23 00:00:00+00:00,0.00613247
2015-12-24 00:00:00+00:00,0.00404796
2015-12-25 00:00:00+00:00,0.00012567
2015-12-28 00:00:00+00:00,-0.00325928
2015-12-29 00:00:00+00:00,-0.00591873
2015-12-30 00:00:00+00:00,0.00032546
2015-12-31 00:00:00+00:00,0.00678586
2016-01-04 00:00:00+00:00,-0.01327845
2016-01-05 00:00:00+00:00,0.00046005
2016-01-06 00:00:00+00:00,-0.00668538
2016-01-07 00:00:00+00:00,-0.00490023
2016-01-08 00:00:00+00:00,0.00814470
2016-01-11 00:00:00+00:00,-0.00430124
2016-01-12 00:00:00+00:00,-0.00168882
2016-01-13 00:00:00+00:00,0.00093478
2016-01-14 00:00:00+00:00,-0.01656293
2016-01-15 00:00:00+00:00,-0.00917305
2016-01-18 00:00:00+00:00,0.00121849
2016-01-19 00:00:00+00:00,0.00251096
2016-01-20 00:00:00+00:00,-0.01736044
2016-01-21 00:00:00+00:00,0.00410186
2016-01-22 00:00:00+00:00,0.01628596
2016-01-25 00:00:00+00:00,-0.00551527
2016-01-26 00:00:00+00:00,-0.00300977
2016-01-27 00:00:00+00:00,-0.00676977
2016-01-28 00:00:00+00:00,-0.00473160
2016-01-29 00:00:00+00:00,0.01520357
2016-02-01 00:00:00+00:00,-0.00089537
2016-02-02 00:00:00+00:00,-0.00423627
2016-02-03 00:00:00+00:00,-0.00882018
2016-02-04 00:00:00+00:00,0.01968792
2016-02-05 00:00:00+00:00,-0.00156936
2016-02-08 00:00:00+00:00,-0.00761422
2016-02-09 00:00:00+00:00,-0.00171927
2016-02-10 00:00:00+00:00,0.00471648
2016-02-11 00:00:00+00:00,-0.01688797
2016-02-12 00:00:00+00:00,0.00109321
2016-02-15 00:00:00+00:00,0.00370843
2016-02-16 00:00:00+00:00,-0.00722498
2016-02-17 00:00:00+00:00,-0.00366251
2016-02-18 00:00:00+00:00,0.00061171
2016-02-19 00:00:00+00:00,-0.00960450
2016-02-22 00:00:00+00:00,0.00602449
2016-02-23 00:00:00+00:00,0.00116431
2016-02-24 00:00:00+00:00,0.00040387
2016-02-25 00:00:00+00:00,-0.00436114
2016-02-26 00:00:00+00:00,0.00455619
2016-02-29 00:00:00+00:00,0.00821344
2016-03-01 00:00:00+00:00,0.01698851
2016-03-02 00:00:00+00:00,0.01226800
2016-03-03 00:00:00+00:00,0.00562207
2016-03-04 00:00:00+00:00,0.00944901
2016-03-07 00:00:00+00:00,-0.00209657
2016-03-08 00:00:00+00:00,-0.01078835
2016-03-09 00:00:00+00:00,0.00632455
2016-03-10 00:00:00+00:00,0.00575592
2016-03-11 00:00:00+00:00,-0.00176881
2016-03-14 00:00:00+00:00,0.00066647
2016-03-15 00:00:00+00:00,-0.00914628
2016-03-16 00:00:00+00:00,0.00372845
2016-03-17 00:00:00+00:00,0.02068393
2016-03-18 00:00:00+00:00,0.00482742
2016-03-21 00:00:00+00:00,0.00092713
2016-03-22 00:00:00+00:00,-0.00610683
2016-03-23 00:00:00+00:00,0.00113047
2016-03-24 00:00:00+00:00,-0.00725696
2016-03-25 00:00:00+00:00,0.00302028
2016-03-28 00:00:00+00:00,0.00859588
2016-03-29 00:00:00+00:00,-0.00195254
2016-03-30 00:00:00+00:00,0.01682170
2016-03-31 00:00:00+00:00,0.00338647
2016-04-01 00:00:00+00:00,-0.00565356
2016-04-04 00:00:00+00:00,0.00565220
2016-04-05 00:00:00+00:00,-0.00758015
2016-04-06 00:00:00+00:00,-0.00594051
2016-04-07 00:00:00+00:00,-0.00288239
2016-04-08 00:00:00+00:00,0.00032877
2016-04-11 00:00:00+00:00,0.00441595
2016-04-12 00:00:00+00:00,0.00199831
2016-04-13 00:00:00+00:00,-0.00622630
2016-04-14 00:00:00+00:00,0.00187023
2016-04-15 00:00:00+00:00,-0.00040990
2016-04-18 00:00:00+00:00,0.00052886
2016-04-19 00:00:00+00:00,0.01017861
2016-04-20 00:00:00+00:00,0.00045890
2016-04-21 00:00:00+00:00,-0.00294131
2016-04-22 00:00:00+00:00,-0.00288047
2016-04-25 00:00:00+00:00,-0.00689488
2016-04-26 00:00:00+00:00,0.00240302
2016-04-27 00:00:00+00:00,0.00313547
2016-04-28 00:00:00+00:00,-0.00147724
2016-04-29 00:00:00+00:00,0.00266660
2016-05-02 00:00:00+00:00,0.00072648
2016-05-03 00:00:00+00:00,0.00319784
2016-05-04 00:00:00+00:00,-0.00707966
2016-05-05 00:00:00+00:00,0.00166454
2016-05-06 00:00:00+00:00,0.00005995
2016-05-09 00:00:00+00:00,-0.00374798
2016-05-10 00:00:00+00:00,-0.00195132
2016-05-11 00:00:00+00:00,-0.00074692
2016-05-12 00:00:00+00:00,-0.00061338
2016-05-13 00:00:00+00:00,-0.00350177
2016-05-16 00:00:00+00:00,0.00200886
2016-05-17 00:00:00+00:00,-0.00485209
2016-05-18 00:00:00+00:00,-0.00364766
2016-05-19 00:00:00+00:00,-0.01378070
2016-05-20 00:00:00+00:00,-0.00285989
2016-05-23 00:00:00+00:00,0.00291240
2016-05-24 00:00:00+00:00,-0.00965941
2016-05-25 00:00:00+00:00,0.01124229
2016-05-26 00:00:00+00:00,0.01089967
2016-05-27 00:00:00+00:00,0.00707806
2016-05-30 00:00:00+00:00,-0.00391603
2016-05-31 00:00:00+00:00,-0.00189923
2016-06-01 00:00:00+00:00,-0.01034513
2016-06-02 00:00:00+00:00,0.00460127
2016-06-03 00:00:00+00:00,0.00384260
2016-06-06 00:00:00+00:00,0.01018615
2016-06-07 00:00:00+00:00,-0.00095036
2016-06-08 00:00:00+00:00,0.00598151
2016-06-09 00:00:00+00:00,-0.00396436
2016-06-10 00:00:00+00:00,-0.00108395
2016-06-13 00:00:00+00:00,-0.00975927
2016-06-14 00:00:00+00:00,-0.00723982
2016-06-15 00:00:00+00:00,0.00561815
2016-06-16 00:00:00+00:00,-0.00426847
2016-06-17 00:00:00+00:00,0.00676710
2016-06-20 00:00:00+00:00,-0.01169097
2016-06-21 00:00:00+00:00,-0.00576962
2016-06-22 00:00:00+00:00,0.00223421
2016-06-23 00:00:00+00:00,0.00725793
2016-06-24 00:00:00+00:00,-0.02124500
2016-06-27 00:00:00+00:00,0.00053868
2016-06-28 00:00:00+00:00,0.00135911
2016-06-29 00:00:00+00:00,0.01208546
2016-06-30 00:00:00+00:00,0.00298329
2016-07-01 00:00:00+00:00,0.00914261
2016-07-04 00:00:00+00:00,0.00452078
2016-07-05 00:00:00+00:00,-0.00831039
2016-07-06 00:00:00+00:00,-0.00325820
2016-07-07 00:00:00+00:00,-0.00211280
2016-07-08 00:00:00+00:00,0.00189588
2016-07-11 00:00:00+00:00,0.00977242
2016-07-12 00:00:00+00:00,-0.00021288
2016-07-13 00:00:00+00:00,0.00350548
2016-07-14 00:00:00+00:00,0.00538999
2016-07-15 00:00:00+00:00,-0.00344488
2016-07-18 00:00:00+00:00,-0.00554183
2016-07-19 00:00:00+00:00,0.00370845
2016-07-20 00:00:00+00:00,-0.00325114
2016-07-21 00:00:00+00:00,0.00107216
2016-07-22 00:00:00+00:00,0.00513108
2016-07-25 00:00:00+00:00,-0.00904408
2016-07-26 00:00:00+00:00,0.00154877
2016-07-27 00:00:00+00:00,0.00256418
2016-07-28 00:00:00+00:00,0.00809288
2016-07-29 00:00:00+00:00,0.00100141
2016-08-01 00:00:00+00:00,0.00597907
2016-08-02 00:00:00+00:00,0.00052641
2016-08-03 00:00:00+00:00,-0.00563559
2016-08-04 00:00:00+00:00,0.00120149
2016-08-05 00:00:00+00:00,0.00556225
2016-08-08 00:00:00+00:00,-0.00469626
2016-08-09 00:00:00+00:00,-0.00047946
2016-08-10 00:00:00+00:00,0.00490554
2016-08-11 00:00:00+00:00,-0.00289693
2016-08-12 00:00:00+00:00,-0.00108518
2016-08-15 00:00:00+00:00,-0.00021147
2016-08-16 00:00:00+00:00,0.00342307
2016-08-17 00:00:00+00:00,-0.00679798
2016-08-18 00:00:00+00:00,0.00740801
2016-08-19 00:00:00+00:00,-0.00867594
2016-08-22 00:00:00+00:00,-0.00419555
2016-08-23 00:00:00+00:00,0.00445494
2016-08-24 00:00:00+00:00,-0.00007776
2016-08-25 00:00:00+00:00,0.00309318
2016-08-26 00:00:00+00:00,-0.00149236
2016-08-29 00:00:00+00:00,-0.00223611
2016-08-30 00:00:00+00:00,0.00403600
2016-08-31 00:00:00+00:00,0.00079725
2016-09-01 00:00:00+00:00,0.00234245
2016-09-02 00:00:00+00:00,0.00395408
2016-09-05 00:00:00+00:00,0.01165332
2016-09-06 00:00:00+00:00,-0.00047706
2016-09-07 00:00:00+00:00,-0.00134410
2016-09-08 00:00:00+00:00,0.00112489
2016-09-09 00:00:00+00:00,-0.01181372
2016-09-12 00:00:00+00:00,-0.00632347
2016-09-13 00:00:00+00:00,0.00241356
2016-09-14 00:00:00+00:00,-0.00209532
2016-09-15 00:00:00+00:00,-0.00176098
2016-09-16 00:00:00+00:00,0.00154117
2016-09-19 00:00:00+00:00,-0.00054748
2016-09-20 00:00:00+00:00,-0.00196512
2016-09-21 00:00:00+00:00,0.00289421
2016-09-22 00:00:00+00:00,0.01279415
2016-09-23 00:00:00+00:00,-0.00040838
2016-09-26 00:00:00+00:00,0.00106432
2016-09-27 00:00:00+00:00,0.00373754
2016-09-28 00:00:00+00:00,0.00152728
2016-09-29 00:00:00+00:00,-0.01455449
2016-09-30 00:00:00+00:00,0.01039679
2016-10-03 00:00:00+00:00,0.00172829
2016-10-04 00:00:00+00:00,0.00272705
2016-10-05 00:00:00+00:00,-0.00087719
2016-10-06 00:00:00+00:00,-0.00501392
2016-10-07 00:00:00+00:00,-0.00442087
2016-10-10 00:00:00+00:00,0.00549464
2016-10-11 00:00:00+00:00,-0.00824820
2016-10-12 00:00:00+00:00,-0.00021318
2016-10-13 00:00:00+00:00,-0.00317061
2016-10-14 00:00:00+00:00,0.00551529
2016-10-17 00:00:00+00:00,-0.00249648
2016-10-18 00:00:00+00:00,0.00355450
2016-10-19 00:00:00+00:00,0.00139977
2016-10-20 00:00:00+00:00,-0.00101777
2016-10-21 00:00:00+00:00,-0.00182317
2016-10-24 00:00:00+00:00,-0.00128747
2016-10-25 00:00:00+00:00,0.00422963
2016-10-26 00:00:00+00:00,-0.00296369
2016-10-27 00:00:00+00:00,0.00200769
2016-10-28 00:00:00+00:00,0.00180292
2016-10-31 00:00:00+00:00,0.00119667
2016-11-01 00:00:00+00:00,0.00065861
2016-11-02 00:00:00+00:00,0.00106145
2016-11-03 00:00:00+00:00,-0.00041352
2016-11-04 00:00:00+00:00,0.00132674
2016-11-07 00:00:00+00:00,-0.00074862
2016-11-08 00:00:00+00:00,-0.00202070
2016-11-09 00:00:00+00:00,0.00535095
2016-11-10 00:00:00+00:00,-0.00235677
2016-11-11 00:00:00+00:00,-0.02404093
2016-11-14 00:00:00+00:00,-0.01199726
2016-11-15 00:00:00+00:00,0.00032558
2016-11-16 00:00:00+00:00,-0.00574441
2016-11-17 00:00:00+00:00,0.00463914
2016-11-18 00:00:00+00:00,-0.00936956
2016-11-21 00:00:00+00:00,0.00225053
2016-11-22 00:00:00+00:00,-0.00487419
2016-11-23 00:00:00+00:00,-0.00640632
2016-11-24 00:00:00+00:00,-0.00290681
2016-11-25 00:00:00+00:00,0.01093874
2016-11-28 00:00:00+00:00,-0.01288603
2016-11-29 00:00:00+00:00,0.00384870
2016-11-30 00:00:00+00:00,0.00900707
2016-12-01 00:00:00+00:00,0.00128873
2016-12-02 00:00:00+00:00,0.00539923
2016-12-05 00:00:00+00:00,-0.00008300
2016-12-06 00:00:00+00:00,0.01037337
2016-12-07 00:00:00+00:00,0.00073262
2016-12-08 00:00:00+00:00,0.00895688
2016-12-09 00:00:00+00:00,-0.00069284
2016-12-12 00:00:00+00:00,0.00025449
2016-12-13 00:00:00+00:00,-0.00407173
2016-12-14 00:00:00+00:00,0.00289537
2016-12-15 00:00:00+00:00,-0.01137532
2016-12-16 00:00:00+00:00,0.00290785
2016-12-19 00:00:00+00:00,-0.00245891
2016-12-20 00:00:00+00:00,-0.00742206
2016-12-21 00:00:00+00:00,0.00333073
2016-12-22 00:00:00+00:00,-0.00178844
2016-12-23 00:00:00+00:00,0.00462348
2016-12-26 00:00:00+00:00,0.00393044
2016-12-27 00:00:00+00:00,-0.00816521
2016-12-28 00:00:00+00:00,-0.00602217
2016-12-29 00:00:00+00:00,0.00402179
2016-12-30 00:00:00+00:00,0.00722153
2017-01-03 00:00:00+00:00,-0.01193060
2017-01-04 00:00:00+00:00,0.00710885
2017-01-05 00:00:00+00:00,0.00516809
2017-01-06 00:00:00+00:00,0.00018833
2017-01-09 00:00:00+00:00,-0.00641653
2017-01-10 00:00:00+00:00,0.00121919
2017-01-11 00:00:00+00:00,-0.01076923
2017-01-12 00:00:00+00:00,0.01278521
2017-01-13 00:00:00+00:00,-0.00637433
2017-01-16 00:00:00+00:00,0.00423880
2017-01-17 00:00:00+00:00,0.00874370
2017-01-18 00:00:00+00:00,-0.00710208
2017-01-19 00:00:00+00:00,-0.00397986
2017-01-20 00:00:00+00:00,0.00121969
2017-01-23 00:00:00+00:00,0.00066986
2017-01-24 00:00:00+00:00,0.00169596
2017-01-25 00:00:00+00:00,0.00265310
2017-01-26 00:00:00+00:00,0.00319639
2017-01-27 00:00:00+00:00,-0.00226514
2017-01-30 00:00:00+00:00,0.00374134
2017-01-31 00:00:00+00:00,0.00393695
2017-02-01 00:00:00+00:00,0.01114361
2017-02-02 00:00:00+00:00,0.00431377
2017-02-03 00:00:00+00:00,0.00194248
2017-02-06 00:00:00+00:00,0.00396248
2017-02-07 00:00:00+00:00,-0.00553624
2017-02-08 00:00:00+00:00,0.00479066
2017-02-09 00:00:00+00:00,0.00978270
2017-02-10 00:00:00+00:00,0.00246528
2017-02-13 00:00:00+00:00,-0.00511104
2017-02-14 00:00:00+00:00,0.00562792
2017-02-15 00:00:00+00:00,-0.00269813
2017-02-16 00:00:00+00:00,-0.00418023
2017-02-17 00:00:00+00:00,0.00052231
2017-02-20 00:00:00+00:00,0.00314677
2017-02-21 00:00:00+00:00,0.00260424
2017-02-22 00:00:00+00:00,-0.00296314
2017-02-23 00:00:00+00:00,0.00455286
2017-02-24 00:00:00+00:00,0.00615207
2017-02-27 00:00:00+00:00,-0.00262123
2017-02-28 00:00:00+00:00,0.00085315
2017-03-01 00:00:00+00:00,-0.00356382
2017-03-02 00:00:00+00:00,0.00406686
2017-03-03 00:00:00+00:00,-0.00336447
2017-03-06 00:00:00+00:00,0.00252329
2017-03-07 00:00:00+00:00,-0.00249579
2017-03-08 00:00:00+00:00,-0.00069036
2017-03-09 00:00:00+00:00,-0.00156355
2017-03-10 00:00:00+00:00,0.00219118
2017-03-13 00:00:00+00:00,0.01832018
2017-03-14 00:00:00+00:00,0.00707482
2017-03-15 00:00:00+00:00,0.00480570
2017-03-16 00:00:00+00:00,0.00921233
2017-03-17 00:00:00+00:00,-0.00231939
2017-03-20 00:00:00+00:00,0.00543433
2017-03-21 00:00:00+00:00,0.00279535
2017-03-22 00:00:00+00:00,-0.00872477
2017-03-23 00:00:00+00:00,0.00070016
2017-03-24 00:00:00+00:00,0.00345986
2017-03-27 00:00:00+00:00,0.01145601
2017-03-28 00:00:00+00:00,-0.00080646
2017-03-29 00:00:00+00:00,0.00610988
2017-03-30 00:00:00+00:00,-0.00041356
2017-03-31 00:00:00+00:00,0.00166872
2017-04-03 00:00:00+00:00,-0.00483291
2017-04-04 00:00:00+00:00,-0.00334758
2017-04-05 00:00:00+00:00,0.00617643
2017-04-06 00:00:00+00:00,0.01142688
2017-04-07 00:00:00+00:00,0.00049315
2017-04-10 00:00:00+00:00,-0.00726279
2017-04-11 00:00:00+00:00,0.00062457
2017-04-12 00:00:00+00:00,-0.00352745
2017-04-13 00:00:00+00:00,0.00790477
2017-04-14 00:00:00+00:00,-0.00222479
2017-04-17 00:00:00+00:00,-0.00099615
2017-04-18 00:00:00+00:00,-0.00339543
2017-04-19 00:00:00+00:00,0.00101502
2017-04-20 00:00:00+00:00,0.00107975
2017-04-21 00:00:00+00:00,-0.00054221
2017-04-24 00:00:00+00:00,0.00542707
2017-04-25 00:00:00+00:00,0.00651094
2017-04-26 00:00:00+00:00,0.00494429
2017-04-27 00:00:00+00:00,-0.00034567
2017-04-28 00:00:00+00:00,-0.00414194
2017-05-01 00:00:00+00:00,0.00016947
2017-05-02 00:00:00+00:00,0.00190969
2017-05-03 00:00:00+00:00,0.00306609
2017-05-04 00:00:00+00:00,-0.00079787
2017-05-05 00:00:00+00:00,-0.00568763
2017-05-08 00:00:00+00:00,-0.00215550
2017-05-09 00:00:00+00:00,-0.00991808
2017-05-10 00:00:00+00:00,0.00231271
2017-05-11 00:00:00+00:00,0.00763230
2017-05-12 00:00:00+00:00,0.00152577
2017-05-15 00:00:00+00:00,0.00785604
2017-05-16 00:00:00+00:00,0.00003744
2017-05-17 00:00:00+00:00,-0.00240766
2017-05-18 00:00:00+00:00,-0.02155591
2017-05-19 00:00:00+00:00,0.00857078
2017-05-22 00:00:00+00:00,0.00217846
2017-05-23 00:00:00+00:00,-0.01026268
2017-05-24 00:00:00+00:00,0.00420526
2017-05-25 00:00:00+00:00,0.00491024
2017-05-26 00:00:00+00:00,0.00496475
2017-05-29 00:00:00+00:00,-0.00132088
2017-05-30 00:00:00+00:00,-0.00500903
2017-05-31 00:00:00+00:00,0.00528910
2017-06-01 00:00:00+00:00,0.00145918
2017-06-02 00:00:00+00:00,0.00119983
2017-06-05 00:00:00+00:00,0.00358998
2017-06-06 00:00:00+00:00,-0.00318806
2017-06-07 00:00:00+00:00,-0.00203132
2017-06-08 00:00:00+00:00,0.00495510
2017-06-09 00:00:00+00:00,-0.00099737
2017-06-12 00:00:00+00:00,-0.00642127
2017-06-13 00:00:00+00:00,0.00392227
2017-06-14 00:00:00+00:00,0.00210344
2017-06-15 00:00:00+00:00,-0.00816566
2017-06-16 00:00:00+00:00,0.00340662
2017-06-19 00:00:00+00:00,0.00107074
2017-06-20 00:00:00+00:00,-0.00177681
2017-06-21 00:00:00+00:00,-0.00100024
2017-06-22 00:00:00+00:00,-0.00177716
2017-06-23 00:00:00+00:00,0.00314814
2017-06-26 00:00:00+00:00,0.00055443
2017-06-27 00:00:00+00:00,-0.00074201
2017-06-28 00:00:00+00:00,-0.00216634
2017-06-29 00:00:00+00:00,-0.00074293
2017-06-30 00:00:00+00:00,0.00061852
2017-07-03 00:00:00+00:00,-0.00884286
2017-07-04 00:00:00+00:00,0.00446190
2017-07-05 00:00:00+00:00,-0.00087488
2017-07-06 00:00:00+00:00,0.00146435
2017-07-07 00:00:00+00:00,-0.00041991
2017-07-10 00:00:00+00:00,0.00334974
2017-07-11 00:00:00+00:00,-0.00346871
2017-07-12 00:00:00+00:00,0.00361019
2017-07-13 00:00:00+00:00,0.00405551
2017-07-14 00:00:00+00:00,0.00217057
2017-07-17 00:00:00+00:00,0.00068070
2017-07-18 00:00:00+00:00,0.00164934
2017-07-19 00:00:00+00:00,0.00164665
2017-07-20 00:00:00+00:00,-0.00416311
2017-07-21 00:00:00+00:00,0.00306961
2017-07-24 00:00:00+00:00,-0.00022796
2017-07-25 00:00:00+00:00,-0.00087347
2017-07-26 00:00:00+00:00,-0.00035586
2017-07-27 00:00:00+00:00,0.00927251
2017-07-28 00:00:00+00:00,-0.00183249
2017-07-31 00:00:00+00:00,-0.00003158
2017-08-01 00:00:00+00:00,0.00408730
2017-08-02 00:00:00+00:00,0.01172495
2017-08-03 00:00:00+00:00,0.00143651
2017-08-04 00:00:00+00:00,0.00226655
2017-08-07 00:00:00+00:00,-0.00557721
2017-08-08 00:00:00+00:00,0.00016102
2017-08-09 00:00:00+00:00,-0.00623206
2017-08-10 00:00:00+00:00,-0.00272574
2017-08-11 00:00:00+00:00,-0.00786645
2017-08-14 00:00:00+00:00,0.00261354
2017-08-15 00:00:00+00:00,0.00003420
2017-08-16 00:00:00+00:00,-0.00099560
2017-08-17 00:00:00+00:00,0.00087256
2017-08-18 00:00:00+00:00,0.00164473
2017-08-21 00:00:00+00:00,0.00112920
2017-08-22 00:00:00+00:00,-0.00086574
2017-08-23 00:00:00+00:00,0.00138612
2017-08-24 00:00:00+00:00,0.00234886
2017-08-25 00:00:00+00:00,0.00035535
2017-08-28 00:00:00+00:00,0.00484945
2017-08-29 00:00:00+00:00,-0.00329744
2017-08-30 00:00:00+00:00,0.00195864
2017-08-31 00:00:00+00:00,0.00067624
2017-09-01 00:00:00+00:00,-0.00239956
2017-09-04 00:00:00+00:00,-0.00105575
2017-09-05 00:00:00+00:00,-0.00208331
2017-09-06 00:00:00+00:00,-0.00009532
2017-09-07 00:00:00+00:00,-0.00112264
2017-09-08 00:00:00+00:00,0.00646609
2017-09-11 00:00:00+00:00,-0.00349123
2017-09-12 00:00:00+00:00,-0.00426779
2017-09-13 00:00:00+00:00,0.00222117
2017-09-14 00:00:00+00:00,-0.00401487
2017-09-15 00:00:00+00:00,0.00145089
2017-09-18 00:00:00+00:00,-0.00183160
2017-09-19 00:00:00+00:00,-0.00621248
2017-09-20 00:00:00+00:00,0.00119673
2017-09-21 00:00:00+00:00,-0.01707458
2017-09-22 00:00:00+00:00,0.00055608
2017-09-25 00:00:00+00:00,-0.00966850
2017-09-26 00:00:00+00:00,-0.01089154
2017-09-27 00:00:00+00:00,-0.00759041
2017-09-28 00:00:00+00:00,0.00742542
2017-09-29 00:00:00+00:00,0.00634778
2017-10-02 00:00:00+00:00,-0.00691529
2017-10-03 00:00:00+00:00,0.00082291
2017-10-04 00:00:00+00:00,0.01594301
2017-10-05 00:00:00+00:00,-0.00264066
2017-10-06 00:00:00+00:00,-0.00656333
2017-10-09 00:00:00+00:00,-0.00409307
2017-10-10 00:00:00+00:00,0.00273271
2017-10-11 00:00:00+00:00,0.00509191
2017-10-12 00:00:00+00:00,0.00331013
2017-10-13 00:00:00+00:00,0.00461275
2017-10-16 00:00:00+00:00,0.00747250
2017-10-17 00:00:00+00:00,-0.00757435
2017-10-18 00:00:00+00:00,-0.00081516
2017-10-19 00:00:00+00:00,-0.00003186
2017-10-20 00:00:00+00:00,0.00153485
2017-10-23 00:00:00+00:00,-0.00114108
2017-10-24 00:00:00+00:00,-0.00172979
2017-10-25 00:00:00+00:00,0.00558635
2017-10-26 00:00:00+00:00,0.00329020
2017-10-27 00:00:00+00:00,-0.00822824
2017-10-30 00:00:00+00:00,0.00780383
2017-10-31 00:00:00+00:00,0.00237342
2017-11-01 00:00:00+00:00,0.00665874
2017-11-02 00:00:00+00:00,-0.00042259
2017-11-03 00:00:00+00:00,0.00203875
2017-11-06 00:00:00+00:00,-0.00378852
2017-11-07 00:00:00+00:00,-0.00904668
2017-11-08 00:00:00+00:00,0.00271358
2017-11-09 00:00:00+00:00,0.00068288
2017-11-10 00:00:00+00:00,-0.00917763
2017-11-13 00:00:00+00:00,-0.00580423
2017-11-14 00:00:00+00:00,-0.00194483
2017-11-15 00:00:00+00:00,0.00865640
2017-11-16 00:00:00+00:00,-0.00174122
2017-11-17 00:00:00+00:00,0.01039695
2017-11-20 00:00:00+00:00,-0.00251755
2017-11-21 00:00:00+00:00,0.00702047
2017-11-22 00:00:00+00:00,-0.00010253
2017-11-23 00:00:00+00:00,0.01129664
2017-11-24 00:00:00+00:00,-0.00379377
2017-11-27 00:00:00+00:00,0.00625823
2017-11-28 00:00:00+00:00,0.00403830
2017-11-29 00:00:00+00:00,0.00312746
2017-11-30 00:00:00+00:00,-0.00667634
2017-12-01 00:00:00+00:00,0.00041588
2017-12-04 00:00:00+00:00,0.00332506
2017-12-05 00:00:00+00:00,-0.00074807
2017-12-06 00:00:00+00:00,-0.00268483
2017-12-07 00:00:00+00:00,-0.00417416
2017-12-08 00:00:00+00:00,0.00450772
2017-12-11 00:00:00+00:00,0.00281174
2017-12-12 00:00:00+00:00,-0.00275462
2017-12-13 00:00:00+00:00,0.00009176
2017-12-14 00:00:00+00:00,0.00391198
2017-12-15 00:00:00+00:00,0.00933126
2017-12-18 00:00:00+00:00,-0.00557056
2017-12-19 00:00:00+00:00,0.00802348
2017-12-20 00:00:00+00:00,-0.00209571
2017-12-21 00:00:00+00:00,0.00208297
2017-12-22 00:00:00+00:00,0.00092512
2017-12-25 00:00:00+00:00,0.00124569
2017-12-26 00:00:00+00:00,-0.00222073
2017-12-27 00:00:00+00:00,-0.00190461
2017-12-28 00:00:00+00:00,0.00156703
2017-12-29 00:00:00+00:00,0.00734776
2018-01-02 00:00:00+00:00,0.01269857
2018-01-03 00:00:00+00:00,-0.00182144
2018-01-04 00:00:00+00:00,0.00447949
2018-01-05 00:00:00+00:00,0.00135712
2018-01-08 00:00:00+00:00,-0.00467599
2018-01-09 00:00:00+00:00,-0.00641946
2018-01-10 00:00:00+00:00,0.00207081
2018-01-11 00:00:00+00:00,0.00015030
2018-01-12 00:00:00+00:00,0.00002229
2018-01-15 00:00:00+00:00,0.00513757
2018-01-16 00:00:00+00:00,-0.01706383
2018-01-17 00:00:00+00:00,0.00452369
2018-01-18 00:00:00+00:00,0.00201162
2018-01-19 00:00:00+00:00,0.00098418
2018-01-22 00:00:00+00:00,-0.00036136
2018-01-23 00:00:00+00:00,0.00200854
2018-01-24 00:00:00+00:00,0.00674511
2018-01-25 00:00:00+00:00,0.00136237
2018-01-26 00:00:00+00:00,0.00129752
2018-01-29 00:00:00+00:00,-0.00386400
2018-01-30 00:00:00+00:00,-0.00068026
2018-01-31 00:00:00+00:00,0.00136221
2018-02-01 00:00:00+00:00,-0.01452449
2018-02-02 00:00:00+00:00,-0.00062111
2018-02-05 00:00:00+00:00,-0.00010725
2018-02-06 00:00:00+00:00,-0.00499306
2018-02-07 00:00:00+00:00,-0.00391045
2018-02-08 00:00:00+00:00,0.00079777
2018-02-09 00:00:00+00:00,-0.00379408
2018-02-12 00:00:00+00:00,0.00371228
2018-02-13 00:00:00+00:00,0.00253932
2018-02-14 00:00:00+00:00,0.00499152
2018-02-15 00:00:00+00:00,0.00568643
2018-02-16 00:00:00+00:00,-0.00929294
2018-02-19 00:00:00+00:00,-0.01004488
2018-02-20 00:00:00+00:00,-0.00860487
2018-02-21 00:00:00+00:00,0.00210175
2018-02-22 00:00:00+00:00,-0.00882651
2018-02-23 00:00:00+00:00,0.01020891
2018-02-26 00:00:00+00:00,-0.00121712
2018-02-27 00:00:00+00:00,0.00710505
2018-02-28 00:00:00+00:00,-0.01886269
2018-03-01 00:00:00+00:00,-0.00056980
2018-03-02 00:00:00+00:00,0.00086870
2018-03-05 00:00:00+00:00,0.00198006
2018-03-06 00:00:00+00:00,0.00622260
2018-03-07 00:00:00+00:00,-0.00278321
2018-03-08 00:00:00+00:00,-0.00690255
2018-03-09 00:00:00+00:00,-0.00129287
2018-03-12 00:00:00+00:00,0.00309849
2018-03-13 00:00:00+00:00,0.00604053
2018-03-14 00:00:00+00:00,0.00158142
2018-03-15 00:00:00+00:00,-0.00226802
2018-03-16 00:00:00+00:00,0.00034075
2018-03-19 00:00:00+00:00,-0.00938362
2018-03-20 00:00:00+00:00,-0.00024814
2018-03-21 00:00:00+00:00,-0.00005000
2018-03-22 00:00:00+00:00,0.00460607
2018-03-23 00:00:00+00:00,0.00335253
2018-03-26 00:00:00+00:00,0.00432508
2018-03-27 00:00:00+00:00,0.00268589
2018-03-28 00:00:00+00:00,-0.00721258
2018-03-29 00:00:00+00:00,-0.00031041
2018-03-30 00:00:00+00:00,0.00217149
2018-04-02 00:00:00+00:00,0.00164699
2018-04-03 00:00:00+00:00,0.00092768
2018-04-04 00:00:00+00:00,-0.00428458
2018-04-05 00:00:00+00:00,0.00667811
2018-04-06 00:00:00+00:00,-0.00004928
2018-04-09 00:00:00+00:00,-0.00388778
2018-04-10 00:00:00+00:00,0.00106253
2018-04-11 00:00:00+00:00,-0.00990928
2018-04-12 00:00:00+00:00,0.00086870
2018-04-13 00:00:00+00:00,0.00204855
2018-04-16 00:00:00+00:00,-0.00928946
2018-04-17 00:00:00+00:00,-0.00479061
2018-04-18 00:00:00+00:00,-0.00044772
2018-04-19 00:00:00+00:00,-0.00374786
2018-04-20 00:00:00+00:00,-0.01016673
2018-04-23 00:00:00+00:00,-0.01121424
2018-04-24 00:00:00+00:00,0.00362139
2018-04-25 00:00:00+00:00,-0.01732658
2018-04-26 00:00:00+00:00,0.00842458
2018-04-27 00:00:00+00:00,0.00235907
2018-04-30 00:00:00+00:00,0.00570235
2018-05-01 00:00:00+00:00,-0.00425608
2018-05-02 00:00:00+00:00,-0.01810509
2018-05-03 00:00:00+00:00,0.01815380
2018-05-04 00:00:00+00:00,-0.00713901
2018-05-07 00:00:00+00:00,-0.00877379
2018-05-08 00:00:00+00:00,-0.00247910
2018-05-09 00:00:00+00:00,-0.00572574
2018-05-10 00:00:00+00:00,-0.00012172
2018-05-11 00:00:00+00:00,0.00008254
2018-05-14 00:00:00+00:00,-0.00520156
2018-05-15 00:00:00+00:00,-0.01879578
2018-05-16 00:00:00+00:00,0.00700570
2018-05-17 00:00:00+00:00,0.00595482
2018-05-18 00:00:00+00:00,-0.01053829
2018-05-21 00:00:00+00:00,-0.00238117
2018-05-22 00:00:00+00:00,0.00323391
2018-05-23 00:00:00+00:00,-0.01264200
2018-05-24 00:00:00+00:00,0.00400699
2018-05-25 00:00:00+00:00,0.01842489
2018-05-28 00:00:00+00:00,0.01158876
2018-05-29 00:00:00+00:00,-0.01291519
2018-05-30 00:00:00+00:00,0.02480884
2018-05-31 00:00:00+00:00,-0.01016044
2018-06-01 00:00:00+00:00,0.01002186
2018-06-04 00:00:00+00:00,0.00001275
2018-06-05 00:00:00+00:00,-0.00039211
2018-06-06 00:00:00+00:00,0.00647305
2018-06-07 00:00:00+00:00,-0.00676337
2018-06-08 00:00:00+00:00,-0.01477624
2018-06-11 00:00:00+00:00,0.00539090
2018-06-12 00:00:00+00:00,-0.00175287
2018-06-13 00:00:00+00:00,-0.00426552
2018-06-14 00:00:00+00:00,0.00212256
2018-06-15 00:00:00+00:00,-0.01208701
2018-06-18 00:00:00+00:00,-0.00026023
2018-06-19 00:00:00+00:00,-0.01202633
2018-06-20 00:00:00+00:00,0.01067604
2018-06-21 00:00:00+00:00,0.00275149
2018-06-22 00:00:00+00:00,0.00944503
2018-06-25 00:00:00+00:00,-0.01039579
2018-06-26 00:00:00+00:00,-0.00450008
2018-06-27 00:00:00+00:00,-0.01246144
2018-06-28 00:00:00+00:00,-0.00391637
2018-06-29 00:00:00+00:00,0.00961835
2018-07-02 00:00:00+00:00,-0.00796283
2018-07-03 00:00:00+00:00,0.00601836
2018-07-04 00:00:00+00:00,-0.00418671
2018-07-05 00:00:00+00:00,-0.00398660
2018-07-06 00:00:00+00:00,0.00084265
2018-07-09 00:00:00+00:00,-0.00109210
2018-07-10 00:00:00+00:00,-0.00316652
2018-07-11 00:00:00+00:00,0.00105221
2018-07-12 00:00:00+00:00,0.00804223
2018-07-13 00:00:00+00:00,0.00187425
2018-07-16 00:00:00+00:00,-0.00157199
2018-07-17 00:00:00+00:00,0.00435380
2018-07-18 00:00:00+00:00,-0.00411544
2018-07-19 00:00:00+00:00,-0.01418410
2018-07-20 00:00:00+00:00,0.00722862
2018-07-23 00:00:00+00:00,0.00042805
2018-07-24 00:00:00+00:00,-0.00233925
2018-07-25 00:00:00+00:00,0.00409634
2018-07-26 00:00:00+00:00,0.00547117
2018-07-27 00:00:00+00:00,-0.00040140
2018-07-30 00:00:00+00:00,0.00077010
2018-07-31 00:00:00+00:00,0.00331668
2018-08-01 00:00:00+00:00,0.00406823
2018-08-02 00:00:00+00:00,-0.00726285
2018-08-03 00:00:00+00:00,0.00476402
2018-08-06 00:00:00+00:00,-0.00919583
2018-08-07 00:00:00+00:00,-0.00054177
2018-08-08 00:00:00+00:00,0.00132401
2018-08-09 00:00:00+00:00,-0.00026551
2018-08-10 00:00:00+00:00,-0.00502759
2018-08-13 00:00:00+00:00,-0.03183650
2018-08-14 00:00:00+00:00,0.00310834
2018-08-15 00:00:00+00:00,-0.02535941
2018-08-16 00:00:00+00:00,0.01467217
2018-08-17 00:00:00+00:00,0.00297955
2018-08-20 00:00:00+00:00,0.00989384
2018-08-21 00:00:00+00:00,-0.00034003
2018-08-22 00:00:00+00:00,0.00008101
2018-08-23 00:00:00+00:00,-0.00560278
2018-08-24 00:00:00+00:00,0.00507973
2018-08-27 00:00:00+00:00,-0.00666074
2018-08-28 00:00:00+00:00,0.00064386
2018-08-29 00:00:00+00:00,-0.01400615
2018-08-30 00:00:00+00:00,-0.00495289
2018-08-31 00:00:00+00:00,-0.00723681
2018-09-03 00:00:00+00:00,-0.00198645
2018-09-04 00:00:00+00:00,-0.01191491
2018-09-05 00:00:00+00:00,-0.00544719
2018-09-06 00:00:00+00:00,-0.00481263
2018-09-07 00:00:00+00:00,-0.00114382
2018-09-10 00:00:00+00:00,-0.02138041
2018-09-11 00:00:00+00:00,-0.00700118
2018-09-12 00:00:00+00:00,0.01613991
2018-09-13 00:00:00+00:00,0.01150261
2018-09-14 00:00:00+00:00,-0.00006131
2018-09-17 00:00:00+00:00,-0.01972307
2018-09-18 00:00:00+00:00,-0.01115759
2018-09-19 00:00:00+00:00,0.01696961
2018-09-20 00:00:00+00:00,0.01289596
2018-09-21 00:00:00+00:00,-0.00729880
2018-09-24 00:00:00+00:00,-0.01364014
2018-09-25 00:00:00+00:00,-0.00225489
2018-09-26 00:00:00+00:00,0.00454400
2018-09-27 00:00:00+00:00,0.00176216
2018-09-28 00:00:00+00:00,0.00190808
2018-10-01 00:00:00+00:00,-0.01011669
2018-10-02 00:00:00+00:00,-0.01558756
2018-10-03 00:00:00+00:00,0.00303569
2018-10-04 00:00:00+00:00,-0.00713661
2018-10-05 00:00:00+00:00,-0.00745680
2018-10-08 00:00:00+00:00,-0.00822574
2018-10-09 00:00:00+00:00,-0.00716973
2018-10-10 00:00:00+00:00,0.00594224
2018-10-11 00:00:00+00:00,0.00495128
2018-10-12 00:00:00+00:00,0.01524421
2018-10-15 00:00:00+00:00,-0.00554884
2018-10-16 00:00:00+00:00,0.01122789
2018-10-17 00:00:00+00:00,-0.00294772
2018-10-18 00:00:00+00:00,0.00304268
2018-10-19 00:00:00+00:00,0.00495912
2018-10-22 00:00:00+00:00,-0.00625767
2018-10-23 00:00:00+00:00,-0.00117556
2018-10-24 00:00:00+00:00,0.01324612
2018-10-25 00:00:00+00:00,-0.00212443
2018-10-26 00:00:00+00:00,-0.00425978
2018-10-29 00:00:00+00:00,0.00162976
2018-10-30 00:00:00+00:00,-0.00625520
2018-10-31 00:00:00+00:00,-0.00804975
2018-11-01 00:00:00+00:00,0.01588584
2018-11-02 00:00:00+00:00,0.02791825
2018-11-05 00:00:00+00:00,-0.01763661
2018-11-06 00:00:00+00:00,0.00388737
2018-11-07 00:00:00+00:00,0.00512411
2018-11-08 00:00:00+00:00,0.00088009
2018-11-09 00:00:00+00:00,-0.00472248
2018-11-12 00:00:00+00:00,-0.01202550
2018-11-13 00:00:00+00:00,0.00843762
2018-11-14 00:00:00+00:00,0.01147209
2018-11-15 00:00:00+00:00,0.00828184
2018-11-16 00:00:00+00:00,0.00203028
2018-11-19 00:00:00+00:00,0.00946928
2018-11-20 00:00:00+00:00,0.00582371
2018-11-21 00:00:00+00:00,0.00652426
2018-11-22 00:00:00+00:00,0.01314498
2018-11-23 00:00:00+00:00,0.00191796
2018-11-26 00:00:00+00:00,-0.00481924
2018-11-27 00:00:00+00:00,0.00199194
2018-11-28 00:00:00+00:00,0.00504438
2018-11-29 00:00:00+00:00,0.02110841
2018-11-30 00:00:00+00:00,0.00582016
2018-12-03 00:00:00+00:00,-0.02249999
2018-12-04 00:00:00+00:00,-0.00098721
2018-12-05 00:00:00+00:00,0.00049657
2018-12-06 00:00:00+00:00,-0.01087964
2018-12-07 00:00:00+00:00,-0.00170193
2018-12-10 00:00:00+00:00,-0.01515095
2018-12-11 00:00:00+00:00,-0.01928455
2018-12-12 00:00:00+00:00,-0.00064807
2018-12-13 00:00:00+00:00,0.00985600
2018-12-14 00:00:00+00:00,-0.00849944
2018-12-17 00:00:00+00:00,0.01303086
2018-12-18 00:00:00+00:00,0.03149004
2018-12-19 00:00:00+00:00,0.00389576
2018-12-20 00:00:00+00:00,0.01879332
2018-12-21 00:00:00+00:00,-0.01384689
2018-12-24 00:00:00+00:00,0.00225742
2018-12-25 00:00:00+00:00,-0.00077141
2018-12-26 00:00:00+00:00,0.00274697
2018-12-27 00:00:00+00:00,-0.00723942
2018-12-28 00:00:00+00:00,0.01171444
2018-12-31 00:00:00+00:00,0.00757826
2019-01-02 00:00:00+00:00,-0.01236773
2019-01-03 00:00:00+00:00,-0.00091226
2019-01-04 00:00:00+00:00,0.01273392
2019-01-07 00:00:00+00:00,0.00349627
2019-01-08 00:00:00+00:00,-0.01081646
2019-01-09 00:00:00+00:00,-0.00973208
2019-01-10 00:00:00+00:00,0.00333228
2019-01-11 00:00:00+00:00,-0.00240363
2019-01-14 00:00:00+00:00,-0.01168255
2019-01-15 00:00:00+00:00,-0.00363084
2019-01-16 00:00:00+00:00,-0.00627813
2019-01-17 00:00:00+00:00,0.00673379
2019-01-18 00:00:00+00:00,-0.00413564
2019-01-21 00:00:00+00:00,-0.00285738
2019-01-22 00:00:00+00:00,-0.00321803
2019-01-23 00:00:00+00:00,0.00366156
2019-01-24 00:00:00+00:00,0.00809596
2019-01-25 00:00:00+00:00,-0.00291954
2019-01-28 00:00:00+00:00,0.00193188
2019-01-29 00:00:00+00:00,-0.00056813
2019-01-30 00:00:00+00:00,-0.00071085
2019-01-31 00:00:00+00:00,0.00178760
2019-02-01 00:00:00+00:00,-0.00584304
2019-02-04 00:00:00+00:00,-0.01565382
2019-02-05 00:00:00+00:00,0.00749729
2019-02-06 00:00:00+00:00,0.00057736
2019-02-07 00:00:00+00:00,-0.00193431
2019-02-08 00:00:00+00:00,0.00439027
2019-02-11 00:00:00+00:00,0.00409163
2019-02-12 00:00:00+00:00,0.01253109
2019-02-13 00:00:00+00:00,-0.00291435
2019-02-14 00:00:00+00:00,-0.00811915
2019-02-15 00:00:00+00:00,-0.00264421
2019-02-18 00:00:00+00:00,-0.00228907
2019-02-19 00:00:00+00:00,-0.00587626
2019-02-20 00:00:00+00:00,0.01208184
2019-02-21 00:00:00+00:00,-0.00128439
2019-02-22 00:00:00+00:00,0.00293474
2019-02-25 00:00:00+00:00,0.00464338
2019-02-26 00:00:00+00:00,-0.00284894
2019-02-27 00:00:00+00:00,-0.00720378
2019-02-28 00:00:00+00:00,0.01661768
2019-03-01 00:00:00+00:00,-0.00546457
2019-03-04 00:00:00+00:00,0.00249359
2019-03-05 00:00:00+00:00,0.01166044
2019-03-06 00:00:00+00:00,0.00586726
2019-03-07 00:00:00+00:00,0.00007111
2019-03-08 00:00:00+00:00,-0.00408451
2019-03-11 00:00:00+00:00,0.00663681
2019-03-12 00:00:00+00:00,0.00717450
2019-03-13 00:00:00+00:00,0.00427700
2019-03-14 00:00:00+00:00,0.00643753
2019-03-15 00:00:00+00:00,0.00697559
2019-03-18 00:00:00+00:00,0.01737444
2019-03-19 00:00:00+00:00,-0.01240558
2019-03-20 00:00:00+00:00,0.00450551
2019-03-21 00:00:00+00:00,0.00767638
2019-03-22 00:00:00+00:00,-0.01240026
2019-03-25 00:00:00+00:00,0.00090107
2019-03-26 00:00:00+00:00,0.00048402
2019-03-27 00:00:00+00:00,-0.00048496
2019-03-28 00:00:00+00:00,-0.01046781
2019-03-29 00:00:00+00:00,0.00271715
2019-04-01 00:00:00+00:00,0.00055771
2019-04-02 00:00:00+00:00,0.00778848
2019-04-03 00:00:00+00:00,0.00858552
2019-04-04 00:00:00+00:00,-0.01337303
2019-04-05 00:00:00+00:00,-0.00208160
2019-04-08 00:00:00+00:00,-0.01021138
2019-04-09 00:00:00+00:00,0.00989814
2019-04-10 00:00:00+00:00,0.00342222
2019-04-11 00:00:00+00:00,0.00662186
2019-04-12 00:00:00+00:00,-0.00673875
2019-04-15 00:00:00+00:00,-0.00508693
2019-04-16 00:00:00+00:00,-0.00440167
2019-04-17 00:00:00+00:00,0.00602319
2019-04-18 00:00:00+00:00,0.00021032
2019-04-19 00:00:00+00:00,0.00076843
2019-04-22 00:00:00+00:00,-0.00851195
2019-04-23 00:00:00+00:00,0.00042088
2019-04-24 00:00:00+00:00,-0.00672224
2019-04-25 00:00:00+00:00,-0.00864060
2019-04-26 00:00:00+00:00,0.00606487
2019-04-29 00:00:00+00:00,0.00534915
2019-04-30 00:00:00+00:00,0.00772042
2019-05-01 00:00:00+00:00,0.00251795
2019-05-02 00:00:00+00:00,0.00425951
2019-05-03 00:00:00+00:00,0.00424972
2019-05-06 00:00:00+00:00,-0.00347474
2019-05-07 00:00:00+00:00,-0.00375935
2019-05-08 00:00:00+00:00,-0.00936246
2019-05-09 00:00:00+00:00,-0.00708912
2019-05-10 00:00:00+00:00,-0.00042118
2019-05-13 00:00:00+00:00,-0.01719809
2019-05-14 00:00:00+00:00,0.00319983
2019-05-15 00:00:00+00:00,0.00347819
2019-05-16 00:00:00+00:00,0.00984682
2019-05-17 00:00:00+00:00,-0.00528328
2019-05-20 00:00:00+00:00,0.01674737
2019-05-21 00:00:00+00:00,0.00000211
2019-05-22 00:00:00+00:00,0.00133379
2019-05-23 00:00:00+00:00,-0.00713953
2019-05-24 00:00:00+00:00,0.01483226
2019-05-27 00:00:00+00:00,-0.00034597
2019-05-28 00:00:00+00:00,-0.00341633
2019-05-29 00:00:00+00:00,-0.00509991
2019-05-30 00:00:00+00:00,0.00000269
2019-05-31 00:00:00+00:00,0.00504910
2019-06-03 00:00:00+00:00,0.01342432
2019-06-04 00:00:00+00:00,0.00014135
2019-06-05 00:00:00+00:00,-0.00138573
2019-06-06 00:00:00+00:00,0.00146341
2019-06-07 00:00:00+00:00,-0.00672948
2019-06-10 00:00:00+00:00,-0.00411698
2019-06-11 00:00:00+00:00,0.00525901
2019-06-12 00:00:00+00:00,0.00329017
2019-06-13 00:00:00+00:00,-0.00354906
2019-06-14 00:00:00+00:00,-0.00984070
2019-06-17 00:00:00+00:00,-0.00406303
2019-06-18 00:00:00+00:00,0.00654707
2019-06-19 00:00:00+00:00,0.00014815
2019-06-20 00:00:00+00:00,0.00904919
2019-06-21 00:00:00+00:00,-0.00494361
2019-06-24 00:00:00+00:00,0.00700277
2019-06-25 00:00:00+00:00,-0.00068809
2019-06-26 00:00:00+00:00,0.00300672
2019-06-27 00:00:00+00:00,0.00641076
2019-06-28 00:00:00+00:00,0.00236836
2019-07-01 00:00:00+00:00,0.00340448
2019-07-02 00:00:00+00:00,0.00055983
2019-07-03 00:00:00+00:00,0.00069783
2019-07-04 00:00:00+00:00,0.01314876
2019-07-05 00:00:00+00:00,0.00247792
2019-07-08 00:00:00+00:00,-0.00671716
2019-07-09 00:00:00+00:00,0.00352805
2019-07-10 00:00:00+00:00,-0.00082059
2019-07-11 00:00:00+00:00,0.00579904
2019-07-12 00:00:00+00:00,-0.00693741
2019-07-15 00:00:00+00:00,0.00400962
2019-07-16 00:00:00+00:00,-0.00495027
2019-07-17 00:00:00+00:00,-0.00323565
2019-07-18 00:00:00+00:00,-0.00358424
2019-07-19 00:00:00+00:00,0.00416461
2019-07-22 00:00:00+00:00,-0.00247830
2019-07-23 00:00:00+00:00,-0.00068228
2019-07-24 00:00:00+00:00,-0.00040576
2019-07-25 00:00:00+00:00,-0.00102930
2019-07-26 00:00:00+00:00,0.00395740
2019-07-29 00:00:00+00:00,0.00484775
2019-07-30 00:00:00+00:00,-0.00247182
2019-07-31 00:00:00+00:00,0.00125229
2019-08-01 00:00:00+00:00,-0.00826858
2019-08-02 00:00:00+00:00,-0.01640572
2019-08-05 00:00:00+00:00,-0.03371669
2019-08-06 00:00:00+00:00,-0.00105259
2019-08-07 00:00:00+00:00,-0.00467608
2019-08-08 00:00:00+00:00,0.00693931
2019-08-09 00:00:00+00:00,-0.00311587
2019-08-12 00:00:00+00:00,-0.01800917
2019-08-13 00:00:00+00:00,0.00094746
2019-08-14 00:00:00+00:00,0.00375320
2019-08-15 00:00:00+00:00,-0.01088569
2019-08-16 00:00:00+00:00,0.01494292
2019-08-19 00:00:00+00:00,-0.00735374
2019-08-20 00:00:00+00:00,-0.00781599
2019-08-21 00:00:00+00:00,0.00549522
2019-08-22 00:00:00+00:00,-0.00782047
2019-08-23 00:00:00+00:00,0.00485369
2019-08-26 00:00:00+00:00,-0.00999333
2019-08-27 00:00:00+00:00,0.01499591
2019-08-28 00:00:00+00:00,-0.00666460
2019-08-29 00:00:00+00:00,0.00088010
2019-08-30 00:00:00+00:00,0.01031570
2019-09-02 00:00:00+00:00,-0.01431988
2019-09-03 00:00:00+00:00,-0.01268870
2019-09-04 00:00:00+00:00,0.00786135
2019-09-05 00:00:00+00:00,0.00783198
2019-09-06 00:00:00+00:00,0.00390762
2019-09-09 00:00:00+00:00,-0.00336469
2019-09-10 00:00:00+00:00,-0.00770406
2019-09-11 00:00:00+00:00,0.00732835
2019-09-12 00:00:00+00:00,0.01632578
2019-09-13 00:00:00+00:00,0.00574341
2019-09-16 00:00:00+00:00,-0.02025833
2019-09-17 00:00:00+00:00,-0.00474242
2019-09-18 00:00:00+00:00,0.01692926
2019-09-19 00:00:00+00:00,-0.00098690
2019-09-20 00:00:00+00:00,0.01099041
2019-09-23 00:00:00+00:00,0.00101548
2019-09-24 00:00:00+00:00,-0.00148055
2019-09-25 00:00:00+00:00,-0.00155189
2019-09-26 00:00:00+00:00,0.00594173
2019-09-27 00:00:00+00:00,0.01105100
2019-09-30 00:00:00+00:00,-0.00911222
2019-10-01 00:00:00+00:00,-0.00566940
2019-10-02 00:00:00+00:00,-0.00411589
2019-10-03 00:00:00+00:00,0.01031088
2019-10-04 00:00:00+00:00,0.00002208
2019-10-07 00:00:00+00:00,-0.00346136
2019-10-08 00:00:00+00:00,-0.00574510
2019-10-09 00:00:00+00:00,0.00324682
2019-10-10 00:00:00+00:00,0.00116705
2019-10-11 00:00:00+00:00,0.00209540
2019-10-14 00:00:00+00:00,-0.00590077
2019-10-15 00:00:00+00:00,-0.00863652
2019-10-16 00:00:00+00:00,0.00246813
2019-10-17 00:00:00+00:00,0.00892880
2019-10-18 00:00:00+00:00,0.00095273
2019-10-21 00:00:00+00:00,0.00823963
2019-10-22 00:00:00+00:00,-0.00168413
2019-10-23 00:00:00+00:00,0.00116298
2019-10-24 00:00:00+00:00,0.00002316
2019-10-25 00:00:00+00:00,0.00272820
2019-10-28 00:00:00+00:00,0.00485677
2019-10-29 00:00:00+00:00,-0.00274163
2019-10-30 00:00:00+00:00,-0.00253243
2019-10-31 00:00:00+00:00,-0.00310146
2019-11-01 00:00:00+00:00,0.00614985
2019-11-04 00:00:00+00:00,0.00385925
2019-11-05 00:00:00+00:00,0.00179642
2019-11-06 00:00:00+00:00,-0.00917617
2019-11-07 00:00:00+00:00,-0.00232028
2019-11-08 00:00:00+00:00,-0.00937964
2019-11-11 00:00:00+00:00,-0.00562966
2019-11-12 00:00:00+00:00,-0.00550225
2019-11-13 00:00:00+00:00,-0.01149555
2019-11-14 00:00:00+00:00,0.00401010
2019-11-15 00:00:00+00:00,0.00429268
2019-11-18 00:00:00+00:00,-0.00091059
2019-11-19 00:00:00+00:00,0.00385051
2019-11-20 00:00:00+00:00,-0.00299693
2019-11-21 00:00:00+00:00,0.00298347
2019-11-22 00:00:00+00:00,0.00225851
2019-11-25 00:00:00+00:00,0.00031394
2019-11-26 00:00:00+00:00,0.00649691
2019-11-27 00:00:00+00:00,0.00368143
2019-11-28 00:00:00+00:00,-0.00591295
2019-11-29 00:00:00+00:00,-0.00313112
2019-12-02 00:00:00+00:00,0.00211074
2019-12-03 00:00:00+00:00,-0.00069154
2019-12-04 00:00:00+00:00,0.00476772
2019-12-05 00:00:00+00:00,0.00611822
2019-12-06 00:00:00+00:00,0.00360166
2019-12-09 00:00:00+00:00,-0.00104322
2019-12-10 00:00:00+00:00,0.00288358
2019-12-11 00:00:00+00:00,0.00223599
2019-12-12 00:00:00+00:00,0.00166399
2019-12-13 00:00:00+00:00,0.00116416
2019-12-16 00:00:00+00:00,-0.00473717
2019-12-17 00:00:00+00:00,0.00066739
2019-12-18 00:00:00+00:00,-0.00175469
2019-12-19 00:00:00+00:00,-0.00047266
2019-12-20 00:00:00+00:00,-0.00197091
2019-12-23 00:00:00+00:00,-0.00175792
2019-12-24 00:00:00+00:00,-0.00183120
2019-12-25 00:00:00+00:00,0.00016914
2019-12-26 00:00:00+00:00,-0.00076026
2019-12-27 00:00:00+00:00,-0.00047407
2019-12-30 00:00:00+00:00,0.00067116
2019-12-31 00:00:00+00:00,-0.00011623
2020-01-02 00:00:00+00:00,-0.00011559
2020-01-03 00:00:00+00:00,-0.01284681
2020-01-06 00:00:00+00:00,-0.00393135
2020-01-07 00:00:00+00:00,-0.00098220
2020-01-08 00:00:00+00:00,0.00356670
2020-01-09 00:00:00+00:00,0.01501659
2020-01-10 00:00:00+00:00,0.00810970
2020-01-13 00:00:00+00:00,0.00251989
2020-01-14 00:00:00+00:00,-0.00011632
2020-01-15 00:00:00+00:00,0.00180479
2020-01-16 00:00:00+00:00,-0.00175068
2020-01-17 00:00:00+00:00,-0.00481185
2020-01-20 00:00:00+00:00,-0.00054408
2020-01-21 00:00:00+00:00,-0.00232750
2020-01-22 00:00:00+00:00,0.00102646
2020-01-23 00:00:00+00:00,-0.00204301
2020-01-24 00:00:00+00:00,-0.00111599
2020-01-27 00:00:00+00:00,-0.00369147
2020-01-28 00:00:00+00:00,0.00267690
2020-01-29 00:00:00+00:00,0.00260232
2020-01-30 00:00:00+00:00,-0.00776157
2020-01-31 00:00:00+00:00,0.00346939
2020-02-03 00:00:00+00:00,-0.00011694
2020-02-04 00:00:00+00:00,0.00396050
2020-02-05 00:00:00+00:00,0.00424236
2020-02-06 00:00:00+00:00,0.00002608
2020-02-07 00:00:00+00:00,-0.00646160
2020-02-10 00:00:00+00:00,0.00347257
2020-02-11 00:00:00+00:00,0.00153057
2020-02-12 00:00:00+00:00,-0.00140575
2020-02-13 00:00:00+00:00,0.00045574
2020-02-14 00:00:00+00:00,-0.00154928
2020-02-17 00:00:00+00:00,0.00282167
2020-02-18 00:00:00+00:00,-0.00648722
2020-02-19 00:00:00+00:00,0.00088788
2020-02-20 00:00:00+00:00,-0.00442251
2020-02-21 00:00:00+00:00,-0.00924947
2020-02-24 00:00:00+00:00,-0.00091155
2020-02-25 00:00:00+00:00,0.00364227
2020-02-26 00:00:00+00:00,0.00652199
2020-02-27 00:00:00+00:00,0.00297839
2020-02-28 00:00:00+00:00,-0.02021528
2020-03-02 00:00:00+00:00,-0.01431969
2020-03-03 00:00:00+00:00,-0.01856812
2020-03-04 00:00:00+00:00,0.00196931
2020-03-05 00:00:00+00:00,-0.00171178
2020-03-06 00:00:00+00:00,-0.01718619
2020-03-09 00:00:00+00:00,-0.01004186
2020-03-10 00:00:00+00:00,0.01244595
2020-03-11 00:00:00+00:00,0.00505994
2020-03-12 00:00:00+00:00,-0.02538261
2020-03-13 00:00:00+00:00,0.01234581
2020-03-16 00:00:00+00:00,-0.01047733
2020-03-17 00:00:00+00:00,0.00404952
2020-03-18 00:00:00+00:00,-0.00157757
2020-03-19 00:00:00+00:00,-0.02756408
2020-03-20 00:00:00+00:00,0.00159610
2020-03-23 00:00:00+00:00,-0.03609095
2020-03-24 00:00:00+00:00,-0.00054365
2020-03-25 00:00:00+00:00,-0.00457209
2020-03-26 00:00:00+00:00,0.02470810
2020-03-27 00:00:00+00:00,0.00690310
2020-03-30 00:00:00+00:00,0.00152830
2020-03-31 00:00:00+00:00,0.00885453
2020-04-01 00:00:00+00:00,-0.02442906
2020-04-02 00:00:00+00:00,-0.00323842
2020-04-03 00:00:00+00:00,-0.00401648
2020-04-06 00:00:00+00:00,0.00727397
2020-04-07 00:00:00+00:00,0.00014824
2020-04-08 00:00:00+00:00,-0.01170051
2020-04-09 00:00:00+00:00,0.00006950
2020-04-10 00:00:00+00:00,0.01214553
2020-04-13 00:00:00+00:00,-0.00331816
2020-04-14 00:00:00+00:00,0.00068642
2020-04-15 00:00:00+00:00,-0.00802189
2020-04-16 00:00:00+00:00,-0.00937453
2020-04-17 00:00:00+00:00,0.01569047
2020-04-20 00:00:00+00:00,-0.00123849
2020-04-21 00:00:00+00:00,-0.01289829
2020-04-22 00:00:00+00:00,0.01545672
2020-04-23 00:00:00+00:00,0.01480572
2020-04-24 00:00:00+00:00,-0.00666900
2020-04-27 00:00:00+00:00,0.00368225
2020-04-28 00:00:00+00:00,0.01318169
2020-04-29 00:00:00+00:00,0.00662629
2020-04-30 00:00:00+00:00,0.01846060
2020-05-01 00:00:00+00:00,-0.01626959
2020-05-04 00:00:00+00:00,-0.00045980
2020-05-05 00:00:00+00:00,-0.00213045
2020-05-06 00:00:00+00:00,-0.00213247
2020-05-07 00:00:00+00:00,-0.00494967
2020-05-08 00:00:00+00:00,0.00787197
2020-05-11 00:00:00+00:00,-0.00510918
2020-05-12 00:00:00+00:00,0.01694911
2020-05-13 00:00:00+00:00,-0.00030792
2020-05-14 00:00:00+00:00,-0.00742801
2020-05-15 00:00:00+00:00,-0.00517408
2020-05-18 00:00:00+00:00,-0.00435039
2020-05-19 00:00:00+00:00,0.01092179
2020-05-20 00:00:00+00:00,-0.00129713
2020-05-21 00:00:00+00:00,0.00592622
2020-05-22 00:00:00+00:00,-0.00834517
2020-05-25 00:00:00+00:00,-0.00053802
2020-05-26 00:00:00+00:00,0.00692719
2020-05-27 00:00:00+00:00,-0.00319475
2020-05-28 00:00:00+00:00,0.00022247
2020-05-29 00:00:00+00:00,0.00630682
2020-06-01 00:00:00+00:00,0.00204149
2020-06-02 00:00:00+00:00,-0.00220219
2020-06-03 00:00:00+00:00,0.00365580
2020-06-04 00:00:00+00:00,-0.00167088
2020-06-05 00:00:00+00:00,-0.00068747
2020-06-08 00:00:00+00:00,-0.00197593
2020-06-09 00:00:00+00:00,-0.00159895
2020-06-10 00:00:00+00:00,0.00143727
2020-06-11 00:00:00+00:00,-0.00569955
2020-06-12 00:00:00+00:00,-0.00122402
2020-06-15 00:00:00+00:00,-0.00678709
2020-06-16 00:00:00+00:00,-0.00054124
2020-06-17 00:00:00+00:00,-0.00207019
2020-06-18 00:00:00+00:00,0.00137155
2020-06-19 00:00:00+00:00,-0.00092310
2020-06-22 00:00:00+00:00,0.00489249
2020-06-23 00:00:00+00:00,0.01327165
2020-06-24 00:00:00+00:00,-0.00144654
2020-06-25 00:00:00+00:00,0.00037392
2020-06-26 00:00:00+00:00,0.00052554
2020-06-29 00:00:00+00:00,0.00371048
2020-06-30 00:00:00+00:00,-0.00204964
2020-07-01 00:00:00+00:00,-0.00083853
2020-07-02 00:00:00+00:00,0.02516323
2020-07-03 00:00:00+00:00,0.00104262
2020-07-06 00:00:00+00:00,0.00208965
2020-07-07 00:00:00+00:00,-0.00680881
2020-07-08 00:00:00+00:00,-0.00459573
2020-07-09 00:00:00+00:00,0.00210671
2020-07-10 00:00:00+00:00,-0.00723789
2020-07-13 00:00:00+00:00,0.00226313
2020-07-14 00:00:00+00:00,-0.00521740
2020-07-15 00:00:00+00:00,0.00650738
2020-07-16 00:00:00+00:00,-0.00143885
2020-07-17 00:00:00+00:00,0.00588693
2020-07-20 00:00:00+00:00,0.00579344
2020-07-21 00:00:00+00:00,0.00495113
2020-07-22 00:00:00+00:00,0.00141844
2020-07-23 00:00:00+00:00,-0.00524427
2020-07-24 00:00:00+00:00,-0.00075517
2020-07-27 00:00:00+00:00,0.00202294
2020-07-28 00:00:00+00:00,-0.00142978
2020-07-29 00:00:00+00:00,0.00247261
2020-07-30 00:00:00+00:00,-0.00285274
2020-07-31 00:00:00+00:00,0.00179783
2020-08-03 00:00:00+00:00,-0.01178192
2020-08-04 00:00:00+00:00,0.00407122
2020-08-05 00:00:00+00:00,0.00775230
2020-08-06 00:00:00+00:00,-0.00262991
2020-08-07 00:00:00+00:00,-0.00323442
2020-08-10 00:00:00+00:00,0.00105234
2020-08-11 00:00:00+00:00,0.00828102
2020-08-12 00:00:00+00:00,-0.00368009
2020-08-13 00:00:00+00:00,-0.00007938
2020-08-14 00:00:00+00:00,-0.00248396
2020-08-17 00:00:00+00:00,0.00293021
2020-08-18 00:00:00+00:00,0.00442865
2020-08-19 00:00:00+00:00,-0.00442743
2020-08-20 00:00:00+00:00,-0.00646547
2020-08-21 00:00:00+00:00,0.00602674
2020-08-24 00:00:00+00:00,0.02088558
2020-08-25 00:00:00+00:00,-0.00312861
2020-08-26 00:00:00+00:00,0.00029372
2020-08-27 00:00:00+00:00,0.00923151
2020-08-28 00:00:00+00:00,0.01741851
2020-08-31 00:00:00+00:00,0.00095123
2020-09-01 00:00:00+00:00,0.00807547
2020-09-02 00:00:00+00:00,-0.00505273
2020-09-03 00:00:00+00:00,-0.00873262
2020-09-04 00:00:00+00:00,0.01008821
2020-09-07 00:00:00+00:00,-0.00784804
2020-09-08 00:00:00+00:00,-0.00883613
2020-09-09 00:00:00+00:00,0.00705065
2020-09-10 00:00:00+00:00,0.00458181
2020-09-11 00:00:00+00:00,-0.00251402
2020-09-14 00:00:00+00:00,0.00169477
2020-09-15 00:00:00+00:00,-0.00244057
2020-09-16 00:00:00+00:00,0.00206517
2020-09-17 00:00:00+00:00,-0.00221993
2020-09-18 00:00:00+00:00,0.00642708
2020-09-21 00:00:00+00:00,-0.00317264
2020-09-22 00:00:00+00:00,0.00265297
2020-09-23 00:00:00+00:00,-0.00118358
2020-09-24 00:00:00+00:00,-0.01062372
2020-09-25 00:00:00+00:00,0.00555537
2020-09-28 00:00:00+00:00,0.00184459
2020-09-29 00:00:00+00:00,-0.00310700
2020-09-30 00:00:00+00:00,0.00199361
2020-10-01 00:00:00+00:00,0.01596050
2020-10-02 00:00:00+00:00,-0.00403747
2020-10-05 00:00:00+00:00,0.00249400
2020-10-06 00:00:00+00:00,-0.00301342
2020-10-07 00:00:00+00:00,-0.00206277
2020-10-08 00:00:00+00:00,0.00235478
2020-10-09 00:00:00+00:00,0.00477827
2020-10-12 00:00:00+00:00,-0.00316143
2020-10-13 00:00:00+00:00,-0.00184235
2020-10-14 00:00:00+00:00,0.00014271
2020-10-15 00:00:00+00:00,-0.00368356
2020-10-16 00:00:00+00:00,0.00301787
2020-10-19 00:00:00+00:00,0.00190957
2020-10-20 00:00:00+00:00,-0.00507709
2020-10-21 00:00:00+00:00,-0.00590039
2020-10-22 00:00:00+00:00,0.00154957
2020-10-23 00:00:00+00:00,0.00088254
2020-10-26 00:00:00+00:00,-0.00930905
2020-10-27 00:00:00+00:00,0.00845720
2020-10-28 00:00:00+00:00,-0.00525021
2020-10-29 00:00:00+00:00,-0.01430464
2020-10-30 00:00:00+00:00,-0.00306381
2020-11-02 00:00:00+00:00,0.00380763
2020-11-03 00:00:00+00:00,0.00141364
2020-11-04 00:00:00+00:00,-0.00745845
2020-11-05 00:00:00+00:00,0.01555901
2020-11-06 00:00:00+00:00,-0.00007836
2020-11-09 00:00:00+00:00,-0.00282546
2020-11-10 00:00:00+00:00,-0.00394876
2020-11-11 00:00:00+00:00,-0.00365979
2020-11-12 00:00:00+00:00,-0.00583232
2020-11-13 00:00:00+00:00,0.00059558
2020-11-16 00:00:00+00:00,0.00291861
2020-11-17 00:00:00+00:00,0.00126799
2020-11-18 00:00:00+00:00,0.00799492
2020-11-19 00:00:00+00:00,-0.00052475
2020-11-20 00:00:00+00:00,0.00215756
2020-11-23 00:00:00+00:00,0.00371746
2020-11-24 00:00:00+00:00,0.00044181
2020-11-25 00:00:00+00:00,0.00237194
2020-11-26 00:00:00+00:00,0.00318508
2020-11-27 00:00:00+00:00,-0.00363230
2020-11-30 00:00:00+00:00,0.00096064
2020-12-01 00:00:00+00:00,0.00711513
2020-12-02 00:00:00+00:00,-0.00266470
2020-12-03 00:00:00+00:00,-0.00237149
2020-12-04 00:00:00+00:00,0.00540366
2020-12-07 00:00:00+00:00,-0.00458433
2020-12-08 00:00:00+00:00,0.00125510
2020-12-09 00:00:00+00:00,0.00021975
2020-12-10 00:00:00+00:00,-0.00244326
2020-12-11 00:00:00+00:00,-0.00207616
2020-12-14 00:00:00+00:00,0.00629282
2020-12-15 00:00:00+00:00,-0.00000361
2020-12-16 00:00:00+00:00,-0.00037305
2020-12-17 00:00:00+00:00,0.00058726
2020-12-18 00:00:00+00:00,0.00154707
2020-12-21 00:00:00+00:00,-0.01380777
2020-12-22 00:00:00+00:00,0.00423237
2020-12-23 00:00:00+00:00,0.00548410
2020-12-24 00:00:00+00:00,0.00450653
2020-12-25 00:00:00+00:00,-0.00111066
2020-12-28 00:00:00+00:00,0.00095572
2020-12-29 00:00:00+00:00,0.00486489
2020-12-30 00:00:00+00:00,0.00581106
2020-12-31 00:00:00+00:00,0.00462050
2021-01-04 00:00:00+00:00,0.00146097
2021-01-05 00:00:00+00:00,-0.00578460
2021-01-06 00:00:00+00:00,0.00410582
2021-01-07 00:00:00+00:00,-0.00696156
2021-01-08 00:00:00+00:00,0.00331644
2021-01-11 00:00:00+00:00,-0.00361107
2021-01-12 00:00:00+00:00,0.00442187
2021-01-13 00:00:00+00:00,0.00154159
2021-01-14 00:00:00+00:00,0.00411420
2021-01-15 00:00:00+00:00,0.00028981
2021-01-18 00:00:00+00:00,-0.00528660
2021-01-19 00:00:00+00:00,0.00389538
2021-01-20 00:00:00+00:00,0.00293397
2021-01-21 00:00:00+00:00,0.00219566
2021-01-22 00:00:00+00:00,0.00087523
2021-01-25 00:00:00+00:00,0.00116786
2021-01-26 00:00:00+00:00,-0.00190664
2021-01-27 00:00:00+00:00,0.00080227
2021-01-28 00:00:00+00:00,-0.00227232
2021-01-29 00:00:00+00:00,0.00300121
2021-02-01 00:00:00+00:00,-0.00431939
2021-02-02 00:00:00+00:00,0.00227017
2021-02-03 00:00:00+00:00,0.00336472
2021-02-04 00:00:00+00:00,-0.00036813
2021-02-05 00:00:00+00:00,0.00167961
2021-02-08 00:00:00+00:00,-0.00445944
2021-02-09 00:00:00+00:00,0.00146675
2021-02-10 00:00:00+00:00,0.00307744
2021-02-11 00:00:00+00:00,-0.00036883
2021-02-12 00:00:00+00:00,0.00519806
2021-02-15 00:00:00+00:00,0.00145775
2021-02-16 00:00:00+00:00,-0.00270396
2021-02-17 00:00:00+00:00,-0.00058739
2021-02-18 00:00:00+00:00,0.00621180
2021-02-19 00:00:00+00:00,0.00233028
2021-02-22 00:00:00+00:00,0.00189078
2021-02-23 00:00:00+00:00,-0.00327562
2021-02-24 00:00:00+00:00,0.00640831
2021-02-25 00:00:00+00:00,-0.00290798
2021-02-26 00:00:00+00:00,-0.03585723
2021-03-01 00:00:00+00:00,0.01591541
2021-03-02 00:00:00+00:00,0.00472061
2021-03-03 00:00:00+00:00,0.01310487
2021-03-04 00:00:00+00:00,0.00394828
2021-03-05 00:00:00+00:00,-0.00927601
2021-03-08 00:00:00+00:00,-0.00653092
2021-03-09 00:00:00+00:00,0.00671770
2021-03-10 00:00:00+00:00,0.00043880
2021-03-11 00:00:00+00:00,0.01059191
2021-03-12 00:00:00+00:00,-0.00373614
2021-03-15 00:00:00+00:00,0.00689183
2021-03-16 00:00:00+00:00,0.00080145
2021-03-17 00:00:00+00:00,-0.00211972
2021-03-18 00:00:00+00:00,0.00138677
2021-03-19 00:00:00+00:00,0.00094754
2021-03-22 00:00:00+00:00,0.00467146
2021-03-23 00:00:00+00:00,-0.00488352
2021-03-24 00:00:00+00:00,-0.00489328
2021-03-25 00:00:00+00:00,0.00241234
2021-03-26 00:00:00+00:00,0.00336076
2021-03-29 00:00:00+00:00,-0.00299484
2021-03-30 00:00:00+00:00,-0.02163166
2021-03-31 00:00:00+00:00,0.01145727
2021-04-01 00:00:00+00:00,-0.00661478
2021-04-02 00:00:00+00:00,0.00324134
2021-04-05 00:00:00+00:00,0.00102827
2021-04-06 00:00:00+00:00,-0.00272404
2021-04-07 00:00:00+00:00,-0.01642917
2021-04-08 00:00:00+00:00,-0.00823888
2021-04-09 00:00:00+00:00,-0.00030241
2021-04-12 00:00:00+00:00,-0.00991861
2021-04-13 00:00:00+00:00,-0.01064839
2021-04-14 00:00:00+00:00,0.00789408
2021-04-15 00:00:00+00:00,0.00135904
2021-04-16 00:00:00+00:00,0.01895857
2021-04-19 00:00:00+00:00,-0.01123044
2021-04-20 00:00:00+00:00,-0.00549711
2021-04-21 00:00:00+00:00,-0.00920621
2021-04-22 00:00:00+00:00,0.01106610
2021-04-23 00:00:00+00:00,0.00037502
2021-04-26 00:00:00+00:00,0.00768691
2021-04-27 00:00:00+00:00,0.00375353
2021-04-28 00:00:00+00:00,0.00614400
2021-04-29 00:00:00+00:00,0.00903946
2021-04-30 00:00:00+00:00,-0.00000186
2021-05-03 00:00:00+00:00,0.00044438
2021-05-04 00:00:00+00:00,0.00207956
2021-05-05 00:00:00+00:00,0.00207731
2021-05-06 00:00:00+00:00,0.00630419
2021-05-07 00:00:00+00:00,-0.00111130
2021-05-10 00:00:00+00:00,0.00303541
2021-05-11 00:00:00+00:00,-0.00059333
2021-05-12 00:00:00+00:00,-0.00170260
2021-05-13 00:00:00+00:00,-0.00347974
2021-05-14 00:00:00+00:00,0.00763068
2021-05-17 00:00:00+00:00,0.00021976
2021-05-18 00:00:00+00:00,0.00701381
2021-05-19 00:00:00+00:00,-0.00206226
2021-05-20 00:00:00+00:00,0.00220806
2021-05-21 00:00:00+00:00,0.00890000
2021-05-24 00:00:00+00:00,-0.00219926
2021-05-25 00:00:00+00:00,0.00439691
2021-05-26 00:00:00+00:00,0.00270587
2021-05-27 00:00:00+00:00,0.00467488
2021-05-28 00:00:00+00:00,0.00276822
2021-05-31 00:00:00+00:00,-0.00196807
2021-06-01 00:00:00+00:00,-0.00728895
2021-06-02 00:00:00+00:00,-0.00695158
2021-06-03 00:00:00+00:00,0.00843955
2021-06-04 00:00:00+00:00,-0.00124511
2021-06-07 00:00:00+00:00,0.00541270
2021-06-08 00:00:00+00:00,-0.00379754
2021-06-09 00:00:00+00:00,-0.00219866
2021-06-10 00:00:00+00:00,-0.00396346
2021-06-11 00:00:00+00:00,0.00139375
2021-06-14 00:00:00+00:00,-0.00484872
2021-06-15 00:00:00+00:00,-0.00257857
2021-06-16 00:00:00+00:00,0.00058675
2021-06-17 00:00:00+00:00,-0.02188584
2021-06-18 00:00:00+00:00,0.00580655
2021-06-21 00:00:00+00:00,-0.00535103
2021-06-22 00:00:00+00:00,-0.00298177
2021-06-23 00:00:00+00:00,0.00111621
2021-06-24 00:00:00+00:00,0.00357671
2021-06-25 00:00:00+00:00,-0.00149195
2021-06-28 00:00:00+00:00,0.00051830
2021-06-29 00:00:00+00:00,-0.00134300
2021-06-30 00:00:00+00:00,-0.00089690
2021-07-01 00:00:00+00:00,-0.00559317
2021-07-02 00:00:00+00:00,-0.00448890
2021-07-05 00:00:00+00:00,0.01153699
2021-07-06 00:00:00+00:00,-0.00536596
2021-07-07 00:00:00+00:00,-0.00568012
2021-07-08 00:00:00+00:00,-0.00338213
2021-07-09 00:00:00+00:00,0.00526613
2021-07-12 00:00:00+00:00,0.00082285
2021-07-13 00:00:00+00:00,0.00314858
2021-07-14 00:00:00+00:00,-0.00067702
2021-07-15 00:00:00+00:00,0.00059669
2021-07-16 00:00:00+00:00,-0.00165072
2021-07-19 00:00:00+00:00,-0.00862347
2021-07-20 00:00:00+00:00,0.00910716
2021-07-21 00:00:00+00:00,0.00217149
2021-07-22 00:00:00+00:00,0.00366648
2021-07-23 00:00:00+00:00,0.00119299
2021-07-26 00:00:00+00:00,0.00074438
2021-07-27 00:00:00+00:00,-0.00074974
2021-07-28 00:00:00+00:00,0.00238782
2021-07-29 00:00:00+00:00,0.00357904
2021-07-30 00:00:00+00:00,-0.00260985
2021-08-02 00:00:00+00:00,0.00089229
2021-08-03 00:00:00+00:00,0.00320293
2021-08-04 00:00:00+00:00,0.00312325
2021-08-05 00:00:00+00:00,0.00118627
2021-08-06 00:00:00+00:00,-0.00037430
2021-08-09 00:00:00+00:00,-0.00475739
2021-08-10 00:00:00+00:00,-0.00291266
2021-08-11 00:00:00+00:00,-0.00060087
2021-08-12 00:00:00+00:00,0.00478320
2021-08-13 00:00:00+00:00,0.00119043
2021-08-16 00:00:00+00:00,-0.00238846
2021-08-17 00:00:00+00:00,-0.00455974
2021-08-18 00:00:00+00:00,0.00306728
2021-08-19 00:00:00+00:00,-0.00374129
2021-08-20 00:00:00+00:00,0.00067119
2021-08-23 00:00:00+00:00,0.00598825
2021-08-24 00:00:00+00:00,-0.00015244
2021-08-25 00:00:00+00:00,-0.00358688
2021-08-26 00:00:00+00:00,0.00157215
2021-08-27 00:00:00+00:00,0.01452342
2021-08-30 00:00:00+00:00,0.01077629
2021-08-31 00:00:00+00:00,0.00813031
2021-09-01 00:00:00+00:00,-0.00132826
2021-09-02 00:00:00+00:00,0.00161833
2021-09-03 00:00:00+00:00,0.00051261
2021-09-06 00:00:00+00:00,-0.00051801
2021-09-07 00:00:00+00:00,-0.00839610
2021-09-08 00:00:00+00:00,-0.00349103
2021-09-09 00:00:00+00:00,0.00036914
2021-09-10 00:00:00+00:00,0.00416166
2021-09-13 00:00:00+00:00,-0.00890887
2021-09-14 00:00:00+00:00,0.00178627
2021-09-15 00:00:00+00:00,0.00528521
2021-09-16 00:00:00+00:00,0.00074036
2021-09-17 00:00:00+00:00,-0.00081931
2021-09-20 00:00:00+00:00,-0.00341936
2021-09-21 00:00:00+00:00,-0.00074630
2021-09-22 00:00:00+00:00,-0.00588293
2021-09-23 00:00:00+00:00,0.00537281
2021-09-24 00:00:00+00:00,-0.00089593
2021-09-27 00:00:00+00:00,-0.00268390
2021-09-28 00:00:00+00:00,-0.00686473
2021-09-29 00:00:00+00:00,-0.00269705
2021-09-30 00:00:00+00:00,-0.00195070
2021-10-01 00:00:00+00:00,0.00599714
2021-10-04 00:00:00+00:00,-0.00576043
2021-10-05 00:00:00+00:00,-0.00495239
2021-10-06 00:00:00+00:00,-0.01353559
2021-10-07 00:00:00+00:00,0.00832342
2021-10-08 00:00:00+00:00,-0.00739078
2021-10-11 00:00:00+00:00,-0.00938477
2021-10-12 00:00:00+00:00,-0.00357570
2021-10-13 00:00:00+00:00,0.00479489
2021-10-14 00:00:00+00:00,0.00341616
2021-10-15 00:00:00+00:00,0.00917496
2021-10-18 00:00:00+00:00,-0.01110234
2021-10-19 00:00:00+00:00,0.00607089
2021-10-20 00:00:00+00:00,0.00521986
2021-10-21 00:00:00+00:00,0.00263985
2021-10-22 00:00:00+00:00,-0.00083251
2021-10-25 00:00:00+00:00,-0.00543415
2021-10-26 00:00:00+00:00,0.00324910
2021-10-27 00:00:00+00:00,-0.00294845
2021-10-28 00:00:00+00:00,0.00513872
2021-10-29 00:00:00+00:00,0.00105286
2021-11-01 00:00:00+00:00,-0.00143517
2021-11-02 00:00:00+00:00,0.00527731
2021-11-03 00:00:00+00:00,0.00789776
2021-11-04 00:00:00+00:00,0.00007230
2021-11-05 00:00:00+00:00,0.00464466
2021-11-08 00:00:00+00:00,0.00792259
2021-11-09 00:00:00+00:00,0.00066751
2021-11-10 00:00:00+00:00,-0.00789452
2021-11-11 00:00:00+00:00,-0.00119909
2021-11-12 00:00:00+00:00,0.00126872
2021-11-15 00:00:00+00:00,-0.00157252
2021-11-16 00:00:00+00:00,0.00366297
2021-11-17 00:00:00+00:00,0.00320820
2021-11-18 00:00:00+00:00,0.00036980
2021-11-19 00:00:00+00:00,-0.00402916
2021-11-22 00:00:00+00:00,0.00051994
2021-11-23 00:00:00+00:00,-0.00216855
2021-11-24 00:00:00+00:00,0.00179066
2021-11-25 00:00:00+00:00,-0.00164621
2021-11-26 00:00:00+00:00,-0.01054266
2021-11-29 00:00:00+00:00,-0.00391026
2021-11-30 00:00:00+00:00,-0.00256360
2021-12-01 00:00:00+00:00,0.00632892
2021-12-02 00:00:00+00:00,-0.00165649
2021-12-03 00:00:00+00:00,-0.00203366
2021-12-06 00:00:00+00:00,-0.00738082
2021-12-07 00:00:00+00:00,-0.00022996
2021-12-08 00:00:00+00:00,-0.00181712
2021-12-09 00:00:00+00:00,-0.00189418
2021-12-10 00:00:00+00:00,-0.00341131
2021-12-13 00:00:00+00:00,-0.00045815
2021-12-14 00:00:00+00:00,-0.00220358
2021-12-15 00:00:00+00:00,-0.01223045
2021-12-16 00:00:00+00:00,0.00542287
2021-12-17 00:00:00+00:00,-0.00106975
2021-12-20 00:00:00+00:00,0.00740436
2021-12-21 00:00:00+00:00,0.00235520
2021-12-22 00:00:00+00:00,0.00569778
2021-12-23 00:00:00+00:00,0.01371281
2021-12-27 00:00:00+00:00,0.00308476
2021-12-28 00:00:00+00:00,0.00315565
2021-12-29 00:00:00+00:00,0.00622141
2021-12-30 00:00:00+00:00,0.00321338
2021-12-31 00:00:00+00:00,-0.00082430
2022-01-03 00:00:00+00:00,0.00111916
2022-01-04 00:00:00+00:00,-0.00298919
2022-01-05 00:00:00+00:00,0.00492650
2022-01-06 00:00:00+00:00,-0.00022810
2022-01-07 00:00:00+00:00,0.00581847
2022-01-10 00:00:00+00:00,0.00669068
2022-01-11 00:00:00+00:00,0.00051403
2022-01-12 00:00:00+00:00,0.00303801
2022-01-13 00:00:00+00:00,-0.00104246
2022-01-14 00:00:00+00:00,-0.00919503
2022-01-17 00:00:00+00:00,-0.00089934
2022-01-18 00:00:00+00:00,-0.00910367
2022-01-19 00:00:00+00:00,0.00486045
2022-01-20 00:00:00+00:00,0.00148749
2022-01-21 00:00:00+00:00,0.00029280
2022-01-24 00:00:00+00:00,-0.00777205
2022-01-25 00:00:00+00:00,-0.00060580
2022-01-26 00:00:00+00:00,-0.00480502
2022-01-27 00:00:00+00:00,-0.01047650
2022-01-28 00:00:00+00:00,0.00686478
2022-01-31 00:00:00+00:00,0.01248490
2022-02-01 00:00:00+00:00,-0.00396982
2022-02-02 00:00:00+00:00,-0.00060638
2022-02-03 00:00:00+00:00,0.00141688
2022-02-04 00:00:00+00:00,0.00433438
2022-02-07 00:00:00+00:00,0.00014178
2022-02-08 00:00:00+00:00,-0.00270017
2022-02-09 00:00:00+00:00,-0.00008411
2022-02-10 00:00:00+00:00,-0.01371204
2022-02-11 00:00:00+00:00,-0.00687979
2022-02-14 00:00:00+00:00,-0.00198072
2022-02-15 00:00:00+00:00,0.01316976
2022-02-16 00:00:00+00:00,0.00224622
2022-02-17 00:00:00+00:00,-0.00181588
2022-02-18 00:00:00+00:00,0.00548886
2022-02-21 00:00:00+00:00,0.00126394
2022-02-22 00:00:00+00:00,-0.00203052
2022-02-23 00:00:00+00:00,-0.00000986
2022-02-24 00:00:00+00:00,-0.01928153
2022-02-25 00:00:00+00:00,0.01195037
2022-02-28 00:00:00+00:00,-0.01024447
2022-03-01 00:00:00+00:00,-0.01083176
2022-03-02 00:00:00+00:00,0.00820587
2022-03-03 00:00:00+00:00,-0.00940771
2022-03-04 00:00:00+00:00,-0.01348933
2022-03-07 00:00:00+00:00,-0.01871973
2022-03-08 00:00:00+00:00,0.00648209
2022-03-09 00:00:00+00:00,0.00799901
2022-03-10 00:00:00+00:00,0.00128810
2022-03-11 00:00:00+00:00,-0.00562529
2022-03-14 00:00:00+00:00,0.00029453
2022-03-15 00:00:00+00:00,0.00314553
2022-03-16 00:00:00+00:00,0.00467379
2022-03-17 00:00:00+00:00,0.01043618
2022-03-18 00:00:00+00:00,0.00090331
2022-03-21 00:00:00+00:00,-0.00520759
2022-03-22 00:00:00+00:00,-0.00123828
2022-03-23 00:00:00+00:00,-0.01033570
2022-03-24 00:00:00+00:00,0.00298590
2022-03-25 00:00:00+00:00,0.00497316
2022-03-28 00:00:00+00:00,0.00289605
2022-03-29 00:00:00+00:00,0.01733482
2022-03-30 00:00:00+00:00,-0.00138319
2022-03-31 00:00:00+00:00,-0.00533683
2022-04-01 00:00:00+00:00,0.00051688
2022-04-04 00:00:00+00:00,0.01284917
2022-04-05 00:00:00+00:00,-0.00032309
2022-04-06 00:00:00+00:00,-0.00592121
2022-04-07 00:00:00+00:00,-0.00740045
2022-04-08 00:00:00+00:00,0.00066619
2022-04-11 00:00:00+00:00,-0.00017379
2022-04-12 00:00:00+00:00,-0.00467907
2022-04-13 00:00:00+00:00,0.00066591
2022-04-14 00:00:00+00:00,-0.00430634
2022-04-18 00:00:00+00:00,0.00081994
2022-04-19 00:00:00+00:00,-0.00400904
2022-04-20 00:00:00+00:00,0.00396919
2022-04-21 00:00:00+00:00,0.00081815
2022-04-22 00:00:00+00:00,-0.00446588
2022-04-25 00:00:00+00:00,-0.00125268
2022-04-26 00:00:00+00:00,-0.00524972
2022-04-27 00:00:00+00:00,0.00343997
2022-04-28 00:00:00+00:00,-0.00086686
2022-04-29 00:00:00+00:00,0.00443736
2022-05-02 00:00:00+00:00,0.00066699
2022-05-03 00:00:00+00:00,-0.00110048
2022-05-04 00:00:00+00:00,0.00987462
2022-05-05 00:00:00+00:00,-0.00917846
2022-05-06 00:00:00+00:00,-0.01230818
2022-05-09 00:00:00+00:00,-0.01029174
2022-05-10 00:00:00+00:00,-0.00251406
2022-05-11 00:00:00+00:00,-0.00072580
2022-05-12 00:00:00+00:00,-0.00228056
2022-05-13 00:00:00+00:00,-0.00018457
2022-05-16 00:00:00+00:00,-0.00975538
2022-05-17 00:00:00+00:00,0.00528543
2022-05-18 00:00:00+00:00,-0.00251758
2022-05-19 00:00:00+00:00,0.00223195
2022-05-20 00:00:00+00:00,0.00082698
2022-05-23 00:00:00+00:00,0.00325014
2022-05-24 00:00:00+00:00,0.00175922
2022-05-25 00:00:00+00:00,0.00066870
2022-05-26 00:00:00+00:00,-0.00360974
2022-05-27 00:00:00+00:00,-0.00018757
2022-05-30 00:00:00+00:00,0.00292962
2022-05-31 00:00:00+00:00,-0.00065124
2022-06-01 00:00:00+00:00,0.00090108
2022-06-02 00:00:00+00:00,0.00214498
2022-06-03 00:00:00+00:00,-0.00306040
2022-06-06 00:00:00+00:00,-0.00494690
2022-06-07 00:00:00+00:00,0.00557940
2022-06-08 00:00:00+00:00,-0.00244756
2022-06-09 00:00:00+00:00,-0.00354020
2022-06-10 00:00:00+00:00,-0.00745139
2022-06-13 00:00:00+00:00,-0.00169147
2022-06-14 00:00:00+00:00,0.00167548
2022-06-15 00:00:00+00:00,0.00191202
2022-06-16 00:00:00+00:00,0.00222738
2022-06-17 00:00:00+00:00,-0.00051534
2022-06-20 00:00:00+00:00,0.00214569
2022-06-21 00:00:00+00:00,-0.00598753
2022-06-22 00:00:00+00:00,0.00081672
2022-06-23 00:00:00+00:00,0.00199297
2022-06-24 00:00:00+00:00,-0.00247802
2022-06-27 00:00:00+00:00,-0.00789452
2022-06-28 00:00:00+00:00,-0.01367085
2022-06-29 00:00:00+00:00,0.00351857
2022-06-30 00:00:00+00:00,-0.00123628
2022-07-01 00:00:00+00:00,0.00208928
2022-07-04 00:00:00+00:00,-0.00028638
2022-07-05 00:00:00+00:00,-0.00535081
2022-07-06 00:00:00+00:00,0.00200750
2022-07-07 00:00:00+00:00,-0.00290777
2022-07-08 00:00:00+00:00,-0.00069095
2022-07-11 00:00:00+00:00,-0.00506043
2022-07-12 00:00:00+00:00,-0.00165422
2022-07-13 00:00:00+00:00,-0.00444788
2022-07-14 00:00:00+00:00,-0.00509487
2022-07-15 00:00:00+00:00,0.00081726
2022-07-18 00:00:00+00:00,-0.00463830
2022-07-19 00:00:00+00:00,0.00306145
2022-07-20 00:00:00+00:00,-0.00384067
2022-07-21 00:00:00+00:00,0.00475144
2022-07-22 00:00:00+00:00,-0.00031012
2022-07-25 00:00:00+00:00,0.00225484
2022-07-26 00:00:00+00:00,-0.00143287
2022-07-27 00:00:00+00:00,0.00153285
2022-07-28 00:00:00+00:00,0.00593558
2022-07-29 00:00:00+00:00,0.00623946
2022-08-01 00:00:00+00:00,0.01107340
2022-08-02 00:00:00+00:00,0.00562705
2022-08-03 00:00:00+00:00,-0.00715235
2022-08-04 00:00:00+00:00,-0.00038492
2022-08-05 00:00:00+00:00,-0.00768208
2022-08-08 00:00:00+00:00,-0.00619112
2022-08-09 00:00:00+00:00,0.00096262
2022-08-10 00:00:00+00:00,0.01292269
2022-08-11 00:00:00+00:00,-0.01345551
2022-08-12 00:00:00+00:00,-0.00087014
2022-08-15 00:00:00+00:00,-0.00015327
2022-08-16 00:00:00+00:00,0.00432011
2022-08-17 00:00:00+00:00,-0.00198237
2022-08-18 00:00:00+00:00,-0.00469639
2022-08-19 00:00:00+00:00,-0.00167589
2022-08-22 00:00:00+00:00,0.00064520
2022-08-23 00:00:00+00:00,0.00016349
2022-08-24 00:00:00+00:00,0.00064382
2022-08-25 00:00:00+00:00,-0.00119858
2022-08-26 00:00:00+00:00,-0.00080016
2022-08-29 00:00:00+00:00,-0.00609557
2022-08-30 00:00:00+00:00,0.00713289
2022-08-31 00:00:00+00:00,0.00502972
2022-09-01 00:00:00+00:00,-0.00478475
2022-09-02 00:00:00+00:00,-0.00104070
2022-09-05 00:00:00+00:00,-0.00295885
2022-09-06 00:00:00+00:00,-0.00344718
2022-09-07 00:00:00+00:00,0.00497085
2022-09-08 00:00:00+00:00,0.00007446
2022-09-09 00:00:00+00:00,0.00223570
2022-09-12 00:00:00+00:00,0.00727025
2022-09-13 00:00:00+00:00,-0.00471328
2022-09-14 00:00:00+00:00,0.00102731
2022-09-15 00:00:00+00:00,-0.00735431
2022-09-16 00:00:00+00:00,0.00319499
2022-09-19 00:00:00+00:00,-0.00032829
2022-09-20 00:00:00+00:00,-0.00081427
2022-09-21 00:00:00+00:00,-0.00529378
2022-09-22 00:00:00+00:00,-0.02832355
2022-09-23 00:00:00+00:00,-0.00375117
2022-09-26 00:00:00+00:00,-0.00970934
2022-09-27 00:00:00+00:00,-0.00353488
2022-09-28 00:00:00+00:00,0.00794481
2022-09-29 00:00:00+00:00,-0.00393311
2022-09-30 00:00:00+00:00,-0.00230255
2022-10-03 00:00:00+00:00,-0.00164883
2022-10-04 00:00:00+00:00,0.00351549
2022-10-05 00:00:00+00:00,-0.00304509
2022-10-06 00:00:00+00:00,-0.01757449
2022-10-07 00:00:00+00:00,-0.01375427
2022-10-10 00:00:00+00:00,0.00832835
2022-10-11 00:00:00+00:00,0.00405227
2022-10-12 00:00:00+00:00,0.00229895
2022-10-13 00:00:00+00:00,0.00370000
2022-10-14 00:00:00+00:00,-0.00464512
2022-10-17 00:00:00+00:00,0.00295616
2022-10-18 00:00:00+00:00,-0.00225918
2022-10-19 00:00:00+00:00,-0.01723267
2022-10-20 00:00:00+00:00,0.00547815
2022-10-21 00:00:00+00:00,0.00529437
2022-10-24 00:00:00+00:00,-0.00401326
2022-10-25 00:00:00+00:00,0.00902860
2022-10-26 00:00:00+00:00,0.00916647
2022-10-27 00:00:00+00:00,-0.00727972
2022-10-28 00:00:00+00:00,0.00277839
2022-10-31 00:00:00+00:00,-0.01257900
2022-11-01 00:00:00+00:00,0.00470079
2022-11-02 00:00:00+00:00,-0.00069654
2022-11-03 00:00:00+00:00,-0.00111114
2022-11-04 00:00:00+00:00,0.01945780
2022-11-07 00:00:00+00:00,-0.00142939
2022-11-08 00:00:00+00:00,0.01041138
2022-11-09 00:00:00+00:00,0.00274567
2022-11-10 00:00:00+00:00,0.01630888
2022-11-11 00:00:00+00:00,0.00879604
2022-11-14 00:00:00+00:00,-0.01456128
2022-11-15 00:00:00+00:00,-0.00028177
2022-11-16 00:00:00+00:00,-0.01174980
2022-11-17 00:00:00+00:00,-0.00445236
2022-11-18 00:00:00+00:00,0.00291224
2022-11-21 00:00:00+00:00,-0.00322776
2022-11-22 00:00:00+00:00,0.00045238
2022-11-23 00:00:00+00:00,0.00069794
2022-11-24 00:00:00+00:00,-0.00012133
2022-11-25 00:00:00+00:00,0.00012618
2022-11-28 00:00:00+00:00,0.00110432
2022-11-29 00:00:00+00:00,0.00110432
2022-11-30 00:00:00+00:00,0.00879197
2022-12-01 00:00:00+00:00,0.00476262
2022-12-02 00:00:00+00:00,-0.00588964
2022-12-05 00:00:00+00:00,-0.01543946
2022-12-06 00:00:00+00:00,-0.01253354
2022-12-07 00:00:00+00:00,0.00244271
2022-12-08 00:00:00+00:00,0.00194464
2022-12-09 00:00:00+00:00,-0.00375144
2022-12-12 00:00:00+00:00,-0.00541077
2022-12-13 00:00:00+00:00,0.00485009
2022-12-14 00:00:00+00:00,-0.00285082
2022-12-15 00:00:00+00:00,-0.00749046
2022-12-16 00:00:00+00:00,0.00311983
2022-12-19 00:00:00+00:00,0.00153900
2022-12-20 00:00:00+00:00,0.00103788
2022-12-21 00:00:00+00:00,-0.00542198
2022-12-22 00:00:00+00:00,-0.00261353
2022-12-23 00:00:00+00:00,0.00644718
2022-12-27 00:00:00+00:00,-0.00235950
2022-12-28 00:00:00+00:00,0.00095389
2022-12-29 00:00:00+00:00,-0.00087100
2022-12-30 00:00:00+00:00,0.00526988
2023-01-03 00:00:00+00:00,-0.00285408
2023-01-04 00:00:00+00:00,0.00318816
2023-01-05 00:00:00+00:00,0.00044934
2023-01-06 00:00:00+00:00,0.00317852
2023-01-09 00:00:00+00:00,0.00143817
2023-01-10 00:00:00+00:00,0.01255466
2023-01-11 00:00:00+00:00,0.00158750
2023-01-12 00:00:00+00:00,0.01246555
2023-01-13 00:00:00+00:00,-0.00395004
2023-01-16 00:00:00+00:00,-0.00012983
2023-01-17 00:00:00+00:00,-0.00574806
2023-01-18 00:00:00+00:00,0.00052274
2023-01-19 00:00:00+00:00,0.00795118
2023-01-20 00:00:00+00:00,0.00474824
2023-01-23 00:00:00+00:00,-0.01238371
2023-01-24 00:00:00+00:00,-0.00160130
2023-01-25 00:00:00+00:00,0.00395427
2023-01-26 00:00:00+00:00,-0.00233384
2023-01-27 00:00:00+00:00,-0.00086581
2023-01-30 00:00:00+00:00,-0.00241706
2023-01-31 00:00:00+00:00,-0.00470702
2023-02-01 00:00:00+00:00,-0.00054027
2023-02-02 00:00:00+00:00,-0.00750019
2023-02-03 00:00:00+00:00,-0.00802306
2023-02-06 00:00:00+00:00,-0.00813771
2023-02-07 00:00:00+00:00,0.00061370
2023-02-08 00:00:00+00:00,0.00367866
2023-02-09 00:00:00+00:00,-0.00178718
2023-02-10 00:00:00+00:00,0.00185549
2023-02-13 00:00:00+00:00,-0.00278169
2023-02-14 00:00:00+00:00,-0.00667906
2023-02-15 00:00:00+00:00,0.00352283
2023-02-16 00:00:00+00:00,0.00293542
2023-02-17 00:00:00+00:00,-0.00220647
2023-02-20 00:00:00+00:00,-0.00013522
2023-02-21 00:00:00+00:00,-0.00394962
2023-02-22 00:00:00+00:00,0.00144259
2023-02-23 00:00:00+00:00,0.00692173
2023-02-24 00:00:00+00:00,-0.00841047
2023-02-27 00:00:00+00:00,0.00667625
2023-02-28 00:00:00+00:00,-0.00046757
2023-03-01 00:00:00+00:00,0.00731487
2023-03-02 00:00:00+00:00,-0.00178664
2023-03-03 00:00:00+00:00,0.01647603
2023-03-06 00:00:00+00:00,-0.00349749
2023-03-07 00:00:00+00:00,-0.00621678
2023-03-08 00:00:00+00:00,0.00257645
2023-03-09 00:00:00+00:00,-0.00170342
2023-03-10 00:00:00+00:00,0.00019003
2023-03-13 00:00:00+00:00,-0.00861164
2023-03-14 00:00:00+00:00,0.00102100
2023-03-15 00:00:00+00:00,-0.01153101
2023-03-16 00:00:00+00:00,0.00335667
2023-03-17 00:00:00+00:00,0.00294238
2023-03-20 00:00:00+00:00,-0.00054371
2023-03-21 00:00:00+00:00,-0.00394124
2023-03-22 00:00:00+00:00,0.00509390
2023-03-23 00:00:00+00:00,0.00847304
2023-03-24 00:00:00+00:00,-0.00293451
2023-03-27 00:00:00+00:00,0.00391107
2023-03-28 00:00:00+00:00,-0.00071092
2023-03-29 00:00:00+00:00,-0.00054594
2023-03-30 00:00:00+00:00,0.00357214
2023-03-31 00:00:00+00:00,-0.00046381
2023-04-03 00:00:00+00:00,-0.00079109
2023-04-04 00:00:00+00:00,0.00126141
2023-04-05 00:00:00+00:00,0.00463192
2023-04-06 00:00:00+00:00,0.00281532
2023-04-10 00:00:00+00:00,-0.00390785
2023-04-11 00:00:00+00:00,-0.00063378
2023-04-12 00:00:00+00:00,0.00002340
2023-04-13 00:00:00+00:00,0.00741654
2023-04-14 00:00:00+00:00,-0.00448056
2023-04-17 00:00:00+00:00,-0.00416341
2023-04-18 00:00:00+00:00,-0.00211886
2023-04-19 00:00:00+00:00,-0.00368231
2023-04-20 00:00:00+00:00,0.00480322
2023-04-21 00:00:00+00:00,0.00059619
2023-04-24 00:00:00+00:00,0.00347485
2023-04-25 00:00:00+00:00,-0.00366860
2023-04-26 00:00:00+00:00,0.00708119
2023-04-27 00:00:00+00:00,0.00173759
2023-04-28 00:00:00+00:00,-0.00112487
2023-05-01 00:00:00+00:00,-0.00046927
2023-05-02 00:00:00+00:00,0.00009891
2023-05-03 00:00:00+00:00,-0.00006568
2023-05-04 00:00:00+00:00,0.00091678
2023-05-05 00:00:00+00:00,-0.00063867
2023-05-08 00:00:00+00:00,-0.00211058
2023-05-09 00:00:00+00:00,-0.00776865
2023-05-10 00:00:00+00:00,0.00330797
2023-05-11 00:00:00+00:00,-0.00425126
2023-05-12 00:00:00+00:00,-0.00195664
2023-05-15 00:00:00+00:00,-0.00088657
2023-05-16 00:00:00+00:00,-0.00014647
2023-05-17 00:00:00+00:00,-0.00369111
2023-05-18 00:00:00+00:00,-0.00774307
2023-05-19 00:00:00+00:00,-0.00288183
2023-05-22 00:00:00+00:00,-0.00014811
2023-05-23 00:00:00+00:00,-0.00131113
2023-05-24 00:00:00+00:00,0.00458169
2023-05-25 00:00:00+00:00,-0.00097888
2023-05-26 00:00:00+00:00,0.00382780
2023-05-29 00:00:00+00:00,-0.00014933
2023-05-30 00:00:00+00:00,-0.00329010
2023-05-31 00:00:00+00:00,0.00109047
2023-06-01 00:00:00+00:00,0.00986382
2023-06-02 00:00:00+00:00,-0.00196320
2023-06-05 00:00:00+00:00,-0.00295184
2023-06-06 00:00:00+00:00,-0.00056245
2023-06-07 00:00:00+00:00,-0.00155290
2023-06-08 00:00:00+00:00,0.00241360
2023-06-09 00:00:00+00:00,-0.00064292
2023-06-12 00:00:00+00:00,0.00109246
2023-06-13 00:00:00+00:00,0.00241027
2023-06-14 00:00:00+00:00,0.00842425
2023-06-15 00:00:00+00:00,0.00174083
2023-06-16 00:00:00+00:00,-0.00055676
2023-06-19 00:00:00+00:00,-0.00014686
2023-06-20 00:00:00+00:00,-0.00153949
2023-06-21 00:00:00+00:00,0.00100023
2023-06-22 00:00:00+00:00,-0.00072293
2023-06-23 00:00:00+00:00,0.00050744
2023-06-26 00:00:00+00:00,-0.00088750
2023-06-27 00:00:00+00:00,-0.00080635
2023-06-28 00:00:00+00:00,-0.00047788
2023-06-29 00:00:00+00:00,-0.00203793
2023-06-30 00:00:00+00:00,0.00042578
2023-07-03 00:00:00+00:00,0.00157590
2023-07-04 00:00:00+00:00,0.00067242
2023-07-05 00:00:00+00:00,-0.01081749
2023-07-06 00:00:00+00:00,-0.00856609
2023-07-07 00:00:00+00:00,0.00100854
2023-07-10 00:00:00+00:00,0.00522957
2023-07-11 00:00:00+00:00,0.00232464
2023-07-12 00:00:00+00:00,0.00957648
2023-07-13 00:00:00+00:00,-0.00105367
2023-07-14 00:00:00+00:00,-0.00310844
2023-07-17 00:00:00+00:00,0.00313789
2023-07-18 00:00:00+00:00,-0.00121872
2023-07-19 00:00:00+00:00,0.00083363
2023-07-20 00:00:00+00:00,-0.00064443
2023-07-21 00:00:00+00:00,0.00198248
2023-07-24 00:00:00+00:00,0.00362128
2023-07-25 00:00:00+00:00,-0.00039823
2023-07-26 00:00:00+00:00,-0.00350963
2023-07-27 00:00:00+00:00,-0.00425526
2023-07-28 00:00:00+00:00,-0.00351663
2023-07-31 00:00:00+00:00,0.00157836
2023-08-01 00:00:00+00:00,-0.00278564
2023-08-02 00:00:00+00:00,-0.01004095
2023-08-03 00:00:00+00:00,-0.00288522
2023-08-04 00:00:00+00:00,0.00341347
2023-08-07 00:00:00+00:00,-0.00172607
2023-08-08 00:00:00+00:00,-0.00280464
2023-08-09 00:00:00+00:00,0.00009606
2023-08-10 00:00:00+00:00,0.00200407
2023-08-11 00:00:00+00:00,-0.00263871
2023-08-14 00:00:00+00:00,-0.00645554
2023-08-15 00:00:00+00:00,-0.00556057
2023-08-16 00:00:00+00:00,0.00335293
2023-08-17 00:00:00+00:00,0.00251272
2023-08-18 00:00:00+00:00,-0.00181651
2023-08-21 00:00:00+00:00,0.00242889
2023-08-22 00:00:00+00:00,0.00101092
2023-08-23 00:00:00+00:00,0.01255953
2023-08-24 00:00:00+00:00,-0.00114458
2023-08-25 00:00:00+00:00,0.00125110
2023-08-28 00:00:00+00:00,-0.00378592
2023-08-29 00:00:00+00:00,0.00067332
2023-08-30 00:00:00+00:00,-0.00131195
2023-08-31 00:00:00+00:00,-0.00015369
2023-09-01 00:00:00+00:00,-0.00056653
2023-09-04 00:00:00+00:00,-0.00015272
2023-09-05 00:00:00+00:00,-0.00958923
2023-09-06 00:00:00+00:00,-0.00314801
2023-09-07 00:00:00+00:00,0.00134626
2023-09-08 00:00:00+00:00,0.00542335
2023-09-11 00:00:00+00:00,0.00109185
2023-09-12 00:00:00+00:00,0.00150542
2023-09-13 00:00:00+00:00,-0.00363464
2023-09-14 00:00:00+00:00,-0.00339160
2023-09-15 00:00:00+00:00,-0.00048600
2023-09-18 00:00:00+00:00,-0.00165056
2023-09-19 00:00:00+00:00,-0.00231796
2023-09-20 00:00:00+00:00,0.00676289
2023-09-21 00:00:00+00:00,-0.00214702
2023-09-22 00:00:00+00:00,0.00159186
2023-09-25 00:00:00+00:00,-0.00264731
2023-09-26 00:00:00+00:00,-0.00423416
2023-09-27 00:00:00+00:00,0.00017933
2023-09-28 00:00:00+00:00,0.00301685
2023-09-29 00:00:00+00:00,-0.00023690
2023-10-02 00:00:00+00:00,-0.00123650
2023-10-03 00:00:00+00:00,-0.00065449
2023-10-04 00:00:00+00:00,-0.00065440
2023-10-05 00:00:00+00:00,0.00109608
2023-10-06 00:00:00+00:00,0.00234463
2023-10-09 00:00:00+00:00,-0.00439803
2023-10-10 00:00:00+00:00,0.00201376
2023-10-11 00:00:00+00:00,0.00126160
2023-10-12 00:00:00+00:00,-0.00306782
2023-10-13 00:00:00+00:00,0.00067935
2023-10-16 00:00:00+00:00,0.00259558
2023-10-17 00:00:00+00:00,-0.00131960
2023-10-18 00:00:00+00:00,-0.00132001
2023-10-19 00:00:00+00:00,0.00234567
2023-10-20 00:00:00+00:00,0.00018047
2023-10-23 00:00:00+00:00,0.00475804
2023-10-24 00:00:00+00:00,0.00100955
2023-10-25 00:00:00+00:00,-0.00463957
2023-10-26 00:00:00+00:00,-0.00439733
2023-10-27 00:00:00+00:00,-0.00115414
2023-10-30 00:00:00+00:00,0.00243217
2023-10-31 00:00:00+00:00,-0.00065382
2023-11-01 00:00:00+00:00,0.00026331
2023-11-02 00:00:00+00:00,0.00018067
2023-11-03 00:00:00+00:00,0.00384633
2023-11-06 00:00:00+00:00,-0.00173187
2023-11-07 00:00:00+00:00,-0.00115128
2023-11-08 00:00:00+00:00,-0.00065192
2023-11-09 00:00:00+00:00,-0.00131820
2023-11-10 00:00:00+00:00,-0.00065181
2023-11-13 00:00:00+00:00,0.00159807
2023-11-14 00:00:00+00:00,0.00842493
2023-11-15 00:00:00+00:00,-0.00670264
2023-11-16 00:00:00+00:00,-0.00106686
2023-11-17 00:00:00+00:00,-0.00106713
2023-11-20 00:00:00+00:00,-0.00223341
2023-11-21 00:00:00+00:00,0.00234881
2023-11-22 00:00:00+00:00,-0.00115139
2023-11-23 00:00:00+00:00,-0.00015231
2023-11-24 00:00:00+00:00,-0.00115017
2023-11-27 00:00:00+00:00,-0.00165229
2023-11-28 00:00:00+00:00,0.00018144
2023-11-29 00:00:00+00:00,-0.00031840
2023-11-30 00:00:00+00:00,-0.00040179
2023-12-01 00:00:00+00:00,0.00460319
2023-12-04 00:00:00+00:00,-0.00630973
2023-12-05 00:00:00+00:00,0.00160123
2023-12-06 00:00:00+00:00,0.00076574
2023-12-07 00:00:00+00:00,-0.00081842
2023-12-08 00:00:00+00:00,-0.00190261
2023-12-11 00:00:00+00:00,0.00151789
2023-12-12 00:00:00+00:00,-0.00115267
2023-12-13 00:00:00+00:00,0.00443782
2023-12-14 00:00:00+00:00,-0.00156613
2023-12-15 00:00:00+00:00,0.00526319
2023-12-18 00:00:00+00:00,-0.00206214
2023-12-19 00:00:00+00:00,0.00076315
2023-12-20 00:00:00+00:00,-0.00181371
2023-12-21 00:00:00+00:00,-0.00098282
2023-12-22 00:00:00+00:00,-0.00023414
2023-12-26 00:00:00+00:00,0.00084775
2023-12-27 00:00:00+00:00,-0.00114964
2023-12-28 00:00:00+00:00,0.00134589
2023-12-29 00:00:00+00:00,-0.00289511
2024-01-02 00:00:00+00:00,-0.00131726
2024-01-03 00:00:00+00:00,-0.00031819
2024-01-04 00:00:00+00:00,0.00101579
2024-01-05 00:00:00+00:00,0.00351489
2024-01-08 00:00:00+00:00,0.00184487
2024-01-09 00:00:00+00:00,-0.00164685
2024-01-10 00:00:00+00:00,0.00167805
2024-01-11 00:00:00+00:00,-0.00148012
2024-01-12 00:00:00+00:00,0.00558524
2024-01-15 00:00:00+00:00,-0.00015042
2024-01-16 00:00:00+00:00,-0.00578533
2024-01-17 00:00:00+00:00,-0.00131465
2024-01-18 00:00:00+00:00,-0.00048339
2024-01-19 00:00:00+00:00,0.00192894
2024-01-22 00:00:00+00:00,-0.00106472
2024-01-23 00:00:00+00:00,-0.00098201
2024-01-24 00:00:00+00:00,-0.00006758
2024-01-25 00:00:00+00:00,0.00093223
2024-01-26 00:00:00+00:00,-0.00114801
2024-01-29 00:00:00+00:00,-0.00040020
2024-01-30 00:00:00+00:00,-0.00065000
2024-01-31 00:00:00+00:00,0.00276226
2024-02-01 00:00:00+00:00,0.00242553
2024-02-02 00:00:00+00:00,-0.00114682
2024-02-05 00:00:00+00:00,-0.00147996
2024-02-06 00:00:00+00:00,-0.00023421
2024-02-07 00:00:00+00:00,0.00184490
2024-02-08 00:00:00+00:00,0.00001482
2024-02-09 00:00:00+00:00,-0.00056628
2024-02-12 00:00:00+00:00,0.00084523
2024-02-13 00:00:00+00:00,-0.00388667
2024-02-14 00:00:00+00:00,0.00267610
2024-02-15 00:00:00+00:00,0.00067927
2024-02-16 00:00:00+00:00,-0.00006827
2024-02-19 00:00:00+00:00,-0.00014978
2024-02-20 00:00:00+00:00,0.00283866
2024-02-21 00:00:00+00:00,-0.00172628
2024-02-22 00:00:00+00:00,0.00316618
2024-02-23 00:00:00+00:00,-0.00222220
2024-02-26 00:00:00+00:00,0.00076077
2024-02-27 00:00:00+00:00,-0.00131242
2024-02-28 00:00:00+00:00,0.00150828
2024-02-29 00:00:00+00:00,0.00001510
2024-03-01 00:00:00+00:00,0.00109325
2024-03-04 00:00:00+00:00,-0.00180794
2024-03-05 00:00:00+00:00,0.00142480
2024-03-06 00:00:00+00:00,0.00117479
2024-03-07 00:00:00+00:00,0.00274728
2024-03-08 00:00:00+00:00,-0.00147397
2024-03-11 00:00:00+00:00,-0.00048229
2024-03-12 00:00:00+00:00,-0.00130985
2024-03-13 00:00:00+00:00,-0.00114507
2024-03-14 00:00:00+00:00,-0.00222281
2024-03-15 00:00:00+00:00,0.00092711
2024-03-18 00:00:00+00:00,-0.00122876
2024-03-19 00:00:00+00:00,-0.00255658
2024-03-20 00:00:00+00:00,-0.00181196
2024-03-21 00:00:00+00:00,-0.00389131
2024-03-22 00:00:00+00:00,-0.00897879
2024-03-25 00:00:00+00:00,0.00394695
2024-03-26 00:00:00+00:00,0.00235425
2024-03-27 00:00:00+00:00,-0.00156820
2024-03-28 00:00:00+00:00,0.00043372
