Date,KOSPI
2014-03-14 00:00:00+00:00,
2014-03-17 00:00:00+00:00,-0.00435440
2014-03-18 00:00:00+00:00,0.01049545
2014-03-19 00:00:00+00:00,0.00461185
2014-03-20 00:00:00+00:00,-0.02471761
2014-03-21 00:00:00+00:00,0.01581174
2014-03-24 00:00:00+00:00,0.00516094
2014-03-25 00:00:00+00:00,0.00456492
2014-03-26 00:00:00+00:00,0.02746092
2014-03-27 00:00:00+00:00,0.00915985
2014-03-28 00:00:00+00:00,0.00174351
2014-03-31 00:00:00+00:00,0.00406827
2014-04-01 00:00:00+00:00,0.01063869
2014-04-02 00:00:00+00:00,0.00615423
2014-04-03 00:00:00+00:00,0.00057265
2014-04-04 00:00:00+00:00,0.00594223
2014-04-07 00:00:00+00:00,-0.00688944
2014-04-08 00:00:00+00:00,0.01371753
2014-04-09 00:00:00+00:00,0.00018713
2014-04-10 00:00:00+00:00,0.00152218
2014-04-11 00:00:00+00:00,-0.01173246
2014-04-14 00:00:00+00:00,0.00651357
2014-04-15 00:00:00+00:00,-0.00936366
2014-04-16 00:00:00+00:00,0.00536870
2014-04-17 00:00:00+00:00,-0.00306565
2014-04-18 00:00:00+00:00,0.01437263
2014-04-21 00:00:00+00:00,-0.00285787
2014-04-22 00:00:00+00:00,-0.00152783
2014-04-23 00:00:00+00:00,-0.00190974
2014-04-24 00:00:00+00:00,-0.00343879
2014-04-25 00:00:00+00:00,-0.02890254
2014-04-28 00:00:00+00:00,0.00339087
2014-04-29 00:00:00+00:00,-0.00619571
2014-04-30 00:00:00+00:00,-0.01482458
2014-05-02 00:00:00+00:00,0.00195448
2014-05-07 00:00:00+00:00,-0.02503278
2014-05-08 00:00:00+00:00,0.00989943
2014-05-09 00:00:00+00:00,0.00255719
2014-05-12 00:00:00+00:00,0.01279183
2014-05-13 00:00:00+00:00,0.02775811
2014-05-14 00:00:00+00:00,0.02950489
2014-05-15 00:00:00+00:00,-0.00190408
2014-05-16 00:00:00+00:00,0.00056750
2014-05-19 00:00:00+00:00,0.00056726
2014-05-20 00:00:00+00:00,-0.00095420
2014-05-21 00:00:00+00:00,0.00151848
2014-05-22 00:00:00+00:00,0.00816821
2014-05-23 00:00:00+00:00,-0.00151809
2014-05-26 00:00:00+00:00,-0.00587814
2014-05-27 00:00:00+00:00,-0.02023919
2014-05-28 00:00:00+00:00,0.02351573
2014-05-29 00:00:00+00:00,-0.00341850
2014-05-30 00:00:00+00:00,-0.01245132
2014-06-02 00:00:00+00:00,0.00028270
2014-06-03 00:00:00+00:00,0.00114350
2014-06-05 00:00:00+00:00,-0.01319166
2014-06-09 00:00:00+00:00,0.00095832
2014-06-10 00:00:00+00:00,0.02115026
2014-06-11 00:00:00+00:00,-0.00247796
2014-06-12 00:00:00+00:00,0.00285450
2014-06-13 00:00:00+00:00,-0.03021189
2014-06-16 00:00:00+00:00,0.00876482
2014-06-17 00:00:00+00:00,0.00662133
2014-06-18 00:00:00+00:00,-0.01147997
2014-06-19 00:00:00+00:00,0.00461400
2014-06-20 00:00:00+00:00,-0.02956163
2014-06-23 00:00:00+00:00,0.01090650
2014-06-24 00:00:00+00:00,0.02324786
2014-06-25 00:00:00+00:00,-0.01455990
2014-06-26 00:00:00+00:00,0.01543163
2014-06-27 00:00:00+00:00,-0.00498136
2014-06-30 00:00:00+00:00,0.00306656
2014-07-01 00:00:00+00:00,0.00057121
2014-07-02 00:00:00+00:00,0.01532544
2014-07-03 00:00:00+00:00,-0.00199984
2014-07-04 00:00:00+00:00,-0.00409383
2014-07-07 00:00:00+00:00,-0.01163808
2014-07-08 00:00:00+00:00,-0.00096247
2014-07-09 00:00:00+00:00,-0.00883157
2014-07-10 00:00:00+00:00,0.00327426
2014-07-11 00:00:00+00:00,-0.01578453
2014-07-14 00:00:00+00:00,0.00659480
2014-07-15 00:00:00+00:00,0.02146672
2014-07-16 00:00:00+00:00,0.00324842
2014-07-17 00:00:00+00:00,0.00591753
2014-07-18 00:00:00+00:00,-0.00286016
2014-07-21 00:00:00+00:00,0.00037809
2014-07-22 00:00:00+00:00,0.01334521
2014-07-23 00:00:00+00:00,-0.00284421
2014-07-24 00:00:00+00:00,0.00341096
2014-07-25 00:00:00+00:00,0.00596133
2014-07-28 00:00:00+00:00,0.01577367
2014-07-29 00:00:00+00:00,0.02088439
2014-07-30 00:00:00+00:00,0.02855989
2014-07-31 00:00:00+00:00,-0.01359199
2014-08-01 00:00:00+00:00,-0.00920631
2014-08-04 00:00:00+00:00,-0.00407120
2014-08-05 00:00:00+00:00,-0.01148917
2014-08-06 00:00:00+00:00,-0.00447340
2014-08-07 00:00:00+00:00,-0.01120568
2014-08-08 00:00:00+00:00,-0.02563710
2014-08-11 00:00:00+00:00,0.01510920
2014-08-12 00:00:00+00:00,-0.00245812
2014-08-13 00:00:00+00:00,0.01398509
2014-08-14 00:00:00+00:00,0.00468956
2014-08-18 00:00:00+00:00,-0.01423559
2014-08-19 00:00:00+00:00,0.01999279
2014-08-20 00:00:00+00:00,-0.00513978
2014-08-21 00:00:00+00:00,-0.03322730
2014-08-22 00:00:00+00:00,0.01484825
2014-08-25 00:00:00+00:00,0.00509889
2014-08-26 00:00:00+00:00,0.00772658
2014-08-27 00:00:00+00:00,0.00187415
2014-08-28 00:00:00+00:00,0.00224803
2014-08-29 00:00:00+00:00,-0.00899880
2014-09-01 00:00:00+00:00,-0.00188618
2014-09-02 00:00:00+00:00,-0.01790418
2014-09-03 00:00:00+00:00,-0.00399645
2014-09-04 00:00:00+00:00,0.00399815
2014-09-05 00:00:00+00:00,-0.00817984
2014-09-11 00:00:00+00:00,-0.00954873
2014-09-12 00:00:00+00:00,0.00689354
2014-09-15 00:00:00+00:00,-0.00570818
2014-09-16 00:00:00+00:00,0.00419452
2014-09-17 00:00:00+00:00,0.02075485
2014-09-18 00:00:00+00:00,-0.01018017
2014-09-19 00:00:00+00:00,0.00482553
2014-09-22 00:00:00+00:00,-0.02427779
2014-09-23 00:00:00+00:00,-0.00746279
2014-09-24 00:00:00+00:00,-0.00000310
2014-09-25 00:00:00+00:00,-0.00153638
2014-09-26 00:00:00+00:00,-0.00595992
2014-09-29 00:00:00+00:00,-0.00655528
2014-09-30 00:00:00+00:00,-0.01121964
2014-10-01 00:00:00+00:00,-0.02119696
2014-10-02 00:00:00+00:00,-0.02653604
2014-10-06 00:00:00+00:00,-0.00030188
2014-10-07 00:00:00+00:00,-0.00149689
2014-10-08 00:00:00+00:00,-0.00438972
2014-10-10 00:00:00+00:00,-0.03354920
2014-10-13 00:00:00+00:00,-0.00416785
2014-10-14 00:00:00+00:00,0.00438533
2014-10-15 00:00:00+00:00,-0.00670637
2014-10-16 00:00:00+00:00,-0.01376196
2014-10-17 00:00:00+00:00,-0.02143268
2014-10-20 00:00:00+00:00,0.02656374
2014-10-21 00:00:00+00:00,-0.01351675
2014-10-22 00:00:00+00:00,0.01587313
2014-10-23 00:00:00+00:00,-0.00000274
2014-10-24 00:00:00+00:00,-0.00777543
2014-10-27 00:00:00+00:00,0.01026406
2014-10-28 00:00:00+00:00,-0.00265838
2014-10-29 00:00:00+00:00,0.03885960
2014-10-30 00:00:00+00:00,-0.00160801
2014-10-31 00:00:00+00:00,0.00983653
2014-11-03 00:00:00+00:00,-0.00799643
2014-11-04 00:00:00+00:00,-0.01625212
2014-11-05 00:00:00+00:00,-0.00485766
2014-11-06 00:00:00+00:00,0.01094567
2014-11-07 00:00:00+00:00,0.00140805
2014-11-10 00:00:00+00:00,0.02155638
2014-11-11 00:00:00+00:00,-0.00139869
2014-11-12 00:00:00+00:00,0.00638158
2014-11-13 00:00:00+00:00,-0.00656482
2014-11-14 00:00:00+00:00,-0.01516354
2014-11-17 00:00:00+00:00,0.00562626
2014-11-18 00:00:00+00:00,0.01442868
2014-11-19 00:00:00+00:00,-0.00418268
2014-11-20 00:00:00+00:00,-0.00618674
2014-11-21 00:00:00+00:00,0.00419803
2014-11-24 00:00:00+00:00,0.02095931
2014-11-25 00:00:00+00:00,-0.00197888
2014-11-26 00:00:00+00:00,-0.00395801
2014-11-27 00:00:00+00:00,0.01356932
2014-11-28 00:00:00+00:00,-0.00128085
2014-12-01 00:00:00+00:00,-0.02107016
2014-12-02 00:00:00+00:00,0.00178739
2014-12-03 00:00:00+00:00,0.00238231
2014-12-04 00:00:00+00:00,0.02342814
2014-12-05 00:00:00+00:00,-0.00098445
2014-12-08 00:00:00+00:00,-0.00452074
2014-12-09 00:00:00+00:00,-0.00630411
2014-12-10 00:00:00+00:00,-0.03437720
2014-12-11 00:00:00+00:00,-0.02390382
2014-12-12 00:00:00+00:00,-0.00386809
2014-12-15 00:00:00+00:00,0.00714673
2014-12-16 00:00:00+00:00,-0.01831114
2014-12-17 00:00:00+00:00,-0.00441899
2014-12-18 00:00:00+00:00,-0.00442351
2014-12-19 00:00:00+00:00,0.03218134
2014-12-22 00:00:00+00:00,0.01309055
2014-12-23 00:00:00+00:00,-0.00282681
2014-12-24 00:00:00+00:00,0.00705521
2014-12-26 00:00:00+00:00,0.00201035
2014-12-29 00:00:00+00:00,-0.00875988
2014-12-30 00:00:00+00:00,-0.02646808
2014-12-31 00:00:00+00:00,0.00398807
2015-01-02 00:00:00+00:00,0.00468902
2015-01-05 00:00:00+00:00,-0.00326646
2015-01-06 00:00:00+00:00,-0.03839036
2015-01-07 00:00:00+00:00,0.00520450
2015-01-08 00:00:00+00:00,0.02378403
2015-01-09 00:00:00+00:00,0.02738708
2015-01-12 00:00:00+00:00,-0.00627904
2015-01-13 00:00:00+00:00,0.00944491
2015-01-14 00:00:00+00:00,-0.01030855
2015-01-15 00:00:00+00:00,0.00913553
2015-01-16 00:00:00+00:00,-0.03174612
2015-01-19 00:00:00+00:00,0.01160789
2015-01-20 00:00:00+00:00,0.02704625
2015-01-21 00:00:00+00:00,0.00785961
2015-01-22 00:00:00+00:00,-0.02138870
2015-01-23 00:00:00+00:00,0.03938803
2015-01-26 00:00:00+00:00,-0.00079937
2015-01-27 00:00:00+00:00,0.01354522
2015-01-28 00:00:00+00:00,0.00039257
2015-01-29 00:00:00+00:00,-0.00692685
2015-01-30 00:00:00+00:00,-0.00595770
2015-02-02 00:00:00+00:00,0.00059437
2015-02-03 00:00:00+00:00,-0.03413259
2015-02-04 00:00:00+00:00,0.04494196
2015-02-05 00:00:00+00:00,-0.02020904
2015-02-06 00:00:00+00:00,0.00519988
2015-02-09 00:00:00+00:00,-0.00359569
2015-02-10 00:00:00+00:00,-0.01180052
2015-02-11 00:00:00+00:00,0.00482415
2015-02-12 00:00:00+00:00,-0.00793150
2015-02-13 00:00:00+00:00,0.01542829
2015-02-16 00:00:00+00:00,0.00339644
2015-02-17 00:00:00+00:00,0.00378945
2015-02-23 00:00:00+00:00,0.00587451
2015-02-24 00:00:00+00:00,0.00267879
2015-02-25 00:00:00+00:00,0.00773340
2015-02-26 00:00:00+00:00,-0.00138683
2015-02-27 00:00:00+00:00,-0.00405761
2015-03-02 00:00:00+00:00,0.00901140
2015-03-03 00:00:00+00:00,0.00927091
2015-03-04 00:00:00+00:00,-0.00275243
2015-03-05 00:00:00+00:00,0.00137372
2015-03-06 00:00:00+00:00,0.01080466
2015-03-09 00:00:00+00:00,-0.02150405
2015-03-10 00:00:00+00:00,-0.00929155
2015-03-11 00:00:00+00:00,-0.00317959
2015-03-12 00:00:00+00:00,0.00396896
2015-03-13 00:00:00+00:00,0.00534047
2015-03-16 00:00:00+00:00,0.00275665
2015-03-17 00:00:00+00:00,0.04387629
2015-03-18 00:00:00+00:00,0.00346494
2015-03-19 00:00:00+00:00,0.00518929
2015-03-20 00:00:00+00:00,-0.00345639
2015-03-23 00:00:00+00:00,0.00057385
2015-03-24 00:00:00+00:00,0.00134171
2015-03-25 00:00:00+00:00,0.00114861
2015-03-26 00:00:00+00:00,-0.02092089
2015-03-27 00:00:00+00:00,-0.00291345
2015-03-30 00:00:00+00:00,0.00154972
2015-03-31 00:00:00+00:00,0.00154889
2015-04-01 00:00:00+00:00,-0.01551956
2015-04-02 00:00:00+00:00,0.00273243
2015-04-03 00:00:00+00:00,0.01443607
2015-04-06 00:00:00+00:00,-0.00097149
2015-04-07 00:00:00+00:00,-0.00310467
2015-04-08 00:00:00+00:00,0.01513945
2015-04-09 00:00:00+00:00,-0.00289347
2015-04-10 00:00:00+00:00,0.02701344
2015-04-13 00:00:00+00:00,0.01313489
2015-04-14 00:00:00+00:00,0.01285872
2015-04-15 00:00:00+00:00,0.00695042
2015-04-16 00:00:00+00:00,0.01723182
2015-04-17 00:00:00+00:00,-0.00130301
2015-04-20 00:00:00+00:00,0.00018270
2015-04-21 00:00:00+00:00,-0.00111812
2015-04-22 00:00:00+00:00,0.00743303
2015-04-23 00:00:00+00:00,0.02924513
2015-04-24 00:00:00+00:00,-0.01387683
2015-04-27 00:00:00+00:00,-0.00349575
2015-04-28 00:00:00+00:00,-0.00976369
2015-04-29 00:00:00+00:00,-0.00925523
2015-04-30 00:00:00+00:00,-0.00594959
2015-05-04 00:00:00+00:00,0.00726923
2015-05-06 00:00:00+00:00,-0.03586329
2015-05-07 00:00:00+00:00,-0.00965101
2015-05-08 00:00:00+00:00,-0.00874475
2015-05-11 00:00:00+00:00,0.00324317
2015-05-12 00:00:00+00:00,0.00056863
2015-05-13 00:00:00+00:00,0.01162254
2015-05-14 00:00:00+00:00,0.00113369
2015-05-15 00:00:00+00:00,-0.02140453
2015-05-18 00:00:00+00:00,0.00573867
2015-05-19 00:00:00+00:00,0.00973153
2015-05-20 00:00:00+00:00,0.01955620
2015-05-21 00:00:00+00:00,-0.02351702
2015-05-22 00:00:00+00:00,0.02378824
2015-05-26 00:00:00+00:00,-0.00451769
2015-05-27 00:00:00+00:00,-0.04204684
2015-05-28 00:00:00+00:00,0.00211541
2015-05-29 00:00:00+00:00,0.00922986
2015-06-01 00:00:00+00:00,-0.01780874
2015-06-02 00:00:00+00:00,-0.01680487
2015-06-03 00:00:00+00:00,-0.01811755
2015-06-04 00:00:00+00:00,0.00412521
2015-06-05 00:00:00+00:00,-0.00078788
2015-06-08 00:00:00+00:00,-0.00451548
2015-06-09 00:00:00+00:00,-0.00295295
2015-06-10 00:00:00+00:00,-0.01398498
2015-06-11 00:00:00+00:00,0.00634121
2015-06-12 00:00:00+00:00,-0.01891281
2015-06-15 00:00:00+00:00,-0.00139536
2015-06-16 00:00:00+00:00,-0.02209251
2015-06-17 00:00:00+00:00,0.00583440
2015-06-18 00:00:00+00:00,0.00220330
2015-06-19 00:00:00+00:00,0.00841232
2015-06-22 00:00:00+00:00,0.00857488
2015-06-23 00:00:00+00:00,0.02819962
2015-06-24 00:00:00+00:00,-0.00156997
2015-06-25 00:00:00+00:00,-0.00215918
2015-06-26 00:00:00+00:00,0.00097862
2015-06-29 00:00:00+00:00,-0.02667987
2015-06-30 00:00:00+00:00,0.00715390
2015-07-01 00:00:00+00:00,0.02535864
2015-07-02 00:00:00+00:00,0.00117089
2015-07-03 00:00:00+00:00,-0.00547585
2015-07-06 00:00:00+00:00,-0.04941464
2015-07-07 00:00:00+00:00,0.00261110
2015-07-08 00:00:00+00:00,-0.02770830
2015-07-09 00:00:00+00:00,0.01669751
2015-07-10 00:00:00+00:00,-0.00060895
2015-07-13 00:00:00+00:00,0.01494396
2015-07-14 00:00:00+00:00,-0.00240879
2015-07-15 00:00:00+00:00,0.00581780
2015-07-16 00:00:00+00:00,0.01340763
2015-07-17 00:00:00+00:00,-0.01233165
2015-07-20 00:00:00+00:00,-0.00520546
2015-07-21 00:00:00+00:00,0.00480988
2015-07-22 00:00:00+00:00,-0.01951140
2015-07-23 00:00:00+00:00,0.00110830
2015-07-24 00:00:00+00:00,-0.02262992
2015-07-27 00:00:00+00:00,0.00367371
2015-07-28 00:00:00+00:00,0.00142333
2015-07-29 00:00:00+00:00,0.00875535
2015-07-30 00:00:00+00:00,-0.01684022
2015-07-31 00:00:00+00:00,-0.00736785
2015-08-03 00:00:00+00:00,-0.01027357
2015-08-04 00:00:00+00:00,0.00804469
2015-08-05 00:00:00+00:00,0.00266730
2015-08-06 00:00:00+00:00,-0.02587090
2015-08-07 00:00:00+00:00,-0.00395700
2015-08-10 00:00:00+00:00,-0.00396469
2015-08-11 00:00:00+00:00,-0.00752272
2015-08-12 00:00:00+00:00,-0.01803100
2015-08-13 00:00:00+00:00,0.01606590
2015-08-17 00:00:00+00:00,-0.01804527
2015-08-18 00:00:00+00:00,-0.00614532
2015-08-19 00:00:00+00:00,-0.01550954
2015-08-20 00:00:00+00:00,-0.01862473
2015-08-21 00:00:00+00:00,-0.02938980
2015-08-24 00:00:00+00:00,-0.06159903
2015-08-25 00:00:00+00:00,0.01832150
2015-08-26 00:00:00+00:00,0.03293311
2015-08-27 00:00:00+00:00,0.01058013
2015-08-28 00:00:00+00:00,0.03026558
2015-08-31 00:00:00+00:00,-0.00346009
2015-09-01 00:00:00+00:00,-0.01883117
2015-09-02 00:00:00+00:00,0.00524129
2015-09-03 00:00:00+00:00,0.00065058
2015-09-04 00:00:00+00:00,-0.01917571
2015-09-07 00:00:00+00:00,0.00021633
2015-09-08 00:00:00+00:00,0.00241572
2015-09-09 00:00:00+00:00,0.06209838
2015-09-10 00:00:00+00:00,0.00127412
2015-09-11 00:00:00+00:00,-0.00978185
2015-09-14 00:00:00+00:00,-0.01259684
2015-09-15 00:00:00+00:00,0.00429485
2015-09-16 00:00:00+00:00,0.04716543
2015-09-17 00:00:00+00:00,0.00983585
2015-09-18 00:00:00+00:00,0.01125465
2015-09-21 00:00:00+00:00,-0.03556116
2015-09-22 00:00:00+00:00,0.01341787
2015-09-23 00:00:00+00:00,-0.02641243
2015-09-24 00:00:00+00:00,-0.00563265
2015-09-25 00:00:00+00:00,0.00159742
2015-09-30 00:00:00+00:00,0.01404870
2015-10-01 00:00:00+00:00,0.02071211
2015-10-02 00:00:00+00:00,-0.01422862
2015-10-05 00:00:00+00:00,0.00800744
2015-10-06 00:00:00+00:00,0.01678635
2015-10-07 00:00:00+00:00,0.02956212
2015-10-08 00:00:00+00:00,0.01681433
2015-10-12 00:00:00+00:00,0.01057488
2015-10-13 00:00:00+00:00,-0.00607193
2015-10-14 00:00:00+00:00,-0.00263966
2015-10-15 00:00:00+00:00,0.02498710
2015-10-16 00:00:00+00:00,-0.00662658
2015-10-19 00:00:00+00:00,-0.00181501
2015-10-20 00:00:00+00:00,0.00523772
2015-10-21 00:00:00+00:00,0.00843438
2015-10-22 00:00:00+00:00,-0.01041523
2015-10-23 00:00:00+00:00,0.01428289
2015-10-26 00:00:00+00:00,0.00519378
2015-10-27 00:00:00+00:00,0.00119302
2015-10-28 00:00:00+00:00,0.00039697
2015-10-29 00:00:00+00:00,-0.01185225
2015-10-30 00:00:00+00:00,0.00700011
2015-11-02 00:00:00+00:00,0.00129653
2015-11-03 00:00:00+00:00,0.02074154
2015-11-04 00:00:00+00:00,-0.00276741
2015-11-05 00:00:00+00:00,-0.00158559
2015-11-06 00:00:00+00:00,-0.01286349
2015-11-09 00:00:00+00:00,-0.00607956
2015-11-10 00:00:00+00:00,-0.03237066
2015-11-11 00:00:00+00:00,-0.00203405
2015-11-12 00:00:00+00:00,-0.00163220
2015-11-13 00:00:00+00:00,-0.02199528
2015-11-16 00:00:00+00:00,-0.02137183
2015-11-17 00:00:00+00:00,0.01350543
2015-11-18 00:00:00+00:00,-0.00475106
2015-11-19 00:00:00+00:00,0.02565956
2015-11-20 00:00:00+00:00,0.00265436
2015-11-23 00:00:00+00:00,0.01663529
2015-11-24 00:00:00+00:00,0.00485112
2015-11-25 00:00:00+00:00,-0.00182527
2015-11-26 00:00:00+00:00,0.02323859
2015-11-27 00:00:00+00:00,-0.00420237
2015-11-30 00:00:00+00:00,-0.04005568
2015-12-01 00:00:00+00:00,0.03103081
2015-12-02 00:00:00+00:00,-0.01389169
2015-12-03 00:00:00+00:00,-0.01884963
2015-12-04 00:00:00+00:00,-0.02433417
2015-12-07 00:00:00+00:00,-0.00187133
2015-12-08 00:00:00+00:00,-0.01284687
2015-12-09 00:00:00+00:00,0.00040705
2015-12-10 00:00:00+00:00,-0.00667743
2015-12-11 00:00:00+00:00,-0.00147471
2015-12-14 00:00:00+00:00,-0.01513200
2015-12-15 00:00:00+00:00,0.00485673
2015-12-16 00:00:00+00:00,0.04115519
2015-12-17 00:00:00+00:00,-0.00620979
2015-12-18 00:00:00+00:00,0.00289674
2015-12-21 00:00:00+00:00,0.00206398
2015-12-22 00:00:00+00:00,0.00599568
2015-12-23 00:00:00+00:00,0.01877027
2015-12-24 00:00:00+00:00,-0.01675997
2015-12-28 00:00:00+00:00,-0.02228547
2015-12-29 00:00:00+00:00,0.02167578
2015-12-30 00:00:00+00:00,-0.01589152
2016-01-04 00:00:00+00:00,-0.04513099
2016-01-05 00:00:00+00:00,0.01105515
2016-01-06 00:00:00+00:00,-0.00868043
2016-01-07 00:00:00+00:00,-0.02358012
2016-01-08 00:00:00+00:00,0.01074445
2016-01-11 00:00:00+00:00,-0.01904127
2016-01-12 00:00:00+00:00,-0.00993317
2016-01-13 00:00:00+00:00,0.03514743
2016-01-14 00:00:00+00:00,-0.01173660
2016-01-15 00:00:00+00:00,-0.03540172
2016-01-18 00:00:00+00:00,0.00173716
2016-01-19 00:00:00+00:00,0.00937108
2016-01-20 00:00:00+00:00,-0.05429870
2016-01-21 00:00:00+00:00,0.00824657
2016-01-22 00:00:00+00:00,0.03843351
2016-01-25 00:00:00+00:00,0.01568930
2016-01-26 00:00:00+00:00,-0.02834180
2016-01-27 00:00:00+00:00,0.02830296
2016-01-28 00:00:00+00:00,0.00020455
2016-01-29 00:00:00+00:00,0.01081116
2016-02-01 00:00:00+00:00,0.01053550
2016-02-02 00:00:00+00:00,-0.01371671
2016-02-03 00:00:00+00:00,-0.02480738
2016-02-04 00:00:00+00:00,0.03952604
2016-02-05 00:00:00+00:00,0.00341395
2016-02-11 00:00:00+00:00,-0.05898493
2016-02-12 00:00:00+00:00,-0.01234546
2016-02-15 00:00:00+00:00,0.02723791
2016-02-16 00:00:00+00:00,0.02840473
2016-02-17 00:00:00+00:00,0.00429821
2016-02-18 00:00:00+00:00,0.01805358
2016-02-19 00:00:00+00:00,0.00233362
2016-02-22 00:00:00+00:00,0.00701461
2016-02-23 00:00:00+00:00,0.00189701
2016-02-24 00:00:00+00:00,-0.00594400
2016-02-25 00:00:00+00:00,0.00126353
2016-02-26 00:00:00+00:00,0.00338632
2016-02-29 00:00:00+00:00,-0.00510063
2016-03-02 00:00:00+00:00,0.03655322
2016-03-03 00:00:00+00:00,0.00416414
2016-03-04 00:00:00+00:00,0.00228140
2016-03-07 00:00:00+00:00,0.00290397
2016-03-08 00:00:00+00:00,-0.01455837
2016-03-09 00:00:00+00:00,0.00816163
2016-03-10 00:00:00+00:00,0.01792769
2016-03-11 00:00:00+00:00,-0.00062364
2016-03-14 00:00:00+00:00,-0.00165358
2016-03-15 00:00:00+00:00,-0.00062858
2016-03-16 00:00:00+00:00,0.00389410
2016-03-17 00:00:00+00:00,0.01148368
2016-03-18 00:00:00+00:00,0.00100881
2016-03-21 00:00:00+00:00,-0.00306785
2016-03-22 00:00:00+00:00,0.01183280
2016-03-23 00:00:00+00:00,-0.00406962
2016-03-24 00:00:00+00:00,-0.00428248
2016-03-25 00:00:00+00:00,-0.00225241
2016-03-28 00:00:00+00:00,0.00172407
2016-03-29 00:00:00+00:00,0.01130698
2016-03-30 00:00:00+00:00,0.00972229
2016-03-31 00:00:00+00:00,-0.01130567
2016-04-01 00:00:00+00:00,-0.03104356
2016-04-04 00:00:00+00:00,0.00699507
2016-04-05 00:00:00+00:00,-0.01766815
2016-04-06 00:00:00+00:00,0.01263080
2016-04-07 00:00:00+00:00,0.00060838
2016-04-08 00:00:00+00:00,-0.00597609
2016-04-11 00:00:00+00:00,0.00350076
2016-04-12 00:00:00+00:00,0.01297245
2016-04-14 00:00:00+00:00,0.04135061
2016-04-15 00:00:00+00:00,0.00119444
2016-04-18 00:00:00+00:00,-0.00842695
2016-04-19 00:00:00+00:00,0.00401778
2016-04-20 00:00:00+00:00,-0.00724075
2016-04-21 00:00:00+00:00,0.01592156
2016-04-22 00:00:00+00:00,-0.00921284
2016-04-25 00:00:00+00:00,-0.00222107
2016-04-26 00:00:00+00:00,0.00602656
2016-04-27 00:00:00+00:00,-0.00041094
2016-04-28 00:00:00+00:00,-0.02188311
2016-04-29 00:00:00+00:00,-0.00934082
2016-05-02 00:00:00+00:00,-0.00897488
2016-05-03 00:00:00+00:00,0.00162907
2016-05-04 00:00:00+00:00,-0.00921277
2016-05-09 00:00:00+00:00,-0.00678887
2016-05-10 00:00:00+00:00,0.01070987
2016-05-11 00:00:00+00:00,-0.00841824
2016-05-12 00:00:00+00:00,0.00040173
2016-05-13 00:00:00+00:00,-0.02038628
2016-05-16 00:00:00+00:00,0.00706142
2016-05-17 00:00:00+00:00,-0.00063246
2016-05-18 00:00:00+00:00,-0.01556092
2016-05-19 00:00:00+00:00,-0.00230941
2016-05-20 00:00:00+00:00,0.00040700
2016-05-23 00:00:00+00:00,0.00563331
2016-05-24 00:00:00+00:00,-0.01419390
2016-05-25 00:00:00+00:00,0.02707783
2016-05-26 00:00:00+00:00,-0.00021798
2016-05-27 00:00:00+00:00,0.00807317
2016-05-30 00:00:00+00:00,-0.00331514
2016-05-31 00:00:00+00:00,0.01239853
2016-06-01 00:00:00+00:00,0.00307080
2016-06-02 00:00:00+00:00,0.00450312
2016-06-03 00:00:00+00:00,0.00531288
2016-06-07 00:00:00+00:00,0.02656365
2016-06-08 00:00:00+00:00,0.01552094
2016-06-09 00:00:00+00:00,0.00619401
2016-06-10 00:00:00+00:00,-0.00836033
2016-06-13 00:00:00+00:00,-0.04455639
2016-06-14 00:00:00+00:00,-0.00532175
2016-06-15 00:00:00+00:00,0.00019480
2016-06-16 00:00:00+00:00,-0.01700768
2016-06-17 00:00:00+00:00,0.00515423
2016-06-20 00:00:00+00:00,0.02491277
2016-06-21 00:00:00+00:00,0.00060015
2016-06-22 00:00:00+00:00,0.01402839
2016-06-23 00:00:00+00:00,-0.00182963
2016-06-24 00:00:00+00:00,-0.06716190
2016-06-27 00:00:00+00:00,0.00710480
2016-06-28 00:00:00+00:00,0.00561962
2016-06-29 00:00:00+00:00,0.01994019
2016-06-30 00:00:00+00:00,0.01131154
2016-07-01 00:00:00+00:00,0.02250812
2016-07-04 00:00:00+00:00,0.00626678
2016-07-05 00:00:00+00:00,-0.00242852
2016-07-06 00:00:00+00:00,-0.04265362
2016-07-07 00:00:00+00:00,0.02352864
2016-07-08 00:00:00+00:00,-0.00756159
2016-07-11 00:00:00+00:00,0.02640756
2016-07-12 00:00:00+00:00,0.00261720
2016-07-13 00:00:00+00:00,0.01412729
2016-07-14 00:00:00+00:00,0.00480111
2016-07-15 00:00:00+00:00,0.00978859
2016-07-18 00:00:00+00:00,0.00058603
2016-07-19 00:00:00+00:00,-0.00179983
2016-07-20 00:00:00+00:00,-0.00140605
2016-07-21 00:00:00+00:00,-0.00001149
2016-07-22 00:00:00+00:00,-0.00120450
2016-07-25 00:00:00+00:00,0.00158395
2016-07-26 00:00:00+00:00,0.01912340
2016-07-27 00:00:00+00:00,-0.00020866
2016-07-28 00:00:00+00:00,-0.00948227
2016-07-29 00:00:00+00:00,0.00237116
2016-08-01 00:00:00+00:00,0.01464962
2016-08-02 00:00:00+00:00,-0.01593670
2016-08-03 00:00:00+00:00,-0.02538712
2016-08-04 00:00:00+00:00,0.00460854
2016-08-05 00:00:00+00:00,0.02482967
2016-08-08 00:00:00+00:00,0.01186171
2016-08-09 00:00:00+00:00,0.01474104
2016-08-10 00:00:00+00:00,-0.00665120
2016-08-11 00:00:00+00:00,0.00665068
2016-08-12 00:00:00+00:00,0.00194231
2016-08-16 00:00:00+00:00,0.00174511
2016-08-17 00:00:00+00:00,-0.00001099
2016-08-18 00:00:00+00:00,0.00681289
2016-08-19 00:00:00+00:00,0.00252244
2016-08-22 00:00:00+00:00,-0.00488319
2016-08-23 00:00:00+00:00,0.00408142
2016-08-24 00:00:00+00:00,-0.00488369
2016-08-25 00:00:00+00:00,0.00232710
2016-08-26 00:00:00+00:00,-0.00527382
2016-08-29 00:00:00+00:00,0.00135271
2016-08-30 00:00:00+00:00,0.00583477
2016-08-31 00:00:00+00:00,-0.00624837
2016-09-01 00:00:00+00:00,-0.00293531
2016-09-02 00:00:00+00:00,0.00252207
2016-09-05 00:00:00+00:00,0.01363102
2016-09-06 00:00:00+00:00,0.02405789
2016-09-07 00:00:00+00:00,0.00170830
2016-09-08 00:00:00+00:00,-0.01009708
2016-09-09 00:00:00+00:00,-0.02147868
2016-09-12 00:00:00+00:00,-0.04501336
2016-09-13 00:00:00+00:00,0.00236199
2016-09-19 00:00:00+00:00,0.01442715
2016-09-20 00:00:00+00:00,0.00471854
2016-09-21 00:00:00+00:00,0.01001541
2016-09-22 00:00:00+00:00,0.02680520
2016-09-23 00:00:00+00:00,-0.00481682
2016-09-26 00:00:00+00:00,-0.00464332
2016-09-27 00:00:00+00:00,0.01160765
2016-09-28 00:00:00+00:00,-0.00541011
2016-09-29 00:00:00+00:00,0.01599652
2016-09-30 00:00:00+00:00,-0.02028787
2016-10-04 00:00:00+00:00,0.00810026
2016-10-05 00:00:00+00:00,0.00075866
2016-10-06 00:00:00+00:00,0.00884213
2016-10-07 00:00:00+00:00,-0.00231340
2016-10-10 00:00:00+00:00,-0.00058744
2016-10-11 00:00:00+00:00,-0.02654787
2016-10-12 00:00:00+00:00,-0.00623399
2016-10-13 00:00:00+00:00,-0.01114032
2016-10-14 00:00:00+00:00,0.00782211
2016-10-17 00:00:00+00:00,0.00585105
2016-10-18 00:00:00+00:00,0.01176389
2016-10-19 00:00:00+00:00,0.00492798
2016-10-20 00:00:00+00:00,-0.00020478
2016-10-21 00:00:00+00:00,-0.00870328
2016-10-24 00:00:00+00:00,0.01474417
2016-10-25 00:00:00+00:00,-0.00386538
2016-10-26 00:00:00+00:00,-0.02760463
2016-10-27 00:00:00+00:00,0.01017646
2016-10-28 00:00:00+00:00,0.00232833
2016-10-31 00:00:00+00:00,-0.00400534
2016-11-01 00:00:00+00:00,-0.00001260
2016-11-02 00:00:00+00:00,-0.02574099
2016-11-03 00:00:00+00:00,0.00413478
2016-11-04 00:00:00+00:00,-0.00474296
2016-11-07 00:00:00+00:00,0.01638599
2016-11-08 00:00:00+00:00,0.00625611
2016-11-09 00:00:00+00:00,-0.04708497
2016-11-10 00:00:00+00:00,0.04260125
2016-11-11 00:00:00+00:00,-0.02018814
2016-11-14 00:00:00+00:00,-0.01525250
2016-11-15 00:00:00+00:00,-0.00918911
2016-11-16 00:00:00+00:00,0.00699699
2016-11-17 00:00:00+00:00,-0.00141220
2016-11-18 00:00:00+00:00,0.00098435
2016-11-21 00:00:00+00:00,-0.00500689
2016-11-22 00:00:00+00:00,0.02220151
2016-11-23 00:00:00+00:00,0.00829864
2016-11-24 00:00:00+00:00,-0.00889053
2016-11-25 00:00:00+00:00,-0.00199713
2016-11-28 00:00:00+00:00,0.00731974
2016-11-29 00:00:00+00:00,-0.00406505
2016-11-30 00:00:00+00:00,0.01076427
2016-12-01 00:00:00+00:00,0.00175481
2016-12-02 00:00:00+00:00,-0.01318921
2016-12-05 00:00:00+00:00,0.00077590
2016-12-06 00:00:00+00:00,0.02095686
2016-12-07 00:00:00+00:00,0.00624806
2016-12-08 00:00:00+00:00,0.00505739
2016-12-09 00:00:00+00:00,0.00464517
2016-12-12 00:00:00+00:00,-0.00543914
2016-12-13 00:00:00+00:00,0.00464613
2016-12-14 00:00:00+00:00,0.00366454
2016-12-15 00:00:00+00:00,-0.00156402
2016-12-16 00:00:00+00:00,0.00346702
2016-12-19 00:00:00+00:00,0.00133762
2016-12-20 00:00:00+00:00,0.00287849
2016-12-21 00:00:00+00:00,-0.00136643
2016-12-22 00:00:00+00:00,-0.00194586
2016-12-23 00:00:00+00:00,-0.00271870
2016-12-26 00:00:00+00:00,0.00210979
2016-12-27 00:00:00+00:00,0.00384559
2016-12-28 00:00:00+00:00,0.00769028
2016-12-29 00:00:00+00:00,-0.00155153
2017-01-03 00:00:00+00:00,0.02344062
2017-01-04 00:00:00+00:00,0.00150227
2017-01-05 00:00:00+00:00,-0.00685090
2017-01-06 00:00:00+00:00,0.00854949
2017-01-09 00:00:00+00:00,0.00320743
2017-01-10 00:00:00+00:00,-0.00039576
2017-01-11 00:00:00+00:00,0.03805128
2017-01-12 00:00:00+00:00,0.00054053
2017-01-13 00:00:00+00:00,-0.00317600
2017-01-16 00:00:00+00:00,-0.00988146
2017-01-17 00:00:00+00:00,0.00708814
2017-01-18 00:00:00+00:00,-0.00206645
2017-01-19 00:00:00+00:00,0.00016956
2017-01-20 00:00:00+00:00,-0.00411859
2017-01-23 00:00:00+00:00,-0.00151131
2017-01-24 00:00:00+00:00,0.00429053
2017-01-25 00:00:00+00:00,0.00278202
2017-01-26 00:00:00+00:00,0.01918188
2017-01-31 00:00:00+00:00,-0.01256311
2017-02-01 00:00:00+00:00,0.00759817
2017-02-02 00:00:00+00:00,-0.00741855
2017-02-03 00:00:00+00:00,0.00481250
2017-02-06 00:00:00+00:00,0.00165086
2017-02-07 00:00:00+00:00,-0.00501676
2017-02-08 00:00:00+00:00,-0.00911366
2017-02-09 00:00:00+00:00,0.00259182
2017-02-10 00:00:00+00:00,0.00203087
2017-02-13 00:00:00+00:00,0.00035447
2017-02-14 00:00:00+00:00,-0.00540870
2017-02-15 00:00:00+00:00,0.00576604
2017-02-16 00:00:00+00:00,-0.00057501
2017-02-17 00:00:00+00:00,0.00072960
2017-02-20 00:00:00+00:00,0.00574490
2017-02-21 00:00:00+00:00,0.01888927
2017-02-22 00:00:00+00:00,0.00255390
2017-02-23 00:00:00+00:00,0.00255049
2017-02-24 00:00:00+00:00,-0.01796562
2017-02-27 00:00:00+00:00,-0.00759392
2017-02-28 00:00:00+00:00,0.00202319
2017-03-02 00:00:00+00:00,0.02203639
2017-03-03 00:00:00+00:00,-0.02257447
2017-03-06 00:00:00+00:00,0.00591077
2017-03-07 00:00:00+00:00,0.01015214
2017-03-08 00:00:00+00:00,0.00255400
2017-03-09 00:00:00+00:00,-0.00204356
2017-03-10 00:00:00+00:00,0.00531700
2017-03-13 00:00:00+00:00,0.02327507
2017-03-14 00:00:00+00:00,0.01665765
2017-03-15 00:00:00+00:00,0.00393371
2017-03-16 00:00:00+00:00,0.01253983
2017-03-17 00:00:00+00:00,0.00800426
2017-03-20 00:00:00+00:00,0.00033231
2017-03-21 00:00:00+00:00,0.01844834
2017-03-22 00:00:00+00:00,-0.00988138
2017-03-23 00:00:00+00:00,0.00386916
2017-03-24 00:00:00+00:00,-0.00267227
2017-03-27 00:00:00+00:00,-0.01434281
2017-03-28 00:00:00+00:00,0.00531815
2017-03-29 00:00:00+00:00,0.00459311
2017-03-30 00:00:00+00:00,-0.00037863
2017-03-31 00:00:00+00:00,-0.00321356
2017-04-03 00:00:00+00:00,0.00210610
2017-04-04 00:00:00+00:00,-0.00410292
2017-04-05 00:00:00+00:00,-0.00357793
2017-04-06 00:00:00+00:00,-0.00678787
2017-04-07 00:00:00+00:00,-0.00502538
2017-04-10 00:00:00+00:00,-0.01076432
2017-04-11 00:00:00+00:00,-0.01226669
2017-04-12 00:00:00+00:00,0.00667766
2017-04-13 00:00:00+00:00,0.01585651
2017-04-14 00:00:00+00:00,-0.00987291
2017-04-17 00:00:00+00:00,0.00591429
2017-04-18 00:00:00+00:00,-0.00146058
2017-04-19 00:00:00+00:00,-0.01115810
2017-04-20 00:00:00+00:00,0.01008553
2017-04-21 00:00:00+00:00,0.01722007
2017-04-24 00:00:00+00:00,0.00870039
2017-04-25 00:00:00+00:00,0.02391473
2017-04-26 00:00:00+00:00,0.00900007
2017-04-27 00:00:00+00:00,0.00564340
2017-04-28 00:00:00+00:00,0.00310607
2017-05-02 00:00:00+00:00,0.01603809
2017-05-04 00:00:00+00:00,0.01864607
2017-05-08 00:00:00+00:00,0.05443731
2017-05-10 00:00:00+00:00,-0.02845177
2017-05-11 00:00:00+00:00,0.02458927
2017-05-12 00:00:00+00:00,-0.00935413
2017-05-15 00:00:00+00:00,0.00666735
2017-05-16 00:00:00+00:00,-0.00186288
2017-05-17 00:00:00+00:00,0.00097452
2017-05-18 00:00:00+00:00,-0.00553542
2017-05-19 00:00:00+00:00,-0.00287318
2017-05-22 00:00:00+00:00,0.01572560
2017-05-23 00:00:00+00:00,0.00313067
2017-05-24 00:00:00+00:00,0.00561659
2017-05-25 00:00:00+00:00,0.02414370
2017-05-26 00:00:00+00:00,0.00970638
2017-05-29 00:00:00+00:00,-0.00141395
2017-05-30 00:00:00+00:00,-0.01583176
2017-05-31 00:00:00+00:00,0.00481504
2017-06-01 00:00:00+00:00,-0.00633748
2017-06-02 00:00:00+00:00,0.02256678
2017-06-05 00:00:00+00:00,0.00005175
2017-06-07 00:00:00+00:00,-0.01530497
2017-06-08 00:00:00+00:00,0.00815296
2017-06-09 00:00:00+00:00,0.01247206
2017-06-12 00:00:00+00:00,-0.02100483
2017-06-13 00:00:00+00:00,0.01064930
2017-06-14 00:00:00+00:00,0.00078028
2017-06-15 00:00:00+00:00,-0.00952073
2017-06-16 00:00:00+00:00,0.00216801
2017-06-19 00:00:00+00:00,0.01192734
2017-06-20 00:00:00+00:00,0.00409331
2017-06-21 00:00:00+00:00,-0.01179966
2017-06-22 00:00:00+00:00,0.01256116
2017-06-23 00:00:00+00:00,0.00464972
2017-06-26 00:00:00+00:00,0.00970995
2017-06-27 00:00:00+00:00,0.00189140
2017-06-28 00:00:00+00:00,-0.00555289
2017-06-29 00:00:00+00:00,0.01392902
2017-06-30 00:00:00+00:00,-0.00823944
2017-07-03 00:00:00+00:00,0.00517932
2017-07-04 00:00:00+00:00,-0.01423474
2017-07-05 00:00:00+00:00,0.00712257
2017-07-06 00:00:00+00:00,0.00229407
2017-07-07 00:00:00+00:00,-0.00563222
2017-07-10 00:00:00+00:00,0.00365917
2017-07-11 00:00:00+00:00,0.01214159
2017-07-12 00:00:00+00:00,-0.00082782
2017-07-13 00:00:00+00:00,0.02481326
2017-07-14 00:00:00+00:00,0.00169878
2017-07-17 00:00:00+00:00,0.00468456
2017-07-18 00:00:00+00:00,0.00310395
2017-07-19 00:00:00+00:00,0.00387999
2017-07-20 00:00:00+00:00,0.00590219
2017-07-21 00:00:00+00:00,0.00946797
2017-07-24 00:00:00+00:00,0.00042984
2017-07-25 00:00:00+00:00,-0.00979697
2017-07-26 00:00:00+00:00,-0.00455109
2017-07-27 00:00:00+00:00,0.00527420
2017-07-28 00:00:00+00:00,-0.04486448
2017-07-31 00:00:00+00:00,0.00617949
2017-08-01 00:00:00+00:00,0.01838581
2017-08-02 00:00:00+00:00,0.00437136
2017-08-03 00:00:00+00:00,-0.03472662
2017-08-04 00:00:00+00:00,0.00779496
2017-08-07 00:00:00+00:00,0.00028631
2017-08-08 00:00:00+00:00,-0.00003196
2017-08-09 00:00:00+00:00,-0.02756206
2017-08-10 00:00:00+00:00,-0.00825741
2017-08-11 00:00:00+00:00,-0.03762057
2017-08-14 00:00:00+00:00,0.02044100
2017-08-16 00:00:00+00:00,0.01042846
2017-08-17 00:00:00+00:00,0.01053518
2017-08-18 00:00:00+00:00,-0.02008251
2017-08-19 00:00:00+00:00,0.01679930
2017-08-21 00:00:00+00:00,-0.00165009
2017-08-22 00:00:00+00:00,0.00256279
2017-08-23 00:00:00+00:00,0.01906963
2017-08-24 00:00:00+00:00,-0.01317207
2017-08-25 00:00:00+00:00,0.01562683
2017-08-26 00:00:00+00:00,-0.00227491
2017-08-28 00:00:00+00:00,-0.01462629
2017-08-29 00:00:00+00:00,0.00190689
2017-08-30 00:00:00+00:00,-0.00261211
2017-08-31 00:00:00+00:00,0.00336153
2017-09-01 00:00:00+00:00,-0.00825384
2017-09-02 00:00:00+00:00,-0.00132665
2017-09-04 00:00:00+00:00,-0.02337320
2017-09-05 00:00:00+00:00,0.00390573
2017-09-06 00:00:00+00:00,-0.01181614
2017-09-07 00:00:00+00:00,0.00606086
2017-09-08 00:00:00+00:00,0.01933480
2017-09-09 00:00:00+00:00,-0.00165744
2017-09-11 00:00:00+00:00,0.02208933
2017-09-12 00:00:00+00:00,0.00801734
2017-09-13 00:00:00+00:00,-0.00708514
2017-09-14 00:00:00+00:00,-0.00485971
2017-09-15 00:00:00+00:00,0.00964601
2017-09-16 00:00:00+00:00,0.01147279
2017-09-18 00:00:00+00:00,0.03252406
2017-09-19 00:00:00+00:00,-0.00346856
2017-09-20 00:00:00+00:00,-0.00206611
2017-09-21 00:00:00+00:00,0.00122201
2017-09-22 00:00:00+00:00,-0.01286775
2017-09-25 00:00:00+00:00,-0.00176469
2017-09-26 00:00:00+00:00,-0.01185638
2017-09-27 00:00:00+00:00,-0.00209469
2017-09-28 00:00:00+00:00,0.00044461
2017-09-29 00:00:00+00:00,0.01584357
2017-10-10 00:00:00+00:00,0.01887091
2017-10-11 00:00:00+00:00,0.03934947
2017-10-12 00:00:00+00:00,0.01076042
2017-10-13 00:00:00+00:00,0.00240707
2017-10-16 00:00:00+00:00,0.00019519
2017-10-17 00:00:00+00:00,0.00179136
2017-10-18 00:00:00+00:00,0.00027080
2017-10-19 00:00:00+00:00,-0.01051291
2017-10-20 00:00:00+00:00,0.01294584
2017-10-23 00:00:00+00:00,0.00497297
2017-10-24 00:00:00+00:00,-0.00260652
2017-10-25 00:00:00+00:00,0.00117903
2017-10-26 00:00:00+00:00,-0.01593765
2017-10-27 00:00:00+00:00,0.01661061
2017-10-30 00:00:00+00:00,0.00299523
2017-10-31 00:00:00+00:00,0.02263765
2017-11-01 00:00:00+00:00,0.03315876
2017-11-02 00:00:00+00:00,-0.00871404
2017-11-03 00:00:00+00:00,0.00676140
2017-11-06 00:00:00+00:00,-0.01211038
2017-11-07 00:00:00+00:00,-0.00211051
2017-11-08 00:00:00+00:00,0.00901113
2017-11-09 00:00:00+00:00,-0.00978286
2017-11-10 00:00:00+00:00,-0.00404270
2017-11-13 00:00:00+00:00,-0.00776869
2017-11-14 00:00:00+00:00,-0.00332247
2017-11-15 00:00:00+00:00,-0.01124323
2017-11-16 00:00:00+00:00,0.01349621
2017-11-17 00:00:00+00:00,-0.00242846
2017-11-20 00:00:00+00:00,-0.00946199
2017-11-21 00:00:00+00:00,0.00867495
2017-11-22 00:00:00+00:00,0.01028467
2017-11-23 00:00:00+00:00,-0.00554608
2017-11-24 00:00:00+00:00,0.00399435
2017-11-27 00:00:00+00:00,-0.03832712
2017-11-28 00:00:00+00:00,0.01074345
2017-11-29 00:00:00+00:00,-0.00064254
2017-11-30 00:00:00+00:00,-0.03297334
2017-12-01 00:00:00+00:00,-0.00203408
2017-12-04 00:00:00+00:00,0.01933952
2017-12-05 00:00:00+00:00,0.00955429
2017-12-06 00:00:00+00:00,-0.02989155
2017-12-07 00:00:00+00:00,-0.00650003
2017-12-08 00:00:00+00:00,0.00567073
2017-12-11 00:00:00+00:00,0.00180932
2017-12-12 00:00:00+00:00,-0.00758185
2017-12-13 00:00:00+00:00,0.01385862
2017-12-14 00:00:00+00:00,-0.00433097
2017-12-15 00:00:00+00:00,-0.01342944
2017-12-18 00:00:00+00:00,0.00799953
2017-12-19 00:00:00+00:00,-0.00219727
2017-12-20 00:00:00+00:00,-0.00158259
2017-12-21 00:00:00+00:00,-0.04062034
2017-12-22 00:00:00+00:00,0.00972871
2017-12-26 00:00:00+00:00,-0.00677977
2017-12-27 00:00:00+00:00,0.02433211
2017-12-28 00:00:00+00:00,0.02435993
2018-01-02 00:00:00+00:00,0.00763163
2018-01-03 00:00:00+00:00,0.00760366
2018-01-04 00:00:00+00:00,-0.01664733
2018-01-05 00:00:00+00:00,0.02399834
2018-01-08 00:00:00+00:00,0.01461375
2018-01-09 00:00:00+00:00,-0.00516722
2018-01-10 00:00:00+00:00,-0.01560342
2018-01-11 00:00:00+00:00,-0.00826545
2018-01-12 00:00:00+00:00,0.00148631
2018-01-15 00:00:00+00:00,0.00377814
2018-01-16 00:00:00+00:00,0.01826155
2018-01-17 00:00:00+00:00,-0.00532975
2018-01-18 00:00:00+00:00,-0.00049708
2018-01-19 00:00:00+00:00,0.00117266
2018-01-22 00:00:00+00:00,-0.01973018
2018-01-23 00:00:00+00:00,0.02810037
2018-01-24 00:00:00+00:00,0.00357731
2018-01-25 00:00:00+00:00,0.01666708
2018-01-26 00:00:00+00:00,0.00906646
2018-01-29 00:00:00+00:00,0.01526742
2018-01-30 00:00:00+00:00,-0.02644434
2018-01-31 00:00:00+00:00,0.00234798
2018-02-01 00:00:00+00:00,-0.00586657
2018-02-02 00:00:00+00:00,-0.03628227
2018-02-05 00:00:00+00:00,-0.02505933
2018-02-06 00:00:00+00:00,-0.03402177
2018-02-07 00:00:00+00:00,-0.05222222
2018-02-08 00:00:00+00:00,0.01947042
2018-02-09 00:00:00+00:00,-0.05164343
2018-02-12 00:00:00+00:00,0.02205951
2018-02-13 00:00:00+00:00,0.02150166
2018-02-14 00:00:00+00:00,0.01983145
2018-02-19 00:00:00+00:00,0.01234155
2018-02-20 00:00:00+00:00,-0.02656666
2018-02-21 00:00:00+00:00,0.01291165
2018-02-22 00:00:00+00:00,-0.01387755
2018-02-23 00:00:00+00:00,0.03036633
2018-02-26 00:00:00+00:00,0.00278945
2018-02-27 00:00:00+00:00,-0.00744837
2018-02-28 00:00:00+00:00,-0.02123445
2018-03-02 00:00:00+00:00,-0.02537180
2018-03-05 00:00:00+00:00,-0.03006995
2018-03-06 00:00:00+00:00,0.03937249
2018-03-07 00:00:00+00:00,0.00365489
2018-03-08 00:00:00+00:00,0.01184798
2018-03-09 00:00:00+00:00,0.02172023
2018-03-12 00:00:00+00:00,0.01896686
2018-03-13 00:00:00+00:00,0.01038234
2018-03-14 00:00:00+00:00,-0.00067090
2018-03-15 00:00:00+00:00,0.00692060
2018-03-16 00:00:00+00:00,-0.00483597
2018-03-19 00:00:00+00:00,-0.01290203
2018-03-20 00:00:00+00:00,0.00789133
2018-03-21 00:00:00+00:00,0.00274003
2018-03-22 00:00:00+00:00,0.00351267
2018-03-23 00:00:00+00:00,-0.06130350
2018-03-26 00:00:00+00:00,0.01335244
2018-03-27 00:00:00+00:00,0.00390818
2018-03-28 00:00:00+00:00,-0.02826771
2018-03-29 00:00:00+00:00,0.02393308
2018-03-30 00:00:00+00:00,0.00090033
2018-04-02 00:00:00+00:00,-0.00622721
2018-04-03 00:00:00+00:00,-0.00370676
2018-04-04 00:00:00+00:00,-0.03443400
2018-04-05 00:00:00+00:00,0.03623100
2018-04-06 00:00:00+00:00,-0.01405866
2018-04-09 00:00:00+00:00,0.01317091
2018-04-10 00:00:00+00:00,0.00289293
2018-04-11 00:00:00+00:00,-0.00720271
2018-04-12 00:00:00+00:00,-0.00387763
2018-04-13 00:00:00+00:00,0.01656727
2018-04-16 00:00:00+00:00,-0.00020975
2018-04-17 00:00:00+00:00,-0.00005238
2018-04-18 00:00:00+00:00,0.02054599
2018-04-19 00:00:00+00:00,0.00418197
2018-04-20 00:00:00+00:00,-0.00789593
2018-04-23 00:00:00+00:00,0.00073275
2018-04-24 00:00:00+00:00,-0.01152343
2018-04-25 00:00:00+00:00,-0.01506200
2018-04-26 00:00:00+00:00,0.02859992
2018-04-27 00:00:00+00:00,0.01626845
2018-04-30 00:00:00+00:00,0.00943989
2018-05-02 00:00:00+00:00,-0.01120566
2018-05-03 00:00:00+00:00,-0.01111610
2018-05-04 00:00:00+00:00,-0.01149023
2018-05-08 00:00:00+00:00,-0.01406599
2018-05-09 00:00:00+00:00,0.00081750
2018-05-10 00:00:00+00:00,0.00953210
2018-05-11 00:00:00+00:00,0.01240505
2018-05-14 00:00:00+00:00,-0.00507417
2018-05-15 00:00:00+00:00,-0.01735139
2018-05-16 00:00:00+00:00,0.00153229
2018-05-17 00:00:00+00:00,-0.00497777
2018-05-18 00:00:00+00:00,0.00757460
2018-05-21 00:00:00+00:00,0.00216032
2018-05-23 00:00:00+00:00,0.01259234
2018-05-24 00:00:00+00:00,-0.00398263
2018-05-25 00:00:00+00:00,0.00482352
2018-05-28 00:00:00+00:00,0.00567559
2018-05-29 00:00:00+00:00,-0.01758924
2018-05-30 00:00:00+00:00,-0.04645387
2018-05-31 00:00:00+00:00,0.00551456
2018-06-01 00:00:00+00:00,0.01607078
2018-06-04 00:00:00+00:00,0.01194242
2018-06-05 00:00:00+00:00,0.00280680
2018-06-06 00:00:00+00:00,-0.00283518
2018-06-07 00:00:00+00:00,0.02263566
2018-06-08 00:00:00+00:00,-0.02081079
2018-06-11 00:00:00+00:00,0.01648110
2018-06-12 00:00:00+00:00,-0.00368062
2018-06-14 00:00:00+00:00,-0.02118514
2018-06-15 00:00:00+00:00,-0.00891323
2018-06-18 00:00:00+00:00,-0.02237178
2018-06-19 00:00:00+00:00,-0.02703058
2018-06-20 00:00:00+00:00,0.01719939
2018-06-21 00:00:00+00:00,-0.02158818
2018-06-22 00:00:00+00:00,0.01823182
2018-06-25 00:00:00+00:00,-0.00252530
2018-06-26 00:00:00+00:00,-0.00549749
2018-06-27 00:00:00+00:00,-0.00584297
2018-06-28 00:00:00+00:00,-0.01630531
2018-06-29 00:00:00+00:00,0.00512628
2018-07-02 00:00:00+00:00,-0.04872302
2018-07-03 00:00:00+00:00,0.00694140
2018-07-04 00:00:00+00:00,-0.00771715
2018-07-05 00:00:00+00:00,-0.00313333
2018-07-06 00:00:00+00:00,0.01021718
2018-07-09 00:00:00+00:00,0.01731350
2018-07-10 00:00:00+00:00,0.00466822
2018-07-11 00:00:00+00:00,-0.01066492
2018-07-12 00:00:00+00:00,0.00434487
2018-07-13 00:00:00+00:00,0.02088860
2018-07-16 00:00:00+00:00,-0.00498909
2018-07-17 00:00:00+00:00,-0.00257269
2018-07-18 00:00:00+00:00,-0.00173508
2018-07-19 00:00:00+00:00,-0.00760263
2018-07-20 00:00:00+00:00,0.00280510
2018-07-23 00:00:00+00:00,-0.00933443
2018-07-24 00:00:00+00:00,0.00383040
2018-07-25 00:00:00+00:00,-0.00225355
2018-07-26 00:00:00+00:00,0.01040717
2018-07-27 00:00:00+00:00,0.00566068
2018-07-30 00:00:00+00:00,-0.00282613
2018-07-31 00:00:00+00:00,0.00094832
2018-08-01 00:00:00+00:00,0.00883526
2018-08-02 00:00:00+00:00,-0.03864195
2018-08-03 00:00:00+00:00,0.01663671
2018-08-06 00:00:00+00:00,-0.00124098
2018-08-07 00:00:00+00:00,0.01346294
2018-08-08 00:00:00+00:00,-0.00073108
2018-08-09 00:00:00+00:00,-0.00089674
2018-08-10 00:00:00+00:00,-0.02324879
2018-08-13 00:00:00+00:00,-0.02437494
2018-08-14 00:00:00+00:00,0.00802768
2018-08-16 00:00:00+00:00,-0.02182887
2018-08-17 00:00:00+00:00,0.00098105
2018-08-20 00:00:00+00:00,0.00253859
2018-08-21 00:00:00+00:00,0.02104327
2018-08-22 00:00:00+00:00,0.00831558
2018-08-23 00:00:00+00:00,0.00556433
2018-08-24 00:00:00+00:00,0.00928820
2018-08-27 00:00:00+00:00,-0.00006118
2018-08-28 00:00:00+00:00,0.00281640
2018-08-29 00:00:00+00:00,0.00112240
2018-08-30 00:00:00+00:00,0.00078467
2018-08-31 00:00:00+00:00,0.00281446
2018-09-03 00:00:00+00:00,-0.00276740
2018-09-04 00:00:00+00:00,0.00146092
2018-09-05 00:00:00+00:00,-0.01173308
2018-09-06 00:00:00+00:00,-0.00141495
2018-09-07 00:00:00+00:00,-0.00648957
2018-09-10 00:00:00+00:00,0.00213710
2018-09-11 00:00:00+00:00,-0.00361450
2018-09-12 00:00:00+00:00,-0.00040064
2018-09-13 00:00:00+00:00,0.00129105
2018-09-14 00:00:00+00:00,0.02277251
2018-09-17 00:00:00+00:00,-0.01651654
2018-09-18 00:00:00+00:00,0.00891246
2018-09-19 00:00:00+00:00,0.00246504
2018-09-20 00:00:00+00:00,0.01811591
2018-09-21 00:00:00+00:00,0.00978186
2018-09-27 00:00:00+00:00,0.01388305
2018-09-28 00:00:00+00:00,-0.01045458
2018-10-01 00:00:00+00:00,-0.00180517
2018-10-02 00:00:00+00:00,-0.01167394
2018-10-04 00:00:00+00:00,-0.04608804
2018-10-05 00:00:00+00:00,-0.00467878
2018-10-08 00:00:00+00:00,-0.00725843
2018-10-10 00:00:00+00:00,-0.01484748
2018-10-11 00:00:00+00:00,-0.07742034
2018-10-12 00:00:00+00:00,0.02933007
2018-10-15 00:00:00+00:00,-0.00559581
2018-10-16 00:00:00+00:00,-0.00202895
2018-10-17 00:00:00+00:00,0.01375771
2018-10-18 00:00:00+00:00,-0.01766833
2018-10-19 00:00:00+00:00,0.00522617
2018-10-22 00:00:00+00:00,0.00512659
2018-10-23 00:00:00+00:00,-0.04776321
2018-10-24 00:00:00+00:00,-0.00738824
2018-10-25 00:00:00+00:00,-0.03349262
2018-10-26 00:00:00+00:00,-0.03200598
2018-10-29 00:00:00+00:00,-0.02227223
2018-10-30 00:00:00+00:00,0.01701171
2018-10-31 00:00:00+00:00,0.00944734
2018-11-01 00:00:00+00:00,-0.00442159
2018-11-02 00:00:00+00:00,0.07106327
2018-11-05 00:00:00+00:00,-0.01949881
2018-11-06 00:00:00+00:00,0.01343519
2018-11-07 00:00:00+00:00,-0.00999648
2018-11-08 00:00:00+00:00,0.01710642
2018-11-09 00:00:00+00:00,-0.00995632
2018-11-12 00:00:00+00:00,0.00324446
2018-11-13 00:00:00+00:00,-0.01734094
2018-11-14 00:00:00+00:00,-0.00303376
2018-11-15 00:00:00+00:00,0.02035500
2018-11-16 00:00:00+00:00,-0.00227309
2018-11-19 00:00:00+00:00,0.00508473
2018-11-20 00:00:00+00:00,-0.02098648
2018-11-21 00:00:00+00:00,-0.00822970
2018-11-22 00:00:00+00:00,-0.00118657
2018-11-23 00:00:00+00:00,-0.01404106
2018-11-26 00:00:00+00:00,0.02843789
2018-11-27 00:00:00+00:00,0.01528391
2018-11-28 00:00:00+00:00,0.01112581
2018-11-29 00:00:00+00:00,0.00248642
2018-11-30 00:00:00+00:00,-0.01884330
2018-12-03 00:00:00+00:00,0.03453569
2018-12-04 00:00:00+00:00,-0.01834053
2018-12-05 00:00:00+00:00,-0.01449913
2018-12-06 00:00:00+00:00,-0.03316995
2018-12-07 00:00:00+00:00,0.00909315
2018-12-10 00:00:00+00:00,-0.02147618
2018-12-11 00:00:00+00:00,-0.00421239
2018-12-12 00:00:00+00:00,0.02803256
2018-12-13 00:00:00+00:00,-0.00379006
2018-12-14 00:00:00+00:00,-0.03684851
2018-12-17 00:00:00+00:00,0.00716348
2018-12-18 00:00:00+00:00,-0.00765464
2018-12-19 00:00:00+00:00,0.01344441
2018-12-20 00:00:00+00:00,-0.02011064
2018-12-21 00:00:00+00:00,-0.00083311
2018-12-24 00:00:00+00:00,-0.00102459
2018-12-26 00:00:00+00:00,-0.03256880
2018-12-27 00:00:00+00:00,0.03179987
2018-12-28 00:00:00+00:00,0.00547720
2019-01-02 00:00:00+00:00,-0.02506020
2019-01-03 00:00:00+00:00,-0.01784051
2019-01-04 00:00:00+00:00,0.01649309
2019-01-07 00:00:00+00:00,0.03162130
2019-01-08 00:00:00+00:00,-0.01643313
2019-01-09 00:00:00+00:00,0.04154028
2019-01-10 00:00:00+00:00,-0.00232540
2019-01-11 00:00:00+00:00,0.01629576
2019-01-14 00:00:00+00:00,-0.01854678
2019-01-15 00:00:00+00:00,0.04137619
2019-01-16 00:00:00+00:00,0.00786522
2019-01-17 00:00:00+00:00,0.00250304
2019-01-18 00:00:00+00:00,0.01773859
2019-01-21 00:00:00+00:00,0.00011257
2019-01-22 00:00:00+00:00,-0.01153218
2019-01-23 00:00:00+00:00,0.01164777
2019-01-24 00:00:00+00:00,0.01685299
2019-01-25 00:00:00+00:00,0.03781683
2019-01-28 00:00:00+00:00,-0.00183916
2019-01-29 00:00:00+00:00,0.00967668
2019-01-30 00:00:00+00:00,0.02885442
2019-01-31 00:00:00+00:00,-0.00476320
2019-02-01 00:00:00+00:00,-0.00407682
2019-02-07 00:00:00+00:00,-0.00268923
2019-02-08 00:00:00+00:00,-0.02804191
2019-02-11 00:00:00+00:00,0.00312020
2019-02-12 00:00:00+00:00,0.01302711
2019-02-13 00:00:00+00:00,0.01030626
2019-02-14 00:00:00+00:00,0.01830582
2019-02-15 00:00:00+00:00,-0.02868108
2019-02-18 00:00:00+00:00,0.01787825
2019-02-19 00:00:00+00:00,-0.00809100
2019-02-20 00:00:00+00:00,0.01953387
2019-02-21 00:00:00+00:00,0.00131636
2019-02-22 00:00:00+00:00,0.00166155
2019-02-25 00:00:00+00:00,0.00494838
2019-02-26 00:00:00+00:00,-0.01198592
2019-02-27 00:00:00+00:00,0.00409960
2019-02-28 00:00:00+00:00,-0.03144497
2019-03-04 00:00:00+00:00,-0.00781936
2019-03-05 00:00:00+00:00,-0.01474835
2019-03-06 00:00:00+00:00,-0.00096170
2019-03-07 00:00:00+00:00,-0.01183564
2019-03-08 00:00:00+00:00,-0.02749995
2019-03-11 00:00:00+00:00,0.00156558
2019-03-12 00:00:00+00:00,0.01954759
2019-03-13 00:00:00+00:00,-0.01625776
2019-03-14 00:00:00+00:00,0.00718355
2019-03-15 00:00:00+00:00,0.02261824
2019-03-18 00:00:00+00:00,0.00046374
2019-03-19 00:00:00+00:00,-0.00185215
2019-03-20 00:00:00+00:00,0.00278076
2019-03-21 00:00:00+00:00,0.01381265
2019-03-22 00:00:00+00:00,0.00434910
2019-03-25 00:00:00+00:00,-0.04012017
2019-03-26 00:00:00+00:00,0.00082872
2019-03-27 00:00:00+00:00,0.00046923
2019-03-28 00:00:00+00:00,-0.01194080
2019-03-29 00:00:00+00:00,0.00734752
2019-04-01 00:00:00+00:00,0.02985704
2019-04-02 00:00:00+00:00,0.00774645
2019-04-03 00:00:00+00:00,0.03054917
2019-04-04 00:00:00+00:00,0.00489754
2019-04-05 00:00:00+00:00,0.00114665
2019-04-08 00:00:00+00:00,-0.00250380
2019-04-09 00:00:00+00:00,0.00062528
2019-04-10 00:00:00+00:00,0.00688953
2019-04-11 00:00:00+00:00,-0.00267492
2019-04-12 00:00:00+00:00,0.00618122
2019-04-15 00:00:00+00:00,0.01171213
2019-04-16 00:00:00+00:00,0.00388588
2019-04-17 00:00:00+00:00,0.00216390
2019-04-18 00:00:00+00:00,-0.03076017
2019-04-19 00:00:00+00:00,-0.00380628
2019-04-22 00:00:00+00:00,-0.00382193
2019-04-23 00:00:00+00:00,0.00185528
2019-04-24 00:00:00+00:00,-0.01005008
2019-04-25 00:00:00+00:00,-0.00339669
2019-04-26 00:00:00+00:00,-0.01871650
2019-04-29 00:00:00+00:00,0.04163373
2019-04-30 00:00:00+00:00,-0.01519270
2019-05-02 00:00:00+00:00,0.00955856
2019-05-03 00:00:00+00:00,-0.02011545
2019-05-07 00:00:00+00:00,-0.01521367
2019-05-08 00:00:00+00:00,-0.01249037
2019-05-09 00:00:00+00:00,-0.04495688
2019-05-10 00:00:00+00:00,-0.01187216
2019-05-13 00:00:00+00:00,-0.02006046
2019-05-14 00:00:00+00:00,-0.00118072
2019-05-15 00:00:00+00:00,0.00548552
2019-05-16 00:00:00+00:00,-0.02303013
2019-05-17 00:00:00+00:00,-0.00978234
2019-05-20 00:00:00+00:00,0.00180653
2019-05-21 00:00:00+00:00,0.00499422
2019-05-22 00:00:00+00:00,0.00218170
2019-05-23 00:00:00+00:00,-0.00438147
2019-05-24 00:00:00+00:00,-0.01619551
2019-05-27 00:00:00+00:00,0.00211355
2019-05-28 00:00:00+00:00,0.00352364
2019-05-29 00:00:00+00:00,-0.02931896
2019-05-30 00:00:00+00:00,-0.00006849
2019-05-31 00:00:00+00:00,0.00299857
2019-06-03 00:00:00+00:00,0.01257121
2019-06-04 00:00:00+00:00,-0.00083406
2019-06-05 00:00:00+00:00,0.00031534
2019-06-07 00:00:00+00:00,-0.00198074
2019-06-10 00:00:00+00:00,0.01755187
2019-06-11 00:00:00+00:00,0.00606221
2019-06-12 00:00:00+00:00,-0.00312825
2019-06-13 00:00:00+00:00,0.02684174
2019-06-14 00:00:00+00:00,-0.00080320
2019-06-17 00:00:00+00:00,0.00104518
2019-06-18 00:00:00+00:00,0.00769682
2019-06-19 00:00:00+00:00,0.02592518
2019-06-20 00:00:00+00:00,0.00629766
2019-06-21 00:00:00+00:00,-0.00241992
2019-06-24 00:00:00+00:00,-0.00042421
2019-06-25 00:00:00+00:00,-0.00187673
2019-06-26 00:00:00+00:00,0.00247831
2019-06-27 00:00:00+00:00,0.02479496
2019-06-28 00:00:00+00:00,-0.00445043
2019-07-01 00:00:00+00:00,-0.00149841
2019-07-02 00:00:00+00:00,-0.01013217
2019-07-03 00:00:00+00:00,-0.02804227
2019-07-04 00:00:00+00:00,0.01788479
2019-07-05 00:00:00+00:00,-0.00369463
2019-07-08 00:00:00+00:00,-0.04134508
2019-07-09 00:00:00+00:00,-0.00805184
2019-07-10 00:00:00+00:00,0.01056296
2019-07-11 00:00:00+00:00,0.02367636
2019-07-12 00:00:00+00:00,0.00378592
2019-07-15 00:00:00+00:00,0.00158411
2019-07-16 00:00:00+00:00,0.00889538
2019-07-17 00:00:00+00:00,-0.02117565
2019-07-18 00:00:00+00:00,-0.00548586
2019-07-19 00:00:00+00:00,0.03002214
2019-07-22 00:00:00+00:00,-0.00033294
2019-07-23 00:00:00+00:00,0.01029988
2019-07-24 00:00:00+00:00,-0.01958357
2019-07-25 00:00:00+00:00,-0.00115670
2019-07-26 00:00:00+00:00,-0.00737004
2019-07-29 00:00:00+00:00,-0.03388945
2019-07-30 00:00:00+00:00,0.00348630
2019-07-31 00:00:00+00:00,-0.00939497
2019-08-01 00:00:00+00:00,-0.00211410
2019-08-02 00:00:00+00:00,-0.01238141
2019-08-05 00:00:00+00:00,-0.06362620
2019-08-06 00:00:00+00:00,-0.02516168
2019-08-07 00:00:00+00:00,-0.00597240
2019-08-08 00:00:00+00:00,0.00507955
2019-08-09 00:00:00+00:00,0.01334873
2019-08-12 00:00:00+00:00,0.00111761
2019-08-13 00:00:00+00:00,-0.02569940
2019-08-14 00:00:00+00:00,0.02434290
2019-08-16 00:00:00+00:00,-0.00926304
2019-08-19 00:00:00+00:00,0.01254037
2019-08-20 00:00:00+00:00,0.01773402
2019-08-21 00:00:00+00:00,0.00343094
2019-08-22 00:00:00+00:00,-0.01611830
2019-08-23 00:00:00+00:00,-0.00025220
2019-08-26 00:00:00+00:00,-0.02891895
2019-08-27 00:00:00+00:00,0.00627611
2019-08-28 00:00:00+00:00,0.01272987
2019-08-29 00:00:00+00:00,-0.01275573
2019-08-30 00:00:00+00:00,0.03791191
2019-09-02 00:00:00+00:00,0.00206576
2019-09-03 00:00:00+00:00,-0.00950749
2019-09-04 00:00:00+00:00,0.02880754
2019-09-05 00:00:00+00:00,0.02113392
2019-09-06 00:00:00+00:00,0.00844143
2019-09-09 00:00:00+00:00,0.01554142
2019-09-10 00:00:00+00:00,0.00852819
2019-09-11 00:00:00+00:00,0.01593398
2019-09-16 00:00:00+00:00,0.00234084
2019-09-17 00:00:00+00:00,-0.00079630
2019-09-18 00:00:00+00:00,0.00566410
2019-09-19 00:00:00+00:00,0.00584872
2019-09-20 00:00:00+00:00,0.02587164
2019-09-23 00:00:00+00:00,0.00256868
2019-09-24 00:00:00+00:00,0.01077800
2019-09-25 00:00:00+00:00,-0.02772322
2019-09-26 00:00:00+00:00,0.00677598
2019-09-27 00:00:00+00:00,-0.02562147
2019-09-30 00:00:00+00:00,0.00968488
2019-10-01 00:00:00+00:00,0.01574824
2019-10-02 00:00:00+00:00,-0.04787062
2019-10-04 00:00:00+00:00,-0.00879266
2019-10-07 00:00:00+00:00,0.00686672
2019-10-08 00:00:00+00:00,0.02749019
2019-10-10 00:00:00+00:00,-0.01455818
2019-10-11 00:00:00+00:00,0.01382159
2019-10-14 00:00:00+00:00,0.02015641
2019-10-15 00:00:00+00:00,0.00304414
2019-10-16 00:00:00+00:00,0.01230120
2019-10-17 00:00:00+00:00,-0.00763156
2019-10-18 00:00:00+00:00,-0.01854068
2019-10-21 00:00:00+00:00,0.00909515
2019-10-22 00:00:00+00:00,0.02581182
2019-10-23 00:00:00+00:00,-0.00921805
2019-10-24 00:00:00+00:00,-0.00086211
2019-10-25 00:00:00+00:00,0.00484088
2019-10-28 00:00:00+00:00,0.00779582
2019-10-29 00:00:00+00:00,-0.00381914
2019-10-30 00:00:00+00:00,-0.01587560
2019-10-31 00:00:00+00:00,0.00503244
2019-11-01 00:00:00+00:00,0.01713384
2019-11-04 00:00:00+00:00,0.03241495
2019-11-05 00:00:00+00:00,0.00895833
2019-11-06 00:00:00+00:00,0.00329337
2019-11-07 00:00:00+00:00,-0.00232701
2019-11-08 00:00:00+00:00,-0.00777456
2019-11-11 00:00:00+00:00,-0.01715637
2019-11-12 00:00:00+00:00,0.02094638
2019-11-13 00:00:00+00:00,-0.01571528
2019-11-14 00:00:00+00:00,0.01077312
2019-11-15 00:00:00+00:00,0.03287635
2019-11-18 00:00:00+00:00,-0.00403868
2019-11-19 00:00:00+00:00,-0.00839395
2019-11-20 00:00:00+00:00,-0.02554400
2019-11-21 00:00:00+00:00,-0.03083197
2019-11-22 00:00:00+00:00,0.01199063
2019-11-25 00:00:00+00:00,0.02013904
2019-11-26 00:00:00+00:00,0.00295847
2019-11-27 00:00:00+00:00,-0.00145970
2019-11-28 00:00:00+00:00,-0.00781974
2019-11-29 00:00:00+00:00,-0.03161256
2019-12-02 00:00:00+00:00,0.00283694
2019-12-03 00:00:00+00:00,-0.01192337
2019-12-04 00:00:00+00:00,-0.01036265
2019-12-05 00:00:00+00:00,-0.00477626
2019-12-06 00:00:00+00:00,0.01965593
2019-12-09 00:00:00+00:00,0.00862470
2019-12-10 00:00:00+00:00,0.01056920
2019-12-11 00:00:00+00:00,0.00997342
2019-12-12 00:00:00+00:00,0.00743370
2019-12-13 00:00:00+00:00,0.03831611
2019-12-16 00:00:00+00:00,-0.00455999
2019-12-17 00:00:00+00:00,0.03093720
2019-12-18 00:00:00+00:00,-0.00244563
2019-12-19 00:00:00+00:00,0.00218505
2019-12-20 00:00:00+00:00,0.00355313
2019-12-23 00:00:00+00:00,-0.00124413
2019-12-24 00:00:00+00:00,-0.01562865
2019-12-26 00:00:00+00:00,0.01186247
2019-12-27 00:00:00+00:00,0.03545996
2019-12-30 00:00:00+00:00,-0.00982124
2020-01-02 00:00:00+00:00,-0.02883922
2020-01-03 00:00:00+00:00,0.00356467
2020-01-06 00:00:00+00:00,-0.01616882
2020-01-07 00:00:00+00:00,0.02123459
2020-01-08 00:00:00+00:00,-0.01424809
2020-01-09 00:00:00+00:00,0.03338558
2020-01-10 00:00:00+00:00,0.01775129
2020-01-13 00:00:00+00:00,0.02095883
2020-01-14 00:00:00+00:00,0.00910058
2020-01-15 00:00:00+00:00,-0.01262897
2020-01-16 00:00:00+00:00,0.01977421
2020-01-17 00:00:00+00:00,0.00358261
2020-01-20 00:00:00+00:00,0.01757301
2020-01-21 00:00:00+00:00,-0.02844471
2020-01-22 00:00:00+00:00,0.03157675
2020-01-23 00:00:00+00:00,-0.02628869
2020-01-28 00:00:00+00:00,-0.06429069
2020-01-29 00:00:00+00:00,0.00797449
2020-01-30 00:00:00+00:00,-0.04237153
2020-01-31 00:00:00+00:00,-0.02105271
2020-02-03 00:00:00+00:00,0.00135754
2020-02-04 00:00:00+00:00,0.04343194
2020-02-05 00:00:00+00:00,0.00595950
2020-02-06 00:00:00+00:00,0.06187636
2020-02-07 00:00:00+00:00,-0.02128028
2020-02-10 00:00:00+00:00,-0.01144402
2020-02-11 00:00:00+00:00,0.02289164
2020-02-12 00:00:00+00:00,0.01329582
2020-02-13 00:00:00+00:00,-0.00965410
2020-02-14 00:00:00+00:00,0.01909155
2020-02-17 00:00:00+00:00,-0.00243717
2020-02-18 00:00:00+00:00,-0.01689060
2020-02-19 00:00:00+00:00,0.00243063
2020-02-20 00:00:00+00:00,-0.00384466
2020-02-21 00:00:00+00:00,-0.01837635
2020-02-24 00:00:00+00:00,-0.08251202
2020-02-25 00:00:00+00:00,0.02485261
2020-02-26 00:00:00+00:00,-0.03376447
2020-02-27 00:00:00+00:00,-0.01647156
2020-02-28 00:00:00+00:00,-0.06610490
2020-03-02 00:00:00+00:00,0.01821106
2020-03-03 00:00:00+00:00,0.00993771
2020-03-04 00:00:00+00:00,0.04404683
2020-03-05 00:00:00+00:00,0.02154338
2020-03-06 00:00:00+00:00,-0.04623802
2020-03-09 00:00:00+00:00,-0.08435057
2020-03-10 00:00:00+00:00,0.01999700
2020-03-11 00:00:00+00:00,-0.06171277
2020-03-12 00:00:00+00:00,-0.05100429
2020-03-13 00:00:00+00:00,-0.03835877
2020-03-16 00:00:00+00:00,-0.08608993
2020-03-17 00:00:00+00:00,-0.04052243
2020-03-18 00:00:00+00:00,-0.08768954
2020-03-19 00:00:00+00:00,-0.08942897
2020-03-20 00:00:00+00:00,0.09181979
2020-03-23 00:00:00+00:00,-0.09410235
2020-03-24 00:00:00+00:00,0.09728890
2020-03-25 00:00:00+00:00,0.09846783
2020-03-26 00:00:00+00:00,-0.04193711
2020-03-27 00:00:00+00:00,0.05162264
2020-03-30 00:00:00+00:00,-0.02676494
2020-03-31 00:00:00+00:00,0.04971149
2020-04-01 00:00:00+00:00,-0.09322499
2020-04-02 00:00:00+00:00,0.05684572
2020-04-03 00:00:00+00:00,-0.00043723
2020-04-04 00:00:00+00:00,-0.00972897
2020-04-07 00:00:00+00:00,0.09953681
2020-04-08 00:00:00+00:00,-0.00270017
2020-04-09 00:00:00+00:00,0.03001155
2020-04-10 00:00:00+00:00,0.01651808
2020-04-13 00:00:00+00:00,-0.03926438
2020-04-14 00:00:00+00:00,0.03904121
2020-04-16 00:00:00+00:00,-0.00000668
2020-04-17 00:00:00+00:00,0.06208942
2020-04-20 00:00:00+00:00,-0.02650197
2020-04-21 00:00:00+00:00,-0.02209958
2020-04-22 00:00:00+00:00,0.00090031
2020-04-23 00:00:00+00:00,0.02466693
2020-04-24 00:00:00+00:00,-0.02108793
2020-04-27 00:00:00+00:00,0.04247264
2020-04-28 00:00:00+00:00,0.01269256
2020-04-29 00:00:00+00:00,0.01718209
2020-05-04 00:00:00+00:00,-0.06587143
2020-05-06 00:00:00+00:00,0.04426493
2020-05-07 00:00:00+00:00,-0.01097733
2020-05-08 00:00:00+00:00,0.02109453
2020-05-11 00:00:00+00:00,-0.01677658
2020-05-12 00:00:00+00:00,-0.01259236
2020-05-13 00:00:00+00:00,0.02372819
2020-05-14 00:00:00+00:00,-0.02582254
2020-05-15 00:00:00+00:00,0.01009897
2020-05-18 00:00:00+00:00,0.01793565
2020-05-19 00:00:00+00:00,0.04746402
2020-05-20 00:00:00+00:00,0.00190272
2020-05-21 00:00:00+00:00,0.01010273
2020-05-22 00:00:00+00:00,-0.03567284
2020-05-25 00:00:00+00:00,0.03167871
2020-05-26 00:00:00+00:00,0.02870104
2020-05-27 00:00:00+00:00,0.00580632
2020-05-28 00:00:00+00:00,0.00616261
2020-05-29 00:00:00+00:00,-0.00783506
2020-06-01 00:00:00+00:00,0.04452113
2020-06-02 00:00:00+00:00,0.01957590
2020-06-03 00:00:00+00:00,0.07375170
2020-06-04 00:00:00+00:00,0.00418752
2020-06-05 00:00:00+00:00,0.03522765
2020-06-08 00:00:00+00:00,-0.00566659
2020-06-09 00:00:00+00:00,0.00222822
2020-06-10 00:00:00+00:00,0.00428668
2020-06-11 00:00:00+00:00,-0.02313550
2020-06-12 00:00:00+00:00,-0.04854918
2020-06-15 00:00:00+00:00,-0.09250005
2020-06-16 00:00:00+00:00,0.10424779
2020-06-17 00:00:00+00:00,0.00301468
2020-06-18 00:00:00+00:00,-0.00160356
2020-06-19 00:00:00+00:00,0.00389726
2020-06-22 00:00:00+00:00,-0.01506173
2020-06-23 00:00:00+00:00,0.00516898
2020-06-24 00:00:00+00:00,0.03450661
2020-06-25 00:00:00+00:00,-0.05494006
2020-06-26 00:00:00+00:00,0.03004015
2020-06-29 00:00:00+00:00,-0.03174400
2020-06-30 00:00:00+00:00,0.01691806
2020-07-01 00:00:00+00:00,0.00017206
2020-07-02 00:00:00+00:00,0.02017563
2020-07-03 00:00:00+00:00,0.02280513
2020-07-06 00:00:00+00:00,0.03128161
2020-07-07 00:00:00+00:00,-0.02359078
2020-07-08 00:00:00+00:00,-0.00540644
2020-07-09 00:00:00+00:00,0.00855113
2020-07-10 00:00:00+00:00,-0.02174162
2020-07-13 00:00:00+00:00,0.03973335
2020-07-14 00:00:00+00:00,-0.00207559
2020-07-15 00:00:00+00:00,0.01949653
2020-07-16 00:00:00+00:00,-0.02325363
2020-07-17 00:00:00+00:00,0.01832691
2020-07-20 00:00:00+00:00,-0.00600414
2020-07-21 00:00:00+00:00,0.02920860
2020-07-22 00:00:00+00:00,-0.00559637
2020-07-23 00:00:00+00:00,-0.01597324
2020-07-24 00:00:00+00:00,-0.00994054
2020-07-27 00:00:00+00:00,0.02270614
2020-07-28 00:00:00+00:00,0.03828573
2020-07-29 00:00:00+00:00,0.01302282
2020-07-30 00:00:00+00:00,0.00397814
2020-07-31 00:00:00+00:00,-0.01557328
2020-08-03 00:00:00+00:00,-0.00300908
2020-08-04 00:00:00+00:00,0.02389970
2020-08-05 00:00:00+00:00,0.02592786
2020-08-06 00:00:00+00:00,0.03146888
2020-08-07 00:00:00+00:00,0.00368706
2020-08-10 00:00:00+00:00,0.03237163
2020-08-11 00:00:00+00:00,0.02617725
2020-08-12 00:00:00+00:00,0.00840698
2020-08-13 00:00:00+00:00,0.00262908
2020-08-14 00:00:00+00:00,-0.02646365
2020-08-18 00:00:00+00:00,-0.03593275
2020-08-19 00:00:00+00:00,0.00318897
2020-08-20 00:00:00+00:00,-0.07608182
2020-08-21 00:00:00+00:00,0.03547219
2020-08-24 00:00:00+00:00,0.01808475
2020-08-25 00:00:00+00:00,0.02598749
2020-08-26 00:00:00+00:00,0.00126955
2020-08-27 00:00:00+00:00,-0.01896351
2020-08-28 00:00:00+00:00,0.01285832
2020-08-31 00:00:00+00:00,-0.03787707
2020-09-01 00:00:00+00:00,0.02019977
2020-09-02 00:00:00+00:00,0.00966875
2020-09-03 00:00:00+00:00,0.02839625
2020-09-04 00:00:00+00:00,-0.03007376
2020-09-07 00:00:00+00:00,0.01349043
2020-09-08 00:00:00+00:00,0.02536104
2020-09-09 00:00:00+00:00,-0.02333116
2020-09-10 00:00:00+00:00,0.01529548
2020-09-11 00:00:00+00:00,-0.00095568
2020-09-14 00:00:00+00:00,0.02562728
2020-09-15 00:00:00+00:00,0.01530679
2020-09-16 00:00:00+00:00,-0.00543291
2020-09-17 00:00:00+00:00,-0.03078879
2020-09-18 00:00:00+00:00,0.00630900
2020-09-21 00:00:00+00:00,-0.01573815
2020-09-22 00:00:00+00:00,-0.04901407
2020-09-23 00:00:00+00:00,0.00812605
2020-09-24 00:00:00+00:00,-0.04664503
2020-09-25 00:00:00+00:00,0.00911263
2020-09-28 00:00:00+00:00,0.02870292
2020-09-29 00:00:00+00:00,0.01642284
2020-10-05 00:00:00+00:00,0.02499877
2020-10-06 00:00:00+00:00,0.00397871
2020-10-07 00:00:00+00:00,0.01923153
2020-10-08 00:00:00+00:00,0.00330078
2020-10-12 00:00:00+00:00,0.00502446
2020-10-13 00:00:00+00:00,-0.00078880
2020-10-14 00:00:00+00:00,-0.02005253
2020-10-15 00:00:00+00:00,-0.01598650
2020-10-16 00:00:00+00:00,-0.01053158
2020-10-19 00:00:00+00:00,0.00223832
2020-10-20 00:00:00+00:00,0.01664259
2020-10-21 00:00:00+00:00,0.00682230
2020-10-22 00:00:00+00:00,-0.01329837
2020-10-23 00:00:00+00:00,0.00780480
2020-10-26 00:00:00+00:00,-0.00032248
2020-10-27 00:00:00+00:00,-0.00984654
2020-10-28 00:00:00+00:00,-0.02107134
2020-10-29 00:00:00+00:00,-0.01758019
2020-10-30 00:00:00+00:00,-0.00342262
2020-11-02 00:00:00+00:00,-0.01973124
2020-11-03 00:00:00+00:00,0.04280718
2020-11-04 00:00:00+00:00,0.01047697
2020-11-05 00:00:00+00:00,0.04378698
2020-11-06 00:00:00+00:00,0.02321048
2020-11-09 00:00:00+00:00,0.02994508
2020-11-10 00:00:00+00:00,-0.00779628
2020-11-11 00:00:00+00:00,0.01931692
2020-11-12 00:00:00+00:00,0.00698151
2020-11-13 00:00:00+00:00,-0.00681505
2020-11-16 00:00:00+00:00,0.05346613
2020-11-17 00:00:00+00:00,0.02026128
2020-11-18 00:00:00+00:00,-0.00879105
2020-11-19 00:00:00+00:00,-0.00544801
2020-11-20 00:00:00+00:00,0.00442029
2020-11-23 00:00:00+00:00,0.03988930
2020-11-24 00:00:00+00:00,0.03015374
2020-11-25 00:00:00+00:00,0.00042151
2020-11-26 00:00:00+00:00,-0.01990549
2020-11-27 00:00:00+00:00,0.02023632
2020-11-30 00:00:00+00:00,-0.01492386
2020-12-01 00:00:00+00:00,0.00028291
2020-12-02 00:00:00+00:00,0.01784458
2020-12-03 00:00:00+00:00,0.00920776
2020-12-04 00:00:00+00:00,0.07024130
2020-12-07 00:00:00+00:00,0.00452204
2020-12-08 00:00:00+00:00,-0.02222702
2020-12-09 00:00:00+00:00,0.00895710
2020-12-10 00:00:00+00:00,-0.00069569
2020-12-11 00:00:00+00:00,0.02735105
2020-12-14 00:00:00+00:00,0.00094924
2020-12-15 00:00:00+00:00,-0.01579777
2020-12-16 00:00:00+00:00,0.01249000
2020-12-17 00:00:00+00:00,-0.00505274
2020-12-18 00:00:00+00:00,0.00464999
2020-12-21 00:00:00+00:00,-0.01310730
2020-12-22 00:00:00+00:00,-0.00179300
2020-12-23 00:00:00+00:00,-0.02090133
2020-12-24 00:00:00+00:00,0.05323374
2020-12-28 00:00:00+00:00,0.03681623
2020-12-29 00:00:00+00:00,0.02271597
2020-12-30 00:00:00+00:00,0.00341081
2021-01-04 00:00:00+00:00,0.09746339
2021-01-05 00:00:00+00:00,-0.00013001
2021-01-06 00:00:00+00:00,0.03151068
2021-01-07 00:00:00+00:00,0.01921393
2021-01-08 00:00:00+00:00,0.04487853
2021-01-11 00:00:00+00:00,0.10731557
2021-01-12 00:00:00+00:00,-0.05931362
2021-01-13 00:00:00+00:00,-0.00187110
2021-01-14 00:00:00+00:00,0.00466259
2021-01-15 00:00:00+00:00,-0.01082887
2021-01-18 00:00:00+00:00,-0.03817368
2021-01-19 00:00:00+00:00,-0.01623419
2021-01-20 00:00:00+00:00,0.03706339
2021-01-21 00:00:00+00:00,0.01051400
2021-01-22 00:00:00+00:00,0.01385148
2021-01-25 00:00:00+00:00,0.01807531
2021-01-26 00:00:00+00:00,0.00288638
2021-01-27 00:00:00+00:00,-0.01745718
2021-01-28 00:00:00+00:00,-0.07036782
2021-01-29 00:00:00+00:00,-0.00459525
2021-02-01 00:00:00+00:00,-0.02336412
2021-02-02 00:00:00+00:00,0.06698911
2021-02-03 00:00:00+00:00,0.01883052
2021-02-04 00:00:00+00:00,-0.03932752
2021-02-05 00:00:00+00:00,0.00658173
2021-02-08 00:00:00+00:00,-0.00346405
2021-02-09 00:00:00+00:00,0.02869067
2021-02-10 00:00:00+00:00,-0.03110647
2021-02-15 00:00:00+00:00,0.04009681
2021-02-16 00:00:00+00:00,0.01443119
2021-02-17 00:00:00+00:00,-0.03457883
2021-02-18 00:00:00+00:00,0.00485589
2021-02-19 00:00:00+00:00,-0.02424953
2021-02-22 00:00:00+00:00,0.02799704
2021-02-23 00:00:00+00:00,-0.06031985
2021-02-24 00:00:00+00:00,0.01642784
2021-02-25 00:00:00+00:00,0.00820282
2021-02-26 00:00:00+00:00,-0.02717700
2021-03-02 00:00:00+00:00,0.05556536
2021-03-03 00:00:00+00:00,-0.02822620
2021-03-04 00:00:00+00:00,0.00793094
2021-03-05 00:00:00+00:00,-0.04996771
2021-03-08 00:00:00+00:00,0.01977999
2021-03-09 00:00:00+00:00,-0.03987807
2021-03-10 00:00:00+00:00,0.02908265
2021-03-11 00:00:00+00:00,-0.00442898
2021-03-12 00:00:00+00:00,0.04104364
2021-03-15 00:00:00+00:00,-0.01143393
2021-03-16 00:00:00+00:00,0.00676673
2021-03-17 00:00:00+00:00,-0.01121332
2021-03-18 00:00:00+00:00,0.02918080
2021-03-19 00:00:00+00:00,-0.03762830
2021-03-22 00:00:00+00:00,-0.00353430
2021-03-23 00:00:00+00:00,0.01134814
2021-03-24 00:00:00+00:00,-0.03284766
2021-03-25 00:00:00+00:00,0.00863242
2021-03-26 00:00:00+00:00,0.01031119
2021-03-29 00:00:00+00:00,0.01087319
2021-03-30 00:00:00+00:00,0.02126301
2021-03-31 00:00:00+00:00,-0.00409125
2021-04-01 00:00:00+00:00,0.01988121
2021-04-02 00:00:00+00:00,0.02182673
2021-04-05 00:00:00+00:00,0.00259333
2021-04-06 00:00:00+00:00,0.00353333
2021-04-07 00:00:00+00:00,0.00282084
2021-04-08 00:00:00+00:00,-0.00258760
2021-04-09 00:00:00+00:00,-0.00824116
2021-04-12 00:00:00+00:00,0.00105998
2021-04-13 00:00:00+00:00,0.02231353
2021-04-14 00:00:00+00:00,0.01272306
2021-04-15 00:00:00+00:00,0.00289755
2021-04-16 00:00:00+00:00,-0.00313136
2021-04-19 00:00:00+00:00,0.00243360
2021-04-20 00:00:00+00:00,0.01007899
2021-04-21 00:00:00+00:00,-0.03575459
2021-04-22 00:00:00+00:00,0.00633785
2021-04-23 00:00:00+00:00,-0.00140781
2021-04-26 00:00:00+00:00,0.01897321
2021-04-27 00:00:00+00:00,0.00289722
2021-04-28 00:00:00+00:00,-0.02317270
2021-04-29 00:00:00+00:00,-0.00445783
2021-04-30 00:00:00+00:00,-0.01715522
2021-05-03 00:00:00+00:00,-0.00995798
2021-05-04 00:00:00+00:00,0.01583786
2021-05-06 00:00:00+00:00,0.00980322
2021-05-07 00:00:00+00:00,0.01763159
2021-05-10 00:00:00+00:00,0.03239428
2021-05-11 00:00:00+00:00,-0.03670026
2021-05-12 00:00:00+00:00,-0.03341813
2021-05-13 00:00:00+00:00,-0.02543374
2021-05-14 00:00:00+00:00,0.02202674
2021-05-17 00:00:00+00:00,-0.00785909
2021-05-18 00:00:00+00:00,0.02163217
2021-05-20 00:00:00+00:00,-0.00615085
2021-05-21 00:00:00+00:00,0.00201363
2021-05-24 00:00:00+00:00,-0.00865114
2021-05-25 00:00:00+00:00,0.02177492
2021-05-26 00:00:00+00:00,-0.00588662
2021-05-27 00:00:00+00:00,-0.00389806
2021-05-28 00:00:00+00:00,0.01584565
2021-05-31 00:00:00+00:00,0.00727147
2021-06-01 00:00:00+00:00,0.01320718
2021-06-02 00:00:00+00:00,-0.00220989
2021-06-03 00:00:00+00:00,0.01709186
2021-06-04 00:00:00+00:00,-0.00392563
2021-06-07 00:00:00+00:00,0.00277901
2021-06-08 00:00:00+00:00,-0.00323618
2021-06-09 00:00:00+00:00,-0.02243623
2021-06-10 00:00:00+00:00,0.00724902
2021-06-11 00:00:00+00:00,0.01480884
2021-06-14 00:00:00+00:00,0.00057528
2021-06-15 00:00:00+00:00,0.00520342
2021-06-16 00:00:00+00:00,0.01233890
2021-06-17 00:00:00+00:00,-0.01341647
2021-06-18 00:00:00+00:00,0.00530681
2021-06-21 00:00:00+00:00,-0.01922344
2021-06-22 00:00:00+00:00,0.01487128
2021-06-23 00:00:00+00:00,0.01107134
2021-06-24 00:00:00+00:00,0.00848509
2021-06-25 00:00:00+00:00,0.00947731
2021-06-28 00:00:00+00:00,-0.00261973
2021-06-29 00:00:00+00:00,-0.00911563
2021-06-30 00:00:00+00:00,0.00777555
2021-07-01 00:00:00+00:00,-0.01435964
2021-07-02 00:00:00+00:00,-0.00138143
2021-07-05 00:00:00+00:00,0.01182283
2021-07-06 00:00:00+00:00,0.00593282
2021-07-07 00:00:00+00:00,-0.01286544
2021-07-08 00:00:00+00:00,-0.02199720
2021-07-09 00:00:00+00:00,-0.02549654
2021-07-12 00:00:00+00:00,0.02393116
2021-07-13 00:00:00+00:00,0.01564453
2021-07-14 00:00:00+00:00,-0.00564074
2021-07-15 00:00:00+00:00,0.01407082
2021-07-16 00:00:00+00:00,-0.01054225
2021-07-19 00:00:00+00:00,-0.02350077
2021-07-20 00:00:00+00:00,-0.00373319
2021-07-21 00:00:00+00:00,-0.01273023
2021-07-22 00:00:00+00:00,0.02632113
2021-07-23 00:00:00+00:00,0.00243133
2021-07-26 00:00:00+00:00,-0.01795616
2021-07-27 00:00:00+00:00,0.00221665
2021-07-28 00:00:00+00:00,0.00279841
2021-07-29 00:00:00+00:00,0.00279398
2021-07-30 00:00:00+00:00,-0.02515525
2021-08-02 00:00:00+00:00,0.01131816
2021-08-03 00:00:00+00:00,0.01757892
2021-08-04 00:00:00+00:00,0.02962992
2021-08-05 00:00:00+00:00,-0.00401278
2021-08-06 00:00:00+00:00,-0.00906989
2021-08-09 00:00:00+00:00,-0.00841900
2021-08-10 00:00:00+00:00,-0.01424686
2021-08-11 00:00:00+00:00,-0.01760924
2021-08-12 00:00:00+00:00,-0.00741578
2021-08-13 00:00:00+00:00,-0.03472301
2021-08-17 00:00:00+00:00,-0.02163407
2021-08-18 00:00:00+00:00,0.00728434
2021-08-19 00:00:00+00:00,-0.03668244
2021-08-20 00:00:00+00:00,-0.02195228
2021-08-23 00:00:00+00:00,0.01957204
2021-08-24 00:00:00+00:00,0.03641554
2021-08-25 00:00:00+00:00,0.00654302
2021-08-26 00:00:00+00:00,-0.01462996
2021-08-27 00:00:00+00:00,-0.00061294
2021-08-30 00:00:00+00:00,0.00645166
2021-08-31 00:00:00+00:00,0.03739292
2021-09-01 00:00:00+00:00,0.00273748
2021-09-02 00:00:00+00:00,-0.01845187
2021-09-03 00:00:00+00:00,0.01429042
2021-09-06 00:00:00+00:00,0.00536413
2021-09-07 00:00:00+00:00,-0.00976216
2021-09-08 00:00:00+00:00,-0.01745964
2021-09-09 00:00:00+00:00,-0.03534767
2021-09-10 00:00:00+00:00,0.00638427
2021-09-13 00:00:00+00:00,0.00513745
2021-09-14 00:00:00+00:00,0.01342236
2021-09-15 00:00:00+00:00,0.00351184
2021-09-16 00:00:00+00:00,-0.01742644
2021-09-17 00:00:00+00:00,0.00451350
2021-09-23 00:00:00+00:00,-0.00438566
2021-09-24 00:00:00+00:00,-0.00098002
2021-09-27 00:00:00+00:00,0.00524815
2021-09-28 00:00:00+00:00,-0.02556984
2021-09-29 00:00:00+00:00,-0.02925217
2021-09-30 00:00:00+00:00,0.00888468
2021-10-01 00:00:00+00:00,-0.03812975
2021-10-05 00:00:00+00:00,-0.02655354
2021-10-06 00:00:00+00:00,-0.03026009
2021-10-07 00:00:00+00:00,0.03005736
2021-10-08 00:00:00+00:00,-0.00103402
2021-10-12 00:00:00+00:00,-0.03852998
2021-10-13 00:00:00+00:00,0.02154657
2021-10-14 00:00:00+00:00,0.02366015
2021-10-15 00:00:00+00:00,0.02414817
2021-10-18 00:00:00+00:00,-0.00546092
2021-10-19 00:00:00+00:00,0.01488702
2021-10-20 00:00:00+00:00,-0.00771007
2021-10-21 00:00:00+00:00,-0.00292183
2021-10-22 00:00:00+00:00,0.00240994
2021-10-25 00:00:00+00:00,0.00710154
2021-10-26 00:00:00+00:00,0.01920717
2021-10-27 00:00:00+00:00,-0.01841137
2021-10-28 00:00:00+00:00,-0.00468001
2021-10-29 00:00:00+00:00,-0.03041475
2021-11-01 00:00:00+00:00,0.01505204
2021-11-02 00:00:00+00:00,0.02631514
2021-11-03 00:00:00+00:00,-0.01890523
2021-11-04 00:00:00+00:00,0.01169961
2021-11-05 00:00:00+00:00,-0.03036057
2021-11-08 00:00:00+00:00,-0.01669394
2021-11-09 00:00:00+00:00,0.01773534
2021-11-10 00:00:00+00:00,0.00294773
2021-11-11 00:00:00+00:00,-0.03000786
2021-11-12 00:00:00+00:00,0.03018854
2021-11-15 00:00:00+00:00,0.02461151
2021-11-16 00:00:00+00:00,0.00341384
2021-11-17 00:00:00+00:00,-0.01985482
2021-11-18 00:00:00+00:00,-0.01494082
2021-11-19 00:00:00+00:00,-0.00077572
2021-11-22 00:00:00+00:00,0.03681156
2021-11-23 00:00:00+00:00,0.00795857
2021-11-24 00:00:00+00:00,-0.00415837
2021-11-25 00:00:00+00:00,-0.01640601
2021-11-26 00:00:00+00:00,-0.01920550
2021-11-29 00:00:00+00:00,-0.03223714
2021-11-30 00:00:00+00:00,0.00299815
2021-12-01 00:00:00+00:00,-0.03441500
2021-12-02 00:00:00+00:00,0.03379763
2021-12-03 00:00:00+00:00,0.01877282
2021-12-06 00:00:00+00:00,0.01033452
2021-12-07 00:00:00+00:00,0.01477904
2021-12-08 00:00:00+00:00,0.03241834
2021-12-09 00:00:00+00:00,-0.01643480
2021-12-10 00:00:00+00:00,-0.01124740
2021-12-13 00:00:00+00:00,0.02940012
2021-12-14 00:00:00+00:00,-0.03548566
2021-12-15 00:00:00+00:00,-0.00843314
2021-12-16 00:00:00+00:00,0.01678454
2021-12-17 00:00:00+00:00,0.00254019
2021-12-20 00:00:00+00:00,-0.01511582
2021-12-21 00:00:00+00:00,-0.01779088
2021-12-22 00:00:00+00:00,0.02142584
2021-12-23 00:00:00+00:00,0.00497691
2021-12-24 00:00:00+00:00,0.02306451
2021-12-27 00:00:00+00:00,-0.01171848
2021-12-28 00:00:00+00:00,0.00252960
2021-12-29 00:00:00+00:00,0.01974032
2021-12-30 00:00:00+00:00,-0.01642815
2022-01-03 00:00:00+00:00,-0.00202583
2022-01-04 00:00:00+00:00,0.00227119
2022-01-05 00:00:00+00:00,-0.02755473
2022-01-06 00:00:00+00:00,-0.01422524
2022-01-07 00:00:00+00:00,0.01444075
2022-01-10 00:00:00+00:00,-0.02959418
2022-01-11 00:00:00+00:00,0.02365174
2022-01-12 00:00:00+00:00,0.01888376
2022-01-13 00:00:00+00:00,0.01234283
2022-01-14 00:00:00+00:00,-0.03214181
2022-01-17 00:00:00+00:00,-0.02019132
2022-01-18 00:00:00+00:00,0.00155291
2022-01-19 00:00:00+00:00,-0.02727302
2022-01-20 00:00:00+00:00,-0.01198286
2022-01-21 00:00:00+00:00,-0.00900918
2022-01-24 00:00:00+00:00,-0.02527328
2022-01-25 00:00:00+00:00,-0.03906520
2022-01-26 00:00:00+00:00,-0.00605128
2022-01-27 00:00:00+00:00,-0.03928072
2022-01-28 00:00:00+00:00,-0.03625401
2022-02-03 00:00:00+00:00,0.08526192
2022-02-04 00:00:00+00:00,0.00506902
2022-02-07 00:00:00+00:00,-0.02300989
2022-02-08 00:00:00+00:00,0.02822871
2022-02-09 00:00:00+00:00,0.00367666
2022-02-10 00:00:00+00:00,0.02179035
2022-02-11 00:00:00+00:00,-0.01875622
2022-02-14 00:00:00+00:00,-0.02124373
2022-02-15 00:00:00+00:00,-0.00125246
2022-02-16 00:00:00+00:00,0.01320080
2022-02-17 00:00:00+00:00,0.02774984
2022-02-18 00:00:00+00:00,-0.02914269
2022-02-21 00:00:00+00:00,-0.00521233
2022-02-22 00:00:00+00:00,0.00149708
2022-02-23 00:00:00+00:00,0.00039889
2022-02-24 00:00:00+00:00,-0.03986364
2022-02-25 00:00:00+00:00,0.02122271
2022-02-28 00:00:00+00:00,-0.01653014
2022-03-02 00:00:00+00:00,0.01550172
2022-03-03 00:00:00+00:00,0.02636150
2022-03-04 00:00:00+00:00,-0.02164685
2022-03-07 00:00:00+00:00,-0.04422549
2022-03-08 00:00:00+00:00,-0.01657587
2022-03-10 00:00:00+00:00,0.03903999
2022-03-11 00:00:00+00:00,-0.01795585
2022-03-14 00:00:00+00:00,0.00704877
2022-03-15 00:00:00+00:00,-0.01578347
2022-03-16 00:00:00+00:00,-0.00228582
2022-03-17 00:00:00+00:00,0.06560208
2022-03-18 00:00:00+00:00,-0.01528653
2022-03-21 00:00:00+00:00,0.00469614
2022-03-22 00:00:00+00:00,-0.00900662
2022-03-23 00:00:00+00:00,0.02580975
2022-03-24 00:00:00+00:00,-0.01606202
2022-03-25 00:00:00+00:00,-0.00388869
2022-03-28 00:00:00+00:00,0.00843071
2022-03-29 00:00:00+00:00,0.00480971
2022-03-30 00:00:00+00:00,0.00837426
2022-03-31 00:00:00+00:00,0.00464049
2022-04-01 00:00:00+00:00,-0.01300250
2022-04-04 00:00:00+00:00,0.01085124
2022-04-05 00:00:00+00:00,-0.00152670
2022-04-06 00:00:00+00:00,-0.02165665
2022-04-07 00:00:00+00:00,-0.02813013
2022-04-08 00:00:00+00:00,0.00110145
2022-04-11 00:00:00+00:00,-0.00086408
2022-04-12 00:00:00+00:00,-0.02009668
2022-04-13 00:00:00+00:00,0.03712895
2022-04-14 00:00:00+00:00,-0.00879761
2022-04-15 00:00:00+00:00,-0.02366744
2022-04-18 00:00:00+00:00,0.00252386
2022-04-19 00:00:00+00:00,0.01962304
2022-04-20 00:00:00+00:00,-0.00016544
2022-04-21 00:00:00+00:00,0.00907682
2022-04-22 00:00:00+00:00,-0.02330086
2022-04-25 00:00:00+00:00,-0.03232011
2022-04-26 00:00:00+00:00,0.00757110
2022-04-27 00:00:00+00:00,-0.02486145
2022-04-28 00:00:00+00:00,0.02136177
2022-04-29 00:00:00+00:00,0.03114807
2022-05-02 00:00:00+00:00,-0.00959959
2022-05-03 00:00:00+00:00,-0.00413246
2022-05-04 00:00:00+00:00,0.00592670
2022-05-06 00:00:00+00:00,-0.02972493
2022-05-09 00:00:00+00:00,-0.01753686
2022-05-10 00:00:00+00:00,-0.01276665
2022-05-11 00:00:00+00:00,-0.00075626
2022-05-12 00:00:00+00:00,-0.03223506
2022-05-13 00:00:00+00:00,0.04870348
2022-05-16 00:00:00+00:00,-0.01015258
2022-05-17 00:00:00+00:00,0.02075256
2022-05-18 00:00:00+00:00,0.00385231
2022-05-19 00:00:00+00:00,-0.03161365
2022-05-20 00:00:00+00:00,0.03950186
2022-05-23 00:00:00+00:00,0.00526134
2022-05-24 00:00:00+00:00,-0.03598596
2022-05-25 00:00:00+00:00,0.00854068
2022-05-26 00:00:00+00:00,-0.00639765
2022-05-27 00:00:00+00:00,0.02391841
2022-05-30 00:00:00+00:00,0.02334976
2022-05-31 00:00:00+00:00,0.00946861
2022-06-02 00:00:00+00:00,-0.02246671
2022-06-03 00:00:00+00:00,0.01166707
2022-06-07 00:00:00+00:00,-0.03976507
2022-06-08 00:00:00+00:00,0.00503035
2022-06-09 00:00:00+00:00,-0.00538018
2022-06-10 00:00:00+00:00,-0.02423284
2022-06-13 00:00:00+00:00,-0.06525679
2022-06-14 00:00:00+00:00,-0.01338984
2022-06-15 00:00:00+00:00,-0.03772107
2022-06-16 00:00:00+00:00,0.00088621
2022-06-17 00:00:00+00:00,-0.01309641
2022-06-20 00:00:00+00:00,-0.03617447
2022-06-21 00:00:00+00:00,0.01746943
2022-06-22 00:00:00+00:00,-0.05466406
2022-06-23 00:00:00+00:00,-0.01401356
2022-06-24 00:00:00+00:00,0.04246198
2022-06-27 00:00:00+00:00,0.02348189
2022-06-28 00:00:00+00:00,0.01782205
2022-06-29 00:00:00+00:00,-0.03422604
2022-06-30 00:00:00+00:00,-0.03721683
2022-07-01 00:00:00+00:00,-0.01680079
2022-07-04 00:00:00+00:00,-0.00283699
2022-07-05 00:00:00+00:00,0.03309667
2022-07-06 00:00:00+00:00,-0.04251541
2022-07-07 00:00:00+00:00,0.03837945
2022-07-08 00:00:00+00:00,0.00965318
2022-07-11 00:00:00+00:00,-0.00891939
2022-07-12 00:00:00+00:00,-0.02173968
2022-07-13 00:00:00+00:00,0.01236392
2022-07-14 00:00:00+00:00,-0.00657225
2022-07-15 00:00:00+00:00,0.01102733
2022-07-18 00:00:00+00:00,0.04616028
2022-07-19 00:00:00+00:00,-0.01005950
2022-07-20 00:00:00+00:00,0.01729870
2022-07-21 00:00:00+00:00,0.01636402
2022-07-22 00:00:00+00:00,-0.00680830
2022-07-25 00:00:00+00:00,0.00668829
2022-07-26 00:00:00+00:00,0.00776411
2022-07-27 00:00:00+00:00,-0.00131932
2022-07-28 00:00:00+00:00,0.01414321
2022-07-29 00:00:00+00:00,0.00753074
2022-08-01 00:00:00+00:00,0.00085862
2022-08-02 00:00:00+00:00,-0.01350665
2022-08-03 00:00:00+00:00,0.01579393
2022-08-04 00:00:00+00:00,0.01072867
2022-08-05 00:00:00+00:00,0.01066991
2022-08-08 00:00:00+00:00,-0.00236258
2022-08-09 00:00:00+00:00,0.00634235
2022-08-10 00:00:00+00:00,-0.02322782
2022-08-11 00:00:00+00:00,0.03306445
2022-08-12 00:00:00+00:00,0.00523165
2022-08-16 00:00:00+00:00,0.00823918
2022-08-17 00:00:00+00:00,-0.01257408
2022-08-18 00:00:00+00:00,-0.00871834
2022-08-19 00:00:00+00:00,-0.01043202
2022-08-22 00:00:00+00:00,-0.02823090
2022-08-23 00:00:00+00:00,-0.02490881
2022-08-24 00:00:00+00:00,0.00872106
2022-08-25 00:00:00+00:00,0.02635892
2022-08-26 00:00:00+00:00,0.00300642
2022-08-29 00:00:00+00:00,-0.05277922
2022-08-30 00:00:00+00:00,0.02288046
2022-08-31 00:00:00+00:00,0.01055928
2022-09-01 00:00:00+00:00,-0.04198497
2022-09-02 00:00:00+00:00,-0.00453492
2022-09-05 00:00:00+00:00,-0.00836762
2022-09-06 00:00:00+00:00,-0.00040387
2022-09-07 00:00:00+00:00,-0.02943333
2022-09-08 00:00:00+00:00,0.00656802
2022-09-13 00:00:00+00:00,0.06989221
2022-09-14 00:00:00+00:00,-0.04584448
2022-09-15 00:00:00+00:00,-0.00888547
2022-09-16 00:00:00+00:00,-0.02256970
2022-09-19 00:00:00+00:00,-0.00723467
2022-09-20 00:00:00+00:00,0.00511782
2022-09-21 00:00:00+00:00,-0.02057852
2022-09-22 00:00:00+00:00,-0.02111734
2022-09-23 00:00:00+00:00,-0.02334330
2022-09-26 00:00:00+00:00,-0.05028654
2022-09-27 00:00:00+00:00,0.00162731
2022-09-28 00:00:00+00:00,-0.05205778
2022-09-29 00:00:00+00:00,0.01174280
2022-09-30 00:00:00+00:00,-0.01659950
2022-10-04 00:00:00+00:00,0.05371793
2022-10-05 00:00:00+00:00,0.00266180
2022-10-06 00:00:00+00:00,0.01195582
2022-10-07 00:00:00+00:00,-0.00831139
2022-10-11 00:00:00+00:00,-0.04066895
2022-10-12 00:00:00+00:00,0.01990381
2022-10-13 00:00:00+00:00,-0.03675630
2022-10-14 00:00:00+00:00,0.05770869
2022-10-17 00:00:00+00:00,-0.01076418
2022-10-18 00:00:00+00:00,0.03565795
2022-10-19 00:00:00+00:00,-0.02167557
2022-10-20 00:00:00+00:00,-0.01882297
2022-10-21 00:00:00+00:00,0.00647002
2022-10-24 00:00:00+00:00,0.02233436
2022-10-25 00:00:00+00:00,-0.00250544
2022-10-26 00:00:00+00:00,0.01578555
2022-10-27 00:00:00+00:00,0.03296947
2022-10-28 00:00:00+00:00,-0.02597950
2022-10-31 00:00:00+00:00,0.02473166
2022-11-01 00:00:00+00:00,0.02520908
2022-11-02 00:00:00+00:00,0.00633514
2022-11-03 00:00:00+00:00,-0.03234900
2022-11-04 00:00:00+00:00,0.01024051
2022-11-07 00:00:00+00:00,0.03927873
2022-11-08 00:00:00+00:00,0.02450565
2022-11-09 00:00:00+00:00,0.02886616
2022-11-10 00:00:00+00:00,0.00083307
2022-11-11 00:00:00+00:00,0.04827050
2022-11-14 00:00:00+00:00,0.01273553
2022-11-15 00:00:00+00:00,-0.01951088
2022-11-16 00:00:00+00:00,-0.01503625
2022-11-17 00:00:00+00:00,-0.00059006
2022-11-18 00:00:00+00:00,0.00457786
2022-11-21 00:00:00+00:00,-0.03059322
2022-11-22 00:00:00+00:00,-0.01059688
2022-11-23 00:00:00+00:00,0.00993022
2022-11-24 00:00:00+00:00,0.01067979
2022-11-25 00:00:00+00:00,0.00651289
2022-11-28 00:00:00+00:00,-0.02973584
2022-11-29 00:00:00+00:00,0.01874053
2022-11-30 00:00:00+00:00,0.01397184
2022-12-01 00:00:00+00:00,0.03290157
2022-12-02 00:00:00+00:00,-0.02937051
2022-12-05 00:00:00+00:00,-0.02902139
2022-12-06 00:00:00+00:00,-0.03046092
2022-12-07 00:00:00+00:00,-0.00758960
2022-12-08 00:00:00+00:00,-0.01053788
2022-12-09 00:00:00+00:00,0.01214505
2022-12-12 00:00:00+00:00,0.00329290
2022-12-13 00:00:00+00:00,-0.00044823
2022-12-14 00:00:00+00:00,0.02082507
2022-12-15 00:00:00+00:00,-0.01121069
2022-12-16 00:00:00+00:00,-0.04276437
2022-12-19 00:00:00+00:00,0.00780576
2022-12-20 00:00:00+00:00,-0.00999040
2022-12-21 00:00:00+00:00,-0.00607132
2022-12-22 00:00:00+00:00,0.02292848
2022-12-23 00:00:00+00:00,-0.03634659
2022-12-26 00:00:00+00:00,0.00154671
2022-12-27 00:00:00+00:00,0.00822908
2022-12-28 00:00:00+00:00,-0.01574102
2022-12-29 00:00:00+00:00,-0.01637609
2023-01-02 00:00:00+00:00,-0.03404329
2023-01-03 00:00:00+00:00,-0.01437300
2023-01-04 00:00:00+00:00,0.04111616
2023-01-05 00:00:00+00:00,0.02339040
2023-01-06 00:00:00+00:00,0.03002471
2023-01-09 00:00:00+00:00,0.04587086
2023-01-10 00:00:00+00:00,0.00628772
2023-01-11 00:00:00+00:00,0.00564969
2023-01-12 00:00:00+00:00,0.00323476
2023-01-13 00:00:00+00:00,0.01768322
2023-01-16 00:00:00+00:00,0.01525124
2023-01-17 00:00:00+00:00,-0.01430185
2023-01-18 00:00:00+00:00,-0.01280807
2023-01-19 00:00:00+00:00,0.00417126
2023-01-20 00:00:00+00:00,0.01773644
2023-01-25 00:00:00+00:00,0.03442648
2023-01-26 00:00:00+00:00,0.00482972
2023-01-27 00:00:00+00:00,0.03436625
2023-01-30 00:00:00+00:00,-0.01594956
2023-01-31 00:00:00+00:00,-0.01377699
2023-02-01 00:00:00+00:00,-0.01588240
2023-02-02 00:00:00+00:00,0.02787100
2023-02-03 00:00:00+00:00,-0.00887703
2023-02-06 00:00:00+00:00,-0.00675881
2023-02-07 00:00:00+00:00,-0.01652668
2023-02-08 00:00:00+00:00,0.02371681
2023-02-09 00:00:00+00:00,-0.00182869
2023-02-10 00:00:00+00:00,-0.00923170
2023-02-13 00:00:00+00:00,-0.00059864
2023-02-14 00:00:00+00:00,0.01164192
2023-02-15 00:00:00+00:00,-0.04434344
2023-02-16 00:00:00+00:00,0.03373297
2023-02-17 00:00:00+00:00,0.00001795
2023-02-20 00:00:00+00:00,-0.00926804
2023-02-21 00:00:00+00:00,0.00374742
2023-02-22 00:00:00+00:00,-0.02860646
2023-02-23 00:00:00+00:00,0.00205479
2023-02-24 00:00:00+00:00,0.00925723
2023-02-27 00:00:00+00:00,-0.04570331
2023-02-28 00:00:00+00:00,0.02393006
2023-03-02 00:00:00+00:00,0.00332617
2023-03-03 00:00:00+00:00,0.00457156
2023-03-06 00:00:00+00:00,0.01427309
2023-03-07 00:00:00+00:00,0.00609548
2023-03-08 00:00:00+00:00,-0.02873167
2023-03-09 00:00:00+00:00,-0.00265987
2023-03-10 00:00:00+00:00,-0.04008971
2023-03-13 00:00:00+00:00,0.01000816
2023-03-14 00:00:00+00:00,-0.02733359
2023-03-15 00:00:00+00:00,0.01900562
2023-03-16 00:00:00+00:00,-0.01042277
2023-03-17 00:00:00+00:00,0.01198594
2023-03-20 00:00:00+00:00,0.00549065
2023-03-21 00:00:00+00:00,-0.00077177
2023-03-22 00:00:00+00:00,0.00979744
2023-03-23 00:00:00+00:00,0.00194035
2023-03-24 00:00:00+00:00,0.00687238
2023-03-27 00:00:00+00:00,-0.00616348
2023-03-28 00:00:00+00:00,0.02054904
2023-03-29 00:00:00+00:00,0.00269991
2023-03-30 00:00:00+00:00,0.01307538
2023-03-31 00:00:00+00:00,0.02299624
2023-04-03 00:00:00+00:00,-0.00986547
2023-04-04 00:00:00+00:00,0.00917558
2023-04-05 00:00:00+00:00,0.01330102
2023-04-06 00:00:00+00:00,-0.03712985
2023-04-07 00:00:00+00:00,0.03222902
2023-04-10 00:00:00+00:00,0.01863635
2023-04-11 00:00:00+00:00,0.02592861
2023-04-12 00:00:00+00:00,0.00723434
2023-04-13 00:00:00+00:00,0.00495595
2023-04-14 00:00:00+00:00,0.00568893
2023-04-17 00:00:00+00:00,0.00089966
2023-04-18 00:00:00+00:00,-0.00208475
2023-04-19 00:00:00+00:00,-0.00044414
2023-04-20 00:00:00+00:00,-0.00611266
2023-04-21 00:00:00+00:00,-0.01286358
2023-04-24 00:00:00+00:00,-0.01204257
2023-04-25 00:00:00+00:00,-0.02560323
2023-04-26 00:00:00+00:00,-0.00367578
2023-04-27 00:00:00+00:00,0.00369629
2023-04-28 00:00:00+00:00,0.00353830
2023-05-02 00:00:00+00:00,0.02237059
2023-05-03 00:00:00+00:00,-0.02014866
2023-05-04 00:00:00+00:00,-0.00580989
2023-05-08 00:00:00+00:00,0.02502027
2023-05-09 00:00:00+00:00,-0.00833111
2023-05-10 00:00:00+00:00,-0.01308159
2023-05-11 00:00:00+00:00,-0.00703787
2023-05-12 00:00:00+00:00,-0.00752303
2023-05-15 00:00:00+00:00,0.00586657
2023-05-16 00:00:00+00:00,0.00262038
2023-05-17 00:00:00+00:00,0.00553395
2023-05-18 00:00:00+00:00,0.02021788
2023-05-19 00:00:00+00:00,0.02971793
2023-05-22 00:00:00+00:00,0.01374175
2023-05-23 00:00:00+00:00,0.00533901
2023-05-24 00:00:00+00:00,-0.00695600
2023-05-25 00:00:00+00:00,-0.00460484
2023-05-26 00:00:00+00:00,0.01428409
2023-05-30 00:00:00+00:00,0.02933100
2023-05-31 00:00:00+00:00,-0.01775819
2023-06-01 00:00:00+00:00,-0.00455488
2023-06-02 00:00:00+00:00,0.02589999
2023-06-05 00:00:00+00:00,0.00768929
2023-06-07 00:00:00+00:00,-0.00521545
2023-06-08 00:00:00+00:00,-0.00130962
2023-06-09 00:00:00+00:00,0.02888294
2023-06-12 00:00:00+00:00,-0.01617157
2023-06-13 00:00:00+00:00,0.01023632
2023-06-14 00:00:00+00:00,-0.01206011
2023-06-15 00:00:00+00:00,-0.00736477
2023-06-16 00:00:00+00:00,0.01202066
2023-06-19 00:00:00+00:00,-0.01238522
2023-06-20 00:00:00+00:00,-0.00550873
2023-06-21 00:00:00+00:00,-0.01801994
2023-06-22 00:00:00+00:00,0.00629884
2023-06-23 00:00:00+00:00,-0.01256776
2023-06-26 00:00:00+00:00,0.00778499
2023-06-27 00:00:00+00:00,0.00014195
2023-06-28 00:00:00+00:00,-0.01200839
2023-06-29 00:00:00+00:00,-0.00206545
2023-06-30 00:00:00+00:00,0.00795685
2023-07-03 00:00:00+00:00,0.03024629
2023-07-04 00:00:00+00:00,-0.01056233
2023-07-05 00:00:00+00:00,-0.01920049
2023-07-06 00:00:00+00:00,-0.01541922
2023-07-07 00:00:00+00:00,-0.03076451
2023-07-10 00:00:00+00:00,-0.00060298
2023-07-11 00:00:00+00:00,0.03680065
2023-07-12 00:00:00+00:00,0.01120939
2023-07-13 00:00:00+00:00,0.01627946
2023-07-14 00:00:00+00:00,0.02690951
2023-07-17 00:00:00+00:00,-0.00230662
2023-07-18 00:00:00+00:00,-0.01351884
2023-07-19 00:00:00+00:00,-0.00651867
2023-07-20 00:00:00+00:00,-0.00683133
2023-07-21 00:00:00+00:00,0.00421609
2023-07-24 00:00:00+00:00,0.01088860
2023-07-25 00:00:00+00:00,0.00215857
2023-07-26 00:00:00+00:00,-0.02281532
2023-07-27 00:00:00+00:00,0.02276943
2023-07-28 00:00:00+00:00,-0.00737162
2023-07-31 00:00:00+00:00,0.01230148
2023-08-01 00:00:00+00:00,0.02922022
2023-08-02 00:00:00+00:00,-0.04244079
2023-08-03 00:00:00+00:00,-0.01407474
2023-08-04 00:00:00+00:00,-0.00132063
2023-08-07 00:00:00+00:00,-0.00847697
2023-08-08 00:00:00+00:00,-0.01071305
2023-08-09 00:00:00+00:00,0.01989625
2023-08-10 00:00:00+00:00,-0.01168647
2023-08-11 00:00:00+00:00,-0.00074095
2023-08-14 00:00:00+00:00,-0.01924614
2023-08-16 00:00:00+00:00,-0.02950909
2023-08-17 00:00:00+00:00,-0.00827790
2023-08-18 00:00:00+00:00,-0.01525959
2023-08-21 00:00:00+00:00,0.00258590
2023-08-22 00:00:00+00:00,0.00638163
2023-08-23 00:00:00+00:00,-0.00257873
2023-08-24 00:00:00+00:00,0.02578192
2023-08-25 00:00:00+00:00,-0.02216754
2023-08-28 00:00:00+00:00,0.01438118
2023-08-29 00:00:00+00:00,0.00525605
2023-08-30 00:00:00+00:00,0.00719255
2023-08-31 00:00:00+00:00,0.00104013
2023-09-01 00:00:00+00:00,0.01805785
2023-09-04 00:00:00+00:00,0.01523762
2023-09-05 00:00:00+00:00,-0.00132784
2023-09-06 00:00:00+00:00,-0.01087413
2023-09-07 00:00:00+00:00,-0.00928529
2023-09-08 00:00:00+00:00,0.00117679
2023-09-11 00:00:00+00:00,0.00206303
2023-09-12 00:00:00+00:00,-0.00766026
2023-09-13 00:00:00+00:00,0.00147527
2023-09-14 00:00:00+00:00,0.02917007
2023-09-15 00:00:00+00:00,0.02479814
2023-09-18 00:00:00+00:00,-0.02307167
2023-09-19 00:00:00+00:00,-0.01269301
2023-09-20 00:00:00+00:00,-0.00147549
2023-09-21 00:00:00+00:00,-0.03758887
2023-09-22 00:00:00+00:00,-0.00853309
2023-09-25 00:00:00+00:00,0.00104689
2023-09-26 00:00:00+00:00,-0.02852518
2023-09-27 00:00:00+00:00,0.00319462
2023-10-04 00:00:00+00:00,-0.05289102
2023-10-05 00:00:00+00:00,-0.00312326
2023-10-06 00:00:00+00:00,0.00406620
2023-10-10 00:00:00+00:00,0.00608498
2023-10-11 00:00:00+00:00,0.03422002
2023-10-12 00:00:00+00:00,0.02048655
2023-10-13 00:00:00+00:00,-0.01649665
2023-10-16 00:00:00+00:00,-0.01723628
2023-10-17 00:00:00+00:00,0.02385540
2023-10-18 00:00:00+00:00,0.00851256
2023-10-19 00:00:00+00:00,-0.03952510
2023-10-20 00:00:00+00:00,-0.02888488
2023-10-23 00:00:00+00:00,-0.01238586
2023-10-24 00:00:00+00:00,0.01593351
2023-10-25 00:00:00+00:00,-0.01063837
2023-10-26 00:00:00+00:00,-0.05489760
2023-10-27 00:00:00+00:00,-0.00047821
2023-10-30 00:00:00+00:00,0.00501979
2023-10-31 00:00:00+00:00,-0.00693580
2023-11-01 00:00:00+00:00,0.00793877
2023-11-02 00:00:00+00:00,0.04047834
2023-11-03 00:00:00+00:00,0.01169304
2023-11-06 00:00:00+00:00,0.04461576
2023-11-07 00:00:00+00:00,0.02411656
2023-11-08 00:00:00+00:00,-0.01411406
2023-11-09 00:00:00+00:00,-0.01589301
2023-11-10 00:00:00+00:00,-0.00862357
2023-11-13 00:00:00+00:00,0.01624266
2023-11-14 00:00:00+00:00,0.01104840
2023-11-15 00:00:00+00:00,0.03570828
2023-11-16 00:00:00+00:00,0.00299513
2023-11-17 00:00:00+00:00,0.00134438
2023-11-19 00:00:00+00:00,-0.01495747
2023-11-20 00:00:00+00:00,0.03390392
2023-11-21 00:00:00+00:00,-0.01749160
2023-11-22 00:00:00+00:00,0.01943392
2023-11-23 00:00:00+00:00,0.00014267
2023-11-24 00:00:00+00:00,-0.00325855
2023-11-26 00:00:00+00:00,-0.01438814
2023-11-27 00:00:00+00:00,0.00432635
2023-11-28 00:00:00+00:00,0.01101906
2023-11-29 00:00:00+00:00,-0.00726488
2023-11-30 00:00:00+00:00,0.00683513
2023-12-01 00:00:00+00:00,-0.01289678
2023-12-03 00:00:00+00:00,0.01341969
2023-12-04 00:00:00+00:00,-0.01570793
2023-12-05 00:00:00+00:00,-0.00194464
2023-12-06 00:00:00+00:00,-0.01166079
2023-12-07 00:00:00+00:00,0.01638127
2023-12-08 00:00:00+00:00,0.00834224
2023-12-10 00:00:00+00:00,0.00311494
2023-12-11 00:00:00+00:00,0.01080493
2023-12-12 00:00:00+00:00,0.00486617
2023-12-13 00:00:00+00:00,0.01224251
2023-12-14 00:00:00+00:00,0.00702003
2023-12-15 00:00:00+00:00,0.01894946
2023-12-17 00:00:00+00:00,-0.01098578
2023-12-18 00:00:00+00:00,-0.00973295
2023-12-19 00:00:00+00:00,0.02857705
2023-12-20 00:00:00+00:00,0.00545585
2023-12-21 00:00:00+00:00,0.02148429
2023-12-22 00:00:00+00:00,-0.01178157
2023-12-25 00:00:00+00:00,0.01069583
2023-12-26 00:00:00+00:00,0.00084120
2023-12-27 00:00:00+00:00,0.02012824
2023-12-28 00:00:00+00:00,0.03621373
2024-01-02 00:00:00+00:00,-0.02041667
2024-01-03 00:00:00+00:00,-0.04707544
2024-01-04 00:00:00+00:00,-0.00343208
2024-01-05 00:00:00+00:00,0.00199028
2024-01-07 00:00:00+00:00,0.00213279
2024-01-08 00:00:00+00:00,0.01109812
2024-01-09 00:00:00+00:00,-0.03572500
2024-01-10 00:00:00+00:00,-0.01891399
2024-01-11 00:00:00+00:00,-0.00889718
2024-01-12 00:00:00+00:00,-0.00746788
2024-01-14 00:00:00+00:00,0.00014217
2024-01-15 00:00:00+00:00,-0.01145250
2024-01-16 00:00:00+00:00,-0.00620524
2024-01-17 00:00:00+00:00,-0.05538670
2024-01-18 00:00:00+00:00,0.03076031
2024-01-19 00:00:00+00:00,0.00374695
2024-01-21 00:00:00+00:00,0.02423856
2024-01-22 00:00:00+00:00,-0.01272198
2024-01-23 00:00:00+00:00,0.00327128
2024-01-24 00:00:00+00:00,-0.00981010
2024-01-25 00:00:00+00:00,-0.01194083
2024-01-26 00:00:00+00:00,0.02133269
2024-01-28 00:00:00+00:00,0.00311823
2024-01-29 00:00:00+00:00,0.02523056
2024-01-30 00:00:00+00:00,-0.03165360
2024-01-31 00:00:00+00:00,-0.00089601
2024-02-01 00:00:00+00:00,0.05970524
2024-02-02 00:00:00+00:00,0.03400644
2024-02-04 00:00:00+00:00,0.00733291
2024-02-05 00:00:00+00:00,-0.02936395
2024-02-06 00:00:00+00:00,0.01395054
2024-02-07 00:00:00+00:00,0.02485493
2024-02-08 00:00:00+00:00,-0.00537389
2024-02-12 00:00:00+00:00,0.02191893
2024-02-13 00:00:00+00:00,-0.03289372
2024-02-14 00:00:00+00:00,0.02758211
2024-02-15 00:00:00+00:00,-0.00829139
2024-02-16 00:00:00+00:00,-0.00959565
2024-02-18 00:00:00+00:00,0.01683757
2024-02-19 00:00:00+00:00,0.02525113
2024-02-20 00:00:00+00:00,-0.02248518
2024-02-21 00:00:00+00:00,0.01555570
2024-02-22 00:00:00+00:00,0.01000729
2024-02-23 00:00:00+00:00,-0.01261828
2024-02-26 00:00:00+00:00,-0.02048448
2024-02-27 00:00:00+00:00,-0.01127139
2024-02-28 00:00:00+00:00,0.00876490
2024-02-29 00:00:00+00:00,0.00463958
2024-03-03 00:00:00+00:00,0.02486572
2024-03-04 00:00:00+00:00,-0.00209702
2024-03-05 00:00:00+00:00,-0.02044953
2024-03-06 00:00:00+00:00,0.01094037
2024-03-07 00:00:00+00:00,0.01912162
2024-03-08 00:00:00+00:00,0.00385908
2024-03-10 00:00:00+00:00,-0.01547713
2024-03-11 00:00:00+00:00,0.00415974
2024-03-12 00:00:00+00:00,0.01650743
2024-03-13 00:00:00+00:00,0.00494404
2024-03-14 00:00:00+00:00,0.00657828
2024-03-15 00:00:00+00:00,-0.01746890
2024-03-17 00:00:00+00:00,-0.01155026
2024-03-18 00:00:00+00:00,-0.00857876
2024-03-19 00:00:00+00:00,0.00970203
2024-03-20 00:00:00+00:00,0.05316285
2024-03-21 00:00:00+00:00,0.01532156
2024-03-22 00:00:00+00:00,0.00851842
2024-03-24 00:00:00+00:00,-0.00254342
2024-03-25 00:00:00+00:00,-0.00055108
2024-03-26 00:00:00+00:00,-0.00920384
2024-03-27 00:00:00+00:00,0.00867078
2024-03-28 00:00:00+00:00,0.01116374
2024-03-29 00:00:00+00:00,0.00024565
