,5,10,15,16,20,30,32,40,60,80,90,120,150,160,180,220,260
2001-12-31 00:00:00+00:00,-0.00001192,-0.00002127,-0.00004002,-0.00004919,-0.00003130,-0.00005120,-0.00010469,-0.00005661,-0.00000989,-0.00005028,-0.00000670,0.00019504,0.00004194,0.00010971,0.00021254,0.00007906,0.00005888
2002-01-31 00:00:00+00:00,0.00011399,-0.00045663,-0.00037634,-0.00114937,-0.00056494,-0.00078514,-0.00165453,-0.00127757,-0.00087145,-0.00100810,-0.00065329,-0.00312431,0.00012331,0.00059623,0.00105965,0.00070950,0.00058445
2002-02-28 00:00:00+00:00,-0.00146849,-0.00403461,-0.00486270,-0.00646030,-0.00750658,-0.00521358,-0.00755314,-0.00449814,-0.00680630,-0.00502575,-0.00173139,-0.00343257,-0.00051839,-0.00061523,-0.00160096,0.00021061,0.00027636
2002-03-31 00:00:00+00:00,-0.00087464,0.00357179,0.00442513,0.00709110,0.00600471,0.00463592,0.00821856,0.00413702,-0.00039722,0.00215450,-0.00009540,-0.00266172,-0.00146417,-0.00203318,-0.00618563,-0.00234673,-0.00181884
2002-04-30 00:00:00+00:00,0.01276577,0.00183435,0.00224122,0.00244445,0.00839930,0.00167512,0.00204795,-0.00065414,-0.00116133,-0.00763163,-0.00398658,0.00083897,-0.00143721,-0.00387377,0.01050908,0.00064455,0.00097168
2002-05-31 00:00:00+00:00,0.00502217,-0.00119357,-0.00000410,0.00018626,0.00104096,0.00126689,0.00246475,0.00134160,-0.00099655,0.00338472,0.00096602,-0.00039760,-0.00004751,-0.00035838,-0.00453737,-0.00043686,-0.00032793
2002-06-30 00:00:00+00:00,-0.00056503,0.00248800,0.00318415,0.00403857,0.00465512,0.00456627,0.00677261,0.00482195,0.00580846,0.00877927,0.00429718,0.00402778,0.00174933,0.00316612,0.00189380,0.00057931,0.00049435
2002-07-31 00:00:00+00:00,-0.00982929,-0.00024093,0.00003833,0.00004766,-0.00074006,0.00150901,0.00216539,0.00217910,0.00403474,0.00486315,0.00259278,0.00442193,0.00178866,0.00395072,0.00313716,0.00140367,0.00082308
2002-08-31 00:00:00+00:00,-0.01122670,-0.00022442,-0.00000731,0.00014746,-0.00130820,0.00085495,0.00108730,0.00121350,0.00152637,0.00262615,0.00156942,0.00133703,0.00121212,0.00214725,0.00047905,0.00082450,0.00041709
2002-09-30 00:00:00+00:00,-0.00413286,-0.00021010,-0.00000577,-0.00017715,-0.00004304,0.00089759,0.00076788,0.00144663,0.00225893,0.00368258,0.00258749,0.00299545,0.00254370,0.00392065,0.00381672,0.00233176,0.00143544
2002-10-31 00:00:00+00:00,-0.00353710,-0.00042582,-0.00117292,-0.00145637,-0.00484430,-0.00251714,-0.00410282,-0.00274498,-0.00409695,-0.00435910,-0.00208638,-0.00218389,-0.00128286,-0.00241993,0.00084892,-0.00098661,-0.00063500
2002-11-30 00:00:00+00:00,0.00509892,0.00044867,-0.00002134,-0.00015415,0.00034695,-0.00212766,-0.00279963,-0.00267602,-0.00058328,-0.00381321,-0.00230660,-0.00106268,-0.00194429,-0.00302869,-0.00590901,-0.00186454,-0.00130377
2002-12-31 00:00:00+00:00,0.00052721,0.00269040,0.00331613,0.00379308,0.00493099,0.00471430,0.00466987,0.00494828,0.00583520,0.00890023,0.00480891,0.00550646,0.00427344,0.00715813,0.00593743,0.00358424,0.00304905
2003-01-31 00:00:00+00:00,-0.00235411,-0.00174094,-0.00238688,-0.00307195,-0.00512653,-0.00279372,-0.00400113,-0.00210656,-0.00073898,0.00002983,-0.00000053,-0.00011129,-0.00010564,-0.00047151,-0.00139156,-0.00045367,-0.00023990
2003-02-28 00:00:00+00:00,-0.00505276,-0.00007103,0.00022617,0.00033232,-0.00143077,0.00075715,0.00086964,0.00100207,0.00163452,0.00089969,0.00100764,0.00062478,0.00082183,0.00082858,0.00378308,0.00071158,0.00044374
2003-03-31 00:00:00+00:00,0.00140916,0.00052959,-0.00054110,-0.00112428,-0.00037796,-0.00284534,-0.00478515,-0.00303114,-0.00565530,-0.00453375,-0.00167315,-0.00064819,-0.00081212,-0.00189081,-0.00045280,-0.00059398,-0.00027941
2003-04-30 00:00:00+00:00,-0.00093873,-0.00029816,-0.00000821,0.00010368,-0.00005774,0.00029126,0.00035366,0.00029172,0.00070419,0.00014387,0.00021084,0.00024247,0.00040144,0.00063256,0.00136016,0.00039836,0.00033467
2003-05-31 00:00:00+00:00,-0.00315458,0.00255002,0.00410340,0.00546999,0.00383630,0.00537881,0.00758479,0.00475840,0.00244753,0.00474543,0.00277479,0.00212380,0.00241017,0.00399482,0.00407986,0.00211106,0.00176745
2003-06-30 00:00:00+00:00,-0.00095542,-0.00074118,-0.00055452,-0.00053759,-0.00052478,-0.00017925,-0.00015687,-0.00012383,-0.00072303,-0.00039248,-0.00029631,-0.00058152,-0.00033530,-0.00086135,-0.00006603,-0.00035868,-0.00026837
2003-07-31 00:00:00+00:00,-0.00178676,0.00077206,0.00109510,0.00145679,0.00152949,0.00168738,0.00325665,0.00143913,0.00027597,-0.00056859,-0.00071723,-0.00157830,-0.00195742,-0.00331793,-0.00300955,-0.00228285,-0.00191056
2003-08-31 00:00:00+00:00,-0.01125552,0.00034917,0.00043063,0.00004704,-0.00229899,0.00067700,0.00108287,0.00116299,0.00629685,0.00090557,0.00097757,0.00045087,-0.00012777,-0.00032631,-0.00370282,-0.00077965,-0.00088015
2003-09-30 00:00:00+00:00,0.00015606,0.00118733,0.00175103,0.00263501,0.00202858,0.00124133,0.00163823,0.00000856,-0.00304686,-0.00496081,-0.00269782,-0.00240663,-0.00127706,-0.00307133,-0.00205240,0.00013158,0.00050504
2003-10-31 00:00:00+00:00,0.00224075,-0.00074127,-0.00076709,-0.00105596,0.00067922,0.00002565,-0.00024870,0.00068271,0.00331870,0.00344533,0.00231790,0.00233199,0.00178113,0.00331715,0.00240229,0.00088644,0.00041939
2003-11-30 00:00:00+00:00,0.00056718,-0.00095735,-0.00190927,-0.00311478,-0.00223912,-0.00246773,-0.00430843,-0.00182480,-0.00136275,0.00053836,0.00090431,0.00128610,0.00136129,0.00184216,0.00212033,0.00106044,0.00100320
2003-12-31 00:00:00+00:00,0.00398965,0.00138828,0.00226022,0.00278911,0.00401175,0.00391591,0.00526111,0.00458060,0.00378005,0.01028914,0.00483880,0.00409383,0.00351645,0.00705583,0.00358818,0.00247239,0.00214289
2004-01-31 00:00:00+00:00,-0.00033909,0.00013215,0.00029525,0.00039246,0.00058887,0.00053698,0.00055935,0.00061853,-0.00252383,0.00172695,0.00109463,0.00091693,0.00093309,0.00207575,-0.00044496,0.00083383,0.00047426
2004-02-29 00:00:00+00:00,0.00083972,0.00046991,0.00024829,-0.00005917,-0.00050433,-0.00079084,-0.00101709,-0.00075059,-0.00025056,-0.00124813,-0.00005701,-0.00007639,-0.00013148,-0.00049531,-0.00058510,-0.00016602,-0.00009030
2004-03-31 00:00:00+00:00,0.00042332,0.00021184,0.00022420,0.00009662,-0.00020027,-0.00087872,-0.00154131,-0.00163180,-0.00235574,-0.00210396,-0.00102113,-0.00044309,-0.00017105,-0.00019390,-0.00004412,0.00016566,0.00013819
2004-04-30 00:00:00+00:00,0.00337308,-0.00019120,-0.00011105,0.00008265,-0.00012924,0.00021856,0.00077902,-0.00034718,-0.00013414,-0.00457003,-0.00280749,-0.00207213,-0.00299951,-0.00582758,-0.00091586,-0.00296212,-0.00240239
2004-05-31 00:00:00+00:00,0.00512924,-0.00017474,-0.00004652,0.00025684,0.00175062,0.00138636,0.00244296,0.00215066,0.00264352,0.00403363,0.00081034,0.00084448,0.00028602,0.00129970,0.00100883,0.00025486,0.00044494
2004-06-30 00:00:00+00:00,-0.00324093,-0.00063234,-0.00099841,-0.00113993,-0.00175132,-0.00125089,-0.00164484,-0.00124941,-0.00131692,-0.00204013,-0.00096257,-0.00113789,-0.00069067,-0.00160427,0.00003188,-0.00037321,-0.00023928
2004-07-31 00:00:00+00:00,0.00264998,-0.00003181,0.00011299,-0.00001139,-0.00001195,-0.00106158,-0.00185080,-0.00197361,-0.00151024,-0.00435895,-0.00181236,-0.00133647,-0.00105961,-0.00151596,-0.00106690,-0.00089064,-0.00059773
2004-08-31 00:00:00+00:00,-0.00220135,-0.00074199,-0.00164952,-0.00165359,-0.00320000,-0.00294515,-0.00353680,-0.00270111,-0.00375938,-0.00259550,-0.00178741,-0.00167755,-0.00143997,-0.00241207,-0.00241330,-0.00073931,-0.00025029
2004-09-30 00:00:00+00:00,0.00243107,-0.00024408,-0.00020995,-0.00032028,-0.00203456,-0.00024032,-0.00055234,-0.00003335,-0.00239534,0.00088501,0.00083972,0.00118631,0.00113536,0.00113211,0.00021647,0.00113673,0.00143018
2004-10-31 00:00:00+00:00,0.00029993,0.00082225,0.00178709,0.00205102,0.00204019,0.00503002,0.00722376,0.00620570,0.00349711,0.01212197,0.00401450,0.00244125,0.00189832,0.00336151,0.00139078,0.00139604,0.00155895
2004-11-30 00:00:00+00:00,-0.00036709,-0.00006698,0.00032670,0.00045526,0.00025371,0.00176081,0.00274872,0.00256151,0.00502366,0.00504308,0.00338067,0.00227958,0.00172059,0.00273880,0.00187934,0.00119609,0.00139378
2004-12-31 00:00:00+00:00,0.00002744,-0.00018056,-0.00009414,-0.00024969,-0.00032414,-0.00020578,-0.00027762,-0.00019179,0.00028728,0.00209767,0.00170917,0.00173442,0.00146419,0.00214853,0.00093461,0.00087665,0.00067782
2005-01-31 00:00:00+00:00,0.00114494,-0.00035627,-0.00061366,-0.00065999,-0.00225459,-0.00116738,-0.00155953,-0.00138409,-0.00160262,-0.00303711,-0.00187948,-0.00170397,-0.00158994,-0.00284791,-0.00134500,-0.00115975,-0.00097997
2005-02-28 00:00:00+00:00,0.00161284,0.00035990,0.00056070,0.00081925,0.00104638,0.00096264,0.00109555,0.00085179,0.00079653,0.00178972,0.00080435,0.00108069,0.00121886,0.00145575,0.00024048,0.00122016,0.00131506
2005-03-31 00:00:00+00:00,0.00563631,0.00053648,0.00065841,0.00113299,0.00155701,0.00088410,0.00230648,0.00131899,0.00095782,0.00159424,-0.00044216,-0.00122264,-0.00144739,-0.00272462,-0.00176992,-0.00163534,-0.00154723
2005-04-30 00:00:00+00:00,-0.00287716,-0.00019579,-0.00025526,-0.00028619,-0.00295960,-0.00109706,-0.00169165,-0.00200505,-0.00239257,-0.00509665,-0.00364583,-0.00310546,-0.00233972,-0.00392332,-0.00121686,-0.00124250,-0.00081736
2005-05-31 00:00:00+00:00,0.00007990,0.00015548,0.00087533,0.00106380,0.00140863,0.00328855,0.00515399,0.00397446,0.00443663,0.00637164,0.00280605,0.00093746,-0.00013789,-0.00060344,-0.00100769,-0.00106232,-0.00144596
2005-06-30 00:00:00+00:00,-0.00202119,0.00022106,-0.00023663,-0.00041258,0.00108044,-0.00073061,-0.00182842,-0.00078503,-0.00034179,0.00131754,0.00143522,0.00163868,0.00112178,0.00116638,0.00035244,0.00041224,0.00022203
2005-07-31 00:00:00+00:00,0.00035561,-0.00019251,-0.00020398,-0.00024533,0.00001702,-0.00004671,-0.00017716,-0.00006397,0.00084803,0.00024483,0.00013417,0.00020583,0.00021329,0.00021374,0.00093388,0.00044076,0.00037346
2005-08-31 00:00:00+00:00,-0.00148205,-0.00007252,-0.00015927,-0.00012952,0.00511310,-0.00015726,-0.00021459,-0.00032045,-0.00914815,-0.00151726,-0.00069136,-0.00002216,-0.00052039,-0.00022087,-0.00041993,-0.00021053,0.00013408
2005-09-30 00:00:00+00:00,-0.00274049,-0.00007520,0.00000162,-0.00011527,-0.00008183,-0.00043781,-0.00151946,-0.00035896,-0.00369335,0.00205981,0.00160939,0.00196864,0.00186862,0.00202982,0.00191998,0.00158537,0.00128188
2005-10-31 00:00:00+00:00,0.00039139,-0.00024135,-0.00037268,-0.00018139,-0.00035547,0.00055022,0.00110034,0.00077505,0.00284576,0.00078757,0.00015676,-0.00033760,-0.00053000,-0.00052462,-0.00056176,-0.00071924,-0.00099793
2005-11-30 00:00:00+00:00,0.00070084,0.00031333,0.00056586,0.00063037,0.00133047,0.00111415,0.00123673,0.00126892,0.00358288,0.00215278,0.00178768,0.00181576,0.00177778,0.00204521,0.00135271,0.00153173,0.00131669
2005-12-31 00:00:00+00:00,0.00014417,-0.00009358,-0.00028081,-0.00038842,-0.00129742,-0.00106464,-0.00193142,-0.00111638,-0.00173154,-0.00106079,-0.00039595,-0.00007620,0.00000247,-0.00010311,0.00007522,0.00013842,0.00036510
2006-01-31 00:00:00+00:00,0.00065206,-0.00006037,-0.00030311,-0.00029951,0.00033836,-0.00054052,-0.00059199,-0.00035775,0.00176475,-0.00037638,0.00005946,0.00060194,0.00091635,0.00108973,0.00015035,0.00129898,0.00118160
2006-02-28 00:00:00+00:00,0.00017910,-0.00013106,-0.00031082,-0.00043118,-0.00040479,-0.00149178,-0.00257233,-0.00233348,-0.00732774,-0.00357475,-0.00164298,-0.00084778,-0.00050033,-0.00105600,-0.00140283,-0.00015716,-0.00024923
2006-03-31 00:00:00+00:00,0.00014394,-0.00052925,-0.00119604,-0.00132710,-0.00223546,-0.00088956,-0.00115943,0.00018601,0.00399712,0.00223552,0.00190226,0.00206809,0.00222803,0.00235564,0.00148346,0.00216977,0.00178376
2006-04-30 00:00:00+00:00,0.00073352,0.00082877,0.00169652,0.00224670,0.00561291,0.00427230,0.00657139,0.00510211,0.00641276,0.00830736,0.00355921,0.00266875,0.00185729,0.00403443,0.00123440,0.00142222,0.00125594
2006-05-31 00:00:00+00:00,-0.00069718,0.00024745,0.00083593,0.00098810,0.00196416,0.00212114,0.00297508,0.00224743,0.00207802,0.00311087,0.00035027,-0.00007482,-0.00035211,-0.00007024,-0.00061451,-0.00043886,-0.00040819
2006-06-30 00:00:00+00:00,-0.00063015,-0.00011713,-0.00031560,-0.00041526,-0.00053418,-0.00106133,-0.00163541,-0.00119848,-0.00069991,-0.00159109,-0.00071039,-0.00046099,-0.00035040,-0.00087095,-0.00041507,-0.00024979,-0.00011440
2006-07-31 00:00:00+00:00,0.00009243,0.00005853,-0.00010971,-0.00013816,-0.00064224,-0.00064109,-0.00077726,-0.00097083,-0.00324646,-0.00275738,-0.00167777,-0.00152549,-0.00128871,-0.00224407,-0.00064512,-0.00100769,-0.00059859
2006-08-31 00:00:00+00:00,0.00027207,-0.00034969,-0.00064497,-0.00059247,-0.00111208,0.00041471,0.00073408,0.00152515,0.00184084,0.00271203,0.00076006,-0.00076070,-0.00090342,-0.00227605,-0.00043691,-0.00124359,-0.00090314
2006-09-30 00:00:00+00:00,0.00290544,-0.00029633,-0.00095892,-0.00114199,-0.00034078,-0.00163088,-0.00080791,-0.00065710,0.00218914,0.00155113,-0.00037305,-0.00112917,-0.00162328,-0.00310550,-0.00199552,-0.00169216,-0.00167176
2006-10-31 00:00:00+00:00,-0.00016377,0.00019828,0.00057896,0.00041955,0.00021103,-0.00201395,-0.00331693,-0.00329568,-0.00256959,-0.00231021,-0.00090389,-0.00018153,0.00011583,-0.00024200,0.00045015,0.00050786,0.00052949
2006-11-30 00:00:00+00:00,-0.00035131,-0.00021258,0.00024903,0.00022113,0.00031262,0.00261936,0.00390375,0.00379407,0.00336108,0.00664179,0.00284035,0.00159114,0.00165662,0.00231397,0.00158495,0.00139426,0.00127222
2006-12-31 00:00:00+00:00,0.00015967,0.00022346,0.00004222,-0.00006957,-0.00080701,-0.00106245,-0.00179549,-0.00167502,-0.00108141,-0.00066265,-0.00110778,-0.00108780,-0.00038533,-0.00084512,-0.00070250,-0.00006498,0.00011949
2007-01-31 00:00:00+00:00,-0.00003370,-0.00001603,0.00014103,0.00042446,0.00074166,0.00168417,0.00236202,0.00228679,0.00224864,0.00378038,0.00157665,0.00077954,0.00038663,0.00194459,0.00030734,0.00006915,0.00000709
2007-02-28 00:00:00+00:00,-0.00012715,-0.00025602,-0.00047777,-0.00055989,-0.00085807,-0.00118835,-0.00147564,-0.00186335,-0.00293318,-0.00557231,-0.00306772,-0.00252157,-0.00202119,-0.00337028,-0.00237049,-0.00132989,-0.00086446
2007-03-31 00:00:00+00:00,-0.00028254,-0.00004171,-0.00016408,-0.00027399,-0.00048841,-0.00092650,-0.00117555,-0.00106271,-0.00110876,-0.00083200,-0.00052300,-0.00057067,-0.00027912,-0.00022112,-0.00024762,-0.00008844,0.00002298
2007-04-30 00:00:00+00:00,-0.00026995,0.00010825,0.00049734,0.00059912,0.00149086,0.00161197,0.00228725,0.00213315,0.00238416,0.00490220,0.00272823,0.00265119,0.00238309,0.00391705,0.00187772,0.00191432,0.00180580
2007-05-31 00:00:00+00:00,-0.00050605,0.00012763,0.00036422,0.00070881,0.00048614,0.00229463,0.00258288,0.00298606,0.00187277,0.00401309,0.00116395,-0.00001097,0.00022324,0.00119044,0.00015561,0.00017078,-0.00000431
2007-06-30 00:00:00+00:00,-0.00083750,-0.00032084,-0.00045804,-0.00020961,-0.00104077,0.00188710,0.00262808,0.00376570,0.00470742,0.00947836,0.00428474,0.00174165,0.00148906,0.00477402,0.00093983,0.00054708,0.00036929
2007-07-31 00:00:00+00:00,0.00002331,0.00007314,0.00040279,0.00046063,-0.00040245,0.00024228,0.00032863,-0.00049927,-0.00181467,-0.00280794,-0.00230319,-0.00261708,-0.00221733,-0.00330572,-0.00163348,-0.00182328,-0.00114343
2007-08-31 00:00:00+00:00,-0.00043094,-0.00003563,-0.00006146,-0.00007995,-0.00138314,0.00002678,0.00004198,0.00002938,-0.00064014,-0.00120903,-0.00108244,-0.00160695,-0.00152982,-0.00283149,-0.00074451,-0.00139099,-0.00121344
2007-09-30 00:00:00+00:00,0.00091827,0.00019058,0.00108524,0.00134193,0.00309625,0.00305015,0.00410177,0.00367312,0.00337636,0.00577906,0.00351855,0.00247620,0.00281953,0.00452672,0.00258286,0.00244050,0.00257236
2007-10-31 00:00:00+00:00,0.00036723,0.00003576,-0.00023908,-0.00045299,-0.00087298,-0.00051113,-0.00029854,0.00039377,0.00090025,0.00274852,0.00243515,0.00237685,0.00278850,0.00363322,0.00289723,0.00208774,0.00191665
2007-11-30 00:00:00+00:00,0.00000588,0.00016223,0.00044735,0.00073816,0.00191929,0.00235445,0.00277297,0.00282248,0.00352579,0.00566163,0.00312263,0.00293550,0.00240603,0.00452243,0.00292411,0.00117516,0.00031176
2007-12-31 00:00:00+00:00,0.00007037,-0.00010359,-0.00023598,-0.00030339,-0.00043483,-0.00049330,-0.00073340,-0.00042002,-0.00010557,0.00010106,0.00024164,0.00027475,0.00041304,0.00047973,0.00036174,0.00040347,0.00053484
2008-01-31 00:00:00+00:00,0.00000983,0.00006684,0.00001900,0.00005046,0.00011065,0.00072058,0.00055438,0.00123922,0.00073667,0.00355148,0.00200443,0.00074868,0.00218222,0.00357400,0.00290278,0.00221488,0.00184033
2008-02-29 00:00:00+00:00,-0.00022552,0.00009395,0.00043015,0.00048083,0.00064041,0.00091755,0.00107192,0.00152213,0.00134507,0.00374109,0.00294643,0.00186840,0.00300848,0.00371870,0.00336898,0.00287689,0.00269663
2008-03-31 00:00:00+00:00,-0.00045880,-0.00001940,0.00013935,0.00013981,0.00021980,0.00077304,0.00087681,0.00066589,0.00064262,0.00140367,0.00085964,-0.00080005,0.00085344,0.00123337,0.00081990,0.00072222,0.00079985
2008-04-30 00:00:00+00:00,0.00079204,-0.00004356,-0.00009162,-0.00010335,0.00069311,-0.00023781,-0.00033050,-0.00042403,-0.00054156,-0.00182206,-0.00115839,-0.00072269,-0.00133222,-0.00211895,-0.00140818,-0.00131762,-0.00100137
2008-05-31 00:00:00+00:00,0.00067200,-0.00010244,-0.00020137,-0.00024630,0.00140295,0.00031132,0.00062346,0.00103197,0.00102822,0.00206611,0.00106447,0.00118410,0.00003925,0.00032360,0.00005743,-0.00046322,-0.00023357
2008-06-30 00:00:00+00:00,-0.00032183,-0.00003866,-0.00018310,-0.00021911,-0.00208209,-0.00068695,-0.00089796,-0.00092536,-0.00216968,-0.00259538,-0.00075778,0.00028717,0.00023695,0.00105429,0.00050865,0.00090908,0.00102782
2008-07-31 00:00:00+00:00,0.00097575,0.00024868,-0.00012681,-0.00006919,-0.00161407,-0.00181244,-0.00154512,-0.00249210,-0.00264953,-0.00508797,-0.00305935,-0.00316310,-0.00276252,-0.00450400,-0.00220518,-0.00212260,-0.00201123
2008-08-31 00:00:00+00:00,0.00025629,0.00014319,0.00197972,0.00296214,0.00614731,0.00736760,0.01024893,0.00753368,0.00437761,0.00727493,-0.00006321,-0.00262192,-0.00373822,-0.00486726,-0.00423606,-0.00428840,-0.00456811
2008-09-30 00:00:00+00:00,0.00026386,0.00002464,0.00021733,0.00026669,-0.00137766,0.00179258,0.00266573,0.00345006,0.00521526,0.00857167,0.00530038,0.00295112,0.00140159,0.00024786,-0.00002507,-0.00000135,-0.00061816
2008-10-31 00:00:00+00:00,-0.00037814,0.00001554,0.00004330,0.00004575,0.00068531,0.00052049,0.00068653,0.00124074,0.00214446,0.00398895,0.00290626,0.00312207,0.00280329,0.00419178,0.00239206,0.00163374,0.00093651
2008-11-30 00:00:00+00:00,-0.00014223,-0.00005090,-0.00008592,-0.00005653,0.00072830,0.00044533,0.00052952,0.00080604,0.00166296,0.00217294,0.00162905,0.00211946,0.00161703,0.00283205,0.00134939,0.00142389,0.00110019
2008-12-31 00:00:00+00:00,-0.00026535,0.00001300,0.00016102,0.00024994,0.00109054,0.00088530,0.00119266,0.00130206,0.00191944,0.00320696,0.00170075,0.00209459,0.00112146,0.00279156,0.00087076,0.00063094,0.00026477
2009-01-31 00:00:00+00:00,0.00037853,0.00001114,-0.00007810,-0.00015843,-0.00022522,-0.00083118,-0.00099937,-0.00125590,-0.00176002,-0.00175389,-0.00105910,-0.00054650,-0.00040092,-0.00067508,0.00000012,-0.00004836,0.00029242
2009-02-28 00:00:00+00:00,0.00006474,-0.00001386,-0.00004501,-0.00009187,-0.00055773,-0.00032331,-0.00066411,-0.00041746,-0.00181844,-0.00055787,-0.00009569,-0.00049534,0.00005550,-0.00023053,0.00014547,0.00008759,0.00015321
2009-03-31 00:00:00+00:00,-0.00005794,-0.00013288,-0.00007810,-0.00012535,-0.00018144,-0.00093758,-0.00124901,-0.00157128,-0.00227253,-0.00295716,-0.00172923,-0.00163871,-0.00120489,-0.00214131,-0.00108744,-0.00079527,-0.00085795
2009-04-30 00:00:00+00:00,-0.00034030,-0.00004040,-0.00026902,-0.00032461,-0.00115614,-0.00042042,-0.00036134,-0.00029592,-0.00008921,-0.00120705,-0.00106204,-0.00151437,-0.00182170,-0.00243780,-0.00188426,-0.00210157,-0.00186759
2009-05-31 00:00:00+00:00,-0.00207799,0.00003407,0.00052415,0.00071676,-0.00138620,0.00403217,0.00535214,0.00665616,0.00662301,0.01182921,0.00472804,-0.00163380,-0.00092733,-0.00155961,-0.00230722,-0.00305332,-0.00341632
2009-06-30 00:00:00+00:00,-0.00225011,-0.00008541,-0.00044733,-0.00056038,-0.00336002,-0.00003353,0.00019003,0.00086337,0.00114548,0.00244708,0.00017840,-0.00183420,-0.00148487,-0.00302680,-0.00302236,-0.00195628,-0.00182918
2009-07-31 00:00:00+00:00,-0.00027776,-0.00005602,-0.00016950,-0.00026082,-0.00003766,-0.00095258,-0.00117523,-0.00117151,-0.00056346,-0.00003778,0.00031470,0.00021467,0.00088973,0.00156377,0.00084636,0.00030213,0.00005403
2009-08-31 00:00:00+00:00,0.00016503,0.00002485,-0.00014648,-0.00013661,-0.00020291,-0.00053746,-0.00071121,-0.00071628,0.00014153,0.00025817,0.00012450,0.00020042,0.00038057,0.00067568,0.00025436,0.00022485,0.00016644
2009-09-30 00:00:00+00:00,0.00014819,0.00001200,0.00023513,0.00025156,0.00041503,0.00067642,0.00053700,0.00078921,0.00018945,0.00383645,0.00260460,0.00323090,0.00267373,0.00432647,0.00243456,0.00181105,0.00144679
2009-10-31 00:00:00+00:00,0.00011538,-0.00005258,-0.00011807,-0.00017378,-0.00088664,-0.00088274,-0.00112881,-0.00114778,-0.00092385,-0.00217124,-0.00018643,-0.00081455,0.00029558,-0.00052375,0.00005982,0.00032512,0.00035706
2009-11-30 00:00:00+00:00,-0.00005388,0.00004165,0.00010741,0.00027271,0.00005812,0.00120907,0.00127238,0.00190392,0.00302524,0.00441260,0.00307117,0.00227650,0.00321963,0.00493115,0.00235993,0.00282410,0.00238922
2009-12-31 00:00:00+00:00,-0.00014410,-0.00004591,-0.00018509,-0.00033597,-0.00071525,-0.00124096,-0.00143370,-0.00207217,-0.00388560,-0.00516615,-0.00304036,-0.00187973,-0.00226170,-0.00382381,-0.00050965,-0.00171759,-0.00144214
2010-01-31 00:00:00+00:00,0.00279965,0.00068729,0.00073842,0.00063017,0.00245006,-0.00100080,-0.00110640,-0.00211496,-0.00037232,-0.00396653,-0.00258419,-0.00191670,-0.00209422,-0.00320535,-0.00348512,-0.00156382,-0.00128297
2010-02-28 00:00:00+00:00,0.00056502,-0.00060239,-0.00090912,-0.00100564,-0.00311967,-0.00106880,-0.00134073,-0.00103807,-0.00214996,0.00007011,0.00058549,-0.00106008,0.00067916,0.00121150,0.00031332,0.00055817,0.00045541
2010-03-31 00:00:00+00:00,-0.00248983,-0.00006468,0.00020205,0.00032022,0.00130694,0.00161042,0.00163844,0.00201286,0.00317534,0.00467876,0.00191067,0.00124182,0.00134075,0.00303000,0.00075404,0.00095960,0.00063803
2010-04-30 00:00:00+00:00,-0.00129298,-0.00010104,-0.00011714,-0.00007143,-0.00074595,0.00013180,0.00006266,0.00033674,0.00174245,-0.00039422,0.00169193,0.00075103,0.00197273,0.00149717,0.00151167,0.00150034,0.00132840
2010-05-31 00:00:00+00:00,0.00124400,0.00000208,0.00023956,0.00042621,0.00173785,0.00143638,0.00191268,0.00145255,-0.00005688,-0.00163381,-0.00124572,-0.00158697,-0.00131700,-0.00450090,-0.00169950,-0.00144871,-0.00142415
2010-06-30 00:00:00+00:00,-0.00006099,0.00000092,0.00007639,0.00007649,-0.00008666,0.00030280,0.00042590,0.00054632,0.00056781,0.00214536,0.00169451,0.00128342,0.00121247,0.00171381,0.00070342,0.00034460,0.00007156
2010-07-31 00:00:00+00:00,0.00059280,-0.00005165,0.00003510,-0.00001446,-0.00006641,0.00018063,0.00020464,0.00007419,-0.00117023,-0.00185750,-0.00145409,-0.00191369,-0.00103847,-0.00190922,-0.00090403,-0.00035151,-0.00055195
2010-08-31 00:00:00+00:00,-0.00005702,-0.00013183,-0.00005815,0.00009204,0.00050620,0.00035972,0.00034305,0.00000946,0.00074616,0.00164124,0.00096844,-0.00003157,0.00220655,0.00370460,0.00243899,0.00227020,0.00195219
2010-09-30 00:00:00+00:00,-0.00050329,-0.00018039,-0.00012697,-0.00013265,-0.00047996,0.00020035,0.00030074,0.00082725,0.00139386,0.00338367,0.00156058,0.00098160,0.00072644,0.00053745,0.00074735,0.00099565,0.00100297
2010-10-31 00:00:00+00:00,-0.00018901,-0.00000757,0.00018300,0.00031184,0.00014482,0.00095938,0.00111941,0.00144529,0.00172598,0.00372829,0.00217628,0.00235684,0.00190391,0.00263452,0.00174554,0.00161183,0.00132740
2010-11-30 00:00:00+00:00,0.00011218,-0.00002341,-0.00000144,-0.00000993,-0.00035506,-0.00031841,-0.00034385,-0.00055118,-0.00103500,-0.00218646,-0.00134718,-0.00317156,-0.00168269,-0.00305280,-0.00157475,-0.00136005,-0.00101857
2010-12-31 00:00:00+00:00,-0.00042446,0.00007260,0.00007438,0.00011354,-0.00041793,0.00030156,0.00041018,0.00087461,0.00010609,0.00298489,0.00254270,-0.00312947,0.00292960,0.00398159,0.00280018,0.00287521,0.00282806
2011-01-31 00:00:00+00:00,0.00041881,-0.00011187,-0.00033833,-0.00048991,-0.00094877,-0.00080591,-0.00077340,-0.00071574,-0.00044277,-0.00033905,0.00000102,0.00178954,0.00007130,0.00098104,-0.00034848,-0.00056155,-0.00088093
2011-02-28 00:00:00+00:00,-0.00049259,0.00002155,-0.00002485,-0.00011777,-0.00050673,-0.00073983,-0.00076304,-0.00076501,0.00017797,0.00075781,0.00144277,-0.00129128,0.00211394,0.00218069,0.00246305,0.00204772,0.00215996
2011-03-31 00:00:00+00:00,-0.00269073,-0.00001565,-0.00015734,-0.00025449,-0.00025503,-0.00076146,-0.00085609,-0.00121780,-0.00084420,-0.00125567,0.00000541,0.00841495,0.00048000,-0.00027375,0.00057650,0.00048913,0.00069649
2011-04-30 00:00:00+00:00,-0.00049559,0.00002078,0.00013579,0.00032517,0.00093072,0.00133927,0.00152890,0.00200191,0.00305370,0.00584002,0.00399003,0.00409762,0.00429329,0.00706674,0.00425022,0.00433793,0.00449728
2011-05-31 00:00:00+00:00,0.00072272,-0.00003442,-0.00020638,-0.00032146,-0.00083908,-0.00089352,-0.00102858,-0.00131081,-0.00269019,-0.00321681,-0.00292225,-0.00455532,-0.00308998,-0.00497763,-0.00322969,-0.00252102,-0.00229169
2011-06-30 00:00:00+00:00,0.00037959,-0.00006971,-0.00012309,-0.00020221,-0.00031175,-0.00050638,-0.00057062,-0.00066412,-0.00127532,-0.00217482,-0.00109574,-0.00141127,-0.00096542,-0.00201989,-0.00045039,-0.00044937,-0.00014659
2011-07-31 00:00:00+00:00,-0.00025476,0.00015266,0.00048913,0.00068693,0.00081913,0.00138353,0.00126037,0.00185367,0.00258842,0.00645373,0.00374958,0.00178240,0.00457769,0.00802117,0.00427704,0.00407504,0.00359502
2011-08-31 00:00:00+00:00,0.00234951,0.00019390,-0.00019574,-0.00022342,-0.00038059,-0.00014416,0.00006293,-0.00025345,-0.00112400,0.00018632,-0.00112853,-0.00141126,-0.00105882,0.00032293,-0.00105062,-0.00144342,-0.00167752
2011-09-30 00:00:00+00:00,0.00032615,-0.00012165,0.00007617,0.00012532,0.00025554,0.00095606,0.00128341,0.00156040,0.00236148,0.00292076,0.00115451,0.00020337,-0.00054155,0.00006639,-0.00055680,-0.00175352,-0.00230196
2011-10-31 00:00:00+00:00,0.00047414,-0.00009843,-0.00024304,-0.00030812,-0.00090757,-0.00105242,-0.00122149,-0.00181959,-0.00290644,-0.00533851,-0.00336342,-0.00274849,-0.00213236,-0.00465152,-0.00159802,-0.00086783,-0.00023721
2011-11-30 00:00:00+00:00,-0.00048269,-0.00004639,-0.00009648,-0.00016724,-0.00006520,-0.00090322,-0.00115531,-0.00142020,-0.00132789,-0.00080431,-0.00059829,-0.00019875,-0.00029832,-0.00000529,-0.00016494,-0.00040691,-0.00052003
2011-12-31 00:00:00+00:00,0.00070530,-0.00003313,0.00007019,-0.00008158,0.00039391,-0.00033857,-0.00030188,-0.00015786,0.00111947,0.00214462,0.00202176,0.00164593,0.00191627,0.00258018,0.00172664,0.00141449,0.00071986
2012-01-31 00:00:00+00:00,-0.00053336,-0.00002044,-0.00025622,-0.00036246,-0.00043999,-0.00042145,-0.00031292,0.00020261,0.00013143,0.00029674,0.00050544,0.00012419,0.00104154,0.00194735,0.00205157,0.00228371,0.00244007
2012-02-29 00:00:00+00:00,-0.00048514,0.00056231,0.00092538,0.00107684,0.00138021,0.00183775,0.00207527,0.00249067,0.00264314,0.00423402,0.00091780,-0.00098764,-0.00169414,-0.00282968,-0.00430593,-0.00261748,-0.00225605
2012-03-31 00:00:00+00:00,-0.00239662,0.00014793,0.00015602,0.00007189,0.00094920,-0.00026680,-0.00046680,-0.00074586,-0.00151958,-0.00225573,-0.00175328,-0.00201994,-0.00176575,-0.00181040,-0.00348800,-0.00237575,-0.00222896
2012-04-30 00:00:00+00:00,-0.00016792,0.00003464,-0.00006443,-0.00018013,-0.00133086,-0.00091641,-0.00114043,-0.00156617,-0.00251965,-0.00265397,-0.00189081,-0.00212158,-0.00068792,-0.00137728,0.00056902,0.00084363,0.00105781
2012-05-31 00:00:00+00:00,-0.00277530,0.00014316,0.00080660,0.00139726,0.00296437,0.00775527,0.00969744,0.01132552,0.00979598,0.01804603,0.00653973,-0.00191853,0.00068547,0.00049129,-0.00039388,-0.00070944,-0.00132329
2012-06-30 00:00:00+00:00,0.00036282,0.00011443,-0.00033423,-0.00055296,-0.00188566,-0.00198666,-0.00239911,-0.00293601,-0.00438944,-0.00654249,-0.00436655,-0.00190579,-0.00248031,-0.00360080,-0.00247816,-0.00114147,-0.00078598
2012-07-31 00:00:00+00:00,-0.00071525,0.00000923,0.00000585,0.00001134,-0.00012154,0.00005892,0.00004448,0.00018810,0.00040231,0.00043913,0.00066207,-0.00019772,0.00056879,0.00056486,0.00138872,0.00095375,0.00091836
2012-08-31 00:00:00+00:00,-0.00007420,-0.00002255,-0.00022790,-0.00033135,-0.00023404,-0.00088432,-0.00101279,-0.00120862,-0.00150079,-0.00287945,-0.00202517,-0.00187622,-0.00182421,-0.00248429,-0.00159872,-0.00131282,-0.00112765
2012-09-30 00:00:00+00:00,-0.00114249,-0.00004769,0.00003133,-0.00004387,-0.00138982,-0.00014371,0.00002876,-0.00004687,-0.00074424,-0.00099135,-0.00079620,-0.00041011,-0.00082565,-0.00149694,-0.00080184,-0.00070373,-0.00062397
2012-10-31 00:00:00+00:00,-0.00011198,0.00001987,0.00014539,0.00015421,0.00009834,-0.00102616,-0.00140917,-0.00227968,-0.00293692,-0.00627814,-0.00358430,-0.00309999,-0.00341328,-0.00516688,-0.00380851,-0.00292589,-0.00235205
2012-11-30 00:00:00+00:00,0.00002428,-0.00000365,0.00000072,-0.00014117,-0.00064725,-0.00124942,-0.00172055,-0.00184010,-0.00176604,-0.00172655,-0.00102121,-0.00052195,0.00003162,0.00034231,0.00031512,0.00066145,0.00059551
2012-12-31 00:00:00+00:00,0.00021562,0.00047130,0.00095420,0.00124459,0.00155405,0.00171882,0.00163518,0.00107046,0.00139159,0.00321904,0.00248995,0.00325965,0.00181630,0.00472600,-0.00001725,0.00050156,0.00023883
2013-01-31 00:00:00+00:00,-0.00008397,0.00008878,0.00030828,0.00040462,0.00046037,0.00241181,0.00298403,0.00459380,0.00473176,0.01179672,0.00638054,0.00564469,0.00474685,0.01170355,0.00599689,0.00267182,0.00178638
2013-02-28 00:00:00+00:00,-0.00017170,-0.00001063,0.00000251,0.00009383,0.00013268,0.00019934,0.00016214,-0.00022955,-0.00131035,-0.00301019,-0.00187295,-0.00238212,-0.00195808,-0.00366241,-0.00087888,-0.00028819,-0.00000249
2013-03-31 00:00:00+00:00,-0.00087459,0.00009781,0.00009663,0.00008762,-0.00031723,-0.00006625,-0.00001192,-0.00018411,-0.00093170,-0.00019646,0.00060326,0.00073500,0.00115118,0.00170638,0.00178367,0.00156208,0.00142487
2013-04-30 00:00:00+00:00,-0.00024484,-0.00001156,-0.00025025,-0.00041987,-0.00064341,-0.00055810,-0.00049655,-0.00022925,0.00008110,0.00037392,0.00111121,0.00169355,0.00213815,0.00199270,0.00432995,0.00248819,0.00232347
2013-05-31 00:00:00+00:00,0.00132356,-0.00005873,-0.00010663,0.00007700,0.00021222,0.00077193,0.00066856,0.00085392,0.00091478,-0.00055927,-0.00009334,-0.00015905,-0.00033109,0.00205525,-0.00402223,-0.00084381,-0.00085004
2013-06-30 00:00:00+00:00,0.00020785,-0.00001820,0.00012254,0.00018905,0.00058866,0.00010872,0.00008152,-0.00020391,-0.00022228,-0.00122148,-0.00001990,0.00080735,0.00013308,-0.00019138,-0.00016626,-0.00051400,-0.00087161
2013-07-31 00:00:00+00:00,0.00095561,0.00001416,-0.00002368,-0.00007985,-0.00051285,-0.00034799,-0.00042595,-0.00062106,-0.00176024,-0.00115599,-0.00028946,-0.00020597,0.00074328,0.00053759,0.00109347,0.00073957,0.00075399
2013-08-31 00:00:00+00:00,-0.00057309,-0.00007083,-0.00019627,-0.00020239,0.00010030,-0.00037695,-0.00041763,-0.00042967,-0.00055629,-0.00039203,0.00009278,0.00110900,0.00005400,-0.00067245,-0.00116335,-0.00062025,-0.00111883
2013-09-30 00:00:00+00:00,-0.00109369,-0.00004423,-0.00006282,-0.00013269,-0.00143418,-0.00035625,-0.00037539,-0.00057936,-0.00211459,-0.00136369,-0.00129335,-0.00218193,-0.00123767,-0.00188351,-0.00086332,-0.00108685,-0.00070812
2013-10-31 00:00:00+00:00,0.00009830,-0.00007201,-0.00026393,-0.00037142,-0.00094485,-0.00075901,-0.00079030,-0.00057161,-0.00329762,-0.00082239,-0.00089178,-0.00141093,-0.00041147,-0.00130132,-0.00003172,0.00001506,0.00044547
2013-11-30 00:00:00+00:00,-0.00028188,0.00008895,0.00042761,0.00063208,0.00057473,0.00091942,0.00058078,0.00046724,-0.00140161,-0.00021040,0.00082187,0.00190357,0.00296800,0.00385609,0.00394620,0.00408921,0.00390748
2013-12-31 00:00:00+00:00,0.00025317,0.00017249,0.00028169,0.00039108,0.00190360,0.00202800,0.00222113,0.00270062,0.00271544,0.00427880,0.00290754,0.00335115,0.00406805,0.00620908,0.00506049,0.00459783,0.00425802
2014-01-31 00:00:00+00:00,-0.00074372,-0.00004436,-0.00037173,-0.00048803,-0.00083436,-0.00200992,-0.00238887,-0.00333470,-0.00651231,-0.00857057,-0.00666685,-0.00676553,-0.00620017,-0.01077784,-0.00644866,-0.00569645,-0.00500593
2014-02-28 00:00:00+00:00,-0.00012923,0.00000445,-0.00002546,0.00001552,0.00028005,-0.00018673,-0.00028231,-0.00045803,0.00080889,-0.00137839,-0.00057946,0.00012038,0.00020247,-0.00026670,0.00044925,0.00058828,0.00062704
2014-03-31 00:00:00+00:00,0.00023233,-0.00001653,-0.00028552,-0.00035486,-0.00043784,-0.00081439,-0.00092749,-0.00112521,-0.00151442,-0.00289114,-0.00275484,-0.00212885,-0.00215210,-0.00306000,-0.00183759,-0.00129257,-0.00106295
2014-04-30 00:00:00+00:00,-0.00016741,-0.00007007,-0.00041818,-0.00062629,-0.00147103,-0.00136703,-0.00142957,-0.00131876,-0.00237863,-0.00106501,-0.00018655,-0.00048613,0.00063756,0.00078021,0.00173361,0.00094741,0.00098215
2014-05-31 00:00:00+00:00,-0.00073564,-0.00006733,-0.00022696,-0.00047220,0.00017778,-0.00070335,-0.00042217,0.00008019,0.00392862,-0.00079721,-0.00001413,0.00115297,-0.00002865,-0.00045080,-0.00079880,0.00012561,0.00023505
2014-06-30 00:00:00+00:00,-0.00158037,0.00006703,0.00002009,-0.00005415,0.00069921,-0.00088570,-0.00093597,-0.00077571,0.00291153,-0.00091409,-0.00067247,0.00117829,0.00004853,0.00112946,0.00200621,0.00018440,-0.00000820
2014-07-31 00:00:00+00:00,-0.00008910,-0.00002417,0.00008833,0.00004358,-0.00086071,-0.00019693,-0.00013515,-0.00081776,-0.00883156,0.00003863,-0.00107736,-0.00271941,-0.00107533,-0.00034569,-0.00091041,-0.00029145,-0.00008942
2014-08-31 00:00:00+00:00,0.00066878,0.00001076,0.00006334,0.00004104,-0.00005786,0.00209227,0.00281752,0.00302180,0.00166198,0.00461213,0.00311809,0.00235993,0.00301735,0.00464894,0.00295535,0.00218556,0.00182784
2014-09-30 00:00:00+00:00,-0.00070244,0.00000958,0.00064878,0.00111550,0.00217413,0.00475475,0.00533394,0.00634450,0.00733567,0.01254120,0.00750362,0.00563243,0.00410411,0.00740093,0.00265233,0.00242791,0.00213399
2014-10-31 00:00:00+00:00,0.00090997,0.00006242,0.00000677,-0.00000349,-0.00000685,0.00075994,0.00092586,0.00119321,-0.00318993,0.00186898,0.00050324,0.00007304,0.00020354,0.00084082,-0.00115239,-0.00035124,-0.00038314
2014-11-30 00:00:00+00:00,-0.00088192,0.00000888,0.00013631,0.00024761,0.00021894,0.00169870,0.00206056,0.00305025,0.00287288,0.00926680,0.00660789,0.00661134,0.00741486,0.01203954,0.00679194,0.00630740,0.00535961
2014-12-31 00:00:00+00:00,-0.00172852,0.00000567,0.00006887,0.00016406,0.00061501,0.00089463,0.00093698,0.00110716,0.00192367,0.00381552,0.00230778,0.00285072,0.00311286,0.00551167,0.00374958,0.00263657,0.00258953
2015-01-31 00:00:00+00:00,-0.00087777,0.00000469,0.00057909,0.00077030,0.00140786,0.00333270,0.00416863,0.00474544,0.00573990,0.01100249,0.00715975,0.00641530,0.00698268,0.01218914,0.00620561,0.00593374,0.00488870
2015-02-28 00:00:00+00:00,-0.00026725,0.00008873,-0.00002100,-0.00011443,-0.00066865,-0.00075109,-0.00095656,-0.00132595,-0.00249803,-0.00336758,-0.00201194,-0.00227903,-0.00152627,-0.00281534,-0.00012925,-0.00099754,-0.00054077
2015-03-31 00:00:00+00:00,-0.00176087,0.00017820,0.00014371,0.00005379,0.00028926,-0.00056303,-0.00074288,-0.00099957,-0.00007949,-0.00114949,0.00000317,0.00070377,0.00084551,-0.00027849,0.00167727,0.00102034,0.00114717
2015-04-30 00:00:00+00:00,-0.00099252,-0.00002310,-0.00011652,-0.00013877,-0.00046776,-0.00069852,-0.00072387,-0.00128107,-0.00340263,-0.00331363,-0.00274723,-0.00277420,-0.00303967,-0.00436518,-0.00278585,-0.00293386,-0.00285466
2015-05-31 00:00:00+00:00,-0.00154730,0.00005837,0.00023881,0.00033875,0.00049767,0.00010950,-0.00014199,-0.00076054,-0.00143345,-0.00251866,-0.00090540,-0.00007431,0.00063686,0.00176911,0.00204818,0.00119088,0.00132196
2015-06-30 00:00:00+00:00,-0.00312386,0.00014002,-0.00026005,-0.00038914,-0.00071661,-0.00084913,-0.00088985,-0.00072575,-0.00047178,-0.00129165,-0.00151302,-0.00273757,-0.00309524,-0.00496671,-0.00167173,-0.00328731,-0.00307946
2015-07-31 00:00:00+00:00,0.00084311,-0.00000388,-0.00008152,-0.00009684,-0.00035906,0.00067553,0.00085312,0.00130401,0.00189840,0.00262954,0.00142565,0.00105749,0.00344870,0.00649617,0.00492838,0.00500613,0.00547381
2015-08-31 00:00:00+00:00,0.00317512,0.00006113,0.00011186,0.00013680,-0.00013799,-0.00062141,-0.00090274,-0.00178993,-0.00367211,-0.00450590,-0.00417563,-0.00561817,-0.00481374,-0.00680040,-0.00785022,-0.00509925,-0.00492102
2015-09-30 00:00:00+00:00,-0.00417691,-0.00000256,-0.00011352,-0.00014728,-0.00006686,-0.00032862,-0.00029380,-0.00002570,0.00125714,0.00032962,0.00052522,0.00059394,0.00058152,0.00065918,-0.00138799,0.00063286,0.00067520
2015-10-31 00:00:00+00:00,-0.00053456,0.00000442,0.00001844,-0.00002756,0.00186744,-0.00110143,-0.00140245,-0.00218004,-0.00388526,-0.00551894,-0.00382289,-0.00340012,-0.00296754,-0.00421287,-0.00178394,-0.00120521,-0.00036407
2015-11-30 00:00:00+00:00,0.00031284,0.00001920,0.00010435,0.00028265,0.00187093,0.00154338,0.00150238,0.00108864,0.00089494,0.00000190,0.00029034,0.00095852,0.00150219,0.00252822,0.00249034,0.00249026,0.00298380
2015-12-31 00:00:00+00:00,-0.00211226,-0.00002211,0.00001165,-0.00012471,0.00065572,-0.00159632,-0.00171362,-0.00221308,-0.00284240,-0.00437775,-0.00236080,-0.00169351,-0.00095930,-0.00266544,-0.00042359,-0.00063206,-0.00051873
2016-01-31 00:00:00+00:00,0.00072153,0.00001882,0.00002216,0.00008866,0.00024135,0.00106631,0.00130614,0.00158345,0.00110607,-0.00033307,-0.00073934,-0.00166525,-0.00102432,-0.00182278,-0.00146849,-0.00053754,-0.00005291
2016-02-29 00:00:00+00:00,-0.00000641,-0.00000078,0.00003531,0.00005968,0.00143747,0.00086024,0.00115193,0.00161539,0.00286563,0.00501275,0.00288918,0.00230851,0.00101741,0.00234575,0.00000751,-0.00017885,-0.00063097
2016-03-31 00:00:00+00:00,-0.00105110,-0.00000660,-0.00004142,-0.00006584,-0.00082399,0.00005857,0.00007897,0.00044620,-0.00057591,-0.00030722,-0.00026988,-0.00142906,-0.00154449,-0.00227265,-0.00190674,-0.00190597,-0.00202446
2016-04-30 00:00:00+00:00,-0.00024761,-0.00001399,-0.00009767,-0.00016699,-0.00125154,-0.00061840,-0.00064823,-0.00072008,-0.00230591,-0.00079553,-0.00004735,-0.00030883,-0.00024269,-0.00103143,-0.00059659,-0.00085829,-0.00109199
2016-05-31 00:00:00+00:00,0.00114568,-0.00000497,-0.00004792,-0.00008917,0.00002257,-0.00078021,-0.00106236,-0.00164158,-0.00346493,-0.00411554,-0.00297636,-0.00257766,-0.00249555,-0.00335884,-0.00209866,-0.00132669,-0.00057594
2016-06-30 00:00:00+00:00,-0.00060495,-0.00002191,-0.00011181,-0.00011227,-0.00144077,-0.00062150,-0.00085461,-0.00137973,-0.00095087,0.00079792,0.00138358,0.00176112,0.00342501,0.00497967,0.00344509,0.00389924,0.00331731
2016-07-31 00:00:00+00:00,0.00068645,-0.00002436,-0.00014586,-0.00021950,-0.00090759,-0.00069059,-0.00079010,-0.00098695,-0.00060706,-0.00154437,-0.00062537,-0.00109512,-0.00012989,-0.00045728,0.00038108,0.00038880,0.00053823
2016-08-31 00:00:00+00:00,0.00115284,-0.00001641,-0.00007018,-0.00008204,-0.00068928,-0.00083659,-0.00107242,-0.00133513,-0.00346532,-0.00094624,-0.00104253,-0.00068968,-0.00060622,0.00009768,-0.00134792,-0.00067179,-0.00053738
2016-09-30 00:00:00+00:00,0.00004065,-0.00002214,-0.00024001,-0.00049065,-0.00191820,-0.00193700,-0.00221265,-0.00233704,-0.00272423,-0.00123842,-0.00042843,0.00036925,0.00070973,0.00089902,0.00080561,0.00077712,0.00061226
2016-10-31 00:00:00+00:00,-0.00097404,0.00010717,0.00025230,0.00037547,0.00071894,0.00132721,0.00162569,0.00089606,-0.00129313,-0.00107938,-0.00161352,-0.00236464,-0.00314250,-0.00344182,-0.00523079,-0.00385138,-0.00367216
2016-11-30 00:00:00+00:00,0.00056357,-0.00002619,0.00041324,0.00060726,0.00129075,0.00256829,0.00313999,0.00465592,0.00566755,0.01187723,0.00616022,0.00264525,0.00034468,0.00478662,-0.00179761,-0.00282591,-0.00336557
2016-12-31 00:00:00+00:00,-0.00289351,0.00003730,0.00005213,0.00010927,0.00000702,0.00046643,0.00047099,0.00078491,0.00113031,0.00283183,0.00233567,0.00229049,0.00149330,0.00376342,0.00051290,0.00100687,0.00091025
2017-01-31 00:00:00+00:00,0.00078567,-0.00002115,-0.00006417,-0.00001523,-0.00010465,-0.00042092,-0.00052186,-0.00093993,-0.00180833,-0.00253674,-0.00231088,-0.00221300,-0.00193543,-0.00216405,-0.00144058,-0.00088857,-0.00052522
2017-02-28 00:00:00+00:00,0.00028131,0.00002696,-0.00000406,0.00000667,0.00006660,0.00018090,0.00035130,0.00063711,0.00136195,0.00222027,0.00157282,0.00179985,0.00197750,0.00341652,0.00220635,0.00215084,0.00206946
2017-03-31 00:00:00+00:00,-0.00076458,-0.00002232,-0.00006847,-0.00017376,-0.00074773,-0.00086753,-0.00108900,-0.00141814,-0.00231242,-0.00355196,-0.00194197,-0.00126655,-0.00091794,-0.00065710,-0.00086818,-0.00060128,-0.00062615
2017-04-30 00:00:00+00:00,0.00111805,-0.00001990,-0.00006349,-0.00012191,-0.00049455,-0.00037420,-0.00033318,-0.00025243,0.00001756,-0.00096537,-0.00143363,-0.00154444,-0.00160637,-0.00158660,-0.00108314,-0.00160931,-0.00139941
2017-05-31 00:00:00+00:00,0.00034393,-0.00001650,0.00001694,0.00003670,-0.00013946,0.00011215,0.00008703,0.00002264,0.00136022,0.00027841,0.00024067,0.00031563,0.00016452,-0.00024707,0.00057370,0.00006375,0.00005651
2017-06-30 00:00:00+00:00,-0.00327390,-0.00001885,-0.00001602,0.00001324,-0.00017689,0.00061196,0.00065376,0.00054573,0.00030437,-0.00036964,-0.00003111,-0.00024530,-0.00063678,-0.00024481,0.00262755,-0.00085933,-0.00092738
2017-07-31 00:00:00+00:00,-0.00174728,-0.00002495,0.00008717,0.00019280,-0.00049095,0.00100180,0.00104881,0.00113703,0.00212502,0.00534310,0.00317905,0.00295241,0.00319094,0.00565298,0.00337533,0.00284541,0.00253408
2017-08-31 00:00:00+00:00,0.00135607,-0.00003932,-0.00015985,-0.00029750,-0.00106133,-0.00115789,-0.00141085,-0.00158078,-0.00510422,-0.00382710,-0.00113098,-0.00059567,-0.00016675,-0.00168613,-0.00078714,-0.00002102,0.00007054
2017-09-30 00:00:00+00:00,-0.00272831,-0.00006186,-0.00011857,-0.00008660,0.00000164,-0.00004668,-0.00009611,-0.00060055,-0.00078174,-0.00348027,-0.00281606,-0.00282943,-0.00266250,-0.00544145,-0.00122646,-0.00174792,-0.00140733
2017-10-31 00:00:00+00:00,-0.00403706,-0.00003263,-0.00007535,-0.00001987,-0.00025957,0.00052710,0.00071697,0.00116770,0.00177408,0.00186246,0.00148934,0.00146704,0.00185034,0.00315746,0.00509114,0.00261080,0.00254988
2017-11-30 00:00:00+00:00,-0.00015349,-0.00008381,-0.00020319,-0.00029751,-0.00060953,-0.00141924,-0.00155535,-0.00130435,-0.00207606,0.00065466,0.00093533,0.00141686,0.00170351,0.00239395,0.00345503,0.00207187,0.00196834
2017-12-31 00:00:00+00:00,-0.00608832,0.00001034,0.00004168,0.00001633,0.00015375,-0.00013138,-0.00017944,-0.00048748,-0.00022147,-0.00045015,-0.00032083,0.00074960,0.00154358,0.00336742,0.00531676,0.00252839,0.00262642
2018-01-31 00:00:00+00:00,0.00346689,-0.00000992,0.00006648,0.00024052,0.00241107,0.00399510,0.00510779,0.00737584,0.01051014,0.01834683,0.01181938,0.01081410,0.00967969,0.01766513,0.01138137,0.00800137,0.00651620
2018-02-28 00:00:00+00:00,0.00006038,0.00001646,-0.00000858,-0.00001281,-0.00071470,-0.00031069,-0.00045818,-0.00096472,-0.00265606,-0.00328681,-0.00297958,-0.00370632,-0.00382894,-0.00598409,-0.00414777,-0.00367832,-0.00348017
2018-03-31 00:00:00+00:00,0.00076404,-0.00000870,-0.00006925,-0.00011567,0.00012921,-0.00029682,-0.00034173,-0.00036765,-0.00027067,-0.00115633,-0.00068039,-0.00082234,-0.00116913,-0.00199590,-0.00256689,-0.00140106,-0.00116551
2018-04-30 00:00:00+00:00,0.00208136,-0.00004584,0.00001477,0.00009122,0.00092543,0.00010741,0.00003319,-0.00018360,-0.00041177,-0.00100179,-0.00087854,-0.00057066,-0.00051991,-0.00106568,0.00159132,0.00043417,0.00034336
2018-05-31 00:00:00+00:00,0.00153728,-0.00000954,0.00014550,0.00024258,0.00065362,0.00121384,0.00169500,0.00173697,0.00145316,0.00090489,-0.00021985,-0.00162095,-0.00236187,-0.00433920,-0.00477708,-0.00280162,-0.00253848
2018-06-30 00:00:00+00:00,-0.00169687,-0.00003202,-0.00008496,-0.00015152,0.00035196,-0.00052402,-0.00055712,-0.00041283,0.00029687,0.00007258,0.00051799,0.00076175,0.00013365,-0.00082941,0.00074394,-0.00014069,-0.00016630
2018-07-31 00:00:00+00:00,-0.00097032,0.00001633,0.00000694,0.00000319,0.00013064,-0.00021971,-0.00030484,-0.00029815,0.00015027,0.00052246,0.00071347,0.00098017,0.00104425,0.00163006,0.00220903,0.00125733,0.00109603
2018-08-31 00:00:00+00:00,0.00122008,0.00002069,-0.00000652,-0.00014304,0.00005696,-0.00149357,-0.00174978,-0.00148824,0.00026827,0.00203423,0.00239102,0.00363390,0.00352902,0.00505538,0.00265060,0.00187580,0.00139873
2018-09-30 00:00:00+00:00,-0.00158342,-0.00003899,-0.00012680,-0.00015429,0.00001763,-0.00018097,-0.00028574,-0.00069913,-0.00078322,-0.00184651,-0.00136395,-0.00106348,-0.00091762,-0.00149924,-0.00057752,-0.00021798,0.00011428
2018-10-31 00:00:00+00:00,0.00054989,0.00001137,0.00006652,0.00007087,-0.00046871,-0.00001866,-0.00006688,-0.00045905,-0.00468126,-0.00343916,-0.00297877,-0.00343737,-0.00326386,-0.00605413,-0.00197451,-0.00332520,-0.00353625
2018-11-30 00:00:00+00:00,-0.00153664,0.00009151,0.00002973,-0.00007000,-0.00119991,-0.00041754,-0.00039629,-0.00022852,-0.00059060,0.00047957,-0.00006302,-0.00104034,-0.00126635,-0.00183455,-0.00183088,-0.00185245,-0.00181379
2018-12-31 00:00:00+00:00,0.00012350,0.00001436,-0.00005530,-0.00007680,-0.00019767,0.00030348,0.00065838,0.00154229,0.00223138,0.00347840,0.00278044,0.00208451,0.00121671,0.00180065,-0.00002451,-0.00146697,-0.00197972
2019-01-31 00:00:00+00:00,0.00064482,0.00002396,0.00003291,0.00007010,-0.00034842,0.00027117,0.00039625,0.00066762,-0.00043296,0.00039908,-0.00101145,-0.00216428,-0.00311644,-0.00487176,-0.00407078,-0.00366098,-0.00308156
2019-02-28 00:00:00+00:00,0.00029486,-0.00000154,0.00000590,-0.00000265,0.00004805,0.00008639,0.00008524,0.00009220,-0.00032137,-0.00074643,-0.00070390,-0.00109922,-0.00118685,-0.00192700,-0.00149881,-0.00106154,-0.00068902
2019-03-31 00:00:00+00:00,0.00145342,-0.00000755,-0.00000623,-0.00004533,0.00050199,0.00014135,0.00035634,0.00072600,0.00184123,0.00369156,0.00265343,0.00302414,0.00304969,0.00487300,0.00267312,0.00185605,0.00124108
2019-04-30 00:00:00+00:00,0.00148752,0.00003382,0.00004485,-0.00001992,0.00020216,-0.00049569,-0.00065977,-0.00031120,0.00145164,0.00104301,0.00152390,0.00142670,0.00089497,-0.00058017,0.00073028,0.00015282,0.00034839
2019-05-31 00:00:00+00:00,-0.00582040,-0.00004877,-0.00006260,-0.00001541,-0.00308115,0.00121698,0.00163070,0.00232442,0.00011290,0.00296480,0.00156394,0.00129426,0.00229042,0.00548368,0.00517368,0.00384225,0.00344925
2019-06-30 00:00:00+00:00,-0.00035957,0.00009128,0.00015167,0.00009141,0.00024584,-0.00026655,0.00010116,0.00098337,0.00234148,0.00290529,0.00220068,0.00245296,0.00275812,0.00427288,0.00461481,0.00310760,0.00207976
2019-07-31 00:00:00+00:00,0.00019771,-0.00000432,-0.00000701,-0.00000080,-0.00021858,-0.00007406,0.00000246,0.00063716,0.00237802,0.00467758,0.00433748,0.00538939,0.00553634,0.00798704,0.00539975,0.00491161,0.00445999
2019-08-31 00:00:00+00:00,0.00000669,-0.00000355,0.00000274,-0.00002615,-0.00010135,0.00055708,0.00069592,0.00067390,-0.00022891,0.00209656,0.00168360,0.00255409,0.00335840,0.00319217,0.00533822,0.00463265,0.00442381
2019-09-30 00:00:00+00:00,-0.00154718,0.00006596,0.00009197,0.00011641,-0.00043636,0.00017111,-0.00000913,-0.00053772,-0.00187994,-0.00213118,-0.00162560,-0.00141441,-0.00139853,-0.00177729,-0.00207055,-0.00145515,-0.00132715
2019-10-31 00:00:00+00:00,-0.00128032,0.00000467,-0.00000700,-0.00004440,-0.00061282,-0.00068564,-0.00087475,-0.00140316,-0.00373962,-0.00367390,-0.00273157,-0.00362100,-0.00310420,-0.00506040,-0.00378259,-0.00282438,-0.00276242
2019-11-30 00:00:00+00:00,0.00112879,0.00003056,0.00003779,-0.00001043,0.00022302,-0.00038103,-0.00045458,-0.00058576,0.00140208,0.00154274,0.00134487,0.00322101,0.00270936,0.00426973,0.00263202,0.00254654,0.00222069
2019-12-31 00:00:00+00:00,-0.00135317,-0.00002476,-0.00005565,-0.00008495,-0.00076193,-0.00112589,-0.00089204,-0.00091754,-0.00038742,0.00026303,-0.00096408,-0.00201953,-0.00256190,-0.00462942,-0.00646967,-0.00317204,-0.00314800
2020-01-31 00:00:00+00:00,0.00007344,0.00003499,0.00002539,0.00001053,-0.00211367,-0.00035493,-0.00053019,-0.00095016,-0.00281239,-0.00381215,-0.00120621,0.00092088,0.00288081,0.00526174,0.00547884,0.00672420,0.00715524
2020-02-29 00:00:00+00:00,-0.00185860,0.00001213,0.00004455,0.00017523,0.00097972,0.00195118,0.00208372,0.00293901,0.00413669,0.00811648,0.00227888,0.00168359,0.00152618,0.00371015,-0.00089537,0.00149614,0.00137012
2020-03-31 00:00:00+00:00,-0.00113290,-0.00004813,-0.00009130,-0.00005611,-0.00041440,0.00054260,0.00101264,0.00152663,0.00158550,0.00305741,0.00100884,-0.00051379,-0.00075775,0.00005675,-0.00323597,-0.00021541,-0.00007031
2020-04-30 00:00:00+00:00,0.00011630,-0.00000820,-0.00001579,-0.00002585,0.00003691,-0.00013413,-0.00017441,-0.00025055,-0.00183471,-0.00077447,-0.00088036,-0.00093514,-0.00109309,-0.00138003,-0.00097542,-0.00048273,-0.00020253
2020-05-31 00:00:00+00:00,-0.00115937,-0.00001301,-0.00004084,-0.00005618,-0.00143615,-0.00009715,-0.00010793,-0.00010107,0.00117297,-0.00003594,0.00002465,0.00017544,0.00029153,0.00031904,-0.00012114,0.00055113,0.00032401
2020-06-30 00:00:00+00:00,-0.00281781,0.00001448,0.00006412,0.00012145,-0.00051133,0.00028972,0.00021531,0.00004186,0.00081158,0.00040141,0.00007408,0.00025964,0.00017074,0.00004770,-0.00083186,0.00029010,0.00018668
2020-07-31 00:00:00+00:00,-0.00088000,-0.00002735,0.00017306,0.00028847,0.00044876,0.00182695,0.00245769,0.00410746,0.00680957,0.01378542,0.00932733,0.00833368,0.00722526,0.01104644,0.00686990,0.00555934,0.00456580
2020-08-31 00:00:00+00:00,0.00075936,0.00007796,0.00011397,0.00010579,-0.00031141,0.00029692,0.00044407,0.00068518,-0.00303480,0.00280101,0.00305619,0.00363451,0.00387778,0.00623043,0.00339183,0.00323007,0.00274870
2020-09-30 00:00:00+00:00,-0.00023617,-0.00002751,-0.00005033,-0.00007394,-0.00024300,-0.00090391,-0.00116097,-0.00194308,-0.00274207,-0.00444864,-0.00330599,-0.00357304,-0.00365787,-0.00594665,-0.00347138,-0.00307554,-0.00262681
2020-10-31 00:00:00+00:00,0.00040386,0.00000715,0.00000321,-0.00001624,0.00013928,-0.00005420,-0.00000196,0.00016546,-0.00208337,-0.00014086,-0.00112349,-0.00213570,-0.00276808,-0.00331623,-0.00287846,-0.00365767,-0.00344935
2020-11-30 00:00:00+00:00,-0.00096185,-0.00007357,-0.00013348,-0.00016748,-0.00113067,-0.00096583,-0.00114170,-0.00199230,-0.00106217,-0.00402327,0.00026138,0.00235919,0.00362164,0.00359688,0.00254727,0.00466491,0.00454244
2020-12-31 00:00:00+00:00,-0.00310553,-0.00006960,-0.00009504,-0.00007054,0.00014906,0.00064587,0.00086080,0.00205879,0.00435137,0.00742082,0.00590250,0.00652538,0.00672587,0.00993772,0.00772867,0.00650914,0.00626274
2021-01-31 00:00:00+00:00,0.00074222,-0.00003497,-0.00006345,-0.00008385,-0.00008141,-0.00038374,-0.00048940,-0.00084733,-0.00110101,-0.00161627,-0.00083149,-0.00066778,-0.00077178,-0.00174518,-0.00029297,-0.00076530,-0.00072717
2021-02-28 00:00:00+00:00,0.00102693,-0.00000213,-0.00000690,-0.00001271,0.00140011,0.00080766,0.00118351,0.00266211,0.00567614,0.00864998,0.00595685,0.00540077,0.00462415,0.00858506,0.00426405,0.00204831,0.00112172
2021-03-31 00:00:00+00:00,-0.00167442,0.00001934,0.00004726,0.00011841,0.00028330,0.00108511,0.00123170,0.00177893,0.00283203,0.00527781,0.00323356,0.00270117,0.00202562,0.00409769,0.00396026,0.00094071,0.00018225
2021-04-30 00:00:00+00:00,0.00085553,0.00007915,0.00010384,0.00006168,0.00086151,-0.00074832,-0.00092988,-0.00110959,-0.00017257,-0.00171331,-0.00072363,0.00029711,0.00104226,0.00089698,0.00105667,0.00198172,0.00240938
2021-05-31 00:00:00+00:00,0.00042609,-0.00001002,0.00001829,-0.00000204,0.00058467,0.00003458,0.00013679,0.00025164,0.00125438,-0.00015492,0.00039664,0.00046968,0.00065763,0.00014303,0.00178519,0.00098925,0.00118390
2021-06-30 00:00:00+00:00,0.00058142,0.00007805,0.00013613,0.00016418,0.00211089,0.00064810,0.00063568,0.00043172,0.00135466,-0.00049530,-0.00086165,-0.00095056,-0.00105155,-0.00018701,-0.00043408,-0.00137067,-0.00161976
2021-07-31 00:00:00+00:00,0.00030118,-0.00000379,-0.00000606,-0.00000706,0.00021894,-0.00013254,-0.00008054,0.00012292,0.00083685,-0.00095946,-0.00060975,-0.00149881,-0.00213757,-0.00303726,-0.00312754,-0.00266417,-0.00226129
2021-08-31 00:00:00+00:00,-0.00098679,0.00000678,-0.00001711,-0.00003249,-0.00042976,-0.00031235,-0.00038467,-0.00060376,-0.00191986,-0.00117587,-0.00030325,0.00010659,0.00052487,0.00057005,0.00239116,0.00112493,0.00101956
2021-09-30 00:00:00+00:00,0.00124680,0.00005431,0.00009282,0.00012998,0.00087718,0.00106240,0.00126422,0.00149412,0.00442493,0.00005316,0.00041853,-0.00023338,-0.00078050,-0.00143107,0.00021909,-0.00157169,-0.00177565
2021-10-31 00:00:00+00:00,0.00032635,-0.00003685,-0.00005153,-0.00002063,0.00025383,0.00043146,0.00058059,0.00126192,0.00269064,0.00293599,0.00198438,0.00200827,0.00254945,0.00473657,0.00568785,0.00367658,0.00348127
2021-11-30 00:00:00+00:00,-0.00005565,-0.00004112,-0.00002585,-0.00000813,-0.00006267,-0.00022971,-0.00031294,-0.00082089,-0.00215968,-0.00413789,-0.00311470,-0.00313632,-0.00301483,-0.00479452,-0.00265244,-0.00285108,-0.00298089
2021-12-31 00:00:00+00:00,0.00002094,0.00002628,0.00003052,0.00002810,0.00004661,-0.00004516,-0.00004912,-0.00021982,-0.00022658,0.00015576,-0.00007251,0.00029351,0.00069978,0.00130249,0.00147633,0.00135531,0.00149564
2022-01-31 00:00:00+00:00,0.00008694,0.00006160,0.00004519,0.00002104,-0.00010007,-0.00006372,-0.00001250,0.00011587,0.00019557,0.00046087,0.00068263,0.00109943,0.00129882,0.00146561,0.00252080,0.00133522,0.00105449
2022-02-28 00:00:00+00:00,0.00000044,-0.00000857,-0.00001673,-0.00004552,-0.00020542,-0.00010392,-0.00007076,0.00028239,0.00093261,0.00239356,0.00152206,0.00140253,0.00115562,0.00232735,0.00198238,0.00086260,0.00076037
2022-03-31 00:00:00+00:00,0.00002527,0.00004145,0.00010199,0.00013009,0.00063002,0.00154601,0.00176881,0.00235558,0.00323782,0.00640361,0.00403770,0.00419478,0.00435074,0.00748956,0.00547089,0.00491197,0.00476450
2022-04-30 00:00:00+00:00,0.00010344,0.00013118,0.00023254,0.00025931,0.00073251,0.00145699,0.00185426,0.00242358,0.00367796,0.00662572,0.00508797,0.00550642,0.00551385,0.00799443,0.00572850,0.00482822,0.00405165
2022-05-31 00:00:00+00:00,-0.00002491,-0.00001651,-0.00002384,-0.00003683,-0.00007958,-0.00019601,-0.00022095,-0.00031904,-0.00039823,-0.00097774,-0.00057242,-0.00054475,-0.00051078,-0.00150171,-0.00039863,-0.00034021,-0.00020475
2022-06-30 00:00:00+00:00,0.00000878,0.00001900,0.00001191,0.00001710,-0.00002186,-0.00007607,-0.00005425,-0.00001583,0.00073779,0.00197647,0.00221210,0.00283061,0.00295195,0.00402636,0.00311036,0.00256151,0.00199316
2022-07-31 00:00:00+00:00,0.00004902,0.00003030,0.00006224,0.00007607,0.00010702,0.00007927,0.00000714,-0.00019286,-0.00109417,-0.00247872,-0.00248298,-0.00318543,-0.00344410,-0.00496777,-0.00369976,-0.00315525,-0.00264782
2022-08-31 00:00:00+00:00,-0.00000016,-0.00000251,-0.00000828,-0.00001785,-0.00007205,-0.00003118,-0.00004794,-0.00021585,-0.00029373,0.00065153,0.00117119,0.00259770,0.00348853,0.00493238,0.00401084,0.00447724,0.00434150
2022-09-30 00:00:00+00:00,0.00001964,0.00000047,-0.00002058,-0.00001057,0.00008537,0.00112202,0.00160788,0.00306591,0.00517754,0.00881661,0.00660500,0.00665833,0.00650494,0.01071697,0.00724878,0.00598589,0.00520148
2022-10-31 00:00:00+00:00,-0.00001442,0.00000232,-0.00000266,-0.00001736,-0.00006907,-0.00014198,-0.00019830,-0.00052022,-0.00121898,-0.00193788,-0.00119689,-0.00095183,-0.00062101,-0.00170827,-0.00067889,-0.00012999,0.00006276
2022-11-30 00:00:00+00:00,-0.00002139,-0.00000765,-0.00001430,-0.00001286,-0.00003836,0.00008311,0.00009692,0.00007822,-0.00036010,-0.00114081,-0.00151577,-0.00229714,-0.00265733,-0.00371545,-0.00270466,-0.00297203,-0.00275982
2022-12-31 00:00:00+00:00,0.00003858,0.00003041,0.00003356,0.00004419,0.00016267,0.00025468,0.00025054,0.00008183,-0.00031977,-0.00049118,-0.00032105,0.00004189,0.00030178,-0.00026468,-0.00002159,0.00075597,0.00075741
2023-01-31 00:00:00+00:00,0.00003659,0.00006098,0.00010770,0.00007670,0.00010388,-0.00000484,0.00008860,0.00027457,0.00109749,0.00227125,0.00159919,0.00102784,0.00011464,0.00007436,0.00167568,-0.00192951,-0.00221763
2023-02-28 00:00:00+00:00,-0.00000244,-0.00000799,-0.00001019,0.00000374,0.00003751,-0.00022579,-0.00042115,-0.00093482,-0.00269098,-0.00475546,-0.00347738,-0.00247279,-0.00113383,-0.00099999,-0.00131265,0.00190226,0.00245912
2023-03-31 00:00:00+00:00,-0.00000662,-0.00001288,-0.00004848,-0.00010744,-0.00034294,-0.00115335,-0.00156926,-0.00283410,-0.00450447,-0.00695667,-0.00490831,-0.00469806,-0.00490899,-0.00755700,-0.00426475,-0.00541689,-0.00506178
2023-04-30 00:00:00+00:00,0.00000452,-0.00000219,-0.00003298,-0.00006704,-0.00001942,0.00009316,0.00001969,-0.00001222,-0.00021181,-0.00048365,0.00000770,0.00030304,0.00046537,0.00054951,0.00069443,0.00070153,0.00072577
2023-05-31 00:00:00+00:00,0.00002313,0.00005602,-0.00005166,-0.00013329,0.00017088,0.00038045,0.00075674,0.00053203,0.00024161,0.00020876,-0.00073739,-0.00118573,-0.00156534,-0.00184545,-0.00150337,-0.00088236,-0.00050071
2023-06-30 00:00:00+00:00,-0.00001581,-0.00010099,-0.00015560,-0.00008047,-0.00023169,-0.00024915,-0.00053493,-0.00081245,0.00024030,0.00174606,0.00247238,0.00351717,0.00397649,0.00636703,0.00416669,0.00423981,0.00380529
2023-07-31 00:00:00+00:00,0.00004390,0.00014537,0.00005470,0.00018602,-0.00017241,-0.00078051,-0.00102631,-0.00128608,-0.00133782,-0.00301171,-0.00117277,-0.00058607,-0.00018133,-0.00289344,-0.00042889,0.00071124,0.00093432
2023-08-31 00:00:00+00:00,0.00003143,0.00000507,-0.00005901,-0.00009534,-0.00009103,-0.00016657,-0.00036184,-0.00071704,-0.00187402,-0.00370441,-0.00243398,-0.00290468,-0.00307761,-0.00508723,-0.00285974,-0.00254789,-0.00212740
2023-09-30 00:00:00+00:00,-0.00002018,0.00003387,0.00007533,0.00010548,0.00043289,0.00090431,0.00109176,0.00188490,0.00342112,0.00510197,0.00392326,0.00320287,0.00264226,0.00368726,0.00205739,0.00230827,0.00200586
2023-10-31 00:00:00+00:00,0.00013902,0.00003937,-0.00002488,-0.00008273,-0.00029480,-0.00019797,-0.00032834,-0.00022447,-0.00008666,0.00028543,0.00016324,0.00011400,0.00019111,0.00021384,0.00101954,0.00047041,0.00039150
2023-11-30 00:00:00+00:00,0.00002354,0.00002652,0.00008117,0.00009018,0.00022523,0.00009799,0.00023372,-0.00035568,-0.00206333,-0.00433072,-0.00424852,-0.00489810,-0.00449144,-0.00582254,-0.00396032,-0.00349079,-0.00289657
2023-12-31 00:00:00+00:00,0.00021691,0.00014094,0.00014469,0.00009670,0.00032963,0.00103712,0.00148045,0.00210251,0.00347780,0.00474968,0.00297741,0.00122088,0.00003617,-0.00046031,-0.00090819,-0.00161042,-0.00192134
2024-01-31 00:00:00+00:00,0.00001534,-0.00000495,-0.00008828,-0.00015840,-0.00031163,-0.00096044,-0.00141867,-0.00249722,-0.00498033,-0.00736632,-0.00582221,-0.00373833,-0.00181705,-0.00144781,-0.00181765,0.00092155,0.00150798
2024-02-29 00:00:00+00:00,0.00002422,-0.00003754,-0.00002532,-0.00007505,-0.00005096,0.00027523,0.00043171,0.00055625,0.00066813,0.00160051,0.00088041,0.00142770,0.00215710,0.00463645,0.00189263,0.00355333,0.00372481
2024-03-31 00:00:00+00:00,-0.00002959,0.00001263,0.00003073,0.00000294,0.00006941,-0.00056071,-0.00067421,-0.00049054,0.00081760,0.00257838,0.00264231,0.00386642,0.00428430,0.00586991,0.00398790,0.00430311,0.00400063
