Date,BITCOIN
2017-12-26 00:00:00+00:00,0.23543860
2017-12-27 00:00:00+00:00,-0.07042702
2017-12-28 00:00:00+00:00,-0.15460852
2017-12-29 00:00:00+00:00,0.07692308
2018-01-02 00:00:00+00:00,0.03072248
2018-01-03 00:00:00+00:00,0.02400270
2018-01-04 00:00:00+00:00,0.00166611
2018-01-05 00:00:00+00:00,0.22465209
2018-01-07 00:00:00+00:00,-0.05344418
2018-01-08 00:00:00+00:00,-0.16436676
2018-01-09 00:00:00+00:00,-0.09705489
2018-01-10 00:00:00+00:00,0.07872638
2018-01-11 00:00:00+00:00,-0.22091062
2018-01-12 00:00:00+00:00,0.09923077
2018-01-14 00:00:00+00:00,-0.00398262
2018-01-15 00:00:00+00:00,-0.01272265
2018-01-16 00:00:00+00:00,-0.34690855
2018-01-17 00:00:00+00:00,-0.03362832
2018-01-18 00:00:00+00:00,0.04671747
2018-01-19 00:00:00+00:00,0.01318027
2018-01-21 00:00:00+00:00,-0.02298352
2018-01-22 00:00:00+00:00,-0.15620886
2018-01-23 00:00:00+00:00,0.06712963
2018-01-24 00:00:00+00:00,0.01751152
2018-01-25 00:00:00+00:00,-0.00266430
2018-01-26 00:00:00+00:00,-0.03072128
2018-01-28 00:00:00+00:00,0.07441433
2018-01-29 00:00:00+00:00,-0.04061565
2018-01-30 00:00:00+00:00,-0.11408200
2018-01-31 00:00:00+00:00,0.00603622
2018-02-01 00:00:00+00:00,-0.08900000
2018-02-02 00:00:00+00:00,-0.29088913
2018-02-04 00:00:00+00:00,-0.03180212
2018-02-05 00:00:00+00:00,-0.32420925
2018-02-06 00:00:00+00:00,0.12481752
2018-02-07 00:00:00+00:00,0.18083067
2018-02-08 00:00:00+00:00,0.01286765
2018-02-09 00:00:00+00:00,0.05444646
2018-02-11 00:00:00+00:00,-0.04011799
2018-02-12 00:00:00+00:00,0.10018439
2018-02-13 00:00:00+00:00,-0.04804469
2018-02-14 00:00:00+00:00,0.19835681
2018-02-15 00:00:00+00:00,0.12196161
2018-02-16 00:00:00+00:00,0.03424318
2018-02-18 00:00:00+00:00,0.02464268
2018-02-19 00:00:00+00:00,0.16835017
2018-02-20 00:00:00+00:00,0.01737194
2018-02-21 00:00:00+00:00,-0.07723214
2018-02-23 00:00:00+00:00,-0.05302675
2018-02-26 00:00:00+00:00,0.01635282
2018-02-27 00:00:00+00:00,0.03169186
2018-02-28 00:00:00+00:00,-0.02504726
2018-03-01 00:00:00+00:00,0.06398449
2018-03-02 00:00:00+00:00,0.00956720
2018-03-04 00:00:00+00:00,0.03745487
2018-03-05 00:00:00+00:00,-0.00565463
2018-03-06 00:00:00+00:00,-0.05643045
2018-03-07 00:00:00+00:00,-0.07371349
2018-03-08 00:00:00+00:00,-0.06356356
2018-03-09 00:00:00+00:00,-0.02672368
2018-03-11 00:00:00+00:00,0.05546403
2018-03-12 00:00:00+00:00,-0.08740895
2018-03-13 00:00:00+00:00,0.03819840
2018-03-14 00:00:00+00:00,-0.39648545
2018-03-15 00:00:00+00:00,-0.01466097
2018-03-16 00:00:00+00:00,0.09316394
2018-03-19 00:00:00+00:00,-0.03253605
2018-03-20 00:00:00+00:00,0.12788632
2018-03-21 00:00:00+00:00,-0.01780746
2018-03-22 00:00:00+00:00,-0.06130484
2018-03-23 00:00:00+00:00,-0.01972158
2018-03-26 00:00:00+00:00,-0.13279446
2018-03-27 00:00:00+00:00,0.02466793
2018-03-28 00:00:00+00:00,-0.06543210
2018-03-29 00:00:00+00:00,-0.20696203
2018-04-01 00:00:00+00:00,-0.04098940
2018-04-02 00:00:00+00:00,-0.00663228
2018-04-03 00:00:00+00:00,0.14389535
2018-04-04 00:00:00+00:00,-0.15202703
2018-04-05 00:00:00+00:00,-0.01092498
2018-04-06 00:00:00+00:00,-0.06020558
2018-04-08 00:00:00+00:00,0.14058957
2018-04-09 00:00:00+00:00,-0.12455768
2018-04-10 00:00:00+00:00,0.04898267
2018-04-11 00:00:00+00:00,0.01842299
2018-04-12 00:00:00+00:00,0.27062229
2018-04-13 00:00:00+00:00,0.06976744
2018-04-15 00:00:00+00:00,0.02731223
2018-04-16 00:00:00+00:00,-0.04158908
2018-04-17 00:00:00+00:00,-0.03071789
2018-04-18 00:00:00+00:00,0.06099111
2018-04-19 00:00:00+00:00,0.04002463
2018-04-20 00:00:00+00:00,0.06084337
2018-04-22 00:00:00+00:00,0.08021077
2018-04-23 00:00:00+00:00,-0.00393258
2018-04-24 00:00:00+00:00,0.06723164
2018-04-25 00:00:00+00:00,-0.04499735
2018-04-26 00:00:00+00:00,0.02217295
2018-04-27 00:00:00+00:00,-0.02711497
2018-04-29 00:00:00+00:00,0.05128205
2018-04-30 00:00:00+00:00,-0.01749735
2018-05-01 00:00:00+00:00,-0.02698327
2018-05-02 00:00:00+00:00,0.02606767
2018-05-03 00:00:00+00:00,0.13783784
2018-05-04 00:00:00+00:00,-0.00413223
2018-05-06 00:00:00+00:00,0.00567303
2018-05-07 00:00:00+00:00,-0.08303249
2018-05-08 00:00:00+00:00,-0.02354200
2018-05-09 00:00:00+00:00,0.02166847
2018-05-10 00:00:00+00:00,-0.01889849
2018-05-11 00:00:00+00:00,-0.14833060
2018-05-13 00:00:00+00:00,0.03189604
2018-05-14 00:00:00+00:00,0.03892387
2018-05-15 00:00:00+00:00,-0.07380282
2018-05-16 00:00:00+00:00,-0.04309327
2018-05-17 00:00:00+00:00,-0.02211596
2018-05-18 00:00:00+00:00,-0.00678477
2018-05-20 00:00:00+00:00,0.09448819
2018-05-21 00:00:00+00:00,-0.04084014
2018-05-22 00:00:00+00:00,-0.10727056
2018-05-23 00:00:00+00:00,-0.09622642
2018-05-24 00:00:00+00:00,-0.00661376
2018-05-25 00:00:00+00:00,-0.00463883
2018-05-28 00:00:00+00:00,-0.02330226
2018-05-29 00:00:00+00:00,0.01772324
2018-05-30 00:00:00+00:00,-0.01674481
2018-05-31 00:00:00+00:00,0.03814714
2018-06-01 00:00:00+00:00,-0.01843318
2018-06-03 00:00:00+00:00,0.04024145
2018-06-04 00:00:00+00:00,-0.03803997
2018-06-05 00:00:00+00:00,0.03326680
2018-06-06 00:00:00+00:00,-0.00130804
2018-06-07 00:00:00+00:00,0.00916830
2018-06-08 00:00:00+00:00,-0.00324465
2018-06-10 00:00:00+00:00,-0.12434896
2018-06-11 00:00:00+00:00,0.00297398
2018-06-12 00:00:00+00:00,-0.02742772
2018-06-13 00:00:00+00:00,-0.04573171
2018-06-14 00:00:00+00:00,0.06709265
2018-06-15 00:00:00+00:00,-0.02095808
2018-06-18 00:00:00+00:00,0.02981651
2018-06-19 00:00:00+00:00,0.00146490
2018-06-20 00:00:00+00:00,-0.00444774
2018-06-21 00:00:00+00:00,0.00223380
2018-06-22 00:00:00+00:00,-0.10549777
2018-06-24 00:00:00+00:00,0.01411960
2018-06-25 00:00:00+00:00,-0.21867322
2018-06-26 00:00:00+00:00,-0.03891978
2018-06-27 00:00:00+00:00,-0.01618123
2018-06-28 00:00:00+00:00,-0.03752039
2018-06-29 00:00:00+00:00,-0.03833605
2018-07-02 00:00:00+00:00,0.25170068
2018-07-03 00:00:00+00:00,-0.02569917
2018-07-04 00:00:00+00:00,0.04681504
2018-07-05 00:00:00+00:00,-0.06711409
2018-07-06 00:00:00+00:00,0.01780186
2018-07-09 00:00:00+00:00,0.04562738
2018-07-10 00:00:00+00:00,-0.09602401
2018-07-11 00:00:00+00:00,-0.01965409
2018-07-12 00:00:00+00:00,-0.04825949
2018-07-13 00:00:00+00:00,-0.00897227
2018-07-16 00:00:00+00:00,0.18040816
2018-07-17 00:00:00+00:00,0.19204801
2018-07-18 00:00:00+00:00,0.00339580
2018-07-19 00:00:00+00:00,0.04309166
2018-07-20 00:00:00+00:00,-0.03938585
2018-07-22 00:00:00+00:00,0.01092150
2018-07-23 00:00:00+00:00,0.09993248
2018-07-24 00:00:00+00:00,0.07498384
2018-07-25 00:00:00+00:00,-0.00479904
2018-07-26 00:00:00+00:00,-0.04581073
2018-07-27 00:00:00+00:00,0.03600758
2018-07-29 00:00:00+00:00,-0.00243902
2018-07-30 00:00:00+00:00,-0.00366748
2018-07-31 00:00:00+00:00,-0.05521472
2018-08-01 00:00:00+00:00,-0.01818182
2018-08-02 00:00:00+00:00,-0.00462963
2018-08-03 00:00:00+00:00,-0.01993355
2018-08-05 00:00:00+00:00,-0.14440678
2018-08-06 00:00:00+00:00,-0.03627312
2018-08-07 00:00:00+00:00,0.00000000
2018-08-08 00:00:00+00:00,-0.15178571
2018-08-09 00:00:00+00:00,0.01895735
2018-08-10 00:00:00+00:00,-0.02948022
2018-08-12 00:00:00+00:00,-0.00239808
2018-08-13 00:00:00+00:00,-0.01181102
2018-08-14 00:00:00+00:00,-0.05737052
2018-08-15 00:00:00+00:00,0.11616572
2018-08-16 00:00:00+00:00,-0.02801556
2018-08-17 00:00:00+00:00,0.01176471
2018-08-19 00:00:00+00:00,0.01160751
2018-08-20 00:00:00+00:00,-0.03245750
2018-08-21 00:00:00+00:00,0.02156550
2018-08-22 00:00:00+00:00,-0.05120248
2018-08-23 00:00:00+00:00,0.05515588
2018-08-24 00:00:00+00:00,0.04304381
2018-08-26 00:00:00+00:00,0.01368821
2018-08-27 00:00:00+00:00,0.00900225
2018-08-28 00:00:00+00:00,0.05353160
2018-08-29 00:00:00+00:00,-0.01058574
2018-08-30 00:00:00+00:00,-0.02282454
2018-08-31 00:00:00+00:00,0.02627737
2018-09-03 00:00:00+00:00,0.02631579
2018-09-04 00:00:00+00:00,0.01940402
2018-09-05 00:00:00+00:00,-0.05846363
2018-09-06 00:00:00+00:00,-0.07364621
2018-09-07 00:00:00+00:00,-0.00077942
2018-09-10 00:00:00+00:00,-0.02964119
2018-09-11 00:00:00+00:00,0.00160772
2018-09-12 00:00:00+00:00,0.00882825
2018-09-13 00:00:00+00:00,0.01909308
2018-09-14 00:00:00+00:00,-0.00702576
2018-09-17 00:00:00+00:00,-0.05484655
2018-09-18 00:00:00+00:00,-0.00728155
2018-09-19 00:00:00+00:00,0.02388535
2018-09-20 00:00:00+00:00,0.04806935
2018-09-21 00:00:00+00:00,0.03618168
2018-09-24 00:00:00+00:00,-0.02019447
2018-09-25 00:00:00+00:00,-0.03440539
2018-09-26 00:00:00+00:00,-0.00673149
2018-09-27 00:00:00+00:00,0.05692308
2018-09-28 00:00:00+00:00,-0.01795064
2018-09-30 00:00:00+00:00,-0.01058201
2018-10-01 00:00:00+00:00,-0.01436130
2018-10-02 00:00:00+00:00,-0.01297710
2018-10-03 00:00:00+00:00,-0.02690238
2018-10-04 00:00:00+00:00,0.04368175
2018-10-05 00:00:00+00:00,-0.00687023
2018-10-07 00:00:00+00:00,-0.00383142
2018-10-08 00:00:00+00:00,0.03220859
2018-10-09 00:00:00+00:00,-0.01432881
2018-10-10 00:00:00+00:00,-0.01749049
2018-10-11 00:00:00+00:00,-0.10268199
2018-10-12 00:00:00+00:00,0.00000000
2018-10-15 00:00:00+00:00,0.06957929
2018-10-16 00:00:00+00:00,0.00235294
2018-10-17 00:00:00+00:00,0.00546022
2018-10-18 00:00:00+00:00,-0.01324985
2018-10-19 00:00:00+00:00,0.00078431
2018-10-21 00:00:00+00:00,0.00390930
2018-10-22 00:00:00+00:00,-0.00233645
2018-10-23 00:00:00+00:00,-0.00078247
2018-10-24 00:00:00+00:00,0.00939702
2018-10-25 00:00:00+00:00,-0.00311769
2018-10-26 00:00:00+00:00,0.00000000
2018-10-28 00:00:00+00:00,-0.00234558
2018-10-29 00:00:00+00:00,-0.01959248
2018-10-30 00:00:00+00:00,0.00079936
2018-10-31 00:00:00+00:00,0.00479233
2018-11-01 00:00:00+00:00,0.00635930
2018-11-02 00:00:00+00:00,0.00157978
2018-11-05 00:00:00+00:00,0.00630915
2018-11-06 00:00:00+00:00,0.00470219
2018-11-07 00:00:00+00:00,0.01167315
2018-11-08 00:00:00+00:00,-0.01384615
2018-11-09 00:00:00+00:00,-0.02262090
2018-11-11 00:00:00+00:00,0.00632911
2018-11-12 00:00:00+00:00,-0.01100629
2018-11-13 00:00:00+00:00,-0.01112878
2018-11-14 00:00:00+00:00,-0.28731045
2018-11-15 00:00:00+00:00,0.02833638
2018-11-16 00:00:00+00:00,-0.01637853
2018-11-19 00:00:00+00:00,-0.25142031
2018-11-20 00:00:00+00:00,-0.16190476
2018-11-21 00:00:00+00:00,0.06995413
2018-11-22 00:00:00+00:00,-0.11738649
2018-11-23 00:00:00+00:00,-0.03301887
2018-11-25 00:00:00+00:00,-0.05952381
2018-11-26 00:00:00+00:00,-0.08227848
2018-11-27 00:00:00+00:00,0.02344828
2018-11-28 00:00:00+00:00,0.11994609
2018-11-29 00:00:00+00:00,0.01323706
2018-11-30 00:00:00+00:00,-0.06294537
2018-12-02 00:00:00+00:00,0.04182510
2018-12-03 00:00:00+00:00,-0.07420925
2018-12-04 00:00:00+00:00,0.01576873
2018-12-05 00:00:00+00:00,-0.04139715
2018-12-06 00:00:00+00:00,-0.24291498
2018-12-07 00:00:00+00:00,-0.07248521
2018-12-09 00:00:00+00:00,0.05614568
2018-12-10 00:00:00+00:00,-0.02873563
2018-12-11 00:00:00+00:00,-0.05029586
2018-12-12 00:00:00+00:00,0.04023845
2018-12-13 00:00:00+00:00,-0.07385524
2018-12-14 00:00:00+00:00,-0.08791209
2018-12-17 00:00:00+00:00,0.24919614
2018-12-18 00:00:00+00:00,0.04411774
2018-12-19 00:00:00+00:00,0.03419973
2018-12-20 00:00:00+00:00,0.18181818
2018-12-21 00:00:00+00:00,-0.08518519
2018-12-23 00:00:00+00:00,0.02346806
2018-12-24 00:00:00+00:00,0.06242038
2018-12-26 00:00:00+00:00,-0.19029851
2018-12-27 00:00:00+00:00,-0.09164420
2018-12-28 00:00:00+00:00,0.16925247
2018-12-30 00:00:00+00:00,-0.03780965
2018-12-31 00:00:00+00:00,-0.07692308
2019-01-01 00:00:00+00:00,0.06796117
2019-01-02 00:00:00+00:00,0.02635229
2019-01-03 00:00:00+00:00,-0.03038309
2019-01-04 00:00:00+00:00,0.01335113
2019-01-06 00:00:00+00:00,0.13385827
2019-01-07 00:00:00+00:00,-0.01494396
2019-01-08 00:00:00+00:00,-0.01378446
2019-01-09 00:00:00+00:00,0.01513241
2019-01-10 00:00:00+00:00,-0.19924812
2019-01-11 00:00:00+00:00,0.02785515
2019-01-13 00:00:00+00:00,-0.05170068
2019-01-14 00:00:00+00:00,0.05308465
2019-01-15 00:00:00+00:00,-0.06181319
2019-01-16 00:00:00+00:00,0.02272727
2019-01-17 00:00:00+00:00,0.02672293
2019-01-18 00:00:00+00:00,-0.02766088
2019-01-20 00:00:00+00:00,-0.04207574
2019-01-21 00:00:00+00:00,0.00000000
2019-01-22 00:00:00+00:00,0.04415954
2019-01-23 00:00:00+00:00,-0.03370787
2019-01-24 00:00:00+00:00,-0.00142653
2019-01-25 00:00:00+00:00,-0.00569801
2019-01-28 00:00:00+00:00,-0.07593123
2019-01-29 00:00:00+00:00,-0.00443787
2019-01-30 00:00:00+00:00,0.02980626
2019-01-31 00:00:00+00:00,-0.00881057
2019-02-01 00:00:00+00:00,0.01186944
2019-02-03 00:00:00+00:00,-0.01169591
2019-02-04 00:00:00+00:00,0.00000000
2019-02-05 00:00:00+00:00,0.00443787
2019-02-06 00:00:00+00:00,-0.03829161
2019-02-07 00:00:00+00:00,-0.00149925
2019-02-08 00:00:00+00:00,0.16191904
2019-02-10 00:00:00+00:00,0.01390821
2019-02-11 00:00:00+00:00,-0.02197802
2019-02-12 00:00:00+00:00,-0.00696379
2019-02-13 00:00:00+00:00,-0.00140252
2019-02-14 00:00:00+00:00,-0.01120448
2019-02-15 00:00:00+00:00,0.00418894
2019-02-17 00:00:00+00:00,0.02957746
2019-02-18 00:00:00+00:00,0.14758621
2019-02-19 00:00:00+00:00,0.01679587
2019-02-20 00:00:00+00:00,0.01792574
2019-02-21 00:00:00+00:00,-0.01269036
2019-02-22 00:00:00+00:00,0.01156812
2019-02-24 00:00:00+00:00,-0.00381194
2019-02-25 00:00:00+00:00,-0.02933673
2019-02-26 00:00:00+00:00,-0.05650460
2019-02-27 00:00:00+00:00,-0.01726428
2019-02-28 00:00:00+00:00,0.03513514
2019-03-01 00:00:00+00:00,-0.00130548
2019-03-04 00:00:00+00:00,-0.04705882
2019-03-05 00:00:00+00:00,0.03794038
2019-03-06 00:00:00+00:00,0.00391645
2019-03-07 00:00:00+00:00,0.00130039
2019-03-08 00:00:00+00:00,0.05324675
2019-03-10 00:00:00+00:00,0.00000000
2019-03-11 00:00:00+00:00,-0.01285347
2019-03-12 00:00:00+00:00,-0.00520833
2019-03-13 00:00:00+00:00,-0.00778210
2019-03-14 00:00:00+00:00,0.00391134
2019-03-15 00:00:00+00:00,0.02860858
2019-03-17 00:00:00+00:00,0.03717949
2019-03-18 00:00:00+00:00,-0.00505051
2019-03-19 00:00:00+00:00,0.01508052
2019-03-20 00:00:00+00:00,0.02252816
2019-03-21 00:00:00+00:00,-0.03960396
2019-03-22 00:00:00+00:00,0.01134931
2019-03-25 00:00:00+00:00,-0.03015075
2019-03-26 00:00:00+00:00,0.01032258
2019-03-27 00:00:00+00:00,0.05249680
2019-03-28 00:00:00+00:00,-0.00249377
2019-03-29 00:00:00+00:00,0.03875000
2019-03-31 00:00:00+00:00,0.00733496
2019-04-01 00:00:00+00:00,0.01831502
2019-04-02 00:00:00+00:00,0.31801693
2019-04-03 00:00:00+00:00,0.11770833
2019-04-04 00:00:00+00:00,-0.08366142
2019-04-05 00:00:00+00:00,0.06347555
2019-04-07 00:00:00+00:00,0.04581673
2019-04-08 00:00:00+00:00,0.04666667
2019-04-09 00:00:00+00:00,-0.01442308
2019-04-10 00:00:00+00:00,0.02684564
2019-04-11 00:00:00+00:00,-0.08979206
2019-04-12 00:00:00+00:00,0.00989120
2019-04-14 00:00:00+00:00,0.03838583
2019-04-15 00:00:00+00:00,-0.04937076
2019-04-16 00:00:00+00:00,0.06156902
2019-04-17 00:00:00+00:00,0.01540330
2019-04-18 00:00:00+00:00,0.02868069
2019-04-21 00:00:00+00:00,-0.00472144
2019-04-22 00:00:00+00:00,0.03773585
2019-04-23 00:00:00+00:00,0.05817175
2019-04-24 00:00:00+00:00,-0.02246181
2019-04-25 00:00:00+00:00,-0.05790441
2019-04-26 00:00:00+00:00,-0.00390244
2019-04-28 00:00:00+00:00,0.00489716
2019-04-29 00:00:00+00:00,-0.07212476
2019-04-30 00:00:00+00:00,0.04109589
2019-05-01 00:00:00+00:00,0.01233397
2019-05-02 00:00:00+00:00,0.01892148
2019-05-03 00:00:00+00:00,0.14763231
2019-05-05 00:00:00+00:00,0.00087642
2019-05-06 00:00:00+00:00,-0.00087566
2019-05-07 00:00:00+00:00,0.04294479
2019-05-08 00:00:00+00:00,0.01528014
2019-05-09 00:00:00+00:00,0.07932489
2019-05-10 00:00:00+00:00,0.03168156
2019-05-12 00:00:00+00:00,0.11698718
2019-05-13 00:00:00+00:00,0.41406722
2019-05-14 00:00:00+00:00,-0.03077889
2019-05-15 00:00:00+00:00,0.06796728
2019-05-16 00:00:00+00:00,-0.07225258
2019-05-17 00:00:00+00:00,-0.19111111
2019-05-19 00:00:00+00:00,0.15516790
2019-05-20 00:00:00+00:00,0.05180723
2019-05-21 00:00:00+00:00,0.01314143
2019-05-22 00:00:00+00:00,-0.05930087
2019-05-23 00:00:00+00:00,0.05753070
2019-05-24 00:00:00+00:00,0.01125000
2019-05-26 00:00:00+00:00,0.08671587
2019-05-27 00:00:00+00:00,0.00622524
2019-05-28 00:00:00+00:00,-0.00899888
2019-05-29 00:00:00+00:00,-0.00397276
2019-05-30 00:00:00+00:00,-0.04957265
2019-05-31 00:00:00+00:00,0.03177458
2019-06-02 00:00:00+00:00,0.03253922
2019-06-03 00:00:00+00:00,-0.03432752
2019-06-04 00:00:00+00:00,-0.13403263
2019-06-05 00:00:00+00:00,0.05123217
2019-06-06 00:00:00+00:00,-0.05028644
2019-06-07 00:00:00+00:00,0.09132124
2019-06-09 00:00:00+00:00,-0.04219144
2019-06-10 00:00:00+00:00,0.03550296
2019-06-11 00:00:00+00:00,-0.01502818
2019-06-12 00:00:00+00:00,0.06783920
2019-06-13 00:00:00+00:00,0.04092853
2019-06-14 00:00:00+00:00,0.02819436
2019-06-16 00:00:00+00:00,0.08186101
2019-06-17 00:00:00+00:00,0.13990201
2019-06-18 00:00:00+00:00,-0.06770321
2019-06-19 00:00:00+00:00,0.03640375
2019-06-20 00:00:00+00:00,0.07889126
2019-06-21 00:00:00+00:00,0.08402062
2019-06-23 00:00:00+00:00,0.19712729
2019-06-24 00:00:00+00:00,0.01311624
2019-06-25 00:00:00+00:00,0.13169643
2019-06-26 00:00:00+00:00,0.09850374
2019-06-27 00:00:00+00:00,-0.18604651
2019-06-28 00:00:00+00:00,0.18587196
2019-06-30 00:00:00+00:00,-0.21322048
2019-07-01 00:00:00+00:00,-0.06425703
2019-07-02 00:00:00+00:00,0.05395349
2019-07-03 00:00:00+00:00,0.19927700
2019-07-04 00:00:00+00:00,-0.03405827
2019-07-05 00:00:00+00:00,-0.11836052
2019-07-07 00:00:00+00:00,0.09195402
2019-07-08 00:00:00+00:00,0.15719778
2019-07-09 00:00:00+00:00,0.02324665
2019-07-10 00:00:00+00:00,-0.07417582
2019-07-11 00:00:00+00:00,-0.12828814
2019-07-12 00:00:00+00:00,0.08922414
2019-07-14 00:00:00+00:00,-0.24150787
2019-07-15 00:00:00+00:00,0.06553512
2019-07-16 00:00:00+00:00,-0.25307237
2019-07-17 00:00:00+00:00,0.08181344
2019-07-18 00:00:00+00:00,0.16153653
2019-07-19 00:00:00+00:00,-0.02137546
2019-07-21 00:00:00+00:00,0.02021627
2019-07-22 00:00:00+00:00,-0.04779582
2019-07-23 00:00:00+00:00,-0.04300048
2019-07-24 00:00:00+00:00,-0.04785156
2019-07-25 00:00:00+00:00,0.00551378
2019-07-26 00:00:00+00:00,0.00199402
2019-07-28 00:00:00+00:00,-0.03432836
2019-07-29 00:00:00+00:00,-0.01236476
2019-07-30 00:00:00+00:00,0.01460616
2019-07-31 00:00:00+00:00,0.05141388
2019-08-01 00:00:00+00:00,0.03960880
2019-08-02 00:00:00+00:00,0.06773283
2019-08-04 00:00:00+00:00,0.06311823
2019-08-05 00:00:00+00:00,0.18608773
2019-08-06 00:00:00+00:00,-0.05082645
2019-08-07 00:00:00+00:00,0.06217617
2019-08-08 00:00:00+00:00,-0.01380430
2019-08-09 00:00:00+00:00,0.00247525
2019-08-12 00:00:00+00:00,-0.06853840
2019-08-13 00:00:00+00:00,-0.10731082
2019-08-14 00:00:00+00:00,-0.12128043
2019-08-15 00:00:00+00:00,0.02986513
2019-08-16 00:00:00+00:00,0.01044139
2019-08-18 00:00:00+00:00,-0.01183826
2019-08-19 00:00:00+00:00,0.06510292
2019-08-20 00:00:00+00:00,0.02697759
2019-08-21 00:00:00+00:00,-0.15127971
2019-08-22 00:00:00+00:00,-0.02214567
2019-08-23 00:00:00+00:00,0.09674283
2019-08-26 00:00:00+00:00,-0.01129944
2019-08-27 00:00:00+00:00,-0.01476190
2019-08-28 00:00:00+00:00,-0.04881585
2019-08-29 00:00:00+00:00,-0.02439024
2019-08-30 00:00:00+00:00,0.01562500
2019-09-01 00:00:00+00:00,0.02000000
2019-09-02 00:00:00+00:00,0.06334842
2019-09-03 00:00:00+00:00,0.03167849
2019-09-04 00:00:00+00:00,0.00229148
2019-09-05 00:00:00+00:00,0.00326797
2019-09-06 00:00:00+00:00,-0.04839460
2019-09-09 00:00:00+00:00,-0.01997147
2019-09-10 00:00:00+00:00,-0.04341534
2019-09-11 00:00:00+00:00,0.01520353
2019-09-12 00:00:00+00:00,0.05301556
2019-09-13 00:00:00+00:00,-0.02459792
2019-09-15 00:00:00+00:00,0.00578035
2019-09-16 00:00:00+00:00,0.01005747
2019-09-17 00:00:00+00:00,-0.01721264
2019-09-18 00:00:00+00:00,-0.00628323
2019-09-19 00:00:00+00:00,0.01208897
2019-09-20 00:00:00+00:00,-0.02455465
2019-09-23 00:00:00+00:00,-0.04381694
2019-09-24 00:00:00+00:00,-0.23971916
2019-09-25 00:00:00+00:00,-0.04555809
2019-09-26 00:00:00+00:00,-0.10599884
2019-09-27 00:00:00+00:00,-0.00186683
2019-09-29 00:00:00+00:00,0.01232286
2019-09-30 00:00:00+00:00,0.04406365
2019-10-01 00:00:00+00:00,0.01316577
2019-10-02 00:00:00+00:00,-0.02720284
2019-10-03 00:00:00+00:00,-0.01924233
2019-10-04 00:00:00+00:00,0.01279707
2019-10-06 00:00:00+00:00,-0.08227465
2019-10-07 00:00:00+00:00,0.09854706
2019-10-08 00:00:00+00:00,-0.01745936
2019-10-09 00:00:00+00:00,0.11165345
2019-10-10 00:00:00+00:00,-0.01039861
2019-10-11 00:00:00+00:00,-0.05510441
2019-10-13 00:00:00+00:00,-0.00417412
2019-10-14 00:00:00+00:00,0.00658683
2019-10-15 00:00:00+00:00,-0.04824300
2019-10-16 00:00:00+00:00,-0.05555556
2019-10-17 00:00:00+00:00,0.03450439
2019-10-18 00:00:00+00:00,-0.03405096
2019-10-20 00:00:00+00:00,0.07398119
2019-10-21 00:00:00+00:00,-0.00666263
2019-10-22 00:00:00+00:00,-0.01817081
2019-10-23 00:00:00+00:00,-0.18337408
2019-10-24 00:00:00+00:00,0.00878378
2019-10-25 00:00:00+00:00,0.16811207
2019-10-27 00:00:00+00:00,0.11250714
2019-10-28 00:00:00+00:00,0.23459959
2019-10-29 00:00:00+00:00,-0.00672530
2019-10-30 00:00:00+00:00,-0.02708333
2019-10-31 00:00:00+00:00,-0.04764454
2019-11-01 00:00:00+00:00,0.00807320
2019-11-03 00:00:00+00:00,-0.00480513
2019-11-04 00:00:00+00:00,0.05633047
2019-11-05 00:00:00+00:00,-0.01822917
2019-11-06 00:00:00+00:00,0.00368615
2019-11-07 00:00:00+00:00,-0.02046170
2019-11-08 00:00:00+00:00,-0.10444563
2019-11-10 00:00:00+00:00,0.01786711
2019-11-11 00:00:00+00:00,-0.04936917
2019-11-12 00:00:00+00:00,0.01138304
2019-11-13 00:00:00+00:00,-0.00337648
2019-11-14 00:00:00+00:00,-0.01185771
2019-11-15 00:00:00+00:00,-0.06057143
2019-11-17 00:00:00+00:00,0.00466898
2019-11-18 00:00:00+00:00,-0.06993007
2019-11-19 00:00:00+00:00,-0.02242424
2019-11-20 00:00:00+00:00,-0.00306560
2019-11-21 00:00:00+00:00,-0.12407862
2019-11-22 00:00:00+00:00,-0.02617801
2019-11-24 00:00:00+00:00,-0.06359946
2019-11-25 00:00:00+00:00,0.04118497
2019-11-26 00:00:00+00:00,-0.00693963
2019-11-27 00:00:00+00:00,0.06359189
2019-11-28 00:00:00+00:00,-0.01248357
2019-11-29 00:00:00+00:00,0.04191617
2019-12-01 00:00:00+00:00,-0.03831418
2019-12-02 00:00:00+00:00,-0.06042497
2019-12-03 00:00:00+00:00,0.01283784
2019-12-04 00:00:00+00:00,0.02098849
2019-12-05 00:00:00+00:00,-0.01095890
2019-12-06 00:00:00+00:00,0.00132626
2019-12-08 00:00:00+00:00,0.00794702
2019-12-09 00:00:00+00:00,-0.02628121
2019-12-10 00:00:00+00:00,-0.01551957
2019-12-11 00:00:00+00:00,-0.02947224
2019-12-12 00:00:00+00:00,-0.00620690
2019-12-13 00:00:00+00:00,0.02549966
2019-12-15 00:00:00+00:00,-0.04732510
2019-12-16 00:00:00+00:00,-0.06171108
2019-12-17 00:00:00+00:00,-0.08755427
2019-12-18 00:00:00+00:00,0.14035855
2019-12-19 00:00:00+00:00,0.03353867
2019-12-20 00:00:00+00:00,0.00764420
2019-12-22 00:00:00+00:00,0.04347826
2019-12-23 00:00:00+00:00,0.01124339
2019-12-24 00:00:00+00:00,-0.01425662
2019-12-26 00:00:00+00:00,0.00067889
2019-12-27 00:00:00+00:00,-0.01774744
2019-12-30 00:00:00+00:00,0.01162791
2019-12-31 00:00:00+00:00,-0.02590320
2020-01-01 00:00:00+00:00,-0.00068966
2020-01-02 00:00:00+00:00,-0.06832298
2020-01-03 00:00:00+00:00,0.12231760
2020-01-05 00:00:00+00:00,0.00873656
2020-01-06 00:00:00+00:00,0.12676056
2020-01-07 00:00:00+00:00,0.09962169
2020-01-08 00:00:00+00:00,-0.03790614
2020-01-09 00:00:00+00:00,-0.05756277
2020-01-10 00:00:00+00:00,0.07318612
2020-01-12 00:00:00+00:00,0.02136752
2020-01-13 00:00:00+00:00,-0.01201201
2020-01-14 00:00:00+00:00,0.19636364
2020-01-15 00:00:00+00:00,-0.01991150
2020-01-16 00:00:00+00:00,-0.02690583
2020-01-17 00:00:00+00:00,0.03904924
2020-01-19 00:00:00+00:00,-0.05220794
2020-01-20 00:00:00+00:00,-0.00739477
2020-01-21 00:00:00+00:00,0.02226027
2020-01-22 00:00:00+00:00,-0.02426637
2020-01-23 00:00:00+00:00,-0.07212364
2020-01-24 00:00:00+00:00,0.02368265
2020-01-26 00:00:00+00:00,0.01392111
2020-01-27 00:00:00+00:00,0.07951945
2020-01-28 00:00:00+00:00,0.11909989
2020-01-29 00:00:00+00:00,0.00155925
2020-01-30 00:00:00+00:00,0.03755869
2020-01-31 00:00:00+00:00,-0.04681934
2020-02-02 00:00:00+00:00,-0.00052247
2020-02-03 00:00:00+00:00,-0.00679561
2020-02-04 00:00:00+00:00,-0.01427061
2020-02-05 00:00:00+00:00,0.10230316
2020-02-06 00:00:00+00:00,0.02178318
2020-02-07 00:00:00+00:00,0.00049850
2020-02-09 00:00:00+00:00,0.08767535
2020-02-10 00:00:00+00:00,-0.06273946
2020-02-11 00:00:00+00:00,0.09768130
2020-02-12 00:00:00+00:00,0.02264151
2020-02-13 00:00:00+00:00,-0.04345794
2020-02-14 00:00:00+00:00,0.03631151
2020-02-16 00:00:00+00:00,-0.04600022
2020-02-17 00:00:00+00:00,-0.10673881
2020-02-18 00:00:00+00:00,0.09136800
2020-02-19 00:00:00+00:00,-0.11688931
2020-02-20 00:00:00+00:00,0.01282051
2020-02-21 00:00:00+00:00,0.02606030
2020-02-23 00:00:00+00:00,0.03251626
2020-02-24 00:00:00+00:00,-0.05377907
2020-02-25 00:00:00+00:00,-0.06164035
2020-02-26 00:00:00+00:00,-0.14255983
2020-02-27 00:00:00+00:00,0.01167315
2020-02-28 00:00:00+00:00,-0.04629113
2020-03-01 00:00:00+00:00,-0.01020408
2020-03-02 00:00:00+00:00,0.08740656
2020-03-03 00:00:00+00:00,-0.03626374
2020-03-04 00:00:00+00:00,-0.01117318
2020-03-05 00:00:00+00:00,0.07466063
2020-03-06 00:00:00+00:00,0.01517615
2020-03-08 00:00:00+00:00,-0.10955208
2020-03-09 00:00:00+00:00,-0.20909091
2020-03-10 00:00:00+00:00,0.02714646
2020-03-11 00:00:00+00:00,-0.01986344
2020-03-12 00:00:00+00:00,-0.41686137
2020-03-13 00:00:00+00:00,-0.15721649
2020-03-15 00:00:00+00:00,0.01502347
2020-03-16 00:00:00+00:00,-0.18443003
2020-03-17 00:00:00+00:00,0.22085890
2020-03-18 00:00:00+00:00,-0.02580927
2020-03-19 00:00:00+00:00,0.35403151
2020-03-20 00:00:00+00:00,-0.11838990
2020-03-22 00:00:00+00:00,-0.01330008
2020-03-23 00:00:00+00:00,0.19880546
2020-03-24 00:00:00+00:00,0.08652374
2020-03-25 00:00:00+00:00,-0.04029304
2020-03-26 00:00:00+00:00,0.01940299
2020-03-27 00:00:00+00:00,-0.01033210
2020-03-29 00:00:00+00:00,-0.24703264
2020-03-30 00:00:00+00:00,0.22118644
2020-03-31 00:00:00+00:00,-0.01526718
2020-04-01 00:00:00+00:00,0.03374233
2020-04-02 00:00:00+00:00,0.10751880
2020-04-03 00:00:00+00:00,-0.06685838
2020-04-06 00:00:00+00:00,0.19584570
2020-04-07 00:00:00+00:00,-0.03106009
2020-04-08 00:00:00+00:00,0.03790489
2020-04-09 00:00:00+00:00,-0.01952862
2020-04-12 00:00:00+00:00,-0.08207934
2020-04-13 00:00:00+00:00,-0.04964539
2020-04-14 00:00:00+00:00,0.01746725
2020-04-15 00:00:00+00:00,-0.06101938
2020-04-16 00:00:00+00:00,0.13946588
2020-04-17 00:00:00+00:00,-0.02990115
2020-04-19 00:00:00+00:00,0.03659395
2020-04-20 00:00:00+00:00,-0.08668516
2020-04-21 00:00:00+00:00,0.00000000
2020-04-22 00:00:00+00:00,0.07759246
2020-04-23 00:00:00+00:00,0.07247387
2020-04-24 00:00:00+00:00,-0.01432292
2020-04-26 00:00:00+00:00,0.00786370
2020-04-27 00:00:00+00:00,0.05266580
2020-04-28 00:00:00+00:00,-0.01272265
2020-04-29 00:00:00+00:00,0.27859425
2020-04-30 00:00:00+00:00,-0.01629213
2020-05-01 00:00:00+00:00,-0.00400458
2020-05-03 00:00:00+00:00,0.02441794
2020-05-04 00:00:00+00:00,0.02549889
2020-05-05 00:00:00+00:00,0.00499445
2020-05-06 00:00:00+00:00,0.08236595
2020-05-07 00:00:00+00:00,0.14587738
2020-05-08 00:00:00+00:00,0.00742207
2020-05-10 00:00:00+00:00,-0.25073892
2020-05-11 00:00:00+00:00,-0.02759009
2020-05-12 00:00:00+00:00,0.04041570
2020-05-13 00:00:00+00:00,0.12178771
2020-05-14 00:00:00+00:00,0.08592514
2020-05-15 00:00:00+00:00,-0.09154930
2020-05-17 00:00:00+00:00,0.04962647
2020-05-18 00:00:00+00:00,0.03711235
2020-05-19 00:00:00+00:00,0.00913312
2020-05-20 00:00:00+00:00,-0.04972095
2020-05-21 00:00:00+00:00,-0.09692548
2020-05-22 00:00:00+00:00,0.01735358
2020-05-24 00:00:00+00:00,-0.01725067
2020-05-25 00:00:00+00:00,-0.05375754
2020-05-26 00:00:00+00:00,0.00388242
2020-05-27 00:00:00+00:00,0.07338936
2020-05-28 00:00:00+00:00,0.06903991
2020-05-29 00:00:00+00:00,-0.00888192
2020-05-31 00:00:00+00:00,0.01258521
2020-06-01 00:00:00+00:00,0.05529473
2020-06-02 00:00:00+00:00,-0.05670886
2020-06-03 00:00:00+00:00,0.01832461
2020-06-04 00:00:00+00:00,0.06085611
2020-06-05 00:00:00+00:00,-0.02255639
2020-06-07 00:00:00+00:00,0.00609137
2020-06-08 00:00:00+00:00,-0.00403633
2020-06-09 00:00:00+00:00,0.00253165
2020-06-10 00:00:00+00:00,0.03578629
2020-06-11 00:00:00+00:00,-0.12593330
2020-06-12 00:00:00+00:00,0.02283590
2020-06-14 00:00:00+00:00,-0.02679979
2020-06-15 00:00:00+00:00,0.03313736
2020-06-16 00:00:00+00:00,0.00839454
2020-06-17 00:00:00+00:00,-0.01356943
2020-06-18 00:00:00+00:00,-0.01573977
2020-06-19 00:00:00+00:00,-0.01640212
2020-06-21 00:00:00+00:00,0.00212427
2020-06-22 00:00:00+00:00,0.08470964
2020-06-23 00:00:00+00:00,-0.00357690
2020-06-24 00:00:00+00:00,-0.08014293
2020-06-25 00:00:00+00:00,-0.00531067
2020-06-26 00:00:00+00:00,-0.02187834
2020-06-28 00:00:00+00:00,-0.01613771
2020-06-29 00:00:00+00:00,0.02173913
2020-06-30 00:00:00+00:00,-0.01662198
2020-07-01 00:00:00+00:00,0.02871073
2020-07-02 00:00:00+00:00,-0.04113248
2020-07-03 00:00:00+00:00,0.00652529
2020-07-05 00:00:00+00:00,-0.00271739
2020-07-06 00:00:00+00:00,0.04782609
2020-07-07 00:00:00+00:00,-0.01117616
2020-07-08 00:00:00+00:00,0.04598930
2020-07-09 00:00:00+00:00,-0.05208333
2020-07-10 00:00:00+00:00,0.00268817
2020-07-12 00:00:00+00:00,0.01766595
2020-07-13 00:00:00+00:00,-0.01385189
2020-07-14 00:00:00+00:00,0.00375134
2020-07-15 00:00:00+00:00,-0.01762821
2020-07-16 00:00:00+00:00,-0.02421959
2020-07-17 00:00:00+00:00,0.01691217
2020-07-20 00:00:00+00:00,-0.00109410
2020-07-21 00:00:00+00:00,0.05300162
2020-07-22 00:00:00+00:00,0.03000000
2020-07-23 00:00:00+00:00,0.01869159
2020-07-24 00:00:00+00:00,-0.00051493
2020-07-26 00:00:00+00:00,0.03525805
2020-07-27 00:00:00+00:00,0.14461994
2020-07-28 00:00:00+00:00,-0.02716688
2020-07-29 00:00:00+00:00,0.02836879
2020-07-30 00:00:00+00:00,-0.01034483
2020-07-31 00:00:00+00:00,0.01916376
2020-08-02 00:00:00+00:00,0.13247863
2020-08-03 00:00:00+00:00,0.01091703
2020-08-04 00:00:00+00:00,-0.00305410
2020-08-05 00:00:00+00:00,0.07373473
2020-08-06 00:00:00+00:00,0.01883633
2020-08-07 00:00:00+00:00,-0.04318937
2020-08-09 00:00:00+00:00,0.00934977
2020-08-10 00:00:00+00:00,0.04421053
2020-08-11 00:00:00+00:00,-0.09701493
2020-08-12 00:00:00+00:00,0.04230266
2020-08-13 00:00:00+00:00,0.03743088
2020-08-14 00:00:00+00:00,0.00542571
2020-08-16 00:00:00+00:00,0.02917882
2020-08-17 00:00:00+00:00,0.07641742
2020-08-18 00:00:00+00:00,-0.05411811
2020-08-19 00:00:00+00:00,-0.05456026
2020-08-20 00:00:00+00:00,0.01465048
2020-08-21 00:00:00+00:00,-0.04279186
2020-08-23 00:00:00+00:00,0.01019541
2020-08-24 00:00:00+00:00,0.01269036
2020-08-25 00:00:00+00:00,-0.08559499
2020-08-26 00:00:00+00:00,0.03740757
2020-08-27 00:00:00+00:00,-0.05653105
2020-08-28 00:00:00+00:00,0.05753184
2020-08-30 00:00:00+00:00,0.01626712
2020-08-31 00:00:00+00:00,0.02064027
2020-09-01 00:00:00+00:00,0.04749895
2020-09-02 00:00:00+00:00,-0.11803279
2020-09-03 00:00:00+00:00,-0.12053960
2020-09-04 00:00:00+00:00,-0.02463970
2020-09-06 00:00:00+00:00,-0.03563057
2020-09-07 00:00:00+00:00,0.00631988
2020-09-08 00:00:00+00:00,-0.08234174
2020-09-09 00:00:00+00:00,0.06558982
2020-09-10 00:00:00+00:00,0.00722195
2020-09-11 00:00:00+00:00,-0.00668258
2020-09-14 00:00:00+00:00,0.07293666
2020-09-15 00:00:00+00:00,0.01623377
2020-09-16 00:00:00+00:00,0.05473781
2020-09-17 00:00:00+00:00,-0.02650500
2020-09-18 00:00:00+00:00,-0.01179673
2020-09-20 00:00:00+00:00,-0.00091033
2020-09-21 00:00:00+00:00,-0.06879271
2020-09-22 00:00:00+00:00,-0.00236518
2020-09-23 00:00:00+00:00,-0.02884161
2020-09-24 00:00:00+00:00,0.11354776
2020-09-25 00:00:00+00:00,0.00091449
2020-09-27 00:00:00+00:00,0.00183739
2020-09-28 00:00:00+00:00,0.02109124
2020-09-29 00:00:00+00:00,-0.02084277
2020-09-30 00:00:00+00:00,-0.01008249
2020-10-01 00:00:00+00:00,-0.01938163
2020-10-02 00:00:00+00:00,-0.02093023
2020-10-04 00:00:00+00:00,0.01409774
2020-10-05 00:00:00+00:00,0.03521779
2020-10-06 00:00:00+00:00,-0.03761468
2020-10-07 00:00:00+00:00,0.01914099
2020-10-08 00:00:00+00:00,0.04720037
2020-10-09 00:00:00+00:00,0.02579186
2020-10-11 00:00:00+00:00,0.05948122
2020-10-12 00:00:00+00:00,0.05381944
2020-10-13 00:00:00+00:00,-0.04312896
2020-10-14 00:00:00+00:00,-0.00777202
2020-10-15 00:00:00+00:00,0.02164502
2020-10-16 00:00:00+00:00,-0.03648069
2020-10-18 00:00:00+00:00,0.01396875
2020-10-19 00:00:00+00:00,0.06635071
2020-10-20 00:00:00+00:00,0.02728799
2020-10-21 00:00:00+00:00,0.21496486
2020-10-22 00:00:00+00:00,-0.02021715
2020-10-23 00:00:00+00:00,-0.01059002
2020-10-25 00:00:00+00:00,0.01929625
2020-10-26 00:00:00+00:00,0.00150546
2020-10-27 00:00:00+00:00,0.10135135
2020-10-28 00:00:00+00:00,-0.06568557
2020-10-29 00:00:00+00:00,0.04867257
2020-10-30 00:00:00+00:00,0.01416122
2020-11-01 00:00:00+00:00,0.02011494
2020-11-02 00:00:00+00:00,-0.02806394
2020-11-03 00:00:00+00:00,0.04565217
2020-11-04 00:00:00+00:00,0.02138100
2020-11-05 00:00:00+00:00,0.21844660
2020-11-06 00:00:00+00:00,-0.02146465
2020-11-08 00:00:00+00:00,0.00946074
2020-11-09 00:00:00+00:00,-0.03638089
2020-11-10 00:00:00+00:00,-0.00257317
2020-11-11 00:00:00+00:00,0.05958132
2020-11-12 00:00:00+00:00,0.06158174
2020-11-13 00:00:00+00:00,0.00241182
2020-11-15 00:00:00+00:00,-0.03855495
2020-11-16 00:00:00+00:00,0.09743273
2020-11-17 00:00:00+00:00,0.11126705
2020-11-18 00:00:00+00:00,0.00922819
2020-11-19 00:00:00+00:00,0.01501251
2020-11-20 00:00:00+00:00,0.08078845
2020-11-22 00:00:00+00:00,-0.01009564
2020-11-23 00:00:00+00:00,-0.01637144
2020-11-24 00:00:00+00:00,0.08007449
2020-11-25 00:00:00+00:00,-0.03739506
2020-11-26 00:00:00+00:00,-0.20468298
2020-11-27 00:00:00+00:00,-0.00398067
2020-11-29 00:00:00+00:00,0.16846087
2020-11-30 00:00:00+00:00,0.16966927
2020-12-01 00:00:00+00:00,-0.09262011
2020-12-02 00:00:00+00:00,0.02856401
2020-12-03 00:00:00+00:00,0.02474490
2020-12-04 00:00:00+00:00,-0.06856567
2020-12-06 00:00:00+00:00,0.05953318
2020-12-07 00:00:00+00:00,-0.01373696
2020-12-08 00:00:00+00:00,-0.09641026
2020-12-09 00:00:00+00:00,0.02371968
2020-12-10 00:00:00+00:00,-0.02526596
2020-12-11 00:00:00+00:00,-0.03207547
2020-12-13 00:00:00+00:00,0.13278689
2020-12-14 00:00:00+00:00,0.01311728
2020-12-15 00:00:00+00:00,0.01558906
2020-12-16 00:00:00+00:00,0.21283612
2020-12-17 00:00:00+00:00,0.13821510
2020-12-18 00:00:00+00:00,0.00577440
2020-12-20 00:00:00+00:00,0.05469755
2020-12-21 00:00:00+00:00,-0.07172644
2020-12-22 00:00:00+00:00,0.09787787
2020-12-23 00:00:00+00:00,-0.06555349
2020-12-24 00:00:00+00:00,0.01703578
2020-12-27 00:00:00+00:00,0.26549781
2020-12-28 00:00:00+00:00,0.03819188
2020-12-29 00:00:00+00:00,0.01428830
2020-12-30 00:00:00+00:00,0.11063218
2020-12-31 00:00:00+00:00,0.01237498
2021-01-03 00:00:00+00:00,0.28486697
2021-01-04 00:00:00+00:00,-0.06387698
2021-01-05 00:00:00+00:00,0.14023831
2021-01-06 00:00:00+00:00,0.16127184
2021-01-07 00:00:00+00:00,0.13045202
2021-01-08 00:00:00+00:00,0.03752649
2021-01-10 00:00:00+00:00,-0.09093128
2021-01-11 00:00:00+00:00,-0.13819995
2021-01-12 00:00:00+00:00,-0.10834935
2021-01-13 00:00:00+00:00,0.19833285
2021-01-14 00:00:00+00:00,0.10050185
2021-01-15 00:00:00+00:00,-0.14942385
2021-01-17 00:00:00+00:00,-0.03131779
2021-01-18 00:00:00+00:00,0.06528926
2021-01-19 00:00:00+00:00,-0.04857195
2021-01-20 00:00:00+00:00,-0.02836394
2021-01-21 00:00:00+00:00,-0.28124566
2021-01-22 00:00:00+00:00,0.17465199
2021-01-24 00:00:00+00:00,-0.06019620
2021-01-25 00:00:00+00:00,0.00979942
2021-01-26 00:00:00+00:00,-0.01516300
2021-01-27 00:00:00+00:00,-0.14165160
2021-01-28 00:00:00+00:00,0.21748366
2021-01-29 00:00:00+00:00,0.08166274
2021-01-31 00:00:00+00:00,-0.09596603
2021-02-01 00:00:00+00:00,0.03906366
2021-02-02 00:00:00+00:00,0.12980558
2021-02-03 00:00:00+00:00,0.10808581
2021-02-04 00:00:00+00:00,-0.02150397
2021-02-05 00:00:00+00:00,0.02717391
2021-02-07 00:00:00+00:00,0.06277619
2021-02-08 00:00:00+00:00,0.40161453
2021-02-09 00:00:00+00:00,0.00452632
2021-02-10 00:00:00+00:00,-0.06270316
2021-02-11 00:00:00+00:00,0.12074203
2021-02-12 00:00:00+00:00,0.01089391
2021-02-14 00:00:00+00:00,0.02557050
2021-02-15 00:00:00+00:00,-0.02641623
2021-02-16 00:00:00+00:00,0.03965080
2021-02-17 00:00:00+00:00,0.13822355
2021-02-18 00:00:00+00:00,-0.03615248
2021-02-19 00:00:00+00:00,0.17444624
2021-02-21 00:00:00+00:00,0.04792894
2021-02-22 00:00:00+00:00,-0.05167251
2021-02-23 00:00:00+00:00,-0.10139829
2021-02-24 00:00:00+00:00,0.02539906
2021-02-25 00:00:00+00:00,-0.06794596
2021-02-26 00:00:00+00:00,-0.02510504
2021-02-28 00:00:00+00:00,-0.01336063
2021-03-01 00:00:00+00:00,-0.08550835
2021-03-02 00:00:00+00:00,-0.04724097
2021-03-03 00:00:00+00:00,0.09755849
2021-03-04 00:00:00+00:00,-0.10584795
2021-03-05 00:00:00+00:00,0.04124872
2021-03-07 00:00:00+00:00,0.08586869
2021-03-08 00:00:00+00:00,0.01955147
2021-03-09 00:00:00+00:00,0.12354002
2021-03-10 00:00:00+00:00,0.04726947
2021-03-11 00:00:00+00:00,0.07177957
2021-03-12 00:00:00+00:00,-0.03240271
2021-03-14 00:00:00+00:00,0.12379477
2021-03-15 00:00:00+00:00,-0.14603278
2021-03-16 00:00:00+00:00,0.00052530
2021-03-17 00:00:00+00:00,0.06395451
2021-03-18 00:00:00+00:00,-0.01588065
2021-03-19 00:00:00+00:00,0.02516421
2021-03-21 00:00:00+00:00,-0.02718906
2021-03-22 00:00:00+00:00,-0.12500000
2021-03-23 00:00:00+00:00,0.00419058
2021-03-24 00:00:00+00:00,-0.03903329
2021-03-25 00:00:00+00:00,-0.02990812
2021-03-26 00:00:00+00:00,0.07770495
2021-03-28 00:00:00+00:00,0.06846682
2021-03-29 00:00:00+00:00,0.07948604
2021-03-30 00:00:00+00:00,0.03279387
2021-03-31 00:00:00+00:00,0.01432736
2021-04-01 00:00:00+00:00,-0.00291254
2021-04-02 00:00:00+00:00,0.02070858
2021-04-04 00:00:00+00:00,-0.04984732
2021-04-05 00:00:00+00:00,0.03382539
2021-04-06 00:00:00+00:00,-0.03289310
2021-04-07 00:00:00+00:00,-0.07562812
2021-04-08 00:00:00+00:00,0.06547148
2021-04-09 00:00:00+00:00,0.01496599
2021-04-11 00:00:00+00:00,0.05569171
2021-04-12 00:00:00+00:00,-0.00114839
2021-04-13 00:00:00+00:00,0.11202365
2021-04-14 00:00:00+00:00,-0.02119072
2021-04-15 00:00:00+00:00,0.01768868
2021-04-16 00:00:00+00:00,-0.05034682
2021-04-18 00:00:00+00:00,-0.17293916
2021-04-19 00:00:00+00:00,-0.01431564
2021-04-20 00:00:00+00:00,0.01143058
2021-04-21 00:00:00+00:00,-0.09818467
2021-04-22 00:00:00+00:00,-0.09342529
2021-04-23 00:00:00+00:00,-0.02841403
2021-04-25 00:00:00+00:00,-0.08751723
2021-04-26 00:00:00+00:00,0.20533797
2021-04-27 00:00:00+00:00,0.04663885
2021-04-28 00:00:00+00:00,-0.01859917
2021-04-29 00:00:00+00:00,-0.03885892
2021-04-30 00:00:00+00:00,0.12837018
2021-05-02 00:00:00+00:00,-0.01342223
2021-05-03 00:00:00+00:00,0.02525609
2021-05-04 00:00:00+00:00,-0.12205716
2021-05-05 00:00:00+00:00,0.05852982
2021-05-06 00:00:00+00:00,0.07321362
2021-05-07 00:00:00+00:00,-0.03019988
2021-05-10 00:00:00+00:00,0.05737270
2021-05-11 00:00:00+00:00,-0.05383290
2021-05-12 00:00:00+00:00,0.00124323
2021-05-13 00:00:00+00:00,-0.14039431
2021-05-14 00:00:00+00:00,-0.13955252
2021-05-17 00:00:00+00:00,-0.18819188
2021-05-18 00:00:00+00:00,-0.12666959
2021-05-19 00:00:00+00:00,0.00924734
2021-05-20 00:00:00+00:00,-0.17380117
2021-05-21 00:00:00+00:00,-0.02163951
2021-05-24 00:00:00+00:00,-0.22417925
2021-05-25 00:00:00+00:00,0.25614242
2021-05-26 00:00:00+00:00,0.00545030
2021-05-27 00:00:00+00:00,0.01750065
2021-05-28 00:00:00+00:00,-0.10508127
2021-05-31 00:00:00+00:00,-0.02580394
2021-06-01 00:00:00+00:00,0.02701190
2021-06-02 00:00:00+00:00,0.01029252
2021-06-03 00:00:00+00:00,0.02564806
2021-06-04 00:00:00+00:00,0.02391073
2021-06-07 00:00:00+00:00,-0.12755037
2021-06-08 00:00:00+00:00,-0.08080101
2021-06-09 00:00:00+00:00,-0.03938507
2021-06-10 00:00:00+00:00,0.20988207
2021-06-11 00:00:00+00:00,0.02604027
2021-06-14 00:00:00+00:00,0.08437290
2021-06-15 00:00:00+00:00,0.05822137
2021-06-16 00:00:00+00:00,-0.02708075
2021-06-17 00:00:00+00:00,-0.09088645
2021-06-18 00:00:00+00:00,-0.05073041
2021-06-21 00:00:00+00:00,-0.06231884
2021-06-22 00:00:00+00:00,-0.23982090
2021-06-23 00:00:00+00:00,0.13545498
2021-06-24 00:00:00+00:00,0.04850299
2021-06-25 00:00:00+00:00,-0.04832936
2021-06-28 00:00:00+00:00,0.05057307
2021-06-29 00:00:00+00:00,0.00972989
2021-06-30 00:00:00+00:00,0.09492754
2021-07-01 00:00:00+00:00,-0.10981697
2021-07-02 00:00:00+00:00,-0.04488742
2021-07-05 00:00:00+00:00,0.12298987
2021-07-06 00:00:00+00:00,-0.07574901
2021-07-07 00:00:00+00:00,-0.00191176
2021-07-08 00:00:00+00:00,0.00675477
2021-07-09 00:00:00+00:00,-0.06816852
2021-07-12 00:00:00+00:00,0.09090909
2021-07-13 00:00:00+00:00,-0.08409453
2021-07-14 00:00:00+00:00,-0.03667778
2021-07-15 00:00:00+00:00,0.03827751
2021-07-16 00:00:00+00:00,-0.08829320
2021-07-19 00:00:00+00:00,-0.00648734
2021-07-20 00:00:00+00:00,-0.07126984
2021-07-21 00:00:00+00:00,0.02822384
2021-07-22 00:00:00+00:00,0.07997511
2021-07-23 00:00:00+00:00,0.00404543
2021-07-26 00:00:00+00:00,0.07764120
2021-07-27 00:00:00+00:00,0.09071106
2021-07-28 00:00:00+00:00,0.05554691
2021-07-29 00:00:00+00:00,0.01540377
2021-07-30 00:00:00+00:00,0.00062237
2021-08-02 00:00:00+00:00,0.01400342
2021-08-03 00:00:00+00:00,-0.02598413
2021-08-04 00:00:00+00:00,-0.03765365
2021-08-05 00:00:00+00:00,0.04745604
2021-08-06 00:00:00+00:00,0.30045122
2021-08-09 00:00:00+00:00,0.11785497
2021-08-10 00:00:00+00:00,0.08124859
2021-08-11 00:00:00+00:00,-0.02710583
2021-08-12 00:00:00+00:00,0.00889523
2021-08-13 00:00:00+00:00,-0.07858782
2021-08-16 00:00:00+00:00,0.15195632
2021-08-17 00:00:00+00:00,-0.04857143
2021-08-18 00:00:00+00:00,-0.05787816
2021-08-19 00:00:00+00:00,-0.00000000
2021-08-20 00:00:00+00:00,0.09025070
2021-08-23 00:00:00+00:00,0.11575013
2021-08-24 00:00:00+00:00,-0.02608783
2021-08-25 00:00:00+00:00,-0.02443704
2021-08-26 00:00:00+00:00,-0.00661626
2021-08-27 00:00:00+00:00,-0.04435402
2021-08-29 00:00:00+00:00,0.08901919
2021-08-30 00:00:00+00:00,-0.01237950
2021-08-31 00:00:00+00:00,-0.08001637
2021-09-01 00:00:00+00:00,0.01402614
2021-09-02 00:00:00+00:00,0.06571429
2021-09-03 00:00:00+00:00,0.02265306
2021-09-05 00:00:00+00:00,0.10585494
2021-09-06 00:00:00+00:00,-0.00336344
2021-09-07 00:00:00+00:00,0.03336538
2021-09-08 00:00:00+00:00,-0.22909572
2021-09-09 00:00:00+00:00,-0.01982001
2021-09-10 00:00:00+00:00,0.00376021
2021-09-12 00:00:00+00:00,-0.02631295
2021-09-13 00:00:00+00:00,-0.02890804
2021-09-14 00:00:00+00:00,0.09658461
2021-09-15 00:00:00+00:00,0.04231909
2021-09-16 00:00:00+00:00,-0.02512927
2021-09-17 00:00:00+00:00,0.00807551
2021-09-19 00:00:00+00:00,-0.03937337
2021-09-20 00:00:00+00:00,-0.13919336
2021-09-21 00:00:00+00:00,-0.12475499
2021-09-22 00:00:00+00:00,0.06539409
2021-09-23 00:00:00+00:00,0.13666514
2021-09-24 00:00:00+00:00,0.00111037
2021-09-26 00:00:00+00:00,-0.08608464
2021-09-27 00:00:00+00:00,0.00787219
2021-09-28 00:00:00+00:00,-0.04307159
2021-09-29 00:00:00+00:00,-0.06172402
2021-09-30 00:00:00+00:00,0.08290723
2021-10-01 00:00:00+00:00,0.05302393
2021-10-03 00:00:00+00:00,0.20485913
2021-10-04 00:00:00+00:00,0.00848510
2021-10-05 00:00:00+00:00,0.04439637
2021-10-06 00:00:00+00:00,0.17476805
2021-10-07 00:00:00+00:00,0.04609452
2021-10-08 00:00:00+00:00,-0.02860559
2021-10-10 00:00:00+00:00,0.03765421
2021-10-11 00:00:00+00:00,0.04227642
2021-10-12 00:00:00+00:00,0.03281661
2021-10-13 00:00:00+00:00,-0.00741315
2021-10-14 00:00:00+00:00,0.02503773
2021-10-15 00:00:00+00:00,-0.00380722
2021-10-17 00:00:00+00:00,0.13133062
2021-10-18 00:00:00+00:00,0.01530984
2021-10-19 00:00:00+00:00,0.07951515
2021-10-20 00:00:00+00:00,0.06422090
2021-10-21 00:00:00+00:00,-0.10866284
2021-10-22 00:00:00+00:00,-0.01076984
2021-10-24 00:00:00+00:00,-0.04527606
2021-10-25 00:00:00+00:00,0.06407323
2021-10-26 00:00:00+00:00,-0.04828352
2021-10-27 00:00:00+00:00,-0.07242641
2021-10-28 00:00:00+00:00,0.00979891
2021-10-29 00:00:00+00:00,0.04022520
2021-10-31 00:00:00+00:00,0.00799608
2021-11-01 00:00:00+00:00,0.00562990
2021-11-02 00:00:00+00:00,0.03353460
2021-11-03 00:00:00+00:00,0.09623397
2021-11-04 00:00:00+00:00,-0.02609579
2021-11-05 00:00:00+00:00,-0.05790099
2021-11-07 00:00:00+00:00,0.07735169
2021-11-08 00:00:00+00:00,0.05715632
2021-11-09 00:00:00+00:00,0.08091603
2021-11-10 00:00:00+00:00,-0.02526439
2021-11-11 00:00:00+00:00,-0.06314615
2021-11-12 00:00:00+00:00,-0.00368324
2021-11-14 00:00:00+00:00,0.01736458
2021-11-15 00:00:00+00:00,-0.02026049
2021-11-16 00:00:00+00:00,-0.11389719
2021-11-17 00:00:00+00:00,-0.04972559
2021-11-18 00:00:00+00:00,-0.03557081
2021-11-19 00:00:00+00:00,-0.04165636
2021-11-21 00:00:00+00:00,0.04785105
2021-11-22 00:00:00+00:00,-0.05239878
2021-11-23 00:00:00+00:00,0.00845045
2021-11-24 00:00:00+00:00,-0.01772372
2021-11-25 00:00:00+00:00,0.05136057
2021-11-26 00:00:00+00:00,-0.06608637
2021-11-28 00:00:00+00:00,0.03379520
2021-11-29 00:00:00+00:00,0.02165440
2021-11-30 00:00:00+00:00,-0.02286009
2021-12-01 00:00:00+00:00,-0.00777564
2021-12-02 00:00:00+00:00,-0.01794425
2021-12-03 00:00:00+00:00,-0.00767602
2021-12-05 00:00:00+00:00,-0.25969334
2021-12-06 00:00:00+00:00,0.01414713
2021-12-07 00:00:00+00:00,0.04126357
2021-12-08 00:00:00+00:00,-0.00236081
2021-12-09 00:00:00+00:00,-0.06121039
2021-12-10 00:00:00+00:00,-0.03452256
2021-12-12 00:00:00+00:00,0.07356698
2021-12-13 00:00:00+00:00,-0.01279127
2021-12-14 00:00:00+00:00,-0.10692515
2021-12-15 00:00:00+00:00,0.05676672
2021-12-16 00:00:00+00:00,-0.03713528
2021-12-17 00:00:00+00:00,0.00699374
2021-12-19 00:00:00+00:00,-0.02375000
2021-12-20 00:00:00+00:00,-0.01355100
2021-12-21 00:00:00+00:00,0.08910996
2021-12-22 00:00:00+00:00,-0.00651798
2021-12-23 00:00:00+00:00,-0.02318693
2021-12-26 00:00:00+00:00,0.10261156
2021-12-27 00:00:00+00:00,-0.00382241
2021-12-28 00:00:00+00:00,-0.01413705
2021-12-29 00:00:00+00:00,-0.10326087
2021-12-30 00:00:00+00:00,-0.04850824
2021-12-31 00:00:00+00:00,0.01808841
2022-01-02 00:00:00+00:00,0.01060445
2022-01-03 00:00:00+00:00,-0.00400844
2022-01-04 00:00:00+00:00,-0.05549672
2022-01-05 00:00:00+00:00,-0.05428201
2022-01-06 00:00:00+00:00,-0.06602143
2022-01-07 00:00:00+00:00,-0.02471284
2022-01-09 00:00:00+00:00,-0.04918224
2022-01-10 00:00:00+00:00,-0.00705995
2022-01-11 00:00:00+00:00,0.02464535
2022-01-12 00:00:00+00:00,0.05849850
2022-01-13 00:00:00+00:00,-0.01311783
2022-01-14 00:00:00+00:00,-0.02208743
2022-01-16 00:00:00+00:00,0.02108716
2022-01-17 00:00:00+00:00,-0.00429483
2022-01-18 00:00:00+00:00,-0.03019704
2022-01-19 00:00:00+00:00,-0.02018652
2022-01-20 00:00:00+00:00,-0.03401442
2022-01-21 00:00:00+00:00,-0.07680945
2022-01-23 00:00:00+00:00,-0.22463415
2022-01-24 00:00:00+00:00,-0.02115094
2022-01-25 00:00:00+00:00,0.00582767
2022-01-26 00:00:00+00:00,0.04099723
2022-01-27 00:00:00+00:00,0.01044068
2022-01-28 00:00:00+00:00,0.00580219
2022-01-30 00:00:00+00:00,0.04281675
2022-01-31 00:00:00+00:00,-0.05473490
2022-02-01 00:00:00+00:00,0.08127544
2022-02-02 00:00:00+00:00,0.00795514
2022-02-03 00:00:00+00:00,-0.08541802
2022-02-04 00:00:00+00:00,0.01954397
2022-02-06 00:00:00+00:00,0.27833109
2022-02-07 00:00:00+00:00,-0.02770573
2022-02-08 00:00:00+00:00,0.10502447
2022-02-09 00:00:00+00:00,0.02039660
2022-02-10 00:00:00+00:00,-0.04310151
2022-02-11 00:00:00+00:00,-0.00665748
2022-02-13 00:00:00+00:00,-0.02284323
2022-02-14 00:00:00+00:00,0.02147858
2022-02-15 00:00:00+00:00,0.03196081
2022-02-16 00:00:00+00:00,0.03872623
2022-02-17 00:00:00+00:00,-0.08495995
2022-02-18 00:00:00+00:00,-0.10493218
2022-02-20 00:00:00+00:00,-0.09551393
2022-02-21 00:00:00+00:00,-0.06764859
2022-02-22 00:00:00+00:00,0.02905178
2022-02-23 00:00:00+00:00,-0.02365704
2022-02-24 00:00:00+00:00,0.01916376
2022-02-25 00:00:00+00:00,0.03993214
2022-02-27 00:00:00+00:00,-0.04049641
2022-02-28 00:00:00+00:00,0.30235029
2022-03-01 00:00:00+00:00,0.01421637
2022-03-02 00:00:00+00:00,0.03099885
2022-03-03 00:00:00+00:00,-0.00867215
2022-03-04 00:00:00+00:00,-0.15487528
2022-03-06 00:00:00+00:00,-0.10968746
2022-03-07 00:00:00+00:00,-0.00039063
2022-03-08 00:00:00+00:00,-0.01037748
2022-03-09 00:00:00+00:00,0.04283662
2022-03-10 00:00:00+00:00,0.15361947
2022-03-11 00:00:00+00:00,-0.13702381
2022-03-13 00:00:00+00:00,-0.06108999
2022-03-14 00:00:00+00:00,0.00119190
2022-03-15 00:00:00+00:00,0.08333333
2022-03-16 00:00:00+00:00,-0.00987717
2022-03-17 00:00:00+00:00,0.08384224
2022-03-18 00:00:00+00:00,-0.02060724
2022-03-20 00:00:00+00:00,0.03814241
2022-03-21 00:00:00+00:00,-0.00991776
2022-03-22 00:00:00+00:00,0.03570561
2022-03-23 00:00:00+00:00,0.04800000
2022-03-24 00:00:00+00:00,0.06412639
2022-03-25 00:00:00+00:00,0.00067873
2022-03-27 00:00:00+00:00,0.12104072
2022-03-28 00:00:00+00:00,0.03934321
2022-03-29 00:00:00+00:00,-0.01297343
2022-03-30 00:00:00+00:00,-0.00052521
2022-03-31 00:00:00+00:00,-0.03986044
2022-04-01 00:00:00+00:00,-0.04747387
2022-04-03 00:00:00+00:00,0.06075228
2022-04-04 00:00:00+00:00,-0.00501708
2022-04-05 00:00:00+00:00,-0.01417155
2022-04-06 00:00:00+00:00,-0.07342240
2022-04-07 00:00:00+00:00,-0.06347016
2022-04-08 00:00:00+00:00,0.00389417
2022-04-10 00:00:00+00:00,-0.06421174
2022-04-11 00:00:00+00:00,-0.02881195
2022-04-12 00:00:00+00:00,-0.13354625
2022-04-13 00:00:00+00:00,0.02540445
2022-04-14 00:00:00+00:00,0.05534826
2022-04-17 00:00:00+00:00,-0.02673147
2022-04-18 00:00:00+00:00,-0.05280899
2022-04-19 00:00:00+00:00,0.06879980
2022-04-20 00:00:00+00:00,0.03740374
2022-04-21 00:00:00+00:00,-0.02881844
2022-04-22 00:00:00+00:00,-0.02645895
2022-04-24 00:00:00+00:00,-0.02270484
2022-04-25 00:00:00+00:00,0.01477273
2022-04-26 00:00:00+00:00,-0.10387041
2022-04-27 00:00:00+00:00,0.04568063
2022-04-28 00:00:00+00:00,0.03349099
2022-04-29 00:00:00+00:00,-0.00037670
2022-05-01 00:00:00+00:00,-0.07175170
2022-05-02 00:00:00+00:00,0.00483344
2022-05-03 00:00:00+00:00,-0.04020231
2022-05-04 00:00:00+00:00,0.11142098
2022-05-05 00:00:00+00:00,-0.17565698
2022-05-06 00:00:00+00:00,0.00953039
2022-05-08 00:00:00+00:00,-0.12330642
2022-05-09 00:00:00+00:00,-0.18491449
2022-05-10 00:00:00+00:00,-0.02997583
2022-05-11 00:00:00+00:00,-0.11905537
2022-05-12 00:00:00+00:00,-0.00540729
2022-05-13 00:00:00+00:00,0.01288077
2022-05-15 00:00:00+00:00,0.15292691
2022-05-16 00:00:00+00:00,-0.09067441
2022-05-17 00:00:00+00:00,0.01167250
2022-05-18 00:00:00+00:00,-0.07977584
2022-05-19 00:00:00+00:00,-0.02160864
2022-05-20 00:00:00+00:00,0.07100488
2022-05-22 00:00:00+00:00,0.04023179
2022-05-23 00:00:00+00:00,-0.00230491
2022-05-24 00:00:00+00:00,-0.07392739
2022-05-25 00:00:00+00:00,0.04008947
2022-05-26 00:00:00+00:00,-0.01873102
2022-05-27 00:00:00+00:00,-0.02733911
2022-05-29 00:00:00+00:00,0.01648069
2022-05-30 00:00:00+00:00,0.01698081
2022-05-31 00:00:00+00:00,0.15155111
2022-06-01 00:00:00+00:00,-0.06529264
2022-06-02 00:00:00+00:00,-0.06401384
2022-06-03 00:00:00+00:00,0.05203772
2022-06-05 00:00:00+00:00,-0.04254970
2022-06-06 00:00:00+00:00,-0.00350175
2022-06-07 00:00:00+00:00,0.10642570
2022-06-08 00:00:00+00:00,-0.00573980
2022-06-09 00:00:00+00:00,-0.08050032
2022-06-10 00:00:00+00:00,0.00165893
2022-06-12 00:00:00+00:00,-0.20738400
2022-06-13 00:00:00+00:00,-0.32034150
2022-06-14 00:00:00+00:00,-0.01844035
2022-06-15 00:00:00+00:00,-0.04172245
2022-06-16 00:00:00+00:00,-0.09796550
2022-06-17 00:00:00+00:00,-0.09872299
2022-06-19 00:00:00+00:00,0.03735562
2022-06-20 00:00:00+00:00,-0.04213821
2022-06-21 00:00:00+00:00,0.05552838
2022-06-22 00:00:00+00:00,-0.08760172
2022-06-23 00:00:00+00:00,0.10319043
2022-06-24 00:00:00+00:00,0.00787778
2022-06-26 00:00:00+00:00,-0.00734249
2022-06-27 00:00:00+00:00,-0.00975030
2022-06-28 00:00:00+00:00,-0.04504939
2022-06-29 00:00:00+00:00,-0.02936097
2022-06-30 00:00:00+00:00,-0.14179474
2022-07-01 00:00:00+00:00,0.10079787
2022-07-03 00:00:00+00:00,-0.04910149
2022-07-04 00:00:00+00:00,0.04682622
2022-07-05 00:00:00+00:00,0.06611981
2022-07-06 00:00:00+00:00,0.01860921
2022-07-07 00:00:00+00:00,0.05487805
2022-07-08 00:00:00+00:00,0.05154877
2022-07-10 00:00:00+00:00,-0.08894507
2022-07-11 00:00:00+00:00,-0.03864618
2022-07-12 00:00:00+00:00,-0.07411849
2022-07-13 00:00:00+00:00,-0.01175000
2022-07-14 00:00:00+00:00,0.07506494
2022-07-15 00:00:00+00:00,0.02463415
2022-07-17 00:00:00+00:00,0.04431458
2022-07-18 00:00:00+00:00,0.06877677
2022-07-19 00:00:00+00:00,0.04169645
2022-07-20 00:00:00+00:00,0.12955744
2022-07-21 00:00:00+00:00,-0.02277080
2022-07-22 00:00:00+00:00,-0.00626891
2022-07-24 00:00:00+00:00,0.01170236
2022-07-25 00:00:00+00:00,-0.05303361
2022-07-26 00:00:00+00:00,-0.12885463
2022-07-27 00:00:00+00:00,0.09685802
2022-07-28 00:00:00+00:00,0.15704825
2022-07-29 00:00:00+00:00,0.02313572
2022-07-31 00:00:00+00:00,-0.04842413
2022-08-01 00:00:00+00:00,-0.02136752
2022-08-02 00:00:00+00:00,0.00281142
2022-08-03 00:00:00+00:00,-0.01549053
2022-08-04 00:00:00+00:00,-0.03059896
2022-08-05 00:00:00+00:00,0.01080009
2022-08-07 00:00:00+00:00,0.03181617
2022-08-08 00:00:00+00:00,0.06466809
2022-08-09 00:00:00+00:00,-0.03430962
2022-08-10 00:00:00+00:00,0.03269070
2022-08-11 00:00:00+00:00,0.00940242
2022-08-12 00:00:00+00:00,0.01166667
2022-08-14 00:00:00+00:00,0.02020833
2022-08-15 00:00:00+00:00,-0.00287474
2022-08-16 00:00:00+00:00,-0.02459016
2022-08-17 00:00:00+00:00,-0.05892082
2022-08-18 00:00:00+00:00,0.00021372
2022-08-19 00:00:00+00:00,-0.09614561
2022-08-21 00:00:00+00:00,-0.07059836
2022-08-22 00:00:00+00:00,-0.00510441
2022-08-23 00:00:00+00:00,0.00780142
2022-08-24 00:00:00+00:00,0.01524033
2022-08-25 00:00:00+00:00,-0.01696885
2022-08-26 00:00:00+00:00,-0.03760282
2022-08-28 00:00:00+00:00,-0.11968394
2022-08-29 00:00:00+00:00,0.00430925
2022-08-30 00:00:00+00:00,-0.00049826
2022-08-31 00:00:00+00:00,0.00986343
2022-09-01 00:00:00+00:00,-0.01196113
2022-09-02 00:00:00+00:00,0.01261989
2022-09-04 00:00:00+00:00,-0.01801351
2022-09-05 00:00:00+00:00,0.00634196
2022-09-06 00:00:00+00:00,-0.11422795
2022-09-07 00:00:00+00:00,0.03001072
2022-09-08 00:00:00+00:00,0.03485609
2022-09-09 00:00:00+00:00,0.21437841
2022-09-11 00:00:00+00:00,0.03351301
2022-09-12 00:00:00+00:00,0.06009671
2022-09-13 00:00:00+00:00,-0.19045475
2022-09-14 00:00:00+00:00,-0.00891310
2022-09-15 00:00:00+00:00,-0.01303492
2022-09-16 00:00:00+00:00,-0.04045387
2022-09-18 00:00:00+00:00,-0.02421616
2022-09-19 00:00:00+00:00,0.01241915
2022-09-20 00:00:00+00:00,-0.05671029
2022-09-21 00:00:00+00:00,-0.03195141
2022-09-22 00:00:00+00:00,0.06986900
2022-09-23 00:00:00+00:00,-0.02538860
2022-09-25 00:00:00+00:00,-0.03457172
2022-09-26 00:00:00+00:00,0.04302512
2022-09-27 00:00:00+00:00,0.00393288
2022-09-28 00:00:00+00:00,0.03837118
2022-09-29 00:00:00+00:00,-0.01001798
2022-09-30 00:00:00+00:00,0.01288992
2022-10-02 00:00:00+00:00,-0.02377301
2022-10-03 00:00:00+00:00,0.02278083
2022-10-04 00:00:00+00:00,0.04558259
2022-10-05 00:00:00+00:00,0.02193739
2022-10-06 00:00:00+00:00,0.00123396
2022-10-07 00:00:00+00:00,-0.05074257
2022-10-09 00:00:00+00:00,-0.03457780
2022-10-10 00:00:00+00:00,-0.01424133
2022-10-11 00:00:00+00:00,-0.01682195
2022-10-12 00:00:00+00:00,0.00941423
2022-10-13 00:00:00+00:00,0.02324974
2022-10-14 00:00:00+00:00,0.00025887
2022-10-16 00:00:00+00:00,-0.01289657
2022-10-17 00:00:00+00:00,0.01065489
2022-10-18 00:00:00+00:00,0.00416341
2022-10-19 00:00:00+00:00,-0.01948052
2022-10-20 00:00:00+00:00,-0.01850404
2022-10-21 00:00:00+00:00,0.01394737
2022-10-23 00:00:00+00:00,0.04702194
2022-10-24 00:00:00+00:00,-0.01863196
2022-10-25 00:00:00+00:00,0.02796479
2022-10-26 00:00:00+00:00,0.08198355
2022-10-27 00:00:00+00:00,-0.01629523
2022-10-28 00:00:00+00:00,0.00270536
2022-10-30 00:00:00+00:00,0.03022856
2022-10-31 00:00:00+00:00,-0.00725865
2022-11-01 00:00:00+00:00,-0.01146062
2022-11-02 00:00:00+00:00,-0.03295898
2022-11-03 00:00:00+00:00,0.00173870
2022-11-04 00:00:00+00:00,0.01461119
2022-11-06 00:00:00+00:00,0.06697858
2022-11-07 00:00:00+00:00,-0.00309893
2022-11-08 00:00:00+00:00,-0.15259895
2022-11-09 00:00:00+00:00,-0.27350664
2022-11-10 00:00:00+00:00,-0.13881748
2022-11-11 00:00:00+00:00,0.15661509
2022-11-14 00:00:00+00:00,-0.13226277
2022-11-15 00:00:00+00:00,0.08786346
2022-11-16 00:00:00+00:00,-0.05330103
2022-11-17 00:00:00+00:00,0.02487562
2022-11-18 00:00:00+00:00,-0.00368324
2022-11-21 00:00:00+00:00,-0.11100861
2022-11-22 00:00:00+00:00,0.03449398
2022-11-23 00:00:00+00:00,0.08499038
2022-11-24 00:00:00+00:00,0.00000000
2022-11-25 00:00:00+00:00,0.00061520
2022-11-28 00:00:00+00:00,-0.03926380
2022-11-29 00:00:00+00:00,0.03439650
2022-11-30 00:00:00+00:00,0.10052259
2022-12-01 00:00:00+00:00,-0.02751756
2022-12-02 00:00:00+00:00,0.02021403
2022-12-05 00:00:00+00:00,-0.01059135
2022-12-06 00:00:00+00:00,0.01192250
2022-12-07 00:00:00+00:00,-0.02933333
2022-12-08 00:00:00+00:00,0.05620679
2022-12-09 00:00:00+00:00,-0.01578947
2022-12-12 00:00:00+00:00,0.00618921
2022-12-13 00:00:00+00:00,0.07285546
2022-12-14 00:00:00+00:00,0.00680272
2022-12-15 00:00:00+00:00,-0.04744422
2022-12-16 00:00:00+00:00,-0.06971362
2022-12-19 00:00:00+00:00,-0.03626011
2022-12-20 00:00:00+00:00,0.03935326
2022-12-21 00:00:00+00:00,-0.01584454
2022-12-22 00:00:00+00:00,-0.00090416
2022-12-23 00:00:00+00:00,0.00723982
2022-12-27 00:00:00+00:00,-0.02222222
2022-12-28 00:00:00+00:00,-0.00669303
2022-12-29 00:00:00+00:00,-0.00152486
2022-12-30 00:00:00+00:00,0.01647849
2023-01-03 00:00:00+00:00,0.00967644
2023-01-04 00:00:00+00:00,0.02076437
2023-01-05 00:00:00+00:00,0.00685340
2023-01-06 00:00:00+00:00,-0.01157957
2023-01-09 00:00:00+00:00,0.04193932
2023-01-10 00:00:00+00:00,0.03467366
2023-01-11 00:00:00+00:00,0.00973654
2023-01-12 00:00:00+00:00,0.18124822
2023-01-13 00:00:00+00:00,0.04103502
2023-01-16 00:00:00+00:00,0.00000000
2023-01-17 00:00:00+00:00,0.20215219
2023-01-18 00:00:00+00:00,-0.06585990
2023-01-19 00:00:00+00:00,0.04138595
2023-01-20 00:00:00+00:00,0.11757776
2023-01-23 00:00:00+00:00,0.07685453
2023-01-24 00:00:00+00:00,-0.00128838
2023-01-25 00:00:00+00:00,-0.01075038
2023-01-26 00:00:00+00:00,0.03181130
2023-01-27 00:00:00+00:00,-0.00935175
2023-01-30 00:00:00+00:00,-0.04099061
2023-01-31 00:00:00+00:00,0.03836094
2023-02-01 00:00:00+00:00,0.04449198
2023-02-02 00:00:00+00:00,0.02448723
2023-02-03 00:00:00+00:00,-0.04693962
2023-02-06 00:00:00+00:00,-0.03048264
2023-02-07 00:00:00+00:00,0.01720060
2023-02-08 00:00:00+00:00,-0.03751865
2023-02-09 00:00:00+00:00,-0.07927889
2023-02-10 00:00:00+00:00,-0.02577436
2023-02-13 00:00:00+00:00,-0.00526557
2023-02-14 00:00:00+00:00,0.05647383
2023-02-15 00:00:00+00:00,0.17388393
2023-02-16 00:00:00+00:00,0.03986028
2023-02-17 00:00:00+00:00,0.02237001
2023-02-20 00:00:00+00:00,0.00000000
2023-02-21 00:00:00+00:00,-0.02352941
2023-02-22 00:00:00+00:00,-0.05728745
2023-02-23 00:00:00+00:00,0.01250521
2023-02-24 00:00:00+00:00,-0.06909392
2023-02-27 00:00:00+00:00,0.00771043
2023-02-28 00:00:00+00:00,-0.00255918
2023-03-01 00:00:00+00:00,0.01067920
2023-03-02 00:00:00+00:00,0.00424989
2023-03-03 00:00:00+00:00,-0.10724883
2023-03-06 00:00:00+00:00,0.00560036
2023-03-07 00:00:00+00:00,-0.02903082
2023-03-08 00:00:00+00:00,0.00430449
2023-03-09 00:00:00+00:00,-0.18652498
2023-03-10 00:00:00+00:00,-0.01295789
2023-03-13 00:00:00+00:00,0.40809012
2023-03-14 00:00:00+00:00,0.06748466
2023-03-15 00:00:00+00:00,-0.05796241
2023-03-16 00:00:00+00:00,0.05378973
2023-03-17 00:00:00+00:00,0.15694444
2023-03-20 00:00:00+00:00,0.06880059
2023-03-21 00:00:00+00:00,0.02918149
2023-03-22 00:00:00+00:00,-0.10736842
2023-03-23 00:00:00+00:00,0.13255469
2023-03-24 00:00:00+00:00,-0.04452174
2023-03-27 00:00:00+00:00,-0.06120996
2023-03-28 00:00:00+00:00,0.03104335
2023-03-29 00:00:00+00:00,0.07450271
2023-03-30 00:00:00+00:00,-0.03035590
2023-03-31 00:00:00+00:00,0.03561304
2023-04-03 00:00:00+00:00,-0.03340292
2023-04-04 00:00:00+00:00,0.00760658
2023-04-05 00:00:00+00:00,0.00105727
2023-04-06 00:00:00+00:00,-0.01761494
2023-04-10 00:00:00+00:00,0.08795309
2023-04-11 00:00:00+00:00,0.06663258
2023-04-12 00:00:00+00:00,-0.01530864
2023-04-13 00:00:00+00:00,0.02325968
2023-04-14 00:00:00+00:00,0.00870851
2023-04-17 00:00:00+00:00,-0.06929237
2023-04-18 00:00:00+00:00,0.06807790
2023-04-19 00:00:00+00:00,-0.08236450
2023-04-20 00:00:00+00:00,-0.07120902
2023-04-21 00:00:00+00:00,-0.06729237
2023-04-24 00:00:00+00:00,0.01247935
2023-04-25 00:00:00+00:00,0.04078660
2023-04-26 00:00:00+00:00,0.02909156
2023-04-27 00:00:00+00:00,0.08697183
2023-04-28 00:00:00+00:00,-0.02749663
2023-05-01 00:00:00+00:00,-0.09366438
2023-05-02 00:00:00+00:00,0.07922758
2023-05-03 00:00:00+00:00,-0.02080805
2023-05-04 00:00:00+00:00,0.02931426
2023-05-05 00:00:00+00:00,0.05082702
2023-05-08 00:00:00+00:00,-0.14098029
2023-05-09 00:00:00+00:00,0.00380228
2023-05-10 00:00:00+00:00,0.01587302
2023-05-11 00:00:00+00:00,-0.06271278
2023-05-12 00:00:00+00:00,-0.04296296
2023-05-15 00:00:00+00:00,0.07177937
2023-05-16 00:00:00+00:00,-0.02899872
2023-05-17 00:00:00+00:00,0.02873031
2023-05-18 00:00:00+00:00,-0.04708888
2023-05-19 00:00:00+00:00,0.01159312
2023-05-22 00:00:00+00:00,0.00241771
2023-05-23 00:00:00+00:00,0.03064067
2023-05-24 00:00:00+00:00,-0.07598397
2023-05-25 00:00:00+00:00,-0.00244591
2023-05-26 00:00:00+00:00,0.03241002
2023-05-29 00:00:00+00:00,0.07444631
2023-05-30 00:00:00+00:00,0.00448511
2023-05-31 00:00:00+00:00,-0.05509839
2023-06-01 00:00:00+00:00,-0.01856276
2023-06-02 00:00:00+00:00,0.02971768
2023-06-05 00:00:00+00:00,-0.12287127
2023-06-06 00:00:00+00:00,0.11489776
2023-06-07 00:00:00+00:00,-0.04449778
2023-06-08 00:00:00+00:00,0.01585205
2023-06-09 00:00:00+00:00,-0.01757666
2023-06-12 00:00:00+00:00,-0.04126625
2023-06-13 00:00:00+00:00,-0.00693374
2023-06-14 00:00:00+00:00,-0.06956522
2023-06-15 00:00:00+00:00,0.04950892
2023-06-16 00:00:00+00:00,0.06528538
2023-06-19 00:00:00+00:00,0.02950076
2023-06-20 00:00:00+00:00,0.11650485
2023-06-21 00:00:00+00:00,0.12597036
2023-06-22 00:00:00+00:00,0.01325381
2023-06-23 00:00:00+00:00,0.05786350
2023-06-26 00:00:00+00:00,-0.06234974
2023-06-27 00:00:00+00:00,0.03326163
2023-06-28 00:00:00+00:00,-0.02182055
2023-06-29 00:00:00+00:00,0.03301577
2023-06-30 00:00:00+00:00,-0.01878238
2023-07-03 00:00:00+00:00,0.04857376
2023-07-04 00:00:00+00:00,-0.01941439
2023-07-05 00:00:00+00:00,-0.02169720
2023-07-06 00:00:00+00:00,-0.01546727
2023-07-07 00:00:00+00:00,-0.00884811
2023-07-10 00:00:00+00:00,0.04174199
2023-07-11 00:00:00+00:00,-0.02000968
2023-07-12 00:00:00+00:00,-0.01969081
2023-07-13 00:00:00+00:00,0.07986853
2023-07-14 00:00:00+00:00,-0.08036703
2023-07-17 00:00:00+00:00,-0.02371542
2023-07-18 00:00:00+00:00,-0.01366211
2023-07-19 00:00:00+00:00,0.01458997
2023-07-20 00:00:00+00:00,-0.01813946
2023-07-21 00:00:00+00:00,0.01225655
2023-07-24 00:00:00+00:00,-0.05222631
2023-07-25 00:00:00+00:00,0.00566135
2023-07-26 00:00:00+00:00,0.02309666
2023-07-27 00:00:00+00:00,-0.03347422
2023-07-28 00:00:00+00:00,0.02178761
2023-07-31 00:00:00+00:00,-0.01386306
2023-08-01 00:00:00+00:00,0.00068131
2023-08-02 00:00:00+00:00,-0.00680156
2023-08-03 00:00:00+00:00,0.01161797
2023-08-04 00:00:00+00:00,-0.02734839
2023-08-07 00:00:00+00:00,0.01806918
2023-08-08 00:00:00+00:00,0.05766934
2023-08-09 00:00:00+00:00,-0.03649030
2023-08-10 00:00:00+00:00,-0.00759622
2023-08-11 00:00:00+00:00,0.01118076
2023-08-14 00:00:00+00:00,0.00536823
2023-08-15 00:00:00+00:00,-0.02325581
2023-08-16 00:00:00+00:00,-0.00067912
2023-08-17 00:00:00+00:00,-0.09986343
2023-08-18 00:00:00+00:00,-0.11322448
2023-08-21 00:00:00+00:00,-0.00114155
2023-08-22 00:00:00+00:00,-0.02625571
2023-08-23 00:00:00+00:00,0.06365385
2023-08-24 00:00:00+00:00,-0.05587741
2023-08-25 00:00:00+00:00,0.00402762
2023-08-28 00:00:00+00:00,-0.00534759
2023-08-29 00:00:00+00:00,0.13000959
2023-08-30 00:00:00+00:00,-0.03061408
2023-08-31 00:00:00+00:00,-0.09398428
2023-09-01 00:00:00+00:00,-0.02208141
2023-09-04 00:00:00+00:00,0.00653093
2023-09-05 00:00:00+00:00,-0.01622137
2023-09-06 00:00:00+00:00,0.00520331
2023-09-07 00:00:00+00:00,0.01235283
2023-09-08 00:00:00+00:00,-0.00095329
2023-09-11 00:00:00+00:00,-0.07335244
2023-09-12 00:00:00+00:00,0.10067380
2023-09-13 00:00:00+00:00,-0.00571320
2023-09-14 00:00:00+00:00,0.03738671
2023-09-15 00:00:00+00:00,-0.02093067
2023-09-18 00:00:00+00:00,0.03659223
2023-09-19 00:00:00+00:00,0.02240741
2023-09-20 00:00:00+00:00,0.00145693
2023-09-21 00:00:00+00:00,-0.04985337
2023-09-22 00:00:00+00:00,-0.00729381
2023-09-25 00:00:00+00:00,-0.00618673
2023-09-26 00:00:00+00:00,-0.01243406
2023-09-27 00:00:00+00:00,0.00189934
2023-09-28 00:00:00+00:00,0.07507109
2023-09-29 00:00:00+00:00,-0.02174708
2023-10-02 00:00:00+00:00,0.06868538
2023-10-03 00:00:00+00:00,-0.03674634
2023-10-04 00:00:00+00:00,0.02323471
2023-10-05 00:00:00+00:00,-0.01868152
2023-10-06 00:00:00+00:00,0.04441624
2023-10-09 00:00:00+00:00,-0.03494147
2023-10-10 00:00:00+00:00,-0.01190476
2023-10-11 00:00:00+00:00,-0.05503088
2023-10-12 00:00:00+00:00,0.00261145
2023-10-13 00:00:00+00:00,0.01510630
2023-10-16 00:00:00+00:00,0.10965237
2023-10-17 00:00:00+00:00,0.00561207
2023-10-18 00:00:00+00:00,-0.01541966
2023-10-19 00:00:00+00:00,0.03531073
2023-10-20 00:00:00+00:00,0.06532663
2023-10-23 00:00:00+00:00,0.15137845
2023-10-24 00:00:00+00:00,0.12496095
2023-10-25 00:00:00+00:00,0.06495224
2023-10-26 00:00:00+00:00,-0.04302607
2023-10-27 00:00:00+00:00,-0.02216107
2023-10-30 00:00:00+00:00,0.03974190
2023-10-31 00:00:00+00:00,0.01844115
2023-11-01 00:00:00+00:00,0.04732716
2023-11-02 00:00:00+00:00,-0.03261324
2023-11-03 00:00:00+00:00,-0.02043423
2023-11-06 00:00:00+00:00,0.02223178
2023-11-07 00:00:00+00:00,0.03598753
2023-11-08 00:00:00+00:00,-0.00139276
2023-11-09 00:00:00+00:00,0.05318853
2023-11-10 00:00:00+00:00,0.04302973
2023-11-13 00:00:00+00:00,-0.05237969
2023-11-14 00:00:00+00:00,-0.05074342
2023-11-15 00:00:00+00:00,0.12578793
2023-11-16 00:00:00+00:00,-0.08719166
2023-11-17 00:00:00+00:00,0.03107461
2023-11-20 00:00:00+00:00,0.06145553
2023-11-21 00:00:00+00:00,-0.03946506
2023-11-22 00:00:00+00:00,0.04975257
2023-11-23 00:00:00+00:00,-0.00951264
2023-11-24 00:00:00+00:00,0.01328773
2023-11-27 00:00:00+00:00,-0.05849328
2023-11-28 00:00:00+00:00,0.07687175
2023-11-29 00:00:00+00:00,-0.03571429
2023-11-30 00:00:00+00:00,0.00432333
2023-12-01 00:00:00+00:00,0.05563555
2023-12-04 00:00:00+00:00,0.16199337
2023-12-05 00:00:00+00:00,0.09308886
2023-12-06 00:00:00+00:00,-0.00472547
2023-12-07 00:00:00+00:00,-0.02132942
2023-12-08 00:00:00+00:00,0.05466970
2023-12-11 00:00:00+00:00,-0.16840470
2023-12-12 00:00:00+00:00,0.00724638
2023-12-13 00:00:00+00:00,0.09340926
2023-12-14 00:00:00+00:00,-0.00149994
2023-12-15 00:00:00+00:00,-0.03524789
2023-12-18 00:00:00+00:00,0.00164842
2023-12-19 00:00:00+00:00,-0.00046653
2023-12-20 00:00:00+00:00,0.05489736
2023-12-21 00:00:00+00:00,0.02190869
2023-12-22 00:00:00+00:00,-0.00123609
2023-12-26 00:00:00+00:00,-0.07393653
2023-12-27 00:00:00+00:00,0.06615241
2023-12-28 00:00:00+00:00,-0.04976250
2023-12-29 00:00:00+00:00,-0.02980747
2024-01-02 00:00:00+00:00,0.13463575
2024-01-03 00:00:00+00:00,-0.10037503
2024-01-04 00:00:00+00:00,0.07265552
2024-01-05 00:00:00+00:00,-0.01265965
2024-01-08 00:00:00+00:00,0.13146333
2024-01-09 00:00:00+00:00,-0.01046401
2024-01-10 00:00:00+00:00,-0.03124668
2024-01-11 00:00:00+00:00,-0.00183486
2024-01-12 00:00:00+00:00,-0.11510248
2024-01-15 00:00:00+00:00,0.00000000
2024-01-16 00:00:00+00:00,-0.01613642
2024-01-17 00:00:00+00:00,-0.02136505
2024-01-18 00:00:00+00:00,-0.09074982
2024-01-19 00:00:00+00:00,0.05344912
2024-01-22 00:00:00+00:00,-0.07058543
2024-01-23 00:00:00+00:00,-0.04396690
2024-01-24 00:00:00+00:00,0.02338220
2024-01-25 00:00:00+00:00,0.00387839
2024-01-26 00:00:00+00:00,0.11230481
2024-01-29 00:00:00+00:00,0.05862232
2024-01-30 00:00:00+00:00,0.01114174
2024-01-31 00:00:00+00:00,-0.05172021
2024-02-01 00:00:00+00:00,0.03012963
2024-02-02 00:00:00+00:00,-0.00415945
2024-02-05 00:00:00+00:00,-0.03195554
2024-02-06 00:00:00+00:00,0.03736341
2024-02-07 00:00:00+00:00,0.04987877
2024-02-08 00:00:00+00:00,0.05640621
2024-02-09 00:00:00+00:00,0.09409836
2024-02-12 00:00:00+00:00,0.10445887
2024-02-13 00:00:00+00:00,-0.02150005
2024-02-14 00:00:00+00:00,0.09357373
2024-02-15 00:00:00+00:00,-0.00740527
2024-02-16 00:00:00+00:00,0.01183717
2024-02-19 00:00:00+00:00,-0.00259491
2024-02-20 00:00:00+00:00,0.00538203
2024-02-21 00:00:00+00:00,-0.03724323
2024-02-22 00:00:00+00:00,0.02718085
2024-02-23 00:00:00+00:00,-0.02132975
2024-02-26 00:00:00+00:00,0.14417208
2024-02-27 00:00:00+00:00,0.07686762
2024-02-28 00:00:00+00:00,0.12357398
2024-02-29 00:00:00+00:00,0.04479804
2024-03-01 00:00:00+00:00,0.03815196
2024-03-04 00:00:00+00:00,0.15205047
2024-03-05 00:00:00+00:00,-0.15397569
2024-03-06 00:00:00+00:00,0.13459582
2024-03-07 00:00:00+00:00,0.02071689
2024-03-08 00:00:00+00:00,0.03777614
2024-03-11 00:00:00+00:00,0.09852931
2024-03-12 00:00:00+00:00,-0.02601414
2024-03-13 00:00:00+00:00,0.05926184
2024-03-14 00:00:00+00:00,-0.11844686
2024-03-15 00:00:00+00:00,-0.01250000
2024-03-18 00:00:00+00:00,-0.05848334
2024-03-19 00:00:00+00:00,-0.08633522
2024-03-20 00:00:00+00:00,0.07298586
2024-03-21 00:00:00+00:00,-0.01791873
2024-03-22 00:00:00+00:00,-0.04347497
2024-03-25 00:00:00+00:00,0.22421386
2024-03-26 00:00:00+00:00,-0.04810567
2024-03-27 00:00:00+00:00,-0.02727532
2024-03-28 00:00:00+00:00,0.06427644
