Date,BOVESPA
2012-12-13 00:00:00+00:00,0.00251046
2012-12-14 00:00:00+00:00,0.00166945
2012-12-17 00:00:00+00:00,0.00416667
2012-12-18 00:00:00+00:00,0.00663900
2012-12-19 00:00:00+00:00,0.01319044
2012-12-20 00:00:00+00:00,0.00895037
2012-12-21 00:00:00+00:00,-0.01774194
2012-12-24 00:00:00+00:00,0.00615764
2012-12-26 00:00:00+00:00,0.00203998
2012-12-27 00:00:00+00:00,-0.00936482
2012-12-28 00:00:00+00:00,0.00822030
2013-01-02 00:00:00+00:00,0.03505911
2013-01-03 00:00:00+00:00,0.00393856
2013-01-04 00:00:00+00:00,-0.01294625
2013-01-07 00:00:00+00:00,-0.01112878
2013-01-08 00:00:00+00:00,-0.01286174
2013-01-09 00:00:00+00:00,0.00570033
2013-01-10 00:00:00+00:00,0.00485830
2013-01-11 00:00:00+00:00,-0.00644641
2013-01-14 00:00:00+00:00,0.00770479
2013-01-15 00:00:00+00:00,-0.00040241
2013-01-16 00:00:00+00:00,-0.00322061
2013-01-17 00:00:00+00:00,0.00807754
2013-01-18 00:00:00+00:00,-0.00560897
2013-01-21 00:00:00+00:00,0.00040290
2013-01-22 00:00:00+00:00,-0.00322191
2013-01-23 00:00:00+00:00,0.00363636
2013-01-24 00:00:00+00:00,-0.01449275
2013-01-25 00:00:00+00:00,0.00449346
2013-01-28 00:00:00+00:00,-0.02358682
2013-01-29 00:00:00+00:00,0.00791337
2013-01-30 00:00:00+00:00,-0.01776860
2013-01-31 00:00:00+00:00,0.00631048
2013-02-01 00:00:00+00:00,0.00961538
2013-02-04 00:00:00+00:00,-0.01614907
2013-02-05 00:00:00+00:00,-0.00505051
2013-02-06 00:00:00+00:00,-0.00423012
2013-02-07 00:00:00+00:00,-0.01028340
2013-02-08 00:00:00+00:00,0.00085837
2013-02-11 00:00:00+00:00,-0.00300172
2013-02-12 00:00:00+00:00,0.00215054
2013-02-13 00:00:00+00:00,0.01416309
2013-02-14 00:00:00+00:00,-0.00931020
2013-02-15 00:00:00+00:00,-0.00213584
2013-02-18 00:00:00+00:00,-0.00684932
2013-02-19 00:00:00+00:00,-0.00517241
2013-02-20 00:00:00+00:00,-0.02123050
2013-02-21 00:00:00+00:00,-0.00132802
2013-02-22 00:00:00+00:00,0.00886525
2013-02-25 00:00:00+00:00,-0.00395431
2013-02-26 00:00:00+00:00,0.01014557
2013-02-27 00:00:00+00:00,0.00262009
2013-02-28 00:00:00+00:00,0.00174216
2013-03-01 00:00:00+00:00,-0.00521739
2013-03-04 00:00:00+00:00,-0.00611888
2013-03-05 00:00:00+00:00,-0.01275286
2013-03-06 00:00:00+00:00,0.03563474
2013-03-07 00:00:00+00:00,0.01677419
2013-03-08 00:00:00+00:00,-0.00846024
2013-03-11 00:00:00+00:00,0.00298635
2013-03-12 00:00:00+00:00,-0.00510421
2013-03-13 00:00:00+00:00,-0.01667379
2013-03-14 00:00:00+00:00,-0.00260870
2013-03-15 00:00:00+00:00,-0.00653880
2013-03-18 00:00:00+00:00,0.00219394
2013-03-19 00:00:00+00:00,-0.01225919
2013-03-20 00:00:00+00:00,-0.00443262
2013-03-21 00:00:00+00:00,-0.00712378
2013-03-22 00:00:00+00:00,-0.00717489
2013-03-25 00:00:00+00:00,-0.00948509
2013-03-26 00:00:00+00:00,0.01732786
2013-03-27 00:00:00+00:00,0.00403407
2013-03-28 00:00:00+00:00,0.00669643
2013-04-01 00:00:00+00:00,-0.00620843
2013-04-02 00:00:00+00:00,-0.02052655
2013-04-03 00:00:00+00:00,0.01184510
2013-04-04 00:00:00+00:00,-0.02026114
2013-04-05 00:00:00+00:00,0.01424632
2013-04-08 00:00:00+00:00,-0.00090621
2013-04-09 00:00:00+00:00,0.01315193
2013-04-10 00:00:00+00:00,0.00662008
2013-04-11 00:00:00+00:00,-0.01556247
2013-04-12 00:00:00+00:00,-0.01084011
2013-04-15 00:00:00+00:00,-0.03287671
2013-04-16 00:00:00+00:00,-0.08451369
2013-04-17 00:00:00+00:00,-0.01302932
2013-04-18 00:00:00+00:00,0.00471476
2013-04-19 00:00:00+00:00,0.01360863
2013-04-22 00:00:00+00:00,0.00648148
2013-04-23 00:00:00+00:00,0.00965961
2013-04-24 00:00:00+00:00,0.00592255
2013-04-25 00:00:00+00:00,-0.00271739
2013-04-26 00:00:00+00:00,-0.01498638
2013-04-29 00:00:00+00:00,0.01106501
2013-04-30 00:00:00+00:00,0.02234382
2013-05-01 00:00:00+00:00,-0.02007136
2013-05-02 00:00:00+00:00,0.00773782
2013-05-03 00:00:00+00:00,0.00180668
2013-05-06 00:00:00+00:00,-0.00315600
2013-05-07 00:00:00+00:00,0.01899593
2013-05-08 00:00:00+00:00,-0.00887705
2013-05-09 00:00:00+00:00,-0.01074787
2013-05-10 00:00:00+00:00,-0.00497963
2013-05-13 00:00:00+00:00,-0.01000910
2013-05-14 00:00:00+00:00,0.00000000
2013-05-15 00:00:00+00:00,0.00551471
2013-05-16 00:00:00+00:00,-0.00137112
2013-05-17 00:00:00+00:00,0.00823799
2013-05-20 00:00:00+00:00,0.00862460
2013-05-21 00:00:00+00:00,0.00990099
2013-05-22 00:00:00+00:00,0.00623886
2013-05-23 00:00:00+00:00,-0.00398583
2013-05-24 00:00:00+00:00,0.00578035
2013-05-28 00:00:00+00:00,-0.00751547
2013-05-29 00:00:00+00:00,-0.02806236
2013-05-30 00:00:00+00:00,0.00091659
2013-05-31 00:00:00+00:00,-0.02152015
2013-06-03 00:00:00+00:00,0.01123070
2013-06-04 00:00:00+00:00,-0.00046275
2013-06-05 00:00:00+00:00,-0.02231847
2013-06-06 00:00:00+00:00,0.00189394
2013-06-07 00:00:00+00:00,-0.02693762
2013-06-10 00:00:00+00:00,-0.00485673
2013-06-11 00:00:00+00:00,-0.09907272
2013-06-12 00:00:00+00:00,-0.01201201
2013-06-13 00:00:00+00:00,0.02178318
2013-06-14 00:00:00+00:00,-0.01933565
2013-06-17 00:00:00+00:00,-0.00404449
2013-06-18 00:00:00+00:00,0.00355330
2013-06-19 00:00:00+00:00,-0.03287810
2013-06-20 00:00:00+00:00,0.00836820
2013-06-21 00:00:00+00:00,-0.02230290
2013-06-24 00:00:00+00:00,-0.02652520
2013-06-25 00:00:00+00:00,0.02561308
2013-06-26 00:00:00+00:00,0.00425080
2013-06-27 00:00:00+00:00,0.00634921
2013-06-28 00:00:00+00:00,-0.00736067
2013-07-01 00:00:00+00:00,-0.00476695
2013-07-02 00:00:00+00:00,-0.04736562
2013-07-03 00:00:00+00:00,-0.00837989
2013-07-04 00:00:00+00:00,0.02422535
2013-07-05 00:00:00+00:00,-0.01485149
2013-07-08 00:00:00+00:00,-0.00055835
2013-07-09 00:00:00+00:00,0.01731844
2013-07-10 00:00:00+00:00,-0.00494234
2013-07-11 00:00:00+00:00,0.02483444
2013-07-12 00:00:00+00:00,-0.02638665
2013-07-15 00:00:00+00:00,0.03152655
2013-07-16 00:00:00+00:00,0.00268097
2013-07-17 00:00:00+00:00,0.00962567
2013-07-18 00:00:00+00:00,0.00317797
2013-07-19 00:00:00+00:00,0.00052798
2013-07-22 00:00:00+00:00,0.02269129
2013-07-23 00:00:00+00:00,0.00567595
2013-07-24 00:00:00+00:00,-0.01128784
2013-07-25 00:00:00+00:00,0.01504930
2013-07-26 00:00:00+00:00,0.01022495
2013-07-29 00:00:00+00:00,-0.00404858
2013-07-30 00:00:00+00:00,-0.01524390
2013-07-31 00:00:00+00:00,-0.00206398
2013-08-01 00:00:00+00:00,0.01551189
2013-08-02 00:00:00+00:00,-0.01629328
2013-08-05 00:00:00+00:00,-0.00155280
2013-08-06 00:00:00+00:00,-0.02488336
2013-08-07 00:00:00+00:00,0.00680339
2013-08-08 00:00:00+00:00,0.03379092
2013-08-09 00:00:00+00:00,0.01940756
2013-08-12 00:00:00+00:00,0.00951904
2013-08-13 00:00:00+00:00,-0.01339950
2013-08-14 00:00:00+00:00,0.00000000
2013-08-15 00:00:00+00:00,0.00550000
2013-08-16 00:00:00+00:00,0.01640975
2013-08-19 00:00:00+00:00,-0.00048924
2013-08-20 00:00:00+00:00,-0.01517376
2013-08-21 00:00:00+00:00,-0.01391650
2013-08-22 00:00:00+00:00,0.02620968
2013-08-23 00:00:00+00:00,0.01227898
2013-08-26 00:00:00+00:00,-0.01261524
2013-08-27 00:00:00+00:00,-0.02850123
2013-08-28 00:00:00+00:00,-0.00354072
2013-08-29 00:00:00+00:00,0.00203046
2013-08-30 00:00:00+00:00,0.01469098
2013-09-02 00:00:00+00:00,0.01397903
2013-09-03 00:00:00+00:00,0.00147710
2013-09-04 00:00:00+00:00,0.00098328
2013-09-05 00:00:00+00:00,0.01277014
2013-09-06 00:00:00+00:00,0.02133851
2013-09-09 00:00:00+00:00,0.01424501
2013-09-10 00:00:00+00:00,-0.00889513
2013-09-11 00:00:00+00:00,-0.00661313
2013-09-12 00:00:00+00:00,-0.00427960
2013-09-13 00:00:00+00:00,0.00955110
2013-09-16 00:00:00+00:00,-0.00189215
2013-09-17 00:00:00+00:00,0.01421801
2013-09-18 00:00:00+00:00,0.02710280
2013-09-19 00:00:00+00:00,-0.00227480
2013-09-20 00:00:00+00:00,-0.02279982
2013-09-23 00:00:00+00:00,0.01259916
2013-09-24 00:00:00+00:00,-0.00046083
2013-09-25 00:00:00+00:00,-0.00691563
2013-09-26 00:00:00+00:00,-0.00557103
2013-09-27 00:00:00+00:00,-0.00560224
2013-09-30 00:00:00+00:00,-0.02253521
2013-10-01 00:00:00+00:00,0.00096061
2013-10-02 00:00:00+00:00,0.01055662
2013-10-03 00:00:00+00:00,-0.00902184
2013-10-04 00:00:00+00:00,0.00910398
2013-10-07 00:00:00+00:00,-0.01234568
2013-10-08 00:00:00+00:00,-0.00048077
2013-10-09 00:00:00+00:00,0.00952001
2013-10-10 00:00:00+00:00,0.00381134
2013-10-11 00:00:00+00:00,0.00616991
2013-10-14 00:00:00+00:00,0.00896226
2013-10-15 00:00:00+00:00,0.07854137
2013-10-16 00:00:00+00:00,0.01626394
2013-10-17 00:00:00+00:00,-0.00411523
2013-10-18 00:00:00+00:00,0.00321396
2013-10-21 00:00:00+00:00,0.00503432
2013-10-23 00:00:00+00:00,-0.00045537
2013-10-24 00:00:00+00:00,-0.01913440
2013-10-25 00:00:00+00:00,-0.00603809
2013-10-28 00:00:00+00:00,0.02009346
2013-10-29 00:00:00+00:00,-0.00870362
2013-10-30 00:00:00+00:00,0.00000000
2013-10-31 00:00:00+00:00,0.01016636
2013-11-01 00:00:00+00:00,-0.00777676
2013-11-04 00:00:00+00:00,0.00829876
2013-11-05 00:00:00+00:00,-0.01234568
2013-11-06 00:00:00+00:00,-0.00833333
2013-11-07 00:00:00+00:00,-0.00793651
2013-11-08 00:00:00+00:00,-0.01129412
2013-11-11 00:00:00+00:00,0.00523560
2013-11-12 00:00:00+00:00,-0.01751894
2013-11-13 00:00:00+00:00,0.00963855
2013-11-14 00:00:00+00:00,0.02243437
2013-11-18 00:00:00+00:00,0.01774043
2013-11-19 00:00:00+00:00,-0.02752294
2013-11-20 00:00:00+00:00,-0.01132075
2013-11-21 00:00:00+00:00,0.00811069
2013-11-22 00:00:00+00:00,0.00851869
2013-11-25 00:00:00+00:00,-0.01830127
2013-11-26 00:00:00+00:00,-0.01529637
2013-11-27 00:00:00+00:00,0.00485437
2013-11-28 00:00:00+00:00,0.01497585
2013-11-29 00:00:00+00:00,-0.00237982
2013-12-02 00:00:00+00:00,-0.02099237
2013-12-03 00:00:00+00:00,-0.01851852
2013-12-04 00:00:00+00:00,0.00248262
2013-12-05 00:00:00+00:00,0.00742942
2013-12-06 00:00:00+00:00,0.00294985
2013-12-09 00:00:00+00:00,0.00490196
2013-12-10 00:00:00+00:00,-0.00487805
2013-12-11 00:00:00+00:00,-0.01323529
2013-12-12 00:00:00+00:00,-0.00208904
2013-12-13 00:00:00+00:00,-0.00447984
2013-12-16 00:00:00+00:00,0.00400000
2013-12-17 00:00:00+00:00,-0.00249004
2013-12-18 00:00:00+00:00,-0.03544683
2013-12-19 00:00:00+00:00,0.01960784
2013-12-20 00:00:00+00:00,-0.01105769
2013-12-23 00:00:00+00:00,0.00826446
2013-12-26 00:00:00+00:00,-0.00530376
2013-12-27 00:00:00+00:00,0.00242365
2013-12-30 00:00:00+00:00,0.00531915
2014-01-02 00:00:00+00:00,-0.02501203
2014-01-03 00:00:00+00:00,0.00986680
2014-01-06 00:00:00+00:00,-0.00146556
2014-01-07 00:00:00+00:00,-0.00782779
2014-01-08 00:00:00+00:00,0.00000000
2014-01-09 00:00:00+00:00,-0.02120316
2014-01-10 00:00:00+00:00,0.01259446
2014-01-13 00:00:00+00:00,-0.01243781
2014-01-14 00:00:00+00:00,0.00503778
2014-01-15 00:00:00+00:00,0.01102757
2014-01-16 00:00:00+00:00,-0.00842836
2014-01-21 00:00:00+00:00,-0.02700000
2014-01-22 00:00:00+00:00,0.01747174
2014-01-23 00:00:00+00:00,-0.01717172
2014-01-24 00:00:00+00:00,-0.01593011
2014-01-27 00:00:00+00:00,-0.00365535
2014-01-28 00:00:00+00:00,0.00838574
2014-01-29 00:00:00+00:00,-0.00675676
2014-01-30 00:00:00+00:00,-0.00889587
2014-01-31 00:00:00+00:00,0.00369588
2014-02-03 00:00:00+00:00,-0.02682799
2014-02-04 00:00:00+00:00,0.01567568
2014-02-05 00:00:00+00:00,-0.00596661
2014-02-07 00:00:00+00:00,0.03051392
2014-02-10 00:00:00+00:00,-0.01038961
2014-02-11 00:00:00+00:00,-0.01102362
2014-02-12 00:00:00+00:00,-0.01019888
2014-02-18 00:00:00+00:00,-0.01287996
2014-02-19 00:00:00+00:00,-0.01617954
2014-02-20 00:00:00+00:00,0.01591512
2014-02-21 00:00:00+00:00,-0.00574413
2014-02-24 00:00:00+00:00,0.00787815
2014-02-25 00:00:00+00:00,-0.01980198
2014-02-26 00:00:00+00:00,-0.00318979
2014-02-27 00:00:00+00:00,0.02613333
2014-02-28 00:00:00+00:00,-0.01143451
2014-03-06 00:00:00+00:00,-0.00473186
2014-03-11 00:00:00+00:00,-0.02746962
2014-03-12 00:00:00+00:00,0.00054318
2014-03-14 00:00:00+00:00,-0.01520087
2014-03-17 00:00:00+00:00,0.00661521
2014-03-18 00:00:00+00:00,0.00492881
2014-03-19 00:00:00+00:00,0.00817439
2014-03-20 00:00:00+00:00,0.00540541
2014-03-21 00:00:00+00:00,0.02903226
2014-03-25 00:00:00+00:00,0.01933124
2014-03-26 00:00:00+00:00,-0.01332650
2014-03-27 00:00:00+00:00,0.04363636
2014-03-28 00:00:00+00:00,-0.00895968
2014-03-31 00:00:00+00:00,0.01456554
2014-04-01 00:00:00+00:00,-0.00693069
2014-04-02 00:00:00+00:00,0.00847458
2014-04-03 00:00:00+00:00,0.01680672
2014-04-04 00:00:00+00:00,-0.00437530
2014-04-07 00:00:00+00:00,0.02148438
2014-04-08 00:00:00+00:00,0.01959847
2014-04-09 00:00:00+00:00,-0.04135587
2014-04-10 00:00:00+00:00,-0.00831296
2014-04-11 00:00:00+00:00,0.02169625
2014-04-14 00:00:00+00:00,-0.00434363
2014-04-15 00:00:00+00:00,0.03635482
2014-04-16 00:00:00+00:00,0.00830890
2014-04-17 00:00:00+00:00,0.02229762
2014-04-22 00:00:00+00:00,-0.00047416
2014-04-23 00:00:00+00:00,-0.00664137
2014-04-24 00:00:00+00:00,-0.00286533
2014-04-25 00:00:00+00:00,-0.00335249
2014-04-28 00:00:00+00:00,-0.00240269
2014-04-29 00:00:00+00:00,0.00867052
2014-04-30 00:00:00+00:00,-0.00859599
2014-05-02 00:00:00+00:00,0.03082852
2014-05-05 00:00:00+00:00,0.00467290
2014-05-06 00:00:00+00:00,0.01023256
2014-05-07 00:00:00+00:00,-0.00230203
2014-05-08 00:00:00+00:00,-0.00230734
2014-05-09 00:00:00+00:00,-0.00925069
2014-05-12 00:00:00+00:00,0.01587302
2014-05-19 00:00:00+00:00,-0.01332721
2014-05-20 00:00:00+00:00,-0.01863065
2014-05-21 00:00:00+00:00,0.00427148
2014-05-30 00:00:00+00:00,0.00000000
2014-06-02 00:00:00+00:00,-0.02504726
2014-06-03 00:00:00+00:00,0.01017935
2014-06-05 00:00:00+00:00,-0.00815739
2014-06-06 00:00:00+00:00,0.02805999
2014-06-11 00:00:00+00:00,0.03764706
2014-06-17 00:00:00+00:00,-0.01778496
2014-06-18 00:00:00+00:00,0.08484945
2014-06-20 00:00:00+00:00,-0.00314890
2014-06-23 00:00:00+00:00,-0.00812274
2014-06-24 00:00:00+00:00,0.00864422
2014-06-25 00:00:00+00:00,-0.01308074
2014-06-26 00:00:00+00:00,-0.00731261
2014-06-27 00:00:00+00:00,-0.00184162
2014-06-30 00:00:00+00:00,-0.01476015
2014-07-01 00:00:00+00:00,0.01544944
2014-07-02 00:00:00+00:00,-0.00875980
2014-07-03 00:00:00+00:00,0.00604651
2014-07-04 00:00:00+00:00,0.00416089
2014-07-07 00:00:00+00:00,-0.00276243
2014-07-08 00:00:00+00:00,-0.00138504
2014-07-10 00:00:00+00:00,0.01803051
2014-07-14 00:00:00+00:00,0.01362398
2014-07-15 00:00:00+00:00,0.00537634
2014-07-16 00:00:00+00:00,0.00713012
2014-07-17 00:00:00+00:00,-0.01637168
2014-07-18 00:00:00+00:00,0.03643725
2014-07-21 00:00:00+00:00,-0.00477431
2014-07-25 00:00:00+00:00,0.01831662
2014-07-30 00:00:00+00:00,-0.01970021
2014-07-31 00:00:00+00:00,-0.02446483
2014-08-04 00:00:00+00:00,0.00985222
2014-08-05 00:00:00+00:00,0.00221729
2014-08-07 00:00:00+00:00,-0.00530973
2014-08-08 00:00:00+00:00,-0.00667260
2014-08-11 00:00:00+00:00,0.00806090
2014-08-12 00:00:00+00:00,0.00088849
2014-08-13 00:00:00+00:00,0.05725699
2014-08-19 00:00:00+00:00,0.03378675
2014-08-20 00:00:00+00:00,0.00764007
2014-08-25 00:00:00+00:00,0.01179444
2014-08-26 00:00:00+00:00,0.01248959
2014-08-27 00:00:00+00:00,0.01685855
2014-08-28 00:00:00+00:00,-0.00768298
2014-08-29 00:00:00+00:00,0.01263244
2014-09-02 00:00:00+00:00,0.00764588
2014-09-03 00:00:00+00:00,0.00000000
2014-09-04 00:00:00+00:00,-0.01797125
2014-09-05 00:00:00+00:00,-0.00244002
2014-09-08 00:00:00+00:00,-0.02405218
2014-09-09 00:00:00+00:00,-0.01545530
2014-09-10 00:00:00+00:00,-0.00466695
2014-09-11 00:00:00+00:00,0.00383632
2014-09-12 00:00:00+00:00,-0.02292994
2014-09-15 00:00:00+00:00,0.01694915
2014-09-16 00:00:00+00:00,0.02307692
2014-09-17 00:00:00+00:00,-0.00543024
2014-09-18 00:00:00+00:00,-0.01133977
2014-09-19 00:00:00+00:00,-0.00764656
2014-09-22 00:00:00+00:00,-0.03125000
2014-09-23 00:00:00+00:00,0.00441891
2014-09-24 00:00:00+00:00,0.00615926
2014-09-25 00:00:00+00:00,-0.01224311
2014-09-26 00:00:00+00:00,0.01992032
2014-09-29 00:00:00+00:00,-0.03949653
2014-09-30 00:00:00+00:00,-0.01220063
2014-10-01 00:00:00+00:00,-0.03476670
2014-10-02 00:00:00+00:00,0.00758294
2014-10-03 00:00:00+00:00,0.03104421
2014-10-06 00:00:00+00:00,0.05018248
2014-10-07 00:00:00+00:00,0.00338035
2014-10-09 00:00:00+00:00,-0.00346320
2014-10-10 00:00:00+00:00,-0.02736751
2014-10-13 00:00:00+00:00,0.07414024
2014-10-14 00:00:00+00:00,-0.01597981
2014-10-15 00:00:00+00:00,-0.06364801
2014-10-16 00:00:00+00:00,-0.05682819
2014-10-17 00:00:00+00:00,0.05009025
2014-10-20 00:00:00+00:00,-0.03096603
2014-10-21 00:00:00+00:00,-0.09038737
2014-10-22 00:00:00+00:00,0.00450789
2014-10-23 00:00:00+00:00,-0.06652924
2014-10-24 00:00:00+00:00,0.03702627
2014-10-27 00:00:00+00:00,-0.06033498
2014-10-28 00:00:00+00:00,0.06280051
2014-10-29 00:00:00+00:00,-0.02112073
2014-10-30 00:00:00+00:00,0.03750000
2014-10-31 00:00:00+00:00,0.09362907
2014-11-03 00:00:00+00:00,-0.03299973
2014-11-04 00:00:00+00:00,-0.01026769
2014-11-05 00:00:00+00:00,0.00497604
2014-11-06 00:00:00+00:00,0.00000000
2014-11-07 00:00:00+00:00,-0.01930324
2014-11-10 00:00:00+00:00,-0.01299425
2014-11-11 00:00:00+00:00,-0.02933483
2014-11-12 00:00:00+00:00,0.00000000
2014-11-13 00:00:00+00:00,0.00000000
2014-11-14 00:00:00+00:00,-0.04873424
2014-11-17 00:00:00+00:00,0.02721088
2014-11-18 00:00:00+00:00,-0.00862895
2014-11-19 00:00:00+00:00,0.03948002
2014-11-20 00:00:00+00:00,0.00000000
2014-11-21 00:00:00+00:00,0.10520528
2014-11-24 00:00:00+00:00,-0.02511718
2014-11-25 00:00:00+00:00,0.00000000
2014-11-26 00:00:00+00:00,0.00680699
2014-11-27 00:00:00+00:00,-0.01097920
2014-11-28 00:00:00+00:00,-0.01741877
2014-12-01 00:00:00+00:00,-0.10140335
2014-12-02 00:00:00+00:00,-0.00286123
2014-12-03 00:00:00+00:00,0.01088825
2014-12-04 00:00:00+00:00,-0.03248789
2014-12-05 00:00:00+00:00,0.01120124
2014-12-08 00:00:00+00:00,0.00000000
2014-12-09 00:00:00+00:00,-0.06913770
2014-12-10 00:00:00+00:00,-0.02854626
2014-12-11 00:00:00+00:00,-0.00474221
2014-12-12 00:00:00+00:00,-0.04743003
2014-12-15 00:00:00+00:00,-0.04889491
2014-12-16 00:00:00+00:00,0.02030293
2014-12-17 00:00:00+00:00,0.08115183
2014-12-18 00:00:00+00:00,-0.02797625
2014-12-19 00:00:00+00:00,0.03408859
2014-12-22 00:00:00+00:00,0.00000000
2014-12-23 00:00:00+00:00,0.04315103
2014-12-24 00:00:00+00:00,0.00000000
2014-12-26 00:00:00+00:00,0.00000000
2014-12-29 00:00:00+00:00,0.00000000
2014-12-30 00:00:00+00:00,-0.01080550
2014-12-31 00:00:00+00:00,0.00000000
2015-01-02 00:00:00+00:00,-0.07111111
2015-01-05 00:00:00+00:00,0.00000000
2015-01-06 00:00:00+00:00,-0.04116743
2015-01-07 00:00:00+00:00,0.05813467
2015-01-08 00:00:00+00:00,0.00000000
2015-01-09 00:00:00+00:00,0.00000000
2015-01-12 00:00:00+00:00,-0.00121926
2015-01-13 00:00:00+00:00,0.00000000
2015-01-14 00:00:00+00:00,0.00000000
2015-01-15 00:00:00+00:00,0.00000000
2015-01-16 00:00:00+00:00,0.01179341
2015-01-20 00:00:00+00:00,-0.03072569
2015-01-21 00:00:00+00:00,-0.00164237
2015-01-22 00:00:00+00:00,0.00000000
2015-01-23 00:00:00+00:00,0.01808095
2015-01-26 00:00:00+00:00,0.00000000
2015-01-27 00:00:00+00:00,-0.04398290
2015-01-28 00:00:00+00:00,-0.01124297
2015-01-29 00:00:00+00:00,0.00000000
2015-01-30 00:00:00+00:00,-0.04020101
2015-02-02 00:00:00+00:00,0.02713675
2015-02-03 00:00:00+00:00,0.06577422
2015-02-04 00:00:00+00:00,0.00020410
2015-02-05 00:00:00+00:00,-0.00010613
2015-02-06 00:00:00+00:00,-0.02081633
2015-02-09 00:00:00+00:00,0.00000000
2015-02-10 00:00:00+00:00,0.00000000
2015-02-11 00:00:00+00:00,0.00000000
2015-02-12 00:00:00+00:00,0.02186018
2015-02-13 00:00:00+00:00,0.00000000
2015-02-17 00:00:00+00:00,0.00000000
2015-02-18 00:00:00+00:00,0.04651867
2015-02-19 00:00:00+00:00,0.00674959
2015-02-20 00:00:00+00:00,-0.00095776
2015-02-23 00:00:00+00:00,-0.00297191
2015-02-24 00:00:00+00:00,0.01076923
2015-02-25 00:00:00+00:00,0.00000000
2015-02-26 00:00:00+00:00,-0.00523212
2015-02-27 00:00:00+00:00,0.00516400
2015-03-02 00:00:00+00:00,-0.02131101
2015-03-03 00:00:00+00:00,0.00748518
2015-03-04 00:00:00+00:00,0.00000000
2015-03-05 00:00:00+00:00,-0.01736781
2015-03-06 00:00:00+00:00,-0.00972113
2015-03-09 00:00:00+00:00,-0.01804660
2015-03-10 00:00:00+00:00,-0.01050187
2015-03-11 00:00:00+00:00,0.00224513
2015-03-12 00:00:00+00:00,0.00000000
2015-03-13 00:00:00+00:00,-0.00763670
2015-03-16 00:00:00+00:00,0.00359122
2015-03-17 00:00:00+00:00,0.03118291
2015-03-18 00:00:00+00:00,0.02706722
2015-03-19 00:00:00+00:00,-0.01061879
2015-03-23 00:00:00+00:00,0.01629427
2015-03-24 00:00:00+00:00,-0.00710445
2015-03-25 00:00:00+00:00,0.00947592
2015-03-26 00:00:00+00:00,-0.01139847
2015-03-30 00:00:00+00:00,-0.01094855
2015-03-31 00:00:00+00:00,0.00832680
2015-04-01 00:00:00+00:00,0.02283105
2015-04-06 00:00:00+00:00,0.02507599
2015-04-07 00:00:00+00:00,-0.00444774
2015-04-08 00:00:00+00:00,0.00157899
2015-04-09 00:00:00+00:00,-0.00027876
2015-04-10 00:00:00+00:00,0.00929454
2015-04-13 00:00:00+00:00,-0.00138134
2015-04-14 00:00:00+00:00,0.11363355
2015-04-15 00:00:00+00:00,0.01767976
2015-04-16 00:00:00+00:00,-0.00564162
2015-04-17 00:00:00+00:00,-0.01260807
2015-04-20 00:00:00+00:00,-0.00711419
2015-04-22 00:00:00+00:00,0.02149550
2015-04-23 00:00:00+00:00,0.01519784
2015-04-24 00:00:00+00:00,0.01842502
2015-04-27 00:00:00+00:00,-0.02026616
2015-04-28 00:00:00+00:00,0.00363991
2015-04-29 00:00:00+00:00,-0.00796108
2015-04-30 00:00:00+00:00,0.01489077
2015-05-04 00:00:00+00:00,0.01730803
2015-05-05 00:00:00+00:00,0.01416357
2015-05-06 00:00:00+00:00,-0.01481734
2015-05-07 00:00:00+00:00,-0.00397614
2015-05-08 00:00:00+00:00,0.00173566
2015-05-11 00:00:00+00:00,0.00225245
2015-05-12 00:00:00+00:00,-0.00898954
2015-05-13 00:00:00+00:00,-0.00898386
2015-05-14 00:00:00+00:00,0.00739306
2015-05-15 00:00:00+00:00,0.00139787
2015-05-18 00:00:00+00:00,-0.01055662
2015-05-19 00:00:00+00:00,-0.01640067
2015-05-20 00:00:00+00:00,-0.00941282
2015-05-21 00:00:00+00:00,0.00298643
2015-05-22 00:00:00+00:00,-0.00748895
2015-05-25 00:00:00+00:00,0.00163636
2015-05-26 00:00:00+00:00,-0.02042113
2015-05-27 00:00:00+00:00,0.00778282
2015-05-28 00:00:00+00:00,-0.01103245
2015-05-29 00:00:00+00:00,-0.01496700
2015-06-01 00:00:00+00:00,0.00084938
2015-06-02 00:00:00+00:00,0.02611975
2015-06-03 00:00:00+00:00,-0.01304907
2015-06-05 00:00:00+00:00,-0.00837989
2015-06-08 00:00:00+00:00,-0.00563380
2015-06-09 00:00:00+00:00,-0.00406043
2015-06-10 00:00:00+00:00,0.02332078
2015-06-11 00:00:00+00:00,-0.00639244
2015-06-12 00:00:00+00:00,-0.00634033
2015-06-15 00:00:00+00:00,-0.00197054
2015-06-16 00:00:00+00:00,-0.02096653
2015-06-17 00:00:00+00:00,0.01602324
2015-06-18 00:00:00+00:00,0.01789173
2015-06-19 00:00:00+00:00,-0.01232219
2015-06-22 00:00:00+00:00,0.00642143
2015-06-23 00:00:00+00:00,-0.00628931
2015-06-24 00:00:00+00:00,0.00266006
2015-06-25 00:00:00+00:00,-0.01610100
2015-06-26 00:00:00+00:00,0.01822408
2015-06-29 00:00:00+00:00,-0.02282897
2015-06-30 00:00:00+00:00,0.00654144
2015-07-01 00:00:00+00:00,-0.00510630
2015-07-02 00:00:00+00:00,0.00475924
2015-07-03 00:00:00+00:00,-0.01467447
2015-07-06 00:00:00+00:00,-0.00348760
2015-07-07 00:00:00+00:00,0.00179720
2015-07-08 00:00:00+00:00,-0.01255783
2015-07-10 00:00:00+00:00,0.01740295
2015-07-13 00:00:00+00:00,0.00432331
2015-07-14 00:00:00+00:00,0.00711211
2015-07-15 00:00:00+00:00,-0.00706188
2015-07-16 00:00:00+00:00,0.00112296
2015-07-17 00:00:00+00:00,-0.01233875
2015-07-20 00:00:00+00:00,-0.01438577
2015-07-21 00:00:00+00:00,-0.00537738
2015-07-22 00:00:00+00:00,-0.01206797
2015-07-23 00:00:00+00:00,-0.02286719
2015-07-24 00:00:00+00:00,-0.01290129
2015-07-27 00:00:00+00:00,-0.00780142
2015-07-28 00:00:00+00:00,0.01776779
2015-07-29 00:00:00+00:00,0.00692285
2015-07-30 00:00:00+00:00,-0.00368673
2015-07-31 00:00:00+00:00,0.01610161
2015-08-03 00:00:00+00:00,-0.00984252
2015-08-04 00:00:00+00:00,-0.00168986
2015-08-05 00:00:00+00:00,0.00169272
2015-08-06 00:00:00+00:00,-0.00537194
2015-08-07 00:00:00+00:00,-0.02977915
2015-08-10 00:00:00+00:00,0.01493460
2015-08-11 00:00:00+00:00,0.00862594
2015-08-12 00:00:00+00:00,-0.09870208
2015-08-13 00:00:00+00:00,-0.00941296
2015-08-14 00:00:00+00:00,-0.01236334
2015-08-17 00:00:00+00:00,0.00279330
2015-08-18 00:00:00+00:00,-0.00134117
2015-08-19 00:00:00+00:00,-0.02923554
2015-08-20 00:00:00+00:00,0.00893902
2015-08-21 00:00:00+00:00,-0.02752874
2015-08-24 00:00:00+00:00,-0.02505423
2015-08-25 00:00:00+00:00,-0.00122372
2015-08-26 00:00:00+00:00,0.02595233
2015-08-27 00:00:00+00:00,0.04353490
2015-08-28 00:00:00+00:00,-0.01050770
2015-08-31 00:00:00+00:00,-0.01945116
2015-09-01 00:00:00+00:00,-0.01640575
2015-09-02 00:00:00+00:00,0.01373596
2015-09-03 00:00:00+00:00,0.02247554
2015-09-04 00:00:00+00:00,-0.00305006
2015-09-08 00:00:00+00:00,-0.00685726
2015-09-09 00:00:00+00:00,0.00562991
2015-09-10 00:00:00+00:00,-0.01109116
2015-09-11 00:00:00+00:00,-0.00598163
2015-09-14 00:00:00+00:00,0.03632065
2015-09-15 00:00:00+00:00,-0.02312319
2015-09-16 00:00:00+00:00,0.03810636
2015-09-17 00:00:00+00:00,-0.00061350
2015-09-18 00:00:00+00:00,-0.03417229
2015-09-21 00:00:00+00:00,-0.01122881
2015-09-22 00:00:00+00:00,0.00064281
2015-09-23 00:00:00+00:00,-0.01777302
2015-09-24 00:00:00+00:00,-0.00370613
2015-09-25 00:00:00+00:00,-0.01531729
2015-09-28 00:00:00+00:00,-0.02344444
2015-09-29 00:00:00+00:00,0.00876095
2015-09-30 00:00:00+00:00,0.01466276
2015-10-01 00:00:00+00:00,0.01078257
2015-10-02 00:00:00+00:00,0.03805125
2015-10-05 00:00:00+00:00,0.00688632
2015-10-06 00:00:00+00:00,0.00042088
2015-10-07 00:00:00+00:00,0.02124101
2015-10-08 00:00:00+00:00,0.00844403
2015-10-09 00:00:00+00:00,0.00418666
2015-10-13 00:00:00+00:00,-0.02979459
2015-10-14 00:00:00+00:00,-0.02001444
2015-10-15 00:00:00+00:00,0.00642173
2015-10-16 00:00:00+00:00,0.00000000
2015-10-19 00:00:00+00:00,0.00418410
2015-10-20 00:00:00+00:00,-0.00968750
2015-10-21 00:00:00+00:00,-0.00262964
2015-10-22 00:00:00+00:00,0.02003797
2015-10-23 00:00:00+00:00,-0.01033912
2015-10-27 00:00:00+00:00,-0.00814877
2015-10-28 00:00:00+00:00,-0.00926901
2015-10-29 00:00:00+00:00,-0.02190091
2015-10-30 00:00:00+00:00,0.00391304
2015-11-03 00:00:00+00:00,0.05716761
2015-11-04 00:00:00+00:00,-0.01884474
2015-11-05 00:00:00+00:00,0.00887265
2015-11-06 00:00:00+00:00,-0.02741852
2015-11-09 00:00:00+00:00,-0.01489362
2015-11-10 00:00:00+00:00,0.01079914
2015-11-11 00:00:00+00:00,0.01282051
2015-11-12 00:00:00+00:00,-0.00295359
2015-11-13 00:00:00+00:00,-0.00973339
2015-11-16 00:00:00+00:00,0.00587607
2015-11-17 00:00:00+00:00,0.01115242
2015-11-19 00:00:00+00:00,0.01260504
2015-11-23 00:00:00+00:00,0.00114108
2015-11-24 00:00:00+00:00,-0.00880738
2015-11-25 00:00:00+00:00,-0.02153460
2015-11-27 00:00:00+00:00,-0.02532051
2015-11-30 00:00:00+00:00,-0.00712485
2015-12-01 00:00:00+00:00,-0.01501435
2015-12-02 00:00:00+00:00,0.01075992
2015-12-03 00:00:00+00:00,0.02095808
2015-12-04 00:00:00+00:00,-0.01965896
2015-12-07 00:00:00+00:00,-0.00398848
2015-12-08 00:00:00+00:00,-0.02035994
2015-12-09 00:00:00+00:00,0.04314260
2015-12-10 00:00:00+00:00,-0.01055725
2015-12-11 00:00:00+00:00,-0.00615994
2015-12-14 00:00:00+00:00,-0.07891533
2015-12-15 00:00:00+00:00,0.00796284
2015-12-16 00:00:00+00:00,0.00504718
2015-12-17 00:00:00+00:00,-0.00218341
2015-12-18 00:00:00+00:00,-0.03566740
2015-12-21 00:00:00+00:00,-0.01009757
2015-12-22 00:00:00+00:00,0.00091691
2015-12-23 00:00:00+00:00,0.02187106
2015-12-28 00:00:00+00:00,-0.01131779
2015-12-29 00:00:00+00:00,-0.00510031
2015-12-30 00:00:00+00:00,-0.00546822
2016-01-04 00:00:00+00:00,-0.02863688
2016-01-05 00:00:00+00:00,0.00330189
2016-01-06 00:00:00+00:00,-0.00481899
2016-01-07 00:00:00+00:00,-0.03389630
2016-01-08 00:00:00+00:00,-0.00073350
2016-01-11 00:00:00+00:00,-0.01676046
2016-01-12 00:00:00+00:00,-0.00945626
2016-01-13 00:00:00+00:00,-0.00891848
2016-01-14 00:00:00+00:00,0.00304183
2016-01-15 00:00:00+00:00,-0.02198635
2016-01-18 00:00:00+00:00,0.00258398
2016-01-19 00:00:00+00:00,-0.00992268
2016-01-20 00:00:00+00:00,-0.02342835
2016-01-21 00:00:00+00:00,0.01079568
2016-01-22 00:00:00+00:00,0.00962553
2016-01-26 00:00:00+00:00,-0.01723913
2016-01-27 00:00:00+00:00,0.02936877
2016-01-28 00:00:00+00:00,0.00077459
2016-01-29 00:00:00+00:00,0.03753870
2016-02-01 00:00:00+00:00,0.00758423
2016-02-02 00:00:00+00:00,-0.03467423
2016-02-03 00:00:00+00:00,0.01431676
2016-02-04 00:00:00+00:00,0.03074984
2016-02-05 00:00:00+00:00,-0.00476831
2016-02-10 00:00:00+00:00,-0.00823096
2016-02-11 00:00:00+00:00,-0.02390685
2016-02-16 00:00:00+00:00,-0.03109137
2016-02-17 00:00:00+00:00,0.01245211
2016-02-18 00:00:00+00:00,-0.00425733
2016-02-19 00:00:00+00:00,0.00605701
2016-02-23 00:00:00+00:00,0.01735332
2016-02-24 00:00:00+00:00,-0.00905082
2016-02-25 00:00:00+00:00,-0.01030445
2016-02-26 00:00:00+00:00,0.01360625
2016-02-29 00:00:00+00:00,0.00595308
2016-03-01 00:00:00+00:00,0.03063356
2016-03-02 00:00:00+00:00,0.00202657
2016-03-03 00:00:00+00:00,0.06853933
2016-03-04 00:00:00+00:00,0.05152471
2016-03-07 00:00:00+00:00,-0.00420000
2016-03-08 00:00:00+00:00,-0.00753163
2016-03-09 00:00:00+00:00,-0.01042194
2016-03-10 00:00:00+00:00,0.02269939
2016-03-11 00:00:00+00:00,-0.00319936
2016-03-14 00:00:00+00:00,-0.02056169
2016-03-15 00:00:00+00:00,-0.02877624
2016-03-16 00:00:00+00:00,0.01223113
2016-03-17 00:00:00+00:00,0.07187500
2016-03-18 00:00:00+00:00,-0.01710398
2016-03-21 00:00:00+00:00,0.01344671
2016-03-22 00:00:00+00:00,-0.00117073
2016-03-23 00:00:00+00:00,-0.03106075
2016-03-28 00:00:00+00:00,0.02641129
2016-03-29 00:00:00+00:00,0.00854449
2016-03-30 00:00:00+00:00,-0.00486902
2016-03-31 00:00:00+00:00,-0.02700851
2016-04-01 00:00:00+00:00,0.01770090
2016-04-04 00:00:00+00:00,-0.04377903
2016-04-05 00:00:00+00:00,0.00454791
2016-04-06 00:00:00+00:00,-0.01656208
2016-04-07 00:00:00+00:00,0.01359833
2016-04-08 00:00:00+00:00,0.03570691
2016-04-11 00:00:00+00:00,0.11516415
2016-04-12 00:00:00+00:00,0.03267910
2016-04-13 00:00:00+00:00,0.02214197
2016-04-14 00:00:00+00:00,-0.02333581
2016-04-15 00:00:00+00:00,0.01342218
2016-04-18 00:00:00+00:00,-0.00122112
2016-04-19 00:00:00+00:00,0.01194395
2016-04-20 00:00:00+00:00,0.00743494
2016-04-22 00:00:00+00:00,-0.01845018
2016-04-25 00:00:00+00:00,-0.01541353
2016-04-26 00:00:00+00:00,0.02491409
2016-04-27 00:00:00+00:00,0.01983794
2016-04-28 00:00:00+00:00,0.00091324
2016-04-29 00:00:00+00:00,-0.00538321
2016-05-02 00:00:00+00:00,-0.00642143
2016-05-03 00:00:00+00:00,-0.01458776
2016-05-04 00:00:00+00:00,-0.00327930
2016-05-05 00:00:00+00:00,-0.01287836
2016-05-06 00:00:00+00:00,-0.00666603
2016-05-09 00:00:00+00:00,-0.00872400
2016-05-10 00:00:00+00:00,0.04023211
2016-05-11 00:00:00+00:00,0.00427668
2016-05-12 00:00:00+00:00,0.00361044
2016-05-13 00:00:00+00:00,-0.04289272
2016-05-16 00:00:00+00:00,0.00520432
2016-05-17 00:00:00+00:00,-0.02042186
2016-05-18 00:00:00+00:00,-0.00264265
2016-05-19 00:00:00+00:00,-0.00490677
2016-05-20 00:00:00+00:00,-0.01015779
2016-05-23 00:00:00+00:00,-0.01384876
2016-05-24 00:00:00+00:00,0.00060618
2016-05-25 00:00:00+00:00,0.00595719
2016-05-27 00:00:00+00:00,-0.00943491
2016-05-31 00:00:00+00:00,-0.01378052
2016-06-01 00:00:00+00:00,0.01099353
2016-06-02 00:00:00+00:00,0.01798780
2016-06-03 00:00:00+00:00,0.01327743
2016-06-06 00:00:00+00:00,-0.00472906
2016-06-07 00:00:00+00:00,-0.00000347
2016-06-08 00:00:00+00:00,0.02385430
2016-06-09 00:00:00+00:00,-0.00734725
2016-06-10 00:00:00+00:00,-0.03564472
2016-06-13 00:00:00+00:00,-0.00747324
2016-06-14 00:00:00+00:00,-0.02149682
2016-06-15 00:00:00+00:00,0.00884866
2016-06-16 00:00:00+00:00,0.00867023
2016-06-17 00:00:00+00:00,0.01029485
2016-06-20 00:00:00+00:00,0.01305896
2016-06-21 00:00:00+00:00,0.00000000
2016-06-22 00:00:00+00:00,0.00546875
2016-06-23 00:00:00+00:00,0.01447164
2016-06-24 00:00:00+00:00,-0.02881762
2016-06-27 00:00:00+00:00,-0.01478707
2016-06-28 00:00:00+00:00,0.01630979
2016-06-29 00:00:00+00:00,0.02047849
2016-06-30 00:00:00+00:00,0.01109503
2016-07-01 00:00:00+00:00,-0.00162214
2016-07-04 00:00:00+00:00,0.02561407
2016-07-05 00:00:00+00:00,-0.02040816
2016-07-06 00:00:00+00:00,0.00456621
2016-07-07 00:00:00+00:00,-0.00340909
2016-07-08 00:00:00+00:00,0.02347016
2016-07-11 00:00:00+00:00,0.01309071
2016-07-12 00:00:00+00:00,0.00668988
2016-07-13 00:00:00+00:00,0.00018207
2016-07-14 00:00:00+00:00,0.01874943
2016-07-18 00:00:00+00:00,0.02340749
2016-07-19 00:00:00+00:00,-0.00349192
2016-07-20 00:00:00+00:00,0.00236531
2016-07-21 00:00:00+00:00,-0.00104877
2016-07-22 00:00:00+00:00,0.00787402
2016-07-25 00:00:00+00:00,-0.00564236
2016-07-26 00:00:00+00:00,-0.00130947
2016-07-27 00:00:00+00:00,0.00000000
2016-07-28 00:00:00+00:00,-0.00839161
2016-08-01 00:00:00+00:00,0.01304654
2016-08-02 00:00:00+00:00,-0.02062304
2016-08-03 00:00:00+00:00,0.01208352
2016-08-04 00:00:00+00:00,0.01790888
2016-08-05 00:00:00+00:00,-0.00439845
2016-08-08 00:00:00+00:00,0.00051975
2016-08-09 00:00:00+00:00,-0.00060606
2016-08-10 00:00:00+00:00,-0.01334483
2016-08-11 00:00:00+00:00,0.02230026
2016-08-12 00:00:00+00:00,-0.00377877
2016-08-15 00:00:00+00:00,0.02129310
2016-08-16 00:00:00+00:00,0.11632334
2016-08-17 00:00:00+00:00,-0.00950238
2016-08-18 00:00:00+00:00,0.01094000
2016-08-19 00:00:00+00:00,0.00191459
2016-08-22 00:00:00+00:00,-0.02426055
2016-08-23 00:00:00+00:00,0.00485354
2016-08-24 00:00:00+00:00,-0.00771121
2016-08-25 00:00:00+00:00,0.00307430
2016-08-26 00:00:00+00:00,-0.00221352
2016-08-29 00:00:00+00:00,0.01885666
2016-08-30 00:00:00+00:00,-0.00703459
2016-08-31 00:00:00+00:00,-0.01492789
2016-09-01 00:00:00+00:00,0.00881849
2016-09-02 00:00:00+00:00,0.02520580
2016-09-06 00:00:00+00:00,0.00380795
2016-09-08 00:00:00+00:00,0.00280389
2016-09-09 00:00:00+00:00,-0.03898026
2016-09-12 00:00:00+00:00,0.00316618
2016-09-13 00:00:00+00:00,-0.02192272
2016-09-14 00:00:00+00:00,0.00758765
2016-09-15 00:00:00+00:00,0.01263741
2016-09-16 00:00:00+00:00,-0.01726643
2016-09-19 00:00:00+00:00,0.00895886
2016-09-20 00:00:00+00:00,-0.00344828
2016-09-21 00:00:00+00:00,0.01730104
2016-09-22 00:00:00+00:00,0.01003401
2016-09-23 00:00:00+00:00,-0.00766122
2016-09-27 00:00:00+00:00,-0.01798592
2016-09-28 00:00:00+00:00,0.01624190
2016-09-29 00:00:00+00:00,0.00348551
2016-09-30 00:00:00+00:00,-0.00304981
2016-10-03 00:00:00+00:00,0.01002719
2016-10-04 00:00:00+00:00,-0.00546862
2016-10-05 00:00:00+00:00,0.02368376
2016-10-06 00:00:00+00:00,0.00619732
2016-10-07 00:00:00+00:00,-0.00246366
2016-10-10 00:00:00+00:00,0.06092039
2016-10-11 00:00:00+00:00,0.00625000
2016-10-13 00:00:00+00:00,0.00289273
2016-10-14 00:00:00+00:00,0.00857303
2016-10-17 00:00:00+00:00,0.01302828
2016-10-18 00:00:00+00:00,0.02172208
2016-10-19 00:00:00+00:00,-0.00506562
2016-10-20 00:00:00+00:00,0.00277713
2016-10-21 00:00:00+00:00,0.00161551
2016-10-24 00:00:00+00:00,0.00000000
2016-10-25 00:00:00+00:00,-0.00476190
2016-10-26 00:00:00+00:00,0.00015434
2016-10-27 00:00:00+00:00,0.00756173
2016-10-28 00:00:00+00:00,-0.00505437
2016-10-31 00:00:00+00:00,0.01370074
2016-11-01 00:00:00+00:00,-0.02498102
2016-11-03 00:00:00+00:00,-0.02538743
2016-11-04 00:00:00+00:00,-0.00543348
2016-11-07 00:00:00+00:00,0.03767976
2016-11-08 00:00:00+00:00,0.00433571
2016-11-09 00:00:00+00:00,-0.00963614
2016-11-10 00:00:00+00:00,-0.03479412
2016-11-11 00:00:00+00:00,-0.04088710
2016-11-14 00:00:00+00:00,0.01572353
2016-11-16 00:00:00+00:00,0.01208609
2016-11-17 00:00:00+00:00,-0.01848520
2016-11-18 00:00:00+00:00,0.00866667
2016-11-21 00:00:00+00:00,0.01784534
2016-11-22 00:00:00+00:00,0.01355519
2016-11-23 00:00:00+00:00,-0.00056058
2016-11-24 00:00:00+00:00,-0.00464744
2016-11-25 00:00:00+00:00,-0.00821124
2016-11-28 00:00:00+00:00,0.02272727
2016-11-29 00:00:00+00:00,-0.02682540
2016-11-30 00:00:00+00:00,0.01851248
2016-12-01 00:00:00+00:00,-0.04163664
2016-12-02 00:00:00+00:00,0.00751943
2016-12-05 00:00:00+00:00,-0.00456091
2016-12-06 00:00:00+00:00,0.01724131
2016-12-07 00:00:00+00:00,0.00720603
2016-12-08 00:00:00+00:00,-0.01252033
2016-12-09 00:00:00+00:00,0.00115264
2016-12-12 00:00:00+00:00,-0.03231908
2016-12-13 00:00:00+00:00,-0.00141032
2016-12-14 00:00:00+00:00,-0.00764310
2016-12-15 00:00:00+00:00,-0.00577648
2016-12-16 00:00:00+00:00,0.00404176
2016-12-19 00:00:00+00:00,-0.01962429
2016-12-20 00:00:00+00:00,-0.00085543
2016-12-21 00:00:00+00:00,0.00684932
2016-12-22 00:00:00+00:00,-0.00680272
2016-12-23 00:00:00+00:00,0.00847603
2017-01-03 00:00:00+00:00,0.00000000
2017-01-04 00:00:00+00:00,0.06053145
2017-01-05 00:00:00+00:00,0.00864553
2017-01-06 00:00:00+00:00,-0.00912698
2017-01-09 00:00:00+00:00,0.00224269
2017-01-10 00:00:00+00:00,0.00423559
2017-01-11 00:00:00+00:00,0.00557059
2017-01-12 00:00:00+00:00,0.02564103
2017-01-13 00:00:00+00:00,-0.00277778
2017-01-16 00:00:00+00:00,-0.00247601
2017-01-17 00:00:00+00:00,0.00923053
2017-01-18 00:00:00+00:00,-0.00599493
2017-01-19 00:00:00+00:00,0.00208768
2017-01-20 00:00:00+00:00,0.00154321
2017-01-23 00:00:00+00:00,0.02080123
2017-01-24 00:00:00+00:00,0.00475472
2017-01-26 00:00:00+00:00,0.00465710
2017-01-27 00:00:00+00:00,-0.00710280
2017-01-30 00:00:00+00:00,-0.02575301
2017-01-31 00:00:00+00:00,0.00564229
2017-02-01 00:00:00+00:00,0.00983783
2017-02-02 00:00:00+00:00,-0.00905701
2017-02-03 00:00:00+00:00,0.00345622
2017-02-06 00:00:00+00:00,-0.00719813
2017-02-07 00:00:00+00:00,-0.00986741
2017-02-08 00:00:00+00:00,0.00280287
2017-02-09 00:00:00+00:00,0.08703416
2017-02-10 00:00:00+00:00,0.03997847
2017-02-13 00:00:00+00:00,0.01570174
2017-02-14 00:00:00+00:00,-0.00329694
2017-02-15 00:00:00+00:00,0.01484857
2017-02-16 00:00:00+00:00,0.00246270
2017-02-17 00:00:00+00:00,-0.00563584
2017-02-20 00:00:00+00:00,0.01213486
2017-02-21 00:00:00+00:00,0.00516907
2017-02-22 00:00:00+00:00,-0.00664238
2017-02-23 00:00:00+00:00,-0.01502732
2017-02-24 00:00:00+00:00,-0.01605957
2017-03-01 00:00:00+00:00,0.00778990
2017-03-02 00:00:00+00:00,-0.01597468
2017-03-03 00:00:00+00:00,0.01039874
2017-03-06 00:00:00+00:00,-0.00895898
2017-03-07 00:00:00+00:00,-0.00366081
2017-03-08 00:00:00+00:00,-0.01919616
2017-03-09 00:00:00+00:00,-0.00420489
2017-03-10 00:00:00+00:00,0.00000000
2017-03-13 00:00:00+00:00,0.01489443
2017-03-14 00:00:00+00:00,-0.01074211
2017-03-15 00:00:00+00:00,0.02164105
2017-03-16 00:00:00+00:00,-0.00898204
2017-03-17 00:00:00+00:00,-0.02182779
2017-03-20 00:00:00+00:00,0.01065555
2017-03-21 00:00:00+00:00,-0.03216441
2017-03-22 00:00:00+00:00,0.00702558
2017-03-23 00:00:00+00:00,0.00282198
2017-03-24 00:00:00+00:00,0.00367388
2017-03-27 00:00:00+00:00,-0.00311526
2017-03-28 00:00:00+00:00,0.01609375
2017-03-29 00:00:00+00:00,0.01099493
2017-03-30 00:00:00+00:00,-0.00365047
2017-03-31 00:00:00+00:00,-0.00465613
2017-04-03 00:00:00+00:00,0.00214724
2017-04-05 00:00:00+00:00,-0.00221916
2017-04-06 00:00:00+00:00,-0.01687246
2017-04-07 00:00:00+00:00,0.00772291
2017-04-10 00:00:00+00:00,-0.00108376
2017-04-11 00:00:00+00:00,-0.03766274
2017-04-12 00:00:00+00:00,0.01186758
2017-04-13 00:00:00+00:00,-0.01489198
2017-04-17 00:00:00+00:00,0.01456881
2017-04-18 00:00:00+00:00,0.00625338
2017-04-19 00:00:00+00:00,-0.01181525
2017-04-20 00:00:00+00:00,0.00217391
2017-04-24 00:00:00+00:00,0.01022622
2017-04-25 00:00:00+00:00,0.00613497
2017-04-26 00:00:00+00:00,0.00381098
2017-04-27 00:00:00+00:00,-0.00379651
2017-04-28 00:00:00+00:00,0.00876524
2017-05-02 00:00:00+00:00,0.01760484
2017-05-03 00:00:00+00:00,-0.00297000
2017-05-04 00:00:00+00:00,-0.02375633
2017-05-05 00:00:00+00:00,0.01334961
2017-05-08 00:00:00+00:00,-0.00376393
2017-05-09 00:00:00+00:00,0.01254345
2017-05-10 00:00:00+00:00,0.01276119
2017-05-11 00:00:00+00:00,0.00508437
2017-05-12 00:00:00+00:00,0.00586510
2017-05-15 00:00:00+00:00,0.00575802
2017-05-16 00:00:00+00:00,0.00333357
2017-05-17 00:00:00+00:00,-0.02101842
2017-05-18 00:00:00+00:00,-0.09620776
2017-05-19 00:00:00+00:00,0.03134694
2017-05-22 00:00:00+00:00,-0.01670097
2017-05-23 00:00:00+00:00,0.01553570
2017-05-24 00:00:00+00:00,0.00784718
2017-05-25 00:00:00+00:00,-0.00361777
2017-05-26 00:00:00+00:00,0.02115400
2017-05-29 00:00:00+00:00,-0.01058978
2017-05-30 00:00:00+00:00,0.00500000
2017-05-31 00:00:00+00:00,-0.01873445
2017-06-01 00:00:00+00:00,0.00134675
2017-06-02 00:00:00+00:00,-0.01139241
2017-06-05 00:00:00+00:00,0.00072023
2017-06-06 00:00:00+00:00,0.01071246
2017-06-07 00:00:00+00:00,0.00166139
2017-06-08 00:00:00+00:00,-0.00616065
2017-06-09 00:00:00+00:00,-0.01049034
2017-06-12 00:00:00+00:00,-0.02947554
2017-06-13 00:00:00+00:00,0.00352790
2017-06-14 00:00:00+00:00,0.00439438
2017-06-16 00:00:00+00:00,-0.00453425
2017-06-19 00:00:00+00:00,0.00623302
2017-06-20 00:00:00+00:00,-0.01834498
2017-06-21 00:00:00+00:00,-0.00331688
2017-06-22 00:00:00+00:00,0.00681818
2017-06-23 00:00:00+00:00,-0.00080619
2017-06-26 00:00:00+00:00,0.01702437
2017-06-27 00:00:00+00:00,-0.01063070
2017-06-28 00:00:00+00:00,0.00721674
2017-06-29 00:00:00+00:00,0.00023883
2017-06-30 00:00:00+00:00,0.01329195
2017-07-03 00:00:00+00:00,0.00377032
2017-07-04 00:00:00+00:00,-0.00172157
2017-07-05 00:00:00+00:00,0.00431136
2017-07-06 00:00:00+00:00,-0.01615673
2017-07-07 00:00:00+00:00,-0.00452202
2017-07-10 00:00:00+00:00,0.00876634
2017-07-12 00:00:00+00:00,0.03412861
2017-07-13 00:00:00+00:00,0.00557678
2017-07-14 00:00:00+00:00,0.00281091
2017-07-17 00:00:00+00:00,-0.00121212
2017-07-19 00:00:00+00:00,-0.00485437
2017-07-20 00:00:00+00:00,-0.00175305
2017-07-21 00:00:00+00:00,-0.00343590
2017-07-25 00:00:00+00:00,0.01087956
2017-07-26 00:00:00+00:00,-0.01000455
2017-07-27 00:00:00+00:00,0.00811514
2017-08-01 00:00:00+00:00,0.01739064
2017-08-02 00:00:00+00:00,0.00947973
2017-08-03 00:00:00+00:00,-0.00325348
2017-08-07 00:00:00+00:00,0.00719585
2017-08-08 00:00:00+00:00,0.00161689
2017-08-10 00:00:00+00:00,-0.01558824
2017-08-11 00:00:00+00:00,0.00089633
2017-08-14 00:00:00+00:00,0.11210372
2017-08-15 00:00:00+00:00,0.00388965
2017-08-16 00:00:00+00:00,-0.00121977
2017-08-17 00:00:00+00:00,-0.00560345
2017-08-18 00:00:00+00:00,0.00599624
2017-08-22 00:00:00+00:00,0.01881508
2017-08-24 00:00:00+00:00,0.01593008
2017-08-28 00:00:00+00:00,-0.00256713
2017-08-29 00:00:00+00:00,0.00083472
2017-08-30 00:00:00+00:00,0.00027801
2017-08-31 00:00:00+00:00,-0.00618399
2017-09-01 00:00:00+00:00,0.01188562
2017-09-04 00:00:00+00:00,0.00345471
2017-09-05 00:00:00+00:00,0.00240997
2017-09-06 00:00:00+00:00,0.01566149
2017-09-08 00:00:00+00:00,-0.00250237
2017-09-11 00:00:00+00:00,0.00922096
2017-09-12 00:00:00+00:00,0.01578771
2017-09-13 00:00:00+00:00,0.00191799
2017-09-14 00:00:00+00:00,-0.00666711
2017-09-15 00:00:00+00:00,0.01541733
2017-09-18 00:00:00+00:00,0.00176702
2017-09-19 00:00:00+00:00,-0.00209055
2017-09-20 00:00:00+00:00,0.00098200
2017-09-21 00:00:00+00:00,-0.00542838
2017-09-22 00:00:00+00:00,-0.00328796
2017-09-25 00:00:00+00:00,-0.01319522
2017-09-26 00:00:00+00:00,0.00441265
2017-09-27 00:00:00+00:00,-0.02030220
2017-09-28 00:00:00+00:00,0.00421253
2017-09-29 00:00:00+00:00,0.01197564
2017-10-03 00:00:00+00:00,0.02787992
2017-10-04 00:00:00+00:00,0.00039027
2017-10-06 00:00:00+00:00,-0.01066320
2017-10-09 00:00:00+00:00,-0.00335174
2017-10-10 00:00:00+00:00,0.00619608
2017-10-11 00:00:00+00:00,0.00733945
2017-10-16 00:00:00+00:00,0.11246424
2017-10-17 00:00:00+00:00,-0.00458390
2017-10-18 00:00:00+00:00,0.00648593
2017-10-19 00:00:00+00:00,-0.00786184
2017-10-20 00:00:00+00:00,0.01221096
2017-10-23 00:00:00+00:00,-0.01495123
2017-10-24 00:00:00+00:00,0.00521139
2017-10-25 00:00:00+00:00,-0.00123129
2017-10-26 00:00:00+00:00,-0.00369842
2017-10-27 00:00:00+00:00,0.00332139
2017-10-30 00:00:00+00:00,-0.02537972
2017-10-31 00:00:00+00:00,-0.00099900
2017-11-01 00:00:00+00:00,-0.00393333
2017-11-03 00:00:00+00:00,-0.00595676
2017-11-06 00:00:00+00:00,0.00727175
2017-11-07 00:00:00+00:00,-0.02058824
2017-11-08 00:00:00+00:00,0.02279552
2017-11-09 00:00:00+00:00,-0.02108635
2017-11-10 00:00:00+00:00,-0.00913429
2017-11-13 00:00:00+00:00,0.00385250
2017-11-14 00:00:00+00:00,-0.02350603
2017-11-16 00:00:00+00:00,0.01873816
2017-11-17 00:00:00+00:00,0.01873794
2017-11-21 00:00:00+00:00,0.01000811
2017-11-22 00:00:00+00:00,0.00254419
2017-11-23 00:00:00+00:00,-0.00754641
2017-11-24 00:00:00+00:00,0.00450844
2017-11-27 00:00:00+00:00,-0.00562701
2017-11-28 00:00:00+00:00,0.01071140
2017-11-29 00:00:00+00:00,-0.02352863
2017-11-30 00:00:00+00:00,-0.01979522
2017-12-01 00:00:00+00:00,0.00125348
2017-12-04 00:00:00+00:00,0.01947420
2017-12-05 00:00:00+00:00,-0.00941876
2017-12-06 00:00:00+00:00,0.01177605
2017-12-07 00:00:00+00:00,-0.01007351
2017-12-08 00:00:00+00:00,-0.00006876
2017-12-11 00:00:00+00:00,-0.03699374
2017-12-12 00:00:00+00:00,-0.00589950
2017-12-13 00:00:00+00:00,0.00354707
2017-12-14 00:00:00+00:00,-0.00788472
2017-12-15 00:00:00+00:00,0.00445327
2017-12-18 00:00:00+00:00,0.00675261
2017-12-19 00:00:00+00:00,-0.00582656
2017-12-20 00:00:00+00:00,0.00831402
2017-12-21 00:00:00+00:00,0.02365504
2017-12-22 00:00:00+00:00,0.00217879
2017-12-26 00:00:00+00:00,0.00296462
2017-12-27 00:00:00+00:00,0.00722543
2017-12-28 00:00:00+00:00,0.00228251
2018-01-02 00:00:00+00:00,0.01906435
2018-01-03 00:00:00+00:00,0.00242625
2018-01-04 00:00:00+00:00,0.01063694
2018-01-05 00:00:00+00:00,-0.00031512
2018-01-08 00:00:00+00:00,0.00699786
2018-01-09 00:00:00+00:00,-0.00644838
2018-01-10 00:00:00+00:00,-0.00926276
2018-01-11 00:00:00+00:00,0.01373784
2018-01-12 00:00:00+00:00,-0.00194491
2018-01-15 00:00:00+00:00,0.00641187
2018-01-16 00:00:00+00:00,0.00181137
2018-01-17 00:00:00+00:00,0.01571170
2018-01-18 00:00:00+00:00,-0.00171874
2018-01-19 00:00:00+00:00,-0.00024596
2018-01-22 00:00:00+00:00,0.00688849
2018-01-23 00:00:00+00:00,-0.00959013
2018-01-24 00:00:00+00:00,0.03589491
2018-01-26 00:00:00+00:00,0.01869493
2018-01-29 00:00:00+00:00,-0.00485096
2018-01-30 00:00:00+00:00,-0.00434604
2018-01-31 00:00:00+00:00,0.00513184
2018-02-01 00:00:00+00:00,0.00293427
2018-02-02 00:00:00+00:00,-0.01515506
2018-02-05 00:00:00+00:00,-0.01580561
2018-02-06 00:00:00+00:00,0.01992032
2018-02-07 00:00:00+00:00,-0.01574337
2018-02-08 00:00:00+00:00,-0.01918220
2018-02-09 00:00:00+00:00,0.09410827
2018-02-14 00:00:00+00:00,0.04015990
2018-02-15 00:00:00+00:00,0.00585349
2018-02-16 00:00:00+00:00,0.00123442
2018-02-19 00:00:00+00:00,0.00358128
2018-02-20 00:00:00+00:00,0.01380601
2018-02-21 00:00:00+00:00,0.00305828
2018-02-22 00:00:00+00:00,0.00373929
2018-02-23 00:00:00+00:00,0.00819578
2018-02-26 00:00:00+00:00,0.00375192
2018-02-27 00:00:00+00:00,-0.00605992
2018-02-28 00:00:00+00:00,-0.01914530
2018-03-01 00:00:00+00:00,-0.00679679
2018-03-02 00:00:00+00:00,0.00116980
2018-03-05 00:00:00+00:00,0.01133376
2018-03-06 00:00:00+00:00,-0.00410144
2018-03-07 00:00:00+00:00,-0.00174014
2018-03-08 00:00:00+00:00,-0.00552005
2018-03-09 00:00:00+00:00,0.01443178
2018-03-12 00:00:00+00:00,0.00927313
2018-03-13 00:00:00+00:00,-0.01015808
2018-03-14 00:00:00+00:00,-0.00265206
2018-03-15 00:00:00+00:00,-0.01011619
2018-03-16 00:00:00+00:00,-0.00315347
2018-03-19 00:00:00+00:00,-0.01142355
2018-03-20 00:00:00+00:00,0.00420741
2018-03-21 00:00:00+00:00,0.00749439
2018-03-22 00:00:00+00:00,-0.00878580
2018-03-23 00:00:00+00:00,0.00011818
2018-03-27 00:00:00+00:00,-0.00750369
2018-03-28 00:00:00+00:00,0.00065484
2018-03-29 00:00:00+00:00,0.01963234
2018-04-02 00:00:00+00:00,-0.00694323
2018-04-03 00:00:00+00:00,-0.00652174
2018-04-04 00:00:00+00:00,-0.00555917
2018-04-05 00:00:00+00:00,0.01641392
2018-04-06 00:00:00+00:00,-0.01679246
2018-04-09 00:00:00+00:00,-0.00892645
2018-04-10 00:00:00+00:00,0.01146687
2018-04-11 00:00:00+00:00,0.01347501
2018-04-12 00:00:00+00:00,-0.00099572
2018-04-13 00:00:00+00:00,-0.01313321
2018-04-16 00:00:00+00:00,0.01627852
2018-04-18 00:00:00+00:00,0.03432549
2018-04-19 00:00:00+00:00,0.00365514
2018-04-20 00:00:00+00:00,-0.00248569
2018-04-23 00:00:00+00:00,-0.00133287
2018-04-24 00:00:00+00:00,-0.00156676
2018-04-25 00:00:00+00:00,-0.01156573
2018-04-26 00:00:00+00:00,0.02193215
2018-04-27 00:00:00+00:00,0.00540852
2018-04-30 00:00:00+00:00,-0.00921369
2018-05-02 00:00:00+00:00,-0.01767458
2018-05-03 00:00:00+00:00,-0.01123067
2018-05-04 00:00:00+00:00,-0.00285442
2018-05-08 00:00:00+00:00,-0.00387643
2018-05-09 00:00:00+00:00,0.01502724
2018-05-10 00:00:00+00:00,0.01681019
2018-05-11 00:00:00+00:00,-0.00545275
2018-05-14 00:00:00+00:00,-0.00157480
2018-05-15 00:00:00+00:00,-0.00338825
2018-05-16 00:00:00+00:00,0.01570926
2018-05-17 00:00:00+00:00,-0.01892890
2018-05-18 00:00:00+00:00,-0.03294118
2018-05-21 00:00:00+00:00,-0.00139903
2018-05-22 00:00:00+00:00,0.00255832
2018-05-23 00:00:00+00:00,-0.01239443
2018-05-24 00:00:00+00:00,-0.01384189
2018-05-25 00:00:00+00:00,-0.01235184
2018-05-29 00:00:00+00:00,-0.03347650
2018-05-30 00:00:00+00:00,-0.00601229
2018-06-01 00:00:00+00:00,0.00703485
2018-06-04 00:00:00+00:00,0.02376444
2018-06-05 00:00:00+00:00,-0.02334448
2018-06-06 00:00:00+00:00,-0.00430922
2018-06-07 00:00:00+00:00,-0.03737705
2018-06-08 00:00:00+00:00,-0.00606267
2018-06-11 00:00:00+00:00,-0.10990615
2018-06-12 00:00:00+00:00,0.01111340
2018-06-13 00:00:00+00:00,-0.01282312
2018-06-14 00:00:00+00:00,-0.00522337
2018-06-15 00:00:00+00:00,-0.02583944
2018-06-18 00:00:00+00:00,0.00049645
2018-06-19 00:00:00+00:00,0.02878004
2018-06-20 00:00:00+00:00,-0.00282505
2018-06-21 00:00:00+00:00,-0.01043394
2018-06-25 00:00:00+00:00,-0.01822498
2018-06-26 00:00:00+00:00,0.01038407
2018-06-27 00:00:00+00:00,-0.00140786
2018-06-28 00:00:00+00:00,0.00972790
2018-06-29 00:00:00+00:00,0.01089081
2018-07-02 00:00:00+00:00,0.01118785
2018-07-03 00:00:00+00:00,0.01482038
2018-07-05 00:00:00+00:00,0.00531664
2018-07-06 00:00:00+00:00,0.00943901
2018-07-10 00:00:00+00:00,-0.00331587
2018-07-11 00:00:00+00:00,-0.00532304
2018-07-12 00:00:00+00:00,0.01879724
2018-07-13 00:00:00+00:00,0.00669731
2018-07-16 00:00:00+00:00,0.00071745
2018-07-17 00:00:00+00:00,0.02385453
2018-07-18 00:00:00+00:00,-0.00884843
2018-07-19 00:00:00+00:00,0.00025690
2018-07-20 00:00:00+00:00,0.01894183
2018-07-23 00:00:00+00:00,-0.01424160
2018-07-24 00:00:00+00:00,0.01662085
2018-07-25 00:00:00+00:00,0.01182167
2018-07-26 00:00:00+00:00,-0.00932198
2018-07-27 00:00:00+00:00,0.00570855
2018-07-30 00:00:00+00:00,0.00361776
2018-07-31 00:00:00+00:00,-0.01404599
2018-08-01 00:00:00+00:00,0.00081947
2018-08-02 00:00:00+00:00,-0.00220445
2018-08-03 00:00:00+00:00,0.02865800
2018-08-06 00:00:00+00:00,-0.00012273
2018-08-07 00:00:00+00:00,-0.01454523
2018-08-08 00:00:00+00:00,-0.01563181
2018-08-09 00:00:00+00:00,-0.00430367
2018-08-10 00:00:00+00:00,-0.02859140
2018-08-13 00:00:00+00:00,0.07096605
2018-08-14 00:00:00+00:00,0.01284866
2018-08-15 00:00:00+00:00,-0.00471728
2018-08-16 00:00:00+00:00,-0.00070288
2018-08-17 00:00:00+00:00,-0.01854339
2018-08-20 00:00:00+00:00,0.00332269
2018-08-21 00:00:00+00:00,-0.02000000
2018-08-22 00:00:00+00:00,0.01477604
2018-08-23 00:00:00+00:00,-0.00241593
2018-08-24 00:00:00+00:00,0.00549810
2018-08-27 00:00:00+00:00,0.01757584
2018-08-28 00:00:00+00:00,-0.00383828
2018-08-29 00:00:00+00:00,0.01335731
2018-08-30 00:00:00+00:00,-0.02091255
2018-08-31 00:00:00+00:00,-0.00103560
2018-09-04 00:00:00+00:00,-0.02112220
2018-09-05 00:00:00+00:00,0.00158856
2018-09-06 00:00:00+00:00,0.01301877
2018-09-10 00:00:00+00:00,0.00241373
2018-09-11 00:00:00+00:00,-0.02648705
2018-09-12 00:00:00+00:00,0.00869042
2018-09-13 00:00:00+00:00,-0.00735635
2018-09-14 00:00:00+00:00,-0.00120176
2018-09-17 00:00:00+00:00,0.03255348
2018-09-18 00:00:00+00:00,0.01249434
2018-09-19 00:00:00+00:00,-0.00019182
2018-09-20 00:00:00+00:00,0.00281384
2018-09-21 00:00:00+00:00,0.01390217
2018-09-24 00:00:00+00:00,-0.00817661
2018-09-25 00:00:00+00:00,-0.00031708
2018-09-26 00:00:00+00:00,0.00488455
2018-09-27 00:00:00+00:00,0.00385077
2018-09-28 00:00:00+00:00,-0.00490504
2018-10-01 00:00:00+00:00,-0.00619312
2018-10-02 00:00:00+00:00,0.04139641
2018-10-03 00:00:00+00:00,0.01905111
2018-10-04 00:00:00+00:00,-0.00383486
2018-10-05 00:00:00+00:00,-0.00806015
2018-10-08 00:00:00+00:00,0.04808684
2018-10-09 00:00:00+00:00,-0.00590662
2018-10-10 00:00:00+00:00,-0.02444276
2018-10-11 00:00:00+00:00,-0.00638311
2018-10-15 00:00:00+00:00,0.08423391
2018-10-16 00:00:00+00:00,0.01816547
2018-10-17 00:00:00+00:00,0.01742919
2018-10-18 00:00:00+00:00,-0.02257075
2018-10-19 00:00:00+00:00,0.00538812
2018-10-22 00:00:00+00:00,0.01607774
2018-10-23 00:00:00+00:00,-0.00295601
2018-10-24 00:00:00+00:00,-0.02563655
2018-10-25 00:00:00+00:00,0.01384166
2018-10-26 00:00:00+00:00,0.01906667
2018-10-29 00:00:00+00:00,-0.02615927
2018-10-30 00:00:00+00:00,0.03652751
2018-10-31 00:00:00+00:00,0.00400458
2018-11-01 00:00:00+00:00,0.00974359
2018-11-05 00:00:00+00:00,0.01247108
2018-11-06 00:00:00+00:00,-0.00496043
2018-11-08 00:00:00+00:00,-0.03091917
2018-11-09 00:00:00+00:00,-0.01739784
2018-11-12 00:00:00+00:00,0.01176471
2018-11-13 00:00:00+00:00,-0.01279070
2018-11-16 00:00:00+00:00,0.04646643
2018-11-19 00:00:00+00:00,-0.01052395
2018-11-21 00:00:00+00:00,-0.01057900
2018-11-23 00:00:00+00:00,-0.00638078
2018-11-26 00:00:00+00:00,0.00723170
2018-11-27 00:00:00+00:00,0.01240666
2018-11-28 00:00:00+00:00,-0.00856689
2018-11-29 00:00:00+00:00,0.02226037
2018-11-30 00:00:00+00:00,0.00778101
2018-12-03 00:00:00+00:00,0.00066656
2018-12-04 00:00:00+00:00,-0.02092701
2018-12-05 00:00:00+00:00,0.00532837
2018-12-06 00:00:00+00:00,-0.00750014
2018-12-07 00:00:00+00:00,0.00835227
2018-12-10 00:00:00+00:00,-0.02913168
2018-12-11 00:00:00+00:00,0.04045270
2018-12-12 00:00:00+00:00,0.00726225
2018-12-13 00:00:00+00:00,0.00915541
2018-12-17 00:00:00+00:00,-0.00997959
2018-12-19 00:00:00+00:00,-0.01082474
2018-12-21 00:00:00+00:00,-0.00642696
2018-12-27 00:00:00+00:00,-0.00606061
2018-12-28 00:00:00+00:00,0.03717167
2019-01-02 00:00:00+00:00,0.03849633
2019-01-03 00:00:00+00:00,-0.01094116
2019-01-04 00:00:00+00:00,0.02008806
2019-01-07 00:00:00+00:00,-0.00798489
2019-01-08 00:00:00+00:00,0.00560178
2019-01-09 00:00:00+00:00,0.01903732
2019-01-10 00:00:00+00:00,-0.00445813
2019-01-15 00:00:00+00:00,0.00394498
2019-01-16 00:00:00+00:00,0.00408879
2019-01-17 00:00:00+00:00,0.00798562
2019-01-18 00:00:00+00:00,0.01107030
2019-01-22 00:00:00+00:00,-0.00887344
2019-01-23 00:00:00+00:00,0.01246073
2019-01-24 00:00:00+00:00,0.00904954
2019-01-28 00:00:00+00:00,-0.01926921
2019-01-29 00:00:00+00:00,0.00276950
2019-01-30 00:00:00+00:00,0.01115164
2019-01-31 00:00:00+00:00,0.01185323
2019-02-01 00:00:00+00:00,-0.00407456
2019-02-04 00:00:00+00:00,0.00761992
2019-02-05 00:00:00+00:00,0.11021254
2019-02-06 00:00:00+00:00,-0.05190066
2019-02-07 00:00:00+00:00,-0.02933754
2019-02-08 00:00:00+00:00,0.00993658
2019-02-11 00:00:00+00:00,0.00434373
2019-02-12 00:00:00+00:00,0.01811423
2019-02-13 00:00:00+00:00,-0.00817607
2019-02-14 00:00:00+00:00,0.02338241
2019-02-15 00:00:00+00:00,-0.00390091
2019-02-18 00:00:00+00:00,-0.00895128
2019-02-19 00:00:00+00:00,0.00908344
2019-02-20 00:00:00+00:00,-0.00747597
2019-02-21 00:00:00+00:00,-0.00204960
2019-02-22 00:00:00+00:00,0.00631547
2019-02-25 00:00:00+00:00,0.00086739
2019-02-26 00:00:00+00:00,0.00270188
2019-02-27 00:00:00+00:00,-0.00421984
2019-02-28 00:00:00+00:00,-0.01838048
2019-03-01 00:00:00+00:00,-0.00624155
2019-03-06 00:00:00+00:00,-0.00680415
2019-03-07 00:00:00+00:00,0.00258221
2019-03-08 00:00:00+00:00,-0.00078844
2019-03-11 00:00:00+00:00,0.03619148
2019-03-12 00:00:00+00:00,0.00055843
2019-03-13 00:00:00+00:00,0.00806738
2019-03-14 00:00:00+00:00,-0.00332192
2019-03-15 00:00:00+00:00,0.00545399
2019-03-18 00:00:00+00:00,0.00662983
2019-03-19 00:00:00+00:00,-0.00369225
2019-03-20 00:00:00+00:00,-0.01131811
2019-03-21 00:00:00+00:00,-0.01747543
2019-03-22 00:00:00+00:00,-0.03314946
2019-03-25 00:00:00+00:00,0.00138637
2019-03-26 00:00:00+00:00,0.01725240
2019-03-27 00:00:00+00:00,-0.05082705
2019-03-28 00:00:00+00:00,0.04483538
2019-03-29 00:00:00+00:00,0.00601710
2019-04-01 00:00:00+00:00,0.00928646
2019-04-02 00:00:00+00:00,-0.00992878
2019-04-03 00:00:00+00:00,-0.00840071
2019-04-04 00:00:00+00:00,0.01890289
2019-04-05 00:00:00+00:00,0.01117289
2019-04-08 00:00:00+00:00,-0.00041114
2019-04-09 00:00:00+00:00,-0.01290692
2019-04-10 00:00:00+00:00,-0.00052083
2019-04-11 00:00:00+00:00,-0.01521626
2019-04-12 00:00:00+00:00,-0.01735633
2019-04-15 00:00:00+00:00,0.00021540
2019-04-16 00:00:00+00:00,0.01233518
2019-04-17 00:00:00+00:00,-0.01281513
2019-04-18 00:00:00+00:00,0.01085337
2019-04-22 00:00:00+00:00,0.00710526
2019-04-23 00:00:00+00:00,0.01473739
2019-04-24 00:00:00+00:00,-0.01941598
2019-04-25 00:00:00+00:00,0.00304622
2019-04-29 00:00:00+00:00,0.01916431
2019-05-02 00:00:00+00:00,-0.01089190
2019-05-06 00:00:00+00:00,-0.00680449
2019-05-07 00:00:00+00:00,-0.01155797
2019-05-08 00:00:00+00:00,0.02116402
2019-05-09 00:00:00+00:00,-0.02062176
2019-05-10 00:00:00+00:00,-0.00650725
2019-05-13 00:00:00+00:00,-0.01485702
2019-05-14 00:00:00+00:00,-0.00270270
2019-05-15 00:00:00+00:00,-0.00715447
2019-05-16 00:00:00+00:00,-0.01435746
2019-05-17 00:00:00+00:00,-0.00227084
2019-05-20 00:00:00+00:00,0.02142778
2019-05-21 00:00:00+00:00,0.02630435
2019-05-22 00:00:00+00:00,-0.00047659
2019-05-23 00:00:00+00:00,-0.00270199
2019-05-24 00:00:00+00:00,0.00069061
2019-05-27 00:00:00+00:00,0.00759144
2019-05-28 00:00:00+00:00,0.01491043
2019-05-29 00:00:00+00:00,0.00757930
2019-05-30 00:00:00+00:00,0.00242156
2019-05-31 00:00:00+00:00,0.00596217
2019-06-03 00:00:00+00:00,-0.00490497
2019-06-04 00:00:00+00:00,0.00154036
2019-06-05 00:00:00+00:00,0.00307384
2019-06-06 00:00:00+00:00,0.02902847
2019-06-07 00:00:00+00:00,0.01544121
2019-06-10 00:00:00+00:00,-0.00214319
2019-06-11 00:00:00+00:00,0.02749705
2019-06-12 00:00:00+00:00,-0.00817165
2019-06-13 00:00:00+00:00,0.01213101
2019-06-14 00:00:00+00:00,-0.00918897
2019-06-17 00:00:00+00:00,-0.00352823
2019-06-18 00:00:00+00:00,0.01370764
2019-06-19 00:00:00+00:00,0.00538895
2019-06-21 00:00:00+00:00,0.02084471
2019-06-24 00:00:00+00:00,0.00150712
2019-06-25 00:00:00+00:00,-0.01500000
2019-06-26 00:00:00+00:00,-0.00320339
2019-06-27 00:00:00+00:00,0.00627905
2019-06-28 00:00:00+00:00,-0.00176878
2019-07-01 00:00:00+00:00,0.00639858
2019-07-02 00:00:00+00:00,-0.01565022
2019-07-03 00:00:00+00:00,0.01465693
2019-07-04 00:00:00+00:00,0.02389580
2019-07-05 00:00:00+00:00,-0.00014347
2019-07-08 00:00:00+00:00,0.00669632
2019-07-10 00:00:00+00:00,0.01558417
2019-07-11 00:00:00+00:00,-0.01052632
2019-07-12 00:00:00+00:00,-0.00997636
2019-07-15 00:00:00+00:00,-0.00468026
2019-07-16 00:00:00+00:00,0.00225517
2019-07-17 00:00:00+00:00,-0.00062237
2019-07-18 00:00:00+00:00,0.00823952
2019-07-19 00:00:00+00:00,-0.01168813
2019-07-22 00:00:00+00:00,0.00249988
2019-07-23 00:00:00+00:00,-0.00134273
2019-07-24 00:00:00+00:00,0.00336134
2019-07-25 00:00:00+00:00,-0.01569754
2019-07-26 00:00:00+00:00,0.00607770
2019-07-29 00:00:00+00:00,0.04736130
2019-07-30 00:00:00+00:00,-0.00231370
2019-07-31 00:00:00+00:00,-0.01749455
2019-08-01 00:00:00+00:00,0.01045674
2019-08-02 00:00:00+00:00,-0.00039051
2019-08-05 00:00:00+00:00,-0.05195820
2019-08-06 00:00:00+00:00,0.03968848
2019-08-07 00:00:00+00:00,-0.00000279
2019-08-08 00:00:00+00:00,0.03955271
2019-08-09 00:00:00+00:00,-0.00312485
2019-08-12 00:00:00+00:00,-0.03780864
2019-08-13 00:00:00+00:00,0.04227563
2019-08-14 00:00:00+00:00,-0.03285666
2019-08-15 00:00:00+00:00,-0.01206607
2019-08-16 00:00:00+00:00,0.00775853
2019-08-19 00:00:00+00:00,-0.00531466
2019-08-20 00:00:00+00:00,0.00069909
2019-08-21 00:00:00+00:00,0.02060878
2019-08-22 00:00:00+00:00,-0.01031634
2019-08-23 00:00:00+00:00,-0.00849718
2019-08-26 00:00:00+00:00,-0.04359741
2019-08-27 00:00:00+00:00,0.01719198
2019-08-28 00:00:00+00:00,0.01229193
2019-08-29 00:00:00+00:00,0.02565140
2019-08-30 00:00:00+00:00,0.00547553
2019-09-02 00:00:00+00:00,-0.00152088
2019-09-03 00:00:00+00:00,-0.01596895
2019-09-04 00:00:00+00:00,0.01283268
2019-09-05 00:00:00+00:00,0.01868468
2019-09-06 00:00:00+00:00,0.00101631
2019-09-09 00:00:00+00:00,0.00328757
2019-09-10 00:00:00+00:00,-0.00491519
2019-09-11 00:00:00+00:00,0.00716707
2019-09-12 00:00:00+00:00,0.00677950
2019-09-13 00:00:00+00:00,-0.00291322
2019-09-16 00:00:00+00:00,-0.00421496
2019-09-17 00:00:00+00:00,0.01197691
2019-09-18 00:00:00+00:00,-0.00204382
2019-09-19 00:00:00+00:00,-0.00209564
2019-09-20 00:00:00+00:00,0.00334097
2019-09-23 00:00:00+00:00,-0.00199791
2019-09-24 00:00:00+00:00,-0.00710200
2019-09-25 00:00:00+00:00,0.00532860
2019-09-26 00:00:00+00:00,0.00802216
2019-09-27 00:00:00+00:00,0.01369019
2019-09-30 00:00:00+00:00,-0.00208758
2019-10-01 00:00:00+00:00,-0.00955641
2019-10-02 00:00:00+00:00,-0.05145929
2019-10-03 00:00:00+00:00,0.00232145
2019-10-04 00:00:00+00:00,0.01079190
2019-10-07 00:00:00+00:00,-0.01740694
2019-10-08 00:00:00+00:00,-0.03785473
2019-10-09 00:00:00+00:00,0.01586428
2019-10-10 00:00:00+00:00,0.00059116
2019-10-11 00:00:00+00:00,0.07227611
2019-10-14 00:00:00+00:00,-0.00023855
2019-10-15 00:00:00+00:00,0.00677643
2019-10-16 00:00:00+00:00,0.00260701
2019-10-17 00:00:00+00:00,0.00099281
2019-10-18 00:00:00+00:00,-0.00458131
2019-10-21 00:00:00+00:00,0.01010628
2019-10-22 00:00:00+00:00,0.01254169
2019-10-23 00:00:00+00:00,0.00598441
2019-10-24 00:00:00+00:00,-0.00793175
2019-10-25 00:00:00+00:00,0.00594989
2019-10-28 00:00:00+00:00,0.00688508
2019-10-29 00:00:00+00:00,-0.00853603
2019-10-30 00:00:00+00:00,-0.00745232
2019-10-31 00:00:00+00:00,0.00111925
2019-11-01 00:00:00+00:00,0.01360227
2019-11-04 00:00:00+00:00,0.00505538
2019-11-05 00:00:00+00:00,-0.00109744
2019-11-06 00:00:00+00:00,-0.00650034
2019-11-07 00:00:00+00:00,0.01271714
2019-11-08 00:00:00+00:00,-0.01856317
2019-11-11 00:00:00+00:00,0.00166891
2019-11-12 00:00:00+00:00,-0.00958023
2019-11-13 00:00:00+00:00,-0.00532710
2019-11-14 00:00:00+00:00,0.00267782
2019-11-18 00:00:00+00:00,0.00192100
2019-11-19 00:00:00+00:00,-0.00706135
2019-11-21 00:00:00+00:00,0.02985918
2019-11-22 00:00:00+00:00,0.00813424
2019-11-25 00:00:00+00:00,0.00350408
2019-11-26 00:00:00+00:00,-0.01199173
2019-11-27 00:00:00+00:00,0.01841518
2019-11-28 00:00:00+00:00,0.00125046
2019-11-29 00:00:00+00:00,0.00175771
2019-12-02 00:00:00+00:00,0.00821905
2019-12-03 00:00:00+00:00,0.00004580
2019-12-04 00:00:00+00:00,0.01135739
2019-12-05 00:00:00+00:00,0.00416591
2019-12-06 00:00:00+00:00,0.00333694
2019-12-09 00:00:00+00:00,-0.00197753
2019-12-10 00:00:00+00:00,-0.00603611
2019-12-11 00:00:00+00:00,0.00711276
2019-12-12 00:00:00+00:00,0.01111111
2019-12-13 00:00:00+00:00,0.00195756
2019-12-16 00:00:00+00:00,0.05799032
2019-12-17 00:00:00+00:00,0.00026462
2019-12-18 00:00:00+00:00,0.01349206
2019-12-19 00:00:00+00:00,0.00648221
2019-12-20 00:00:00+00:00,-0.00051869
2019-12-23 00:00:00+00:00,0.00549237
2019-12-26 00:00:00+00:00,0.01040860
2019-12-27 00:00:00+00:00,0.00131960
2019-12-30 00:00:00+00:00,-0.01296603
2020-01-02 00:00:00+00:00,0.02424843
2020-01-03 00:00:00+00:00,-0.00412094
2020-01-06 00:00:00+00:00,-0.00962716
2020-01-07 00:00:00+00:00,-0.00490301
2020-01-08 00:00:00+00:00,-0.00197087
2020-01-09 00:00:00+00:00,-0.00141667
2020-01-10 00:00:00+00:00,-0.00141868
2020-01-13 00:00:00+00:00,0.01325986
2020-01-14 00:00:00+00:00,0.00067981
2020-01-15 00:00:00+00:00,-0.00853431
2020-01-16 00:00:00+00:00,-0.00012847
2020-01-17 00:00:00+00:00,0.01451944
2020-01-20 00:00:00+00:00,0.00329295
2020-01-21 00:00:00+00:00,-0.01152956
2020-01-22 00:00:00+00:00,0.00859904
2020-01-23 00:00:00+00:00,0.01118474
2020-01-24 00:00:00+00:00,-0.01047667
2020-01-27 00:00:00+00:00,-0.03188932
2020-01-28 00:00:00+00:00,0.01773343
2020-01-29 00:00:00+00:00,-0.01207295
2020-01-30 00:00:00+00:00,0.00186341
2020-01-31 00:00:00+00:00,-0.01682599
2020-02-03 00:00:00+00:00,0.01249450
2020-02-04 00:00:00+00:00,0.00582254
2020-02-05 00:00:00+00:00,0.00466364
2020-02-06 00:00:00+00:00,-0.00928753
2020-02-07 00:00:00+00:00,-0.01367128
2020-02-10 00:00:00+00:00,-0.01896506
2020-02-11 00:00:00+00:00,0.05210091
2020-02-12 00:00:00+00:00,0.01015753
2020-02-13 00:00:00+00:00,-0.00954410
2020-02-14 00:00:00+00:00,-0.01071152
2020-02-17 00:00:00+00:00,0.00456581
2020-02-18 00:00:00+00:00,0.00077915
2020-02-19 00:00:00+00:00,0.00834775
2020-02-20 00:00:00+00:00,-0.01145284
2020-02-21 00:00:00+00:00,-0.01180248
2020-02-26 00:00:00+00:00,-0.06564503
2020-02-27 00:00:00+00:00,-0.03031157
2020-02-28 00:00:00+00:00,0.01260056
2020-03-02 00:00:00+00:00,0.02617976
2020-03-03 00:00:00+00:00,-0.01739658
2020-03-04 00:00:00+00:00,0.02268844
2020-03-05 00:00:00+00:00,-0.05490578
2020-03-06 00:00:00+00:00,-0.03162599
2020-03-09 00:00:00+00:00,-0.09843298
2020-03-10 00:00:00+00:00,0.03813702
2020-03-11 00:00:00+00:00,-0.10229736
2020-03-13 00:00:00+00:00,-0.04231048
2020-03-17 00:00:00+00:00,-0.09838029
2020-03-18 00:00:00+00:00,-0.03550958
2020-03-19 00:00:00+00:00,-0.02391651
2020-03-20 00:00:00+00:00,-0.00801901
2020-03-23 00:00:00+00:00,-0.04229042
2020-03-24 00:00:00+00:00,0.08487691
2020-03-25 00:00:00+00:00,0.06973561
2020-03-26 00:00:00+00:00,0.03454778
2020-03-27 00:00:00+00:00,-0.03274313
2020-03-30 00:00:00+00:00,-0.00047109
2020-03-31 00:00:00+00:00,-0.01683275
2020-04-02 00:00:00+00:00,-0.02499658
2020-04-03 00:00:00+00:00,-0.02788509
2020-04-06 00:00:00+00:00,0.05361272
2020-04-07 00:00:00+00:00,0.04944452
2020-04-08 00:00:00+00:00,0.01018811
2020-04-09 00:00:00+00:00,0.01041397
2020-04-13 00:00:00+00:00,-0.00377697
2020-04-14 00:00:00+00:00,-0.11885264
2020-04-15 00:00:00+00:00,-0.03034056
2020-04-16 00:00:00+00:00,-0.00542784
2020-04-17 00:00:00+00:00,0.01637239
2020-04-20 00:00:00+00:00,0.00777006
2020-04-22 00:00:00+00:00,0.00206858
2020-04-23 00:00:00+00:00,0.00275241
2020-04-24 00:00:00+00:00,-0.04903306
2020-04-27 00:00:00+00:00,0.02728943
2020-04-28 00:00:00+00:00,0.03927203
2020-04-29 00:00:00+00:00,0.02254992
2020-04-30 00:00:00+00:00,-0.03184713
2020-05-04 00:00:00+00:00,-0.02693644
2020-05-05 00:00:00+00:00,0.02034698
2020-05-07 00:00:00+00:00,-0.01506532
2020-05-08 00:00:00+00:00,0.02430820
2020-05-11 00:00:00+00:00,-0.00594832
2020-05-12 00:00:00+00:00,0.00018700
2020-05-13 00:00:00+00:00,-0.02231086
2020-05-14 00:00:00+00:00,0.00930648
2020-05-15 00:00:00+00:00,-0.01793609
2020-05-18 00:00:00+00:00,0.03562701
2020-05-19 00:00:00+00:00,0.00223547
2020-05-20 00:00:00+00:00,0.00285006
2020-05-21 00:00:00+00:00,0.02644260
2020-05-22 00:00:00+00:00,-0.01348261
2020-05-25 00:00:00+00:00,0.04209884
2020-05-26 00:00:00+00:00,0.00444965
2020-05-27 00:00:00+00:00,0.02459781
2020-05-28 00:00:00+00:00,-0.01183297
2020-05-29 00:00:00+00:00,0.00460564
2020-06-01 00:00:00+00:00,0.01724928
2020-06-02 00:00:00+00:00,0.02259028
2020-06-03 00:00:00+00:00,0.02093433
2020-06-04 00:00:00+00:00,0.01149363
2020-06-05 00:00:00+00:00,0.01093625
2020-06-08 00:00:00+00:00,0.02955145
2020-06-09 00:00:00+00:00,-0.00907227
2020-06-10 00:00:00+00:00,-0.00977603
2020-06-12 00:00:00+00:00,-0.03923056
2020-06-15 00:00:00+00:00,-0.01446124
2020-06-16 00:00:00+00:00,0.03276699
2020-06-17 00:00:00+00:00,0.12080200
2020-06-18 00:00:00+00:00,0.02090629
2020-06-19 00:00:00+00:00,0.00051975
2020-06-22 00:00:00+00:00,-0.01033766
2020-06-24 00:00:00+00:00,-0.00209963
2020-06-25 00:00:00+00:00,0.00289306
2020-06-26 00:00:00+00:00,-0.00430085
2020-06-29 00:00:00+00:00,-0.00337126
2020-06-30 00:00:00+00:00,0.00739958
2020-07-01 00:00:00+00:00,0.01065058
2020-07-02 00:00:00+00:00,0.00150548
2020-07-03 00:00:00+00:00,0.00191789
2020-07-06 00:00:00+00:00,0.02462621
2020-07-07 00:00:00+00:00,-0.01151224
2020-07-08 00:00:00+00:00,0.02135159
2020-07-09 00:00:00+00:00,-0.00800200
2020-07-10 00:00:00+00:00,0.00584825
2020-07-13 00:00:00+00:00,0.01082652
2020-07-20 00:00:00+00:00,0.02097486
2020-07-21 00:00:00+00:00,0.02316659
2020-07-22 00:00:00+00:00,-0.00783215
2020-07-23 00:00:00+00:00,-0.02167257
2020-07-24 00:00:00+00:00,0.00122255
2020-07-27 00:00:00+00:00,0.01899971
2020-07-29 00:00:00+00:00,0.01337296
2020-07-30 00:00:00+00:00,-0.00766247
2020-08-03 00:00:00+00:00,-0.01153480
2020-08-04 00:00:00+00:00,-0.02546051
2020-08-05 00:00:00+00:00,0.01924723
2020-08-06 00:00:00+00:00,0.00868932
2020-08-07 00:00:00+00:00,-0.00957698
2020-08-10 00:00:00+00:00,0.00335277
2020-08-11 00:00:00+00:00,0.07230374
2020-08-12 00:00:00+00:00,-0.00332291
2020-08-13 00:00:00+00:00,0.00353010
2020-08-17 00:00:00+00:00,-0.01211647
2020-08-18 00:00:00+00:00,0.00108803
2020-08-19 00:00:00+00:00,-0.00108685
2020-08-20 00:00:00+00:00,0.00361029
2020-08-21 00:00:00+00:00,0.00083773
2020-08-24 00:00:00+00:00,0.00492368
2020-08-25 00:00:00+00:00,0.00230279
2020-08-26 00:00:00+00:00,-0.01794007
2020-08-27 00:00:00+00:00,0.00398208
2020-08-28 00:00:00+00:00,0.01239465
2020-08-31 00:00:00+00:00,-0.02056807
2020-09-01 00:00:00+00:00,0.02255000
2020-09-02 00:00:00+00:00,-0.00845924
2020-09-03 00:00:00+00:00,-0.01070125
2020-09-04 00:00:00+00:00,0.01141518
2020-09-10 00:00:00+00:00,-0.03070478
2020-09-11 00:00:00+00:00,0.00116947
2020-09-14 00:00:00+00:00,0.02006094
2020-09-15 00:00:00+00:00,-0.00224048
2020-09-16 00:00:00+00:00,0.00548902
2020-09-18 00:00:00+00:00,-0.02729529
2020-09-21 00:00:00+00:00,-0.00918367
2020-09-22 00:00:00+00:00,0.00324408
2020-09-23 00:00:00+00:00,-0.01365293
2020-09-25 00:00:00+00:00,0.01061560
2020-09-28 00:00:00+00:00,-0.01977241
2020-09-30 00:00:00+00:00,-0.00761675
2020-10-01 00:00:00+00:00,0.00926318
2020-10-02 00:00:00+00:00,-0.02239471
2020-10-05 00:00:00+00:00,0.01394850
2020-10-06 00:00:00+00:00,0.00783069
2020-10-07 00:00:00+00:00,0.00319991
2020-10-08 00:00:00+00:00,0.02161172
2020-10-09 00:00:00+00:00,-0.00133176
2020-10-13 00:00:00+00:00,-0.03333846
2020-10-15 00:00:00+00:00,0.00010148
2020-10-16 00:00:00+00:00,-0.00142060
2020-10-19 00:00:00+00:00,0.00391220
2020-10-20 00:00:00+00:00,0.01887747
2020-10-21 00:00:00+00:00,0.00188754
2020-10-22 00:00:00+00:00,0.01224591
2020-10-23 00:00:00+00:00,-0.00460401
2020-10-26 00:00:00+00:00,-0.01609014
2020-10-27 00:00:00+00:00,-0.00220044
2020-10-28 00:00:00+00:00,-0.03503408
2020-10-30 00:00:00+00:00,-0.01189425
2020-11-03 00:00:00+00:00,0.00294365
2020-11-05 00:00:00+00:00,0.05592243
2020-11-06 00:00:00+00:00,0.00228322
2020-11-09 00:00:00+00:00,0.02674194
2020-11-10 00:00:00+00:00,0.00583611
2020-11-11 00:00:00+00:00,0.00517886
2020-11-12 00:00:00+00:00,-0.02280317
2020-11-13 00:00:00+00:00,0.02240773
2020-11-16 00:00:00+00:00,0.00797402
2020-11-17 00:00:00+00:00,0.01942207
2020-11-18 00:00:00+00:00,-0.00492565
2020-11-19 00:00:00+00:00,-0.00368918
2020-11-20 00:00:00+00:00,-0.00674947
2020-11-23 00:00:00+00:00,0.00608749
2020-11-24 00:00:00+00:00,0.03062852
2020-11-25 00:00:00+00:00,0.00213899
2020-11-26 00:00:00+00:00,-0.00585831
2020-11-27 00:00:00+00:00,0.01502901
2020-11-30 00:00:00+00:00,-0.01341134
2020-12-01 00:00:00+00:00,0.01728857
2020-12-03 00:00:00+00:00,0.01071701
2020-12-04 00:00:00+00:00,0.00887311
2020-12-07 00:00:00+00:00,0.00466139
2020-12-08 00:00:00+00:00,-0.00131314
2020-12-09 00:00:00+00:00,-0.00951087
2020-12-10 00:00:00+00:00,0.01853931
2020-12-11 00:00:00+00:00,0.00186802
2020-12-14 00:00:00+00:00,-0.00138756
2020-12-15 00:00:00+00:00,0.00699088
2020-12-16 00:00:00+00:00,0.12045192
2020-12-18 00:00:00+00:00,0.01516323
2020-12-21 00:00:00+00:00,-0.01840647
2020-12-22 00:00:00+00:00,0.00525907
2020-12-23 00:00:00+00:00,0.01102058
2020-12-28 00:00:00+00:00,0.00576833
2020-12-29 00:00:00+00:00,0.00856071
2020-12-30 00:00:00+00:00,-0.00284328
2021-01-04 00:00:00+00:00,-0.00285139
2021-01-05 00:00:00+00:00,0.00386880
2021-01-06 00:00:00+00:00,-0.00092158
2021-01-07 00:00:00+00:00,0.02851153
2021-01-08 00:00:00+00:00,0.01956788
2021-01-11 00:00:00+00:00,-0.01595362
2021-01-12 00:00:00+00:00,0.00991427
2021-01-13 00:00:00+00:00,-0.01931201
2021-01-14 00:00:00+00:00,0.01046154
2021-01-15 00:00:00+00:00,-0.02241169
2021-01-18 00:00:00+00:00,0.01420384
2021-01-19 00:00:00+00:00,-0.01158886
2021-01-20 00:00:00+00:00,-0.00870034
2021-01-21 00:00:00+00:00,-0.00522422
2021-01-22 00:00:00+00:00,-0.01394841
2021-01-26 00:00:00+00:00,-0.01073711
2021-01-27 00:00:00+00:00,-0.00267034
2021-01-28 00:00:00+00:00,0.02496113
2021-01-29 00:00:00+00:00,-0.02881942
2021-02-01 00:00:00+00:00,0.00819957
2021-02-02 00:00:00+00:00,0.01794397
2021-02-03 00:00:00+00:00,0.00625634
2021-02-04 00:00:00+00:00,0.00151235
2021-02-05 00:00:00+00:00,0.00763423
2021-02-08 00:00:00+00:00,-0.00287436
2021-02-09 00:00:00+00:00,-0.00020873
2021-02-11 00:00:00+00:00,0.00430081
2021-02-12 00:00:00+00:00,0.01550807
2021-02-17 00:00:00+00:00,0.00802340
2021-02-18 00:00:00+00:00,-0.01090291
2021-02-19 00:00:00+00:00,-0.00528103
2021-02-23 00:00:00+00:00,-0.03139089
2021-02-24 00:00:00+00:00,0.00878719
2021-02-25 00:00:00+00:00,-0.02988357
2021-02-26 00:00:00+00:00,-0.02195848
2021-03-01 00:00:00+00:00,0.00122711
2021-03-02 00:00:00+00:00,0.01389015
2021-03-03 00:00:00+00:00,-0.00429799
2021-03-04 00:00:00+00:00,0.01321942
2021-03-05 00:00:00+00:00,0.02285435
2021-03-09 00:00:00+00:00,-0.03488221
2021-03-12 00:00:00+00:00,0.02638795
2021-03-15 00:00:00+00:00,0.00683252
2021-03-16 00:00:00+00:00,-0.00843919
2021-03-17 00:00:00+00:00,0.02364657
2021-03-18 00:00:00+00:00,-0.01371448
2021-03-19 00:00:00+00:00,0.00947291
2021-03-22 00:00:00+00:00,-0.00882442
2021-03-23 00:00:00+00:00,-0.01450534
2021-03-24 00:00:00+00:00,-0.01255949
2021-03-25 00:00:00+00:00,0.01490606
2021-03-26 00:00:00+00:00,0.01033376
2021-03-29 00:00:00+00:00,0.00443942
2021-03-30 00:00:00+00:00,0.01273941
2021-03-31 00:00:00+00:00,-0.00201095
2021-04-01 00:00:00+00:00,-0.01226152
2021-04-05 00:00:00+00:00,0.02031338
2021-04-06 00:00:00+00:00,-0.00187178
2021-04-07 00:00:00+00:00,0.00259984
2021-04-08 00:00:00+00:00,0.00692728
2021-04-09 00:00:00+00:00,-0.00531915
2021-04-12 00:00:00+00:00,0.00920974
2021-04-13 00:00:00+00:00,0.00328021
2021-04-14 00:00:00+00:00,0.02301361
2021-04-15 00:00:00+00:00,0.00331359
2021-04-16 00:00:00+00:00,0.00421087
2021-04-19 00:00:00+00:00,-0.00221994
2021-04-20 00:00:00+00:00,-0.00889951
2021-04-22 00:00:00+00:00,-0.00444814
2021-04-23 00:00:00+00:00,0.01039753
2021-04-26 00:00:00+00:00,-0.00053726
2021-04-27 00:00:00+00:00,-0.00177804
2021-04-28 00:00:00+00:00,0.00459799
2021-04-29 00:00:00+00:00,-0.00531915
2021-05-03 00:00:00+00:00,-0.00941011
2021-05-04 00:00:00+00:00,-0.00510546
2021-05-05 00:00:00+00:00,0.00580466
2021-05-06 00:00:00+00:00,0.00046002
2021-05-07 00:00:00+00:00,0.01404506
2021-05-10 00:00:00+00:00,0.01203677
2021-05-11 00:00:00+00:00,0.00118121
2021-05-12 00:00:00+00:00,-0.01794142
2021-05-13 00:00:00+00:00,-0.00099424
2021-05-14 00:00:00+00:00,0.01015965
2021-05-17 00:00:00+00:00,0.01186371
2021-05-18 00:00:00+00:00,-0.00097367
2021-05-19 00:00:00+00:00,0.00060914
2021-05-20 00:00:00+00:00,-0.00121753
2021-05-24 00:00:00+00:00,0.01109305
2021-05-26 00:00:00+00:00,-0.00217016
2021-05-27 00:00:00+00:00,0.00306094
2021-05-28 00:00:00+00:00,0.00983738
2021-05-31 00:00:00+00:00,0.00091451
2021-06-02 00:00:00+00:00,0.01898860
2021-06-03 00:00:00+00:00,0.01001910
2021-06-04 00:00:00+00:00,0.00397561
2021-06-07 00:00:00+00:00,0.00642036
2021-06-08 00:00:00+00:00,-0.00026740
2021-06-09 00:00:00+00:00,-0.00596080
2021-06-14 00:00:00+00:00,-0.00077009
2021-06-15 00:00:00+00:00,0.07866595
2021-06-16 00:00:00+00:00,-0.00230645
2021-06-17 00:00:00+00:00,-0.00992766
2021-06-18 00:00:00+00:00,0.00244850
2021-06-21 00:00:00+00:00,0.00748265
2021-06-23 00:00:00+00:00,-0.00692681
2021-06-24 00:00:00+00:00,0.00802139
2021-06-25 00:00:00+00:00,-0.01553070
2021-06-28 00:00:00+00:00,-0.00027334
2021-06-29 00:00:00+00:00,-0.00136708
2021-06-30 00:00:00+00:00,-0.00375484
2021-07-01 00:00:00+00:00,-0.00537867
2021-07-02 00:00:00+00:00,0.01192074
2021-07-06 00:00:00+00:00,-0.01977688
2021-07-07 00:00:00+00:00,0.01476382
2021-07-08 00:00:00+00:00,-0.01294118
2021-07-12 00:00:00+00:00,0.01799762
2021-07-13 00:00:00+00:00,-0.00597120
2021-07-14 00:00:00+00:00,0.02080879
2021-07-15 00:00:00+00:00,-0.01534615
2021-07-16 00:00:00+00:00,0.00101559
2021-07-19 00:00:00+00:00,-0.02797830
2021-07-20 00:00:00+00:00,0.00915295
2021-07-21 00:00:00+00:00,0.00453497
2021-07-22 00:00:00+00:00,-0.00340567
2021-07-26 00:00:00+00:00,0.00317889
2021-07-27 00:00:00+00:00,-0.00998178
2021-07-28 00:00:00+00:00,0.01168280
2021-07-29 00:00:00+00:00,-0.00711856
2021-07-30 00:00:00+00:00,-0.02569107
2021-08-02 00:00:00+00:00,0.00654102
2021-08-03 00:00:00+00:00,0.00085293
2021-08-05 00:00:00+00:00,-0.01631361
2021-08-06 00:00:00+00:00,0.00288779
2021-08-09 00:00:00+00:00,0.01427396
2021-08-10 00:00:00+00:00,0.00004056
2021-08-11 00:00:00+00:00,-0.01062698
2021-08-12 00:00:00+00:00,-0.00856663
2021-08-13 00:00:00+00:00,-0.00487845
2021-08-16 00:00:00+00:00,0.00058164
2021-08-17 00:00:00+00:00,-0.11675801
2021-08-19 00:00:00+00:00,0.00255102
2021-08-20 00:00:00+00:00,0.00801527
2021-08-23 00:00:00+00:00,-0.00399680
2021-08-24 00:00:00+00:00,0.01562896
2021-08-25 00:00:00+00:00,0.00777741
2021-08-26 00:00:00+00:00,-0.01345384
2021-08-27 00:00:00+00:00,0.01480862
2021-08-30 00:00:00+00:00,-0.00709015
2021-09-02 00:00:00+00:00,-0.01830863
2021-09-03 00:00:00+00:00,-0.01247568
2021-09-06 00:00:00+00:00,0.01044923
2021-09-08 00:00:00+00:00,-0.02352193
2021-09-09 00:00:00+00:00,0.00889757
2021-09-10 00:00:00+00:00,-0.00288234
2021-09-16 00:00:00+00:00,-0.01350419
2021-09-17 00:00:00+00:00,-0.02164881
2021-09-20 00:00:00+00:00,-0.02887796
2021-09-21 00:00:00+00:00,0.01818266
2021-09-23 00:00:00+00:00,0.02956734
2021-09-24 00:00:00+00:00,-0.00487419
2021-09-27 00:00:00+00:00,0.00445680
2021-09-29 00:00:00+00:00,-0.02495277
2021-09-30 00:00:00+00:00,-0.00004506
2021-10-04 00:00:00+00:00,0.00135172
2021-10-05 00:00:00+00:00,-0.00769438
2021-10-06 00:00:00+00:00,0.00235796
2021-10-07 00:00:00+00:00,0.00262384
2021-10-08 00:00:00+00:00,0.02007658
2021-10-13 00:00:00+00:00,0.00933257
2021-10-14 00:00:00+00:00,-0.04618755
2021-10-15 00:00:00+00:00,0.02563541
2021-10-18 00:00:00+00:00,-0.00224700
2021-10-19 00:00:00+00:00,-0.06368353
2021-10-20 00:00:00+00:00,-0.00678874
2021-10-21 00:00:00+00:00,-0.05314140
2021-10-22 00:00:00+00:00,-0.02524810
2021-10-25 00:00:00+00:00,0.03655633
2021-10-26 00:00:00+00:00,-0.03338713
2021-10-27 00:00:00+00:00,0.00107256
2021-10-28 00:00:00+00:00,-0.02620780
2021-10-29 00:00:00+00:00,-0.02814632
2021-11-01 00:00:00+00:00,0.04034844
2021-11-02 00:00:00+00:00,0.00000000
2021-11-03 00:00:00+00:00,0.01059839
2021-11-04 00:00:00+00:00,-0.05547289
2021-11-05 00:00:00+00:00,0.02951214
2021-11-08 00:00:00+00:00,-0.00406504
2021-11-09 00:00:00+00:00,0.01707537
2021-11-10 00:00:00+00:00,0.01751585
2021-11-11 00:00:00+00:00,0.00588453
2021-11-12 00:00:00+00:00,-0.01232687
2021-11-15 00:00:00+00:00,0.00000000
2021-11-16 00:00:00+00:00,-0.02150236
2021-11-17 00:00:00+00:00,-0.04385348
2021-11-18 00:00:00+00:00,-0.01035217
2021-11-22 00:00:00+00:00,-0.00184762
2021-11-23 00:00:00+00:00,-0.00029227
2021-11-24 00:00:00+00:00,0.02129318
2021-11-26 00:00:00+00:00,-0.01836832
2021-11-29 00:00:00+00:00,0.00111786
2021-12-02 00:00:00+00:00,0.00000000
2021-12-03 00:00:00+00:00,0.02315759
2021-12-06 00:00:00+00:00,0.01845789
2021-12-07 00:00:00+00:00,0.00577712
2021-12-09 00:00:00+00:00,-0.01533259
2021-12-13 00:00:00+00:00,0.04266830
2021-12-14 00:00:00+00:00,0.01077292
2021-12-15 00:00:00+00:00,0.00596036
2021-12-16 00:00:00+00:00,0.00895646
2021-12-17 00:00:00+00:00,-0.01160832
2021-12-20 00:00:00+00:00,-0.02008106
2021-12-22 00:00:00+00:00,-0.00094003
2021-12-23 00:00:00+00:00,-0.00221114
2021-12-27 00:00:00+00:00,0.00565798
2021-12-28 00:00:00+00:00,-0.00642318
2021-12-29 00:00:00+00:00,-0.00721971
2021-12-30 00:00:00+00:00,0.00589382
2021-12-31 00:00:00+00:00,0.00000000
2022-01-03 00:00:00+00:00,-0.00874167
2022-01-04 00:00:00+00:00,-0.00467156
2022-01-05 00:00:00+00:00,-0.02452107
2022-01-06 00:00:00+00:00,0.00500786
2022-01-07 00:00:00+00:00,0.00962384
2022-01-10 00:00:00+00:00,-0.00541927
2022-01-11 00:00:00+00:00,0.01756264
2022-01-13 00:00:00+00:00,0.01568177
2022-01-14 00:00:00+00:00,0.01402749
2022-01-18 00:00:00+00:00,-0.00269241
2022-01-20 00:00:00+00:00,0.02494880
2022-01-21 00:00:00+00:00,-0.00599455
2022-01-24 00:00:00+00:00,-0.00772113
2022-01-26 00:00:00+00:00,0.03637368
2022-01-27 00:00:00+00:00,0.00581989
2022-01-28 00:00:00+00:00,-0.00795053
2022-01-31 00:00:00+00:00,0.00338379
2022-02-01 00:00:00+00:00,0.00878594
2022-02-02 00:00:00+00:00,-0.01341603
2022-02-04 00:00:00+00:00,0.00227384
2022-02-07 00:00:00+00:00,-0.00155694
2022-02-08 00:00:00+00:00,0.00164847
2022-02-09 00:00:00+00:00,0.00142336
2022-02-10 00:00:00+00:00,0.02154215
2022-02-11 00:00:00+00:00,0.06482891
2022-02-14 00:00:00+00:00,0.00586319
2022-02-15 00:00:00+00:00,0.00476355
2022-02-16 00:00:00+00:00,0.00810275
2022-02-17 00:00:00+00:00,-0.01654553
2022-02-18 00:00:00+00:00,-0.00621658
2022-02-23 00:00:00+00:00,-0.01093613
2022-02-24 00:00:00+00:00,-0.00291906
2022-02-25 00:00:00+00:00,0.01401703
2022-02-28 00:00:00+00:00,0.00000000
2022-03-01 00:00:00+00:00,0.00000000
2022-03-02 00:00:00+00:00,0.01793526
2022-03-04 00:00:00+00:00,-0.00567254
2022-03-07 00:00:00+00:00,-0.03103120
2022-03-08 00:00:00+00:00,0.00107047
2022-03-10 00:00:00+00:00,0.01488148
2022-03-11 00:00:00+00:00,-0.01141452
2022-03-14 00:00:00+00:00,-0.01563194
2022-03-15 00:00:00+00:00,-0.01087251
2022-03-17 00:00:00+00:00,0.02093501
2022-03-18 00:00:00+00:00,0.03600786
2022-03-22 00:00:00+00:00,0.01815438
2022-03-23 00:00:00+00:00,0.00004235
2022-03-24 00:00:00+00:00,0.01435711
2022-03-28 00:00:00+00:00,-0.00200409
2022-03-29 00:00:00+00:00,0.00882734
2022-03-31 00:00:00+00:00,-0.00157585
2022-04-04 00:00:00+00:00,0.00984383
2022-04-05 00:00:00+00:00,-0.00324929
2022-04-06 00:00:00+00:00,-0.02269539
2022-04-08 00:00:00+00:00,0.00337781
2022-04-11 00:00:00+00:00,0.00061017
2022-04-12 00:00:00+00:00,-0.00418445
2022-04-13 00:00:00+00:00,0.00375860
2022-04-14 00:00:00+00:00,-0.00748906
2022-04-18 00:00:00+00:00,-0.00211954
2022-04-19 00:00:00+00:00,-0.00603229
2022-04-20 00:00:00+00:00,-0.00760749
2022-04-21 00:00:00+00:00,0.00000000
2022-04-22 00:00:00+00:00,-0.02980189
2022-04-26 00:00:00+00:00,-0.01855469
2022-04-27 00:00:00+00:00,0.00330167
2022-04-28 00:00:00+00:00,0.00302033
2022-04-29 00:00:00+00:00,-0.02184270
2022-05-03 00:00:00+00:00,-0.00620290
2022-05-04 00:00:00+00:00,0.01373156
2022-05-05 00:00:00+00:00,-0.03110462
2022-05-06 00:00:00+00:00,0.00042365
2022-05-09 00:00:00+00:00,-0.01773867
2022-05-10 00:00:00+00:00,-0.00220349
2022-05-11 00:00:00+00:00,0.01238598
2022-05-12 00:00:00+00:00,0.01379932
2022-05-16 00:00:00+00:00,0.01520183
2022-05-17 00:00:00+00:00,0.01211758
2022-05-18 00:00:00+00:00,-0.02594801
2022-05-19 00:00:00+00:00,0.00621582
2022-05-20 00:00:00+00:00,0.01555968
2022-05-24 00:00:00+00:00,0.01760805
2022-05-25 00:00:00+00:00,0.00026966
2022-05-26 00:00:00+00:00,0.01127786
2022-05-27 00:00:00+00:00,-0.00039988
2022-05-31 00:00:00+00:00,-0.00462263
2022-06-01 00:00:00+00:00,-0.00500134
2022-06-02 00:00:00+00:00,0.01148909
2022-06-03 00:00:00+00:00,-0.00909575
2022-06-06 00:00:00+00:00,-0.01025388
2022-06-07 00:00:00+00:00,-0.00266920
2022-06-08 00:00:00+00:00,-0.01578589
2022-06-10 00:00:00+00:00,0.09593492
2022-06-17 00:00:00+00:00,-0.11687851
2022-06-21 00:00:00+00:00,-0.00722536
2022-06-22 00:00:00+00:00,-0.00399566
2022-06-23 00:00:00+00:00,-0.02827204
2022-06-24 00:00:00+00:00,0.01283272
2022-06-28 00:00:00+00:00,0.01325097
2022-06-29 00:00:00+00:00,-0.02169229
2022-06-30 00:00:00+00:00,-0.01188001
2022-07-01 00:00:00+00:00,0.00490933
2022-07-05 00:00:00+00:00,-0.01530409
2022-07-06 00:00:00+00:00,0.01245380
2022-07-07 00:00:00+00:00,0.02105105
2022-07-11 00:00:00+00:00,-0.02468168
2022-07-12 00:00:00+00:00,-0.00210886
2022-07-13 00:00:00+00:00,-0.00442790
2022-07-14 00:00:00+00:00,-0.01920550
2022-07-18 00:00:00+00:00,0.01061527
2022-07-19 00:00:00+00:00,0.00948399
2022-07-21 00:00:00+00:00,-0.00494999
2022-07-25 00:00:00+00:00,0.02776650
2022-07-27 00:00:00+00:00,-0.00523534
2022-07-28 00:00:00+00:00,0.02561938
2022-07-29 00:00:00+00:00,0.00488938
2022-08-01 00:00:00+00:00,-0.00997206
2022-08-02 00:00:00+00:00,0.01026714
2022-08-03 00:00:00+00:00,0.00467200
2022-08-04 00:00:00+00:00,0.02080637
2022-08-05 00:00:00+00:00,0.00295872
2022-08-08 00:00:00+00:00,0.01994756
2022-08-09 00:00:00+00:00,0.00105592
2022-08-10 00:00:00+00:00,0.01444623
2022-08-11 00:00:00+00:00,-0.00470163
2022-08-12 00:00:00+00:00,0.03838118
2022-08-19 00:00:00+00:00,-0.03145094
2022-08-22 00:00:00+00:00,-0.01746956
2022-08-23 00:00:00+00:00,0.04169633
2022-08-25 00:00:00+00:00,0.00854552
2022-08-26 00:00:00+00:00,-0.02083876
2022-08-29 00:00:00+00:00,-0.00078951
2022-08-30 00:00:00+00:00,-0.03580518
2022-08-31 00:00:00+00:00,-0.01353525
2022-09-01 00:00:00+00:00,0.01322180
2022-09-02 00:00:00+00:00,0.00603163
2022-09-06 00:00:00+00:00,-0.02320816
2022-09-07 00:00:00+00:00,0.00031550
2022-09-08 00:00:00+00:00,0.00446067
2022-09-09 00:00:00+00:00,0.04145124
2022-09-12 00:00:00+00:00,0.02066079
2022-09-13 00:00:00+00:00,-0.04988662
2022-09-14 00:00:00+00:00,-0.00344288
2022-09-15 00:00:00+00:00,-0.01267524
2022-09-16 00:00:00+00:00,-0.01451366
2022-09-19 00:00:00+00:00,0.03908839
2022-09-20 00:00:00+00:00,0.02185792
2022-09-21 00:00:00+00:00,-0.01339502
2022-09-22 00:00:00+00:00,0.01876248
2022-09-23 00:00:00+00:00,-0.03004082
2022-09-26 00:00:00+00:00,-0.04479148
2022-09-27 00:00:00+00:00,-0.01272636
2022-09-28 00:00:00+00:00,0.00013771
2022-09-29 00:00:00+00:00,-0.01532743
2022-09-30 00:00:00+00:00,0.04472504
2022-10-03 00:00:00+00:00,0.10217195
2022-10-04 00:00:00+00:00,0.01039456
2022-10-05 00:00:00+00:00,0.01598800
2022-10-06 00:00:00+00:00,0.02419732
2022-10-07 00:00:00+00:00,-0.02022388
2022-10-10 00:00:00+00:00,-0.01088647
2022-10-11 00:00:00+00:00,-0.02180620
2022-10-12 00:00:00+00:00,0.00000000
2022-10-13 00:00:00+00:00,-0.00991029
2022-10-14 00:00:00+00:00,-0.04125349
2022-10-17 00:00:00+00:00,0.02940532
2022-10-18 00:00:00+00:00,0.03688826
2022-10-19 00:00:00+00:00,0.00831424
2022-10-20 00:00:00+00:00,0.01389886
2022-10-21 00:00:00+00:00,0.05131325
2022-10-24 00:00:00+00:00,-0.07078849
2022-10-25 00:00:00+00:00,-0.02785905
2022-10-26 00:00:00+00:00,-0.03362284
2022-10-27 00:00:00+00:00,0.03349220
2022-10-28 00:00:00+00:00,0.00141935
2022-10-31 00:00:00+00:00,0.02351070
2022-11-01 00:00:00+00:00,0.01397799
2022-11-02 00:00:00+00:00,0.00000000
2022-11-03 00:00:00+00:00,-0.00050633
2022-11-04 00:00:00+00:00,0.01797999
2022-11-07 00:00:00+00:00,-0.04990797
2022-11-08 00:00:00+00:00,0.01372566
2022-11-09 00:00:00+00:00,-0.04503238
2022-11-10 00:00:00+00:00,-0.06902262
2022-11-11 00:00:00+00:00,0.04620105
2022-11-14 00:00:00+00:00,0.01376268
2022-11-15 00:00:00+00:00,0.00000000
2022-11-16 00:00:00+00:00,-0.05458927
2022-11-17 00:00:00+00:00,-0.01125720
2022-11-18 00:00:00+00:00,-0.01598442
2022-11-21 00:00:00+00:00,0.02104158
2022-11-22 00:00:00+00:00,-0.02258560
2022-11-23 00:00:00+00:00,0.00191868
2022-11-25 00:00:00+00:00,0.01086212
2022-11-28 00:00:00+00:00,-0.01403810
2022-11-29 00:00:00+00:00,0.03968000
2022-11-30 00:00:00+00:00,0.00865238
2022-12-01 00:00:00+00:00,-0.01146067
2022-12-02 00:00:00+00:00,0.03101993
2022-12-05 00:00:00+00:00,-0.06136962
2022-12-06 00:00:00+00:00,0.01664690
2022-12-07 00:00:00+00:00,-0.01302342
2022-12-08 00:00:00+00:00,-0.03138607
2022-12-09 00:00:00+00:00,0.00858034
2022-12-12 00:00:00+00:00,-0.04225160
2022-12-13 00:00:00+00:00,-0.03757158
2022-12-14 00:00:00+00:00,0.00701954
2022-12-15 00:00:00+00:00,-0.00151250
2022-12-16 00:00:00+00:00,-0.02223063
2022-12-19 00:00:00+00:00,0.04113061
2022-12-20 00:00:00+00:00,0.04246543
2022-12-21 00:00:00+00:00,0.00601331
2022-12-22 00:00:00+00:00,-0.00022883
2022-12-23 00:00:00+00:00,0.04004943
2022-12-27 00:00:00+00:00,-0.02288843
2022-12-28 00:00:00+00:00,0.03577103
2022-12-29 00:00:00+00:00,-0.01793042
2022-12-30 00:00:00+00:00,-0.00900050
2023-01-03 00:00:00+00:00,-0.09683107
2023-01-04 00:00:00+00:00,0.02815898
2023-01-05 00:00:00+00:00,0.04228914
2023-01-06 00:00:00+00:00,0.02527407
2023-01-09 00:00:00+00:00,-0.00389581
2023-01-10 00:00:00+00:00,0.03485839
2023-01-11 00:00:00+00:00,0.03292732
2023-01-12 00:00:00+00:00,-0.01532113
2023-01-13 00:00:00+00:00,-0.01685393
2023-01-17 00:00:00+00:00,-0.01614846
2023-01-18 00:00:00+00:00,0.03570779
2023-01-19 00:00:00+00:00,0.01104875
2023-01-20 00:00:00+00:00,-0.01551580
2023-01-23 00:00:00+00:00,-0.00580262
2023-01-24 00:00:00+00:00,0.02407712
2023-01-25 00:00:00+00:00,0.02107112
2023-01-26 00:00:00+00:00,-0.00369276
2023-01-27 00:00:00+00:00,-0.03351323
2023-01-30 00:00:00+00:00,-0.00239002
2023-01-31 00:00:00+00:00,0.02348562
2023-02-01 00:00:00+00:00,-0.02991678
2023-02-02 00:00:00+00:00,-0.03585409
2023-02-03 00:00:00+00:00,-0.01408132
2023-02-06 00:00:00+00:00,-0.01126901
2023-02-07 00:00:00+00:00,-0.01916640
2023-02-08 00:00:00+00:00,0.05707805
2023-02-09 00:00:00+00:00,-0.03504621
2023-02-10 00:00:00+00:00,0.00027259
2023-02-13 00:00:00+00:00,0.01394567
2023-02-14 00:00:00+00:00,-0.02345935
2023-02-15 00:00:00+00:00,0.02870573
2023-02-16 00:00:00+00:00,0.01128872
2023-02-17 00:00:00+00:00,-0.01579489
2023-02-21 00:00:00+00:00,0.00000000
2023-02-22 00:00:00+00:00,-0.03815279
2023-02-23 00:00:00+00:00,0.01687046
2023-02-24 00:00:00+00:00,-0.04257830
2023-02-27 00:00:00+00:00,-0.00428485
2023-02-28 00:00:00+00:00,-0.01834220
2023-03-01 00:00:00+00:00,-0.00706514
2023-03-02 00:00:00+00:00,-0.02301839
2023-03-03 00:00:00+00:00,0.00836680
2023-03-06 00:00:00+00:00,0.02037901
2023-03-07 00:00:00+00:00,-0.01291539
2023-03-08 00:00:00+00:00,0.04615750
2023-03-09 00:00:00+00:00,-0.03167610
2023-03-10 00:00:00+00:00,-0.02214474
2023-03-13 00:00:00+00:00,-0.01656698
2023-03-14 00:00:00+00:00,0.00206552
2023-03-15 00:00:00+00:00,-0.02137835
2023-03-16 00:00:00+00:00,0.02285464
2023-03-17 00:00:00+00:00,-0.02446043
2023-03-20 00:00:00+00:00,-0.02587755
2023-03-21 00:00:00+00:00,0.00260660
2023-03-22 00:00:00+00:00,-0.01468277
2023-03-23 00:00:00+00:00,-0.05323194
2023-03-24 00:00:00+00:00,0.02307614
2023-03-27 00:00:00+00:00,0.01326700
2023-03-28 00:00:00+00:00,0.03065402
2023-03-29 00:00:00+00:00,0.01136028
2023-03-30 00:00:00+00:00,0.03750978
2023-03-31 00:00:00+00:00,-0.03898598
2023-04-03 00:00:00+00:00,-0.00641339
2023-04-04 00:00:00+00:00,0.00442022
2023-04-05 00:00:00+00:00,-0.01767478
2023-04-06 00:00:00+00:00,-0.00301383
2023-04-10 00:00:00+00:00,0.02010299
2023-04-11 00:00:00+00:00,0.10692749
2023-04-12 00:00:00+00:00,0.00987039
2023-04-13 00:00:00+00:00,-0.00706844
2023-04-14 00:00:00+00:00,-0.00276370
2023-04-17 00:00:00+00:00,-0.00701075
2023-04-18 00:00:00+00:00,0.00138857
2023-04-19 00:00:00+00:00,-0.04653314
2023-04-20 00:00:00+00:00,0.00880640
2023-04-21 00:00:00+00:00,0.00000000
2023-04-24 00:00:00+00:00,-0.00735398
2023-04-25 00:00:00+00:00,-0.01599167
2023-04-26 00:00:00+00:00,-0.01688206
2023-04-27 00:00:00+00:00,0.01086904
2023-04-28 00:00:00+00:00,0.02377422
2023-05-01 00:00:00+00:00,0.00000000
2023-05-02 00:00:00+00:00,-0.04831923
2023-05-03 00:00:00+00:00,-0.00251877
2023-05-04 00:00:00+00:00,0.00945730
2023-05-05 00:00:00+00:00,0.05903649
2023-05-08 00:00:00+00:00,0.01477417
2023-05-09 00:00:00+00:00,0.02099921
2023-05-10 00:00:00+00:00,0.00382488
2023-05-11 00:00:00+00:00,0.01448875
2023-05-12 00:00:00+00:00,0.00287711
2023-05-15 00:00:00+00:00,0.00994163
2023-05-16 00:00:00+00:00,-0.02023961
2023-05-17 00:00:00+00:00,0.02667889
2023-05-18 00:00:00+00:00,0.01090350
2023-05-19 00:00:00+00:00,0.00855009
2023-05-22 00:00:00+00:00,-0.01093386
2023-05-23 00:00:00+00:00,-0.00419013
2023-05-24 00:00:00+00:00,-0.02117477
2023-05-25 00:00:00+00:00,0.02281334
2023-05-26 00:00:00+00:00,0.01488834
2023-05-30 00:00:00+00:00,-0.04205482
2023-05-31 00:00:00+00:00,-0.00628066
2023-06-01 00:00:00+00:00,0.03824961
2023-06-02 00:00:00+00:00,0.03760483
2023-06-05 00:00:00+00:00,0.00123790
2023-06-06 00:00:00+00:00,0.02469845
2023-06-07 00:00:00+00:00,0.02288972
2023-06-08 00:00:00+00:00,0.00000000
2023-06-09 00:00:00+00:00,0.03090870
2023-06-12 00:00:00+00:00,-0.00118720
2023-06-13 00:00:00+00:00,0.00918914
2023-06-14 00:00:00+00:00,0.03831321
2023-06-15 00:00:00+00:00,0.00444280
2023-06-16 00:00:00+00:00,-0.01079506
2023-06-20 00:00:00+00:00,0.00928524
2023-06-21 00:00:00+00:00,0.01616552
2023-06-22 00:00:00+00:00,-0.02559296
2023-06-23 00:00:00+00:00,0.00057789
2023-06-26 00:00:00+00:00,-0.01374103
2023-06-27 00:00:00+00:00,-0.01250571
2023-06-28 00:00:00+00:00,-0.01534217
2023-06-29 00:00:00+00:00,0.02830785
2023-06-30 00:00:00+00:00,0.00141454
2023-07-05 00:00:00+00:00,0.01354812
2023-07-06 00:00:00+00:00,-0.03537707
2023-07-07 00:00:00+00:00,0.02145132
2023-07-10 00:00:00+00:00,-0.01768956
2023-07-11 00:00:00+00:00,-0.00607457
2023-07-12 00:00:00+00:00,-0.00159530
2023-07-13 00:00:00+00:00,0.02851255
2023-07-14 00:00:00+00:00,-0.02749326
2023-07-17 00:00:00+00:00,0.00021021
2023-07-18 00:00:00+00:00,0.00207004
2023-07-19 00:00:00+00:00,-0.00633894
2023-07-20 00:00:00+00:00,0.00606546
2023-07-21 00:00:00+00:00,0.03832255
2023-07-24 00:00:00+00:00,0.01879637
2023-07-25 00:00:00+00:00,0.00918817
2023-07-26 00:00:00+00:00,0.00126016
2023-07-27 00:00:00+00:00,-0.02039651
2023-07-28 00:00:00+00:00,0.00325203
2023-07-31 00:00:00+00:00,0.02922078
2023-08-01 00:00:00+00:00,-0.01240149
2023-08-02 00:00:00+00:00,-0.00784929
2023-08-03 00:00:00+00:00,-0.00666882
2023-08-04 00:00:00+00:00,-0.01954265
2023-08-07 00:00:00+00:00,-0.00053226
2023-08-08 00:00:00+00:00,-0.00683950
2023-08-09 00:00:00+00:00,-0.01212296
2023-08-10 00:00:00+00:00,-0.00235674
2023-08-11 00:00:00+00:00,-0.00562984
2023-08-14 00:00:00+00:00,-0.02079615
2023-08-15 00:00:00+00:00,-0.01413531
2023-08-16 00:00:00+00:00,-0.01081538
2023-08-17 00:00:00+00:00,-0.00993968
2023-08-18 00:00:00+00:00,0.00670167
2023-08-21 00:00:00+00:00,-0.01905977
2023-08-22 00:00:00+00:00,0.03006485
2023-08-23 00:00:00+00:00,0.02932589
2023-08-24 00:00:00+00:00,-0.01676397
2023-08-25 00:00:00+00:00,-0.02115134
2023-08-28 00:00:00+00:00,0.02439543
2023-08-29 00:00:00+00:00,0.02040816
2023-08-30 00:00:00+00:00,-0.01571399
2023-08-31 00:00:00+00:00,-0.03125393
2023-09-01 00:00:00+00:00,0.03263969
2023-09-05 00:00:00+00:00,-0.01076259
2023-09-06 00:00:00+00:00,-0.02345164
2023-09-07 00:00:00+00:00,0.00000000
2023-09-08 00:00:00+00:00,-0.01137380
2023-09-11 00:00:00+00:00,0.02746005
2023-09-12 00:00:00+00:00,0.01627013
2023-09-13 00:00:00+00:00,0.00410833
2023-09-14 00:00:00+00:00,0.01765543
2023-09-15 00:00:00+00:00,-0.00978806
2023-09-18 00:00:00+00:00,-0.00904393
2023-09-19 00:00:00+00:00,-0.01038265
2023-09-20 00:00:00+00:00,0.01430796
2023-09-21 00:00:00+00:00,-0.04090586
2023-09-22 00:00:00+00:00,-0.00591540
2023-09-25 00:00:00+00:00,-0.00171130
2023-09-26 00:00:00+00:00,-0.03112957
2023-09-27 00:00:00+00:00,-0.00230535
2023-09-28 00:00:00+00:00,0.02765077
2023-09-29 00:00:00+00:00,0.01417404
2023-10-02 00:00:00+00:00,-0.02785361
2023-10-03 00:00:00+00:00,-0.03006055
2023-10-04 00:00:00+00:00,0.00377640
2023-10-05 00:00:00+00:00,-0.00806416
2023-10-06 00:00:00+00:00,0.01504884
2023-10-09 00:00:00+00:00,0.01699061
2023-10-10 00:00:00+00:00,0.02698371
2023-10-11 00:00:00+00:00,0.00500064
2023-10-12 00:00:00+00:00,0.00000000
2023-10-13 00:00:00+00:00,-0.02634383
2023-10-16 00:00:00+00:00,0.01313062
2023-10-17 00:00:00+00:00,-0.01039742
2023-10-19 00:00:00+00:00,-0.00172533
2023-10-20 00:00:00+00:00,-0.01468492
2023-10-23 00:00:00+00:00,-0.00800592
2023-10-24 00:00:00+00:00,0.01952562
2023-10-25 00:00:00+00:00,-0.01942462
2023-10-26 00:00:00+00:00,0.03459724
2023-10-27 00:00:00+00:00,-0.02911371
2023-10-30 00:00:00+00:00,-0.01638273
2023-10-31 00:00:00+00:00,0.01397127
2023-11-01 00:00:00+00:00,0.03534031
2023-11-02 00:00:00+00:00,0.00000000
2023-11-03 00:00:00+00:00,0.05364034
2023-11-06 00:00:00+00:00,0.00112768
2023-11-07 00:00:00+00:00,0.01294039
2023-11-08 00:00:00+00:00,-0.00414766
2023-11-09 00:00:00+00:00,-0.00344971
2023-11-10 00:00:00+00:00,0.02818602
2023-11-13 00:00:00+00:00,-0.00447528
2023-11-14 00:00:00+00:00,0.04752695
2023-11-15 00:00:00+00:00,0.00000000
2023-11-16 00:00:00+00:00,0.02094220
2023-11-17 00:00:00+00:00,0.00139231
2023-11-20 00:00:00+00:00,0.01812761
2023-11-21 00:00:00+00:00,-0.00657972
2023-11-22 00:00:00+00:00,0.00430864
2023-11-24 00:00:00+00:00,-0.00788924
2023-11-27 00:00:00+00:00,0.00237530
2023-11-28 00:00:00+00:00,0.01230222
2023-11-29 00:00:00+00:00,-0.00900370
2023-11-30 00:00:00+00:00,0.01939179
2023-12-01 00:00:00+00:00,0.01134408
2023-12-04 00:00:00+00:00,-0.02022638
2023-12-05 00:00:00+00:00,0.00157177
2023-12-06 00:00:00+00:00,-0.02041698
2023-12-07 00:00:00+00:00,0.00618827
2023-12-08 00:00:00+00:00,0.01740025
2023-12-11 00:00:00+00:00,0.01340808
2023-12-12 00:00:00+00:00,-0.00772678
2023-12-13 00:00:00+00:00,0.04654049
2023-12-14 00:00:00+00:00,0.02084597
2023-12-15 00:00:00+00:00,-0.00900259
2023-12-18 00:00:00+00:00,0.01281133
2023-12-19 00:00:00+00:00,0.01153169
2023-12-20 00:00:00+00:00,-0.01489037
2023-12-21 00:00:00+00:00,0.02062784
2023-12-22 00:00:00+00:00,0.00816690
2023-12-26 00:00:00+00:00,0.01153505
2023-12-27 00:00:00+00:00,0.00970446
2023-12-28 00:00:00+00:00,-0.00014633
2023-12-29 00:00:00+00:00,0.00000000
2024-01-02 00:00:00+00:00,-0.02180435
2024-01-03 00:00:00+00:00,-0.00199734
2024-01-04 00:00:00+00:00,-0.02369581
2024-01-05 00:00:00+00:00,0.01198996
2024-01-08 00:00:00+00:00,0.00595925
2024-01-09 00:00:00+00:00,-0.01455680
2024-01-10 00:00:00+00:00,-0.00897767
2024-01-11 00:00:00+00:00,-0.00285575
2024-01-12 00:00:00+00:00,0.00511759
2024-01-16 00:00:00+00:00,-0.03595691
2024-01-17 00:00:00+00:00,-0.00880383
2024-01-18 00:00:00+00:00,-0.01858037
2024-01-19 00:00:00+00:00,0.00495989
2024-01-22 00:00:00+00:00,-0.01747130
2024-01-23 00:00:00+00:00,0.02589199
2024-01-24 00:00:00+00:00,-0.00692921
2024-01-25 00:00:00+00:00,0.00540812
2024-01-26 00:00:00+00:00,0.01232808
2024-01-29 00:00:00+00:00,-0.00704522
2024-01-30 00:00:00+00:00,-0.02520653
2024-01-31 00:00:00+00:00,0.01402947
2024-02-01 00:00:00+00:00,-0.00421207
2024-02-02 00:00:00+00:00,-0.00476135
2024-02-05 00:00:00+00:00,-0.00524048
2024-02-06 00:00:00+00:00,0.05570344
2024-02-07 00:00:00+00:00,-0.00696838
2024-02-08 00:00:00+00:00,-0.02629879
2024-02-09 00:00:00+00:00,-0.00292679
2024-02-12 00:00:00+00:00,0.00000000
2024-02-13 00:00:00+00:00,0.01612095
2024-02-14 00:00:00+00:00,-0.01518199
2024-02-15 00:00:00+00:00,0.01200903
2024-02-16 00:00:00+00:00,0.01399027
2024-02-20 00:00:00+00:00,0.01328904
2024-02-21 00:00:00+00:00,0.00172517
2024-02-22 00:00:00+00:00,0.00314760
2024-02-23 00:00:00+00:00,-0.01227132
2024-02-26 00:00:00+00:00,0.00286091
2024-02-27 00:00:00+00:00,0.03127467
2024-02-28 00:00:00+00:00,-0.02265073
2024-02-29 00:00:00+00:00,-0.01699547
2024-03-01 00:00:00+00:00,0.00241637
2024-03-04 00:00:00+00:00,-0.01267064
2024-03-05 00:00:00+00:00,-0.00364326
2024-03-06 00:00:00+00:00,0.01201430
2024-03-07 00:00:00+00:00,-0.00831444
2024-03-08 00:00:00+00:00,-0.01927894
2024-03-11 00:00:00+00:00,-0.01456162
2024-03-12 00:00:00+00:00,0.02385548
2024-03-13 00:00:00+00:00,0.00518787
2024-03-14 00:00:00+00:00,-0.00479397
2024-03-15 00:00:00+00:00,-0.01449275
2024-03-18 00:00:00+00:00,0.00322705
2024-03-19 00:00:00+00:00,0.00882172
2024-03-20 00:00:00+00:00,0.02436323
2024-03-21 00:00:00+00:00,-0.01456274
2024-03-22 00:00:00+00:00,-0.01717782
2024-03-25 00:00:00+00:00,-0.00145666
2024-03-26 00:00:00+00:00,-0.00107411
2024-03-27 00:00:00+00:00,0.01274277
2024-03-28 00:00:00+00:00,0.00633105
