Date,EU-AUTO
2015-06-16 00:00:00+00:00,0.00555102
2015-06-17 00:00:00+00:00,-0.01428803
2015-06-18 00:00:00+00:00,0.00214133
2015-06-19 00:00:00+00:00,0.00821828
2015-06-22 00:00:00+00:00,0.03586567
2015-06-23 00:00:00+00:00,0.01274788
2015-06-24 00:00:00+00:00,-0.01010101
2015-06-25 00:00:00+00:00,0.00345369
2015-06-26 00:00:00+00:00,0.00641427
2015-06-29 00:00:00+00:00,-0.04010570
2015-06-30 00:00:00+00:00,-0.01214575
2015-07-01 00:00:00+00:00,0.02868852
2015-07-02 00:00:00+00:00,-0.01354582
2015-07-03 00:00:00+00:00,-0.00242326
2015-07-06 00:00:00+00:00,-0.01538462
2015-07-07 00:00:00+00:00,-0.01792763
2015-07-08 00:00:00+00:00,-0.02545637
2015-07-09 00:00:00+00:00,0.02594948
2015-07-10 00:00:00+00:00,0.01691792
2015-07-13 00:00:00+00:00,0.00642398
2015-07-14 00:00:00+00:00,-0.01178396
2015-07-15 00:00:00+00:00,-0.00049685
2015-07-16 00:00:00+00:00,0.02038111
2015-07-17 00:00:00+00:00,-0.00584605
2015-07-20 00:00:00+00:00,0.00784057
2015-07-21 00:00:00+00:00,-0.00388979
2015-07-22 00:00:00+00:00,-0.00748454
2015-07-23 00:00:00+00:00,-0.00344262
2015-07-24 00:00:00+00:00,-0.02286560
2015-07-27 00:00:00+00:00,-0.02811448
2015-07-28 00:00:00+00:00,0.01073965
2015-07-29 00:00:00+00:00,-0.00274207
2015-07-30 00:00:00+00:00,-0.00549923
2015-07-31 00:00:00+00:00,0.00743045
2015-08-03 00:00:00+00:00,0.00480274
2015-08-04 00:00:00+00:00,0.00973028
2015-08-05 00:00:00+00:00,0.02451395
2015-08-06 00:00:00+00:00,-0.00643564
2015-08-07 00:00:00+00:00,0.00033217
2015-08-10 00:00:00+00:00,0.00597709
2015-08-11 00:00:00+00:00,-0.04126093
2015-08-12 00:00:00+00:00,-0.03236357
2015-08-13 00:00:00+00:00,-0.00017790
2015-08-14 00:00:00+00:00,0.00249110
2015-08-17 00:00:00+00:00,-0.00337238
2015-08-18 00:00:00+00:00,-0.00837044
2015-08-19 00:00:00+00:00,-0.02209052
2015-08-20 00:00:00+00:00,-0.02516070
2015-08-21 00:00:00+00:00,-0.01846270
2015-08-24 00:00:00+00:00,-0.02533589
2015-08-25 00:00:00+00:00,0.02579756
2015-08-26 00:00:00+00:00,-0.00710309
2015-08-27 00:00:00+00:00,0.03402939
2015-08-28 00:00:00+00:00,-0.00897532
2015-08-31 00:00:00+00:00,-0.00962264
2015-09-01 00:00:00+00:00,-0.02590970
2015-09-02 00:00:00+00:00,-0.00625856
2015-09-03 00:00:00+00:00,0.03857508
2015-09-04 00:00:00+00:00,-0.02596172
2015-09-07 00:00:00+00:00,0.00677734
2015-09-08 00:00:00+00:00,0.06589372
2015-09-09 00:00:00+00:00,0.04080481
2015-09-10 00:00:00+00:00,-0.02153732
2015-09-11 00:00:00+00:00,-0.01938852
2015-09-14 00:00:00+00:00,-0.00485075
2015-09-15 00:00:00+00:00,0.01518560
2015-09-16 00:00:00+00:00,0.00517082
2015-09-17 00:00:00+00:00,0.00477678
2015-09-18 00:00:00+00:00,-0.03090144
2015-09-21 00:00:00+00:00,-0.04622642
2015-09-22 00:00:00+00:00,-0.07319486
2015-09-23 00:00:00+00:00,0.00960512
2015-09-24 00:00:00+00:00,-0.03467230
2015-09-25 00:00:00+00:00,0.02562418
2015-09-28 00:00:00+00:00,-0.03587444
2015-09-29 00:00:00+00:00,-0.00376523
2015-09-30 00:00:00+00:00,0.03201423
2015-10-01 00:00:00+00:00,-0.00107712
2015-10-02 00:00:00+00:00,-0.00237222
2015-10-05 00:00:00+00:00,0.03329010
2015-10-06 00:00:00+00:00,0.01548117
2015-10-07 00:00:00+00:00,0.03440461
2015-10-08 00:00:00+00:00,0.01653057
2015-10-09 00:00:00+00:00,0.00705329
2015-10-12 00:00:00+00:00,0.01050584
2015-10-13 00:00:00+00:00,-0.01520986
2015-10-14 00:00:00+00:00,-0.01114370
2015-10-15 00:00:00+00:00,0.01206010
2015-10-16 00:00:00+00:00,-0.00800938
2015-10-19 00:00:00+00:00,0.00728633
2015-10-20 00:00:00+00:00,-0.00488759
2015-10-21 00:00:00+00:00,0.00982318
2015-10-22 00:00:00+00:00,0.04027237
2015-10-23 00:00:00+00:00,0.02188143
2015-10-26 00:00:00+00:00,-0.00988287
2015-10-27 00:00:00+00:00,-0.00480591
2015-10-28 00:00:00+00:00,0.00575780
2015-10-29 00:00:00+00:00,-0.00664820
2015-10-30 00:00:00+00:00,0.01933445
2015-11-02 00:00:00+00:00,0.01313150
2015-11-03 00:00:00+00:00,-0.00594059
2015-11-04 00:00:00+00:00,-0.01847157
2015-11-05 00:00:00+00:00,0.00461255
2015-11-06 00:00:00+00:00,0.02075298
2015-11-09 00:00:00+00:00,-0.02482908
2015-11-10 00:00:00+00:00,0.00645756
2015-11-11 00:00:00+00:00,-0.00494959
2015-11-12 00:00:00+00:00,-0.01160648
2015-11-13 00:00:00+00:00,-0.00465983
2015-11-16 00:00:00+00:00,0.00411985
2015-11-17 00:00:00+00:00,0.02014174
2015-11-18 00:00:00+00:00,0.00621572
2015-11-19 00:00:00+00:00,0.00835756
2015-11-20 00:00:00+00:00,0.01027027
2015-11-23 00:00:00+00:00,-0.00588550
2015-11-24 00:00:00+00:00,-0.00376749
2015-11-25 00:00:00+00:00,0.01980911
2015-11-26 00:00:00+00:00,0.02224969
2015-11-27 00:00:00+00:00,0.00207290
2015-11-30 00:00:00+00:00,0.02223755
2015-12-01 00:00:00+00:00,-0.01180438
2015-12-02 00:00:00+00:00,-0.00921502
2015-12-03 00:00:00+00:00,0.03048570
2015-12-04 00:00:00+00:00,0.02298958
2015-12-07 00:00:00+00:00,0.00650492
2015-12-08 00:00:00+00:00,-0.02375546
2015-12-09 00:00:00+00:00,-0.00393630
2015-12-10 00:00:00+00:00,0.00053889
2015-12-14 00:00:00+00:00,-0.06510970
2015-12-15 00:00:00+00:00,0.02857684
2015-12-16 00:00:00+00:00,0.01453542
2015-12-17 00:00:00+00:00,0.02266957
2015-12-18 00:00:00+00:00,-0.01081752
2015-12-21 00:00:00+00:00,-0.00215131
2015-12-22 00:00:00+00:00,0.00071865
2015-12-23 00:00:00+00:00,0.02423698
2015-12-28 00:00:00+00:00,-0.01104294
2015-12-29 00:00:00+00:00,0.01010280
2015-12-30 00:00:00+00:00,-0.00526408
2016-01-04 00:00:00+00:00,-0.04921503
2016-01-05 00:00:00+00:00,0.00185529
2016-01-06 00:00:00+00:00,-0.03296296
2016-01-07 00:00:00+00:00,-0.03198008
2016-01-08 00:00:00+00:00,-0.01088032
2016-01-11 00:00:00+00:00,0.00400000
2016-01-12 00:00:00+00:00,0.01972112
2016-01-13 00:00:00+00:00,-0.01504200
2016-01-14 00:00:00+00:00,-0.03431178
2016-01-15 00:00:00+00:00,-0.03183405
2016-01-18 00:00:00+00:00,0.00190921
2016-01-19 00:00:00+00:00,0.01418590
2016-01-20 00:00:00+00:00,-0.02922756
2016-01-21 00:00:00+00:00,0.03440860
2016-01-22 00:00:00+00:00,0.01351351
2016-01-25 00:00:00+00:00,-0.01805128
2016-01-26 00:00:00+00:00,0.01692083
2016-01-27 00:00:00+00:00,0.00677896
2016-01-28 00:00:00+00:00,-0.03285044
2016-01-29 00:00:00+00:00,-0.00632911
2016-02-01 00:00:00+00:00,-0.00276008
2016-02-02 00:00:00+00:00,-0.02554822
2016-02-03 00:00:00+00:00,0.00043697
2016-02-04 00:00:00+00:00,-0.02576982
2016-02-05 00:00:00+00:00,0.01300157
2016-02-08 00:00:00+00:00,-0.04071697
2016-02-09 00:00:00+00:00,-0.00761246
2016-02-10 00:00:00+00:00,0.01534170
2016-02-11 00:00:00+00:00,-0.02014652
2016-02-12 00:00:00+00:00,0.00724299
2016-02-15 00:00:00+00:00,0.04871260
2016-02-16 00:00:00+00:00,-0.00132714
2016-02-17 00:00:00+00:00,0.04363234
2016-02-18 00:00:00+00:00,-0.00275891
2016-02-19 00:00:00+00:00,-0.01000213
2016-02-22 00:00:00+00:00,0.01827171
2016-02-23 00:00:00+00:00,-0.02026599
2016-02-24 00:00:00+00:00,-0.03727645
2016-02-25 00:00:00+00:00,0.00738585
2016-02-26 00:00:00+00:00,0.02843812
2016-02-29 00:00:00+00:00,0.00691294
2016-03-01 00:00:00+00:00,0.04677108
2016-03-02 00:00:00+00:00,0.01250256
2016-03-03 00:00:00+00:00,0.01275304
2016-03-04 00:00:00+00:00,0.00999400
2016-03-07 00:00:00+00:00,-0.00933341
2016-03-08 00:00:00+00:00,-0.18777467
2016-03-09 00:00:00+00:00,-0.01714986
2016-03-10 00:00:00+00:00,-0.07974580
2016-03-11 00:00:00+00:00,0.04152397
2016-03-14 00:00:00+00:00,0.01854193
2016-03-15 00:00:00+00:00,-0.00889532
2016-03-16 00:00:00+00:00,0.02108119
2016-03-17 00:00:00+00:00,-0.01144726
2016-03-18 00:00:00+00:00,0.01178660
2016-03-21 00:00:00+00:00,-0.00510934
2016-03-22 00:00:00+00:00,0.00883320
2016-03-23 00:00:00+00:00,-0.00020362
2016-03-24 00:00:00+00:00,-0.02342159
2016-03-29 00:00:00+00:00,0.00938478
2016-03-30 00:00:00+00:00,0.02190083
2016-03-31 00:00:00+00:00,-0.01172665
2016-04-01 00:00:00+00:00,-0.02659574
2016-04-04 00:00:00+00:00,-0.00693569
2016-04-05 00:00:00+00:00,-0.03809524
2016-04-06 00:00:00+00:00,0.00066007
2016-04-07 00:00:00+00:00,-0.01693052
2016-04-08 00:00:00+00:00,0.01386714
2016-04-11 00:00:00+00:00,0.01478050
2016-04-12 00:00:00+00:00,0.01086957
2016-04-13 00:00:00+00:00,0.03548387
2016-04-14 00:00:00+00:00,0.00602285
2016-04-15 00:00:00+00:00,-0.01754748
2016-04-18 00:00:00+00:00,0.01533936
2016-04-19 00:00:00+00:00,0.02980132
2016-04-20 00:00:00+00:00,0.01125402
2016-04-21 00:00:00+00:00,0.00655803
2016-04-22 00:00:00+00:00,-0.02152024
2016-04-25 00:00:00+00:00,-0.00443906
2016-04-26 00:00:00+00:00,0.00526956
2016-04-27 00:00:00+00:00,0.00544355
2016-04-28 00:00:00+00:00,0.00822138
2016-04-29 00:00:00+00:00,-0.03699284
2016-05-02 00:00:00+00:00,0.00371747
2016-05-03 00:00:00+00:00,-0.02427984
2016-05-04 00:00:00+00:00,-0.01138760
2016-05-05 00:00:00+00:00,-0.00917235
2016-05-06 00:00:00+00:00,0.00990312
2016-05-09 00:00:00+00:00,0.00575570
2016-05-10 00:00:00+00:00,0.01949979
2016-05-11 00:00:00+00:00,-0.00831601
2016-05-12 00:00:00+00:00,-0.01027254
2016-05-13 00:00:00+00:00,0.00995552
2016-05-16 00:00:00+00:00,-0.00755034
2016-05-17 00:00:00+00:00,-0.02345731
2016-05-18 00:00:00+00:00,0.00324605
2016-05-19 00:00:00+00:00,-0.00301984
2016-05-20 00:00:00+00:00,0.00995240
2016-05-23 00:00:00+00:00,-0.01178235
2016-05-24 00:00:00+00:00,0.02688055
2016-05-25 00:00:00+00:00,0.01709943
2016-05-26 00:00:00+00:00,0.01473641
2016-05-27 00:00:00+00:00,-0.00552260
2016-05-30 00:00:00+00:00,0.06417112
2016-05-31 00:00:00+00:00,-0.00791236
2016-06-01 00:00:00+00:00,-0.01349693
2016-06-02 00:00:00+00:00,0.01264511
2016-06-03 00:00:00+00:00,-0.02395087
2016-06-06 00:00:00+00:00,0.00122639
2016-06-07 00:00:00+00:00,0.00649351
2016-06-08 00:00:00+00:00,-0.01028807
2016-06-09 00:00:00+00:00,-0.04095634
2016-06-10 00:00:00+00:00,-0.02299578
2016-06-13 00:00:00+00:00,-0.03034837
2016-06-14 00:00:00+00:00,-0.01807362
2016-06-15 00:00:00+00:00,0.00471380
2016-06-16 00:00:00+00:00,-0.00536193
2016-06-17 00:00:00+00:00,0.01437556
2016-06-20 00:00:00+00:00,0.04561559
2016-06-21 00:00:00+00:00,0.00190597
2016-06-22 00:00:00+00:00,-0.00338195
2016-06-23 00:00:00+00:00,0.02036055
2016-06-24 00:00:00+00:00,-0.09790064
2016-06-27 00:00:00+00:00,-0.04101382
2016-06-28 00:00:00+00:00,0.01321480
2016-06-29 00:00:00+00:00,0.00497984
2016-06-30 00:00:00+00:00,0.00519113
2016-07-01 00:00:00+00:00,0.02887324
2016-07-04 00:00:00+00:00,-0.02030573
2016-07-05 00:00:00+00:00,-0.03469958
2016-07-06 00:00:00+00:00,-0.00772014
2016-07-07 00:00:00+00:00,0.00510576
2016-07-08 00:00:00+00:00,0.03797775
2016-07-11 00:00:00+00:00,0.02237241
2016-07-12 00:00:00+00:00,0.03578755
2016-07-13 00:00:00+00:00,-0.01144366
2016-07-14 00:00:00+00:00,0.02270703
2016-07-15 00:00:00+00:00,-0.00435350
2016-07-18 00:00:00+00:00,0.00612156
2016-07-19 00:00:00+00:00,-0.01781834
2016-07-20 00:00:00+00:00,0.02831858
2016-07-21 00:00:00+00:00,0.00559380
2016-07-22 00:00:00+00:00,-0.00599059
2016-07-25 00:00:00+00:00,0.00882480
2016-07-26 00:00:00+00:00,0.01813527
2016-07-27 00:00:00+00:00,0.01844091
2016-07-28 00:00:00+00:00,-0.02160494
2016-07-29 00:00:00+00:00,0.00820189
2016-08-01 00:00:00+00:00,-0.00187735
2016-08-02 00:00:00+00:00,-0.02695925
2016-08-03 00:00:00+00:00,0.00386598
2016-08-04 00:00:00+00:00,0.00256739
2016-08-05 00:00:00+00:00,0.03030303
2016-08-08 00:00:00+00:00,-0.00165700
2016-08-09 00:00:00+00:00,0.02240664
2016-08-10 00:00:00+00:00,-0.00284091
2016-08-11 00:00:00+00:00,0.00691901
2016-08-12 00:00:00+00:00,-0.00909458
2016-08-15 00:00:00+00:00,0.00897410
2016-08-16 00:00:00+00:00,-0.01596927
2016-08-17 00:00:00+00:00,-0.01068200
2016-08-18 00:00:00+00:00,0.00519103
2016-08-19 00:00:00+00:00,-0.00991531
2016-08-22 00:00:00+00:00,-0.00041728
2016-08-23 00:00:00+00:00,0.00855771
2016-08-24 00:00:00+00:00,0.00455298
2016-08-25 00:00:00+00:00,-0.01545117
2016-08-26 00:00:00+00:00,0.01088094
2016-08-29 00:00:00+00:00,-0.00600290
2016-08-30 00:00:00+00:00,0.01062057
2016-08-31 00:00:00+00:00,-0.00164846
2016-09-01 00:00:00+00:00,0.00061920
2016-09-02 00:00:00+00:00,0.01485149
2016-09-05 00:00:00+00:00,0.00000000
2016-09-06 00:00:00+00:00,0.00159402
2016-09-07 00:00:00+00:00,0.01298701
2016-09-08 00:00:00+00:00,0.04106571
2016-09-09 00:00:00+00:00,-0.00930609
2016-09-12 00:00:00+00:00,-0.04123502
2016-09-13 00:00:00+00:00,-0.00785449
2016-09-14 00:00:00+00:00,-0.00312500
2016-09-15 00:00:00+00:00,0.00417973
2016-09-16 00:00:00+00:00,-0.02018730
2016-09-19 00:00:00+00:00,0.01359388
2016-09-20 00:00:00+00:00,-0.00293378
2016-09-21 00:00:00+00:00,0.00483396
2016-09-22 00:00:00+00:00,0.02447187
2016-09-23 00:00:00+00:00,-0.00734994
2016-09-26 00:00:00+00:00,-0.02056767
2016-09-27 00:00:00+00:00,-0.00461991
2016-09-28 00:00:00+00:00,0.01308017
2016-09-29 00:00:00+00:00,-0.00437318
2016-09-30 00:00:00+00:00,0.01526877
2016-10-03 00:00:00+00:00,-0.00782859
2016-10-04 00:00:00+00:00,0.02055648
2016-10-05 00:00:00+00:00,0.01078332
2016-10-06 00:00:00+00:00,-0.00060386
2016-10-07 00:00:00+00:00,-0.01550856
2016-10-10 00:00:00+00:00,0.01452537
2016-10-11 00:00:00+00:00,-0.00967937
2016-10-12 00:00:00+00:00,-0.00468336
2016-10-13 00:00:00+00:00,-0.01534370
2016-10-14 00:00:00+00:00,0.01080407
2016-10-17 00:00:00+00:00,-0.00493320
2016-10-18 00:00:00+00:00,0.00888246
2016-10-19 00:00:00+00:00,0.00737101
2016-10-20 00:00:00+00:00,0.00873984
2016-10-21 00:00:00+00:00,-0.00664920
2016-10-24 00:00:00+00:00,0.00851927
2016-10-25 00:00:00+00:00,-0.00080451
2016-10-26 00:00:00+00:00,0.00402576
2016-10-27 00:00:00+00:00,0.00080192
2016-10-28 00:00:00+00:00,0.00220353
2016-10-31 00:00:00+00:00,-0.00159904
2016-11-01 00:00:00+00:00,-0.01421421
2016-11-02 00:00:00+00:00,-0.02416734
2016-11-03 00:00:00+00:00,-0.00499480
2016-11-04 00:00:00+00:00,-0.00460155
2016-11-07 00:00:00+00:00,0.02479513
2016-11-08 00:00:00+00:00,-0.00184540
2016-11-09 00:00:00+00:00,-0.00513558
2016-11-10 00:00:00+00:00,-0.01218253
2016-11-11 00:00:00+00:00,0.02194816
2016-11-14 00:00:00+00:00,-0.00061362
2016-11-15 00:00:00+00:00,0.00900532
2016-11-16 00:00:00+00:00,0.01095335
2016-11-17 00:00:00+00:00,0.00896313
2016-11-18 00:00:00+00:00,-0.00121139
2016-11-21 00:00:00+00:00,0.00869214
2016-11-22 00:00:00+00:00,0.00581162
2016-11-23 00:00:00+00:00,-0.00796972
2016-11-24 00:00:00+00:00,0.00602531
2016-11-25 00:00:00+00:00,-0.00099820
2016-11-28 00:00:00+00:00,-0.00919265
2016-11-29 00:00:00+00:00,0.00000000
2016-11-30 00:00:00+00:00,-0.00383219
2016-12-01 00:00:00+00:00,-0.00384693
2016-12-02 00:00:00+00:00,-0.00609756
2016-12-05 00:00:00+00:00,0.02719836
2016-12-06 00:00:00+00:00,0.00577344
2016-12-07 00:00:00+00:00,0.03285827
2016-12-08 00:00:00+00:00,0.02165581
2016-12-09 00:00:00+00:00,-0.00243857
2016-12-12 00:00:00+00:00,-0.00811775
2016-12-13 00:00:00+00:00,0.01118483
2016-12-14 00:00:00+00:00,0.00187477
2016-12-15 00:00:00+00:00,0.01160180
2016-12-16 00:00:00+00:00,0.10728820
2016-12-19 00:00:00+00:00,0.00331736
2016-12-20 00:00:00+00:00,0.00569434
2016-12-21 00:00:00+00:00,0.00219178
2016-12-22 00:00:00+00:00,-0.00346273
2016-12-23 00:00:00+00:00,0.00128018
2016-12-27 00:00:00+00:00,-0.00036530
2016-12-28 00:00:00+00:00,-0.00054815
2016-12-29 00:00:00+00:00,-0.01206581
2016-12-30 00:00:00+00:00,0.00203553
2017-01-02 00:00:00+00:00,0.01495845
2017-01-03 00:00:00+00:00,0.01164483
2017-01-04 00:00:00+00:00,-0.00773381
2017-01-05 00:00:00+00:00,0.00416893
2017-01-06 00:00:00+00:00,0.00397112
2017-01-09 00:00:00+00:00,0.00197771
2017-01-10 00:00:00+00:00,0.00663915
2017-01-11 00:00:00+00:00,0.01194296
2017-01-12 00:00:00+00:00,-0.02536551
2017-01-13 00:00:00+00:00,0.00506055
2017-01-16 00:00:00+00:00,-0.00971048
2017-01-17 00:00:00+00:00,-0.00127111
2017-01-18 00:00:00+00:00,0.00218182
2017-01-19 00:00:00+00:00,0.00616836
2017-01-20 00:00:00+00:00,0.00000000
2017-01-23 00:00:00+00:00,0.00090155
2017-01-24 00:00:00+00:00,0.01315078
2017-01-25 00:00:00+00:00,0.01315789
2017-01-26 00:00:00+00:00,-0.00807301
2017-01-27 00:00:00+00:00,-0.00796178
2017-01-30 00:00:00+00:00,-0.01515962
2017-01-31 00:00:00+00:00,-0.00742485
2017-02-01 00:00:00+00:00,0.00912242
2017-02-02 00:00:00+00:00,-0.00614717
2017-02-03 00:00:00+00:00,0.00272876
2017-02-06 00:00:00+00:00,-0.01487663
2017-02-07 00:00:00+00:00,-0.00368324
2017-02-08 00:00:00+00:00,-0.00110906
2017-02-09 00:00:00+00:00,0.00481125
2017-02-10 00:00:00+00:00,0.00570902
2017-02-13 00:00:00+00:00,0.01904413
2017-02-14 00:00:00+00:00,0.01006289
2017-02-15 00:00:00+00:00,-0.00160114
2017-02-16 00:00:00+00:00,-0.00605845
2017-02-17 00:00:00+00:00,-0.00376479
2017-02-20 00:00:00+00:00,-0.00197949
2017-02-21 00:00:00+00:00,0.01226109
2017-02-22 00:00:00+00:00,0.00302814
2017-02-23 00:00:00+00:00,-0.00284141
2017-02-24 00:00:00+00:00,-0.01317898
2017-02-27 00:00:00+00:00,0.00198520
2017-02-28 00:00:00+00:00,-0.00180115
2017-03-01 00:00:00+00:00,0.01948755
2017-03-02 00:00:00+00:00,0.00159292
2017-03-03 00:00:00+00:00,0.00176710
2017-03-06 00:00:00+00:00,-0.00567673
2017-03-07 00:00:00+00:00,0.01951393
2017-03-08 00:00:00+00:00,-0.00123631
2017-03-09 00:00:00+00:00,-0.02740937
2017-03-10 00:00:00+00:00,0.01627325
2017-03-13 00:00:00+00:00,-0.02165809
2017-03-14 00:00:00+00:00,-0.00399202
2017-03-15 00:00:00+00:00,-0.00054655
2017-03-16 00:00:00+00:00,0.00309880
2017-03-17 00:00:00+00:00,-0.00345266
2017-03-20 00:00:00+00:00,-0.00127644
2017-03-21 00:00:00+00:00,-0.01058974
2017-03-22 00:00:00+00:00,-0.00313711
2017-03-23 00:00:00+00:00,0.00888560
2017-03-24 00:00:00+00:00,0.00403670
2017-03-27 00:00:00+00:00,-0.00529971
2017-03-28 00:00:00+00:00,0.01873967
2017-03-29 00:00:00+00:00,0.00270514
2017-03-30 00:00:00+00:00,0.00395683
2017-03-31 00:00:00+00:00,0.00250806
2017-04-03 00:00:00+00:00,-0.01447462
2017-04-04 00:00:00+00:00,-0.00271985
2017-04-05 00:00:00+00:00,-0.00945455
2017-04-06 00:00:00+00:00,-0.00275330
2017-04-07 00:00:00+00:00,0.00036812
2017-04-10 00:00:00+00:00,-0.00147194
2017-04-11 00:00:00+00:00,-0.00294822
2017-04-12 00:00:00+00:00,0.00166328
2017-04-13 00:00:00+00:00,-0.00664207
2017-04-18 00:00:00+00:00,-0.00761516
2017-04-19 00:00:00+00:00,0.01628299
2017-04-20 00:00:00+00:00,0.00994475
2017-04-21 00:00:00+00:00,0.00492341
2017-04-24 00:00:00+00:00,0.02485937
2017-04-25 00:00:00+00:00,0.00265581
2017-04-26 00:00:00+00:00,0.00759315
2017-04-27 00:00:00+00:00,-0.00403084
2017-04-28 00:00:00+00:00,0.00527890
2017-05-02 00:00:00+00:00,-0.00525118
2017-05-03 00:00:00+00:00,-0.00703854
2017-05-04 00:00:00+00:00,0.01063264
2017-05-05 00:00:00+00:00,0.01613186
2017-05-08 00:00:00+00:00,-0.00345125
2017-05-09 00:00:00+00:00,-0.00277056
2017-05-10 00:00:00+00:00,0.00868206
2017-05-11 00:00:00+00:00,-0.00550869
2017-05-12 00:00:00+00:00,0.00051930
2017-05-15 00:00:00+00:00,0.00207612
2017-05-16 00:00:00+00:00,-0.00621547
2017-05-17 00:00:00+00:00,-0.01146630
2017-05-18 00:00:00+00:00,-0.01124780
2017-05-19 00:00:00+00:00,0.00870956
2017-05-22 00:00:00+00:00,-0.00563877
2017-05-23 00:00:00+00:00,-0.00141769
2017-05-24 00:00:00+00:00,-0.00354925
2017-05-25 00:00:00+00:00,-0.00142476
2017-05-26 00:00:00+00:00,-0.00463706
2017-05-29 00:00:00+00:00,-0.00179179
2017-05-30 00:00:00+00:00,0.00251301
2017-05-31 00:00:00+00:00,-0.01277208
2017-06-01 00:00:00+00:00,0.01508268
2017-06-02 00:00:00+00:00,0.00984604
2017-06-05 00:00:00+00:00,-0.00549548
2017-06-06 00:00:00+00:00,-0.00627086
2017-06-07 00:00:00+00:00,0.01434978
2017-06-08 00:00:00+00:00,-0.01600144
2017-06-09 00:00:00+00:00,0.00252890
2017-06-12 00:00:00+00:00,0.01927928
2017-06-13 00:00:00+00:00,-0.00392297
2017-06-14 00:00:00+00:00,-0.00751880
2017-06-15 00:00:00+00:00,-0.01082251
2017-06-16 00:00:00+00:00,0.00638220
2017-06-19 00:00:00+00:00,0.00398623
2017-06-20 00:00:00+00:00,-0.00162426
2017-06-21 00:00:00+00:00,0.00036153
2017-06-22 00:00:00+00:00,0.00686664
2017-06-23 00:00:00+00:00,-0.00556353
2017-06-26 00:00:00+00:00,0.00054142
2017-06-27 00:00:00+00:00,-0.01461039
2017-06-28 00:00:00+00:00,0.00347794
2017-06-29 00:00:00+00:00,-0.01514046
2017-06-30 00:00:00+00:00,-0.00648268
2017-07-03 00:00:00+00:00,0.01789709
2017-07-04 00:00:00+00:00,-0.00164835
2017-07-05 00:00:00+00:00,-0.00568703
2017-07-06 00:00:00+00:00,0.00276753
2017-07-07 00:00:00+00:00,0.00478381
2017-07-10 00:00:00+00:00,0.00384545
2017-07-11 00:00:00+00:00,0.01039767
2017-07-12 00:00:00+00:00,0.01462358
2017-07-13 00:00:00+00:00,0.00444840
2017-07-14 00:00:00+00:00,-0.00124004
2017-07-17 00:00:00+00:00,0.00070947
2017-07-18 00:00:00+00:00,-0.00939383
2017-07-19 00:00:00+00:00,0.00500984
2017-07-20 00:00:00+00:00,-0.00302653
2017-07-21 00:00:00+00:00,-0.02589286
2017-07-24 00:00:00+00:00,-0.01063245
2017-07-25 00:00:00+00:00,-0.00148230
2017-07-26 00:00:00+00:00,0.00519577
2017-07-27 00:00:00+00:00,-0.00590733
2017-07-28 00:00:00+00:00,-0.01207057
2017-07-31 00:00:00+00:00,-0.00827068
2017-08-01 00:00:00+00:00,0.00985595
2017-08-02 00:00:00+00:00,-0.00469219
2017-08-03 00:00:00+00:00,0.00000000
2017-08-04 00:00:00+00:00,0.01093721
2017-08-07 00:00:00+00:00,-0.00298452
2017-08-08 00:00:00+00:00,0.00598690
2017-08-09 00:00:00+00:00,-0.00967082
2017-08-10 00:00:00+00:00,-0.00281690
2017-08-11 00:00:00+00:00,-0.00395480
2017-08-14 00:00:00+00:00,0.01096616
2017-08-15 00:00:00+00:00,0.00074808
2017-08-16 00:00:00+00:00,0.00710148
2017-08-17 00:00:00+00:00,-0.00426795
2017-08-18 00:00:00+00:00,-0.00764070
2017-08-21 00:00:00+00:00,-0.00056338
2017-08-22 00:00:00+00:00,0.01277715
2017-08-23 00:00:00+00:00,0.00204082
2017-08-24 00:00:00+00:00,0.00388817
2017-08-25 00:00:00+00:00,-0.00129104
2017-08-28 00:00:00+00:00,-0.00221607
2017-08-29 00:00:00+00:00,-0.01110494
2017-08-30 00:00:00+00:00,0.00561482
2017-08-31 00:00:00+00:00,-0.00390843
2017-09-01 00:00:00+00:00,-0.01775037
2017-09-04 00:00:00+00:00,0.00092234
2017-09-05 00:00:00+00:00,0.00807710
2017-09-06 00:00:00+00:00,0.02193784
2017-09-07 00:00:00+00:00,0.00143113
2017-09-08 00:00:00+00:00,0.03108253
2017-09-11 00:00:00+00:00,0.01144902
2017-09-12 00:00:00+00:00,0.00853333
2017-09-13 00:00:00+00:00,0.00017627
2017-09-14 00:00:00+00:00,0.00969334
2017-09-15 00:00:00+00:00,0.00645837
2017-09-18 00:00:00+00:00,0.00242803
2017-09-19 00:00:00+00:00,0.00380623
2017-09-20 00:00:00+00:00,0.00086177
2017-09-21 00:00:00+00:00,0.01050456
2017-09-22 00:00:00+00:00,0.00357873
2017-09-25 00:00:00+00:00,-0.00322635
2017-09-26 00:00:00+00:00,0.00459966
2017-09-27 00:00:00+00:00,0.00000000
2017-09-28 00:00:00+00:00,-0.00271324
2017-09-29 00:00:00+00:00,0.00867199
2017-10-02 00:00:00+00:00,0.00370870
2017-10-03 00:00:00+00:00,0.00167954
2017-10-04 00:00:00+00:00,0.00922200
2017-10-05 00:00:00+00:00,0.00182755
2017-10-06 00:00:00+00:00,-0.00099502
2017-10-09 00:00:00+00:00,0.00199203
2017-10-10 00:00:00+00:00,-0.00546720
2017-10-11 00:00:00+00:00,0.00366483
2017-10-12 00:00:00+00:00,-0.00016598
2017-10-13 00:00:00+00:00,-0.00348606
2017-10-16 00:00:00+00:00,-0.00183242
2017-10-17 00:00:00+00:00,0.00283712
2017-10-18 00:00:00+00:00,0.00665668
2017-10-19 00:00:00+00:00,-0.01553976
2017-10-20 00:00:00+00:00,-0.00285474
2017-10-23 00:00:00+00:00,0.00168407
2017-10-24 00:00:00+00:00,0.01143241
2017-10-25 00:00:00+00:00,-0.00980718
2017-10-26 00:00:00+00:00,0.01477254
2017-10-27 00:00:00+00:00,0.01240695
2017-10-30 00:00:00+00:00,0.00294118
2017-10-31 00:00:00+00:00,0.00749430
2017-11-01 00:00:00+00:00,0.01633247
2017-11-02 00:00:00+00:00,-0.00031822
2017-11-03 00:00:00+00:00,0.00445647
2017-11-06 00:00:00+00:00,-0.00174299
2017-11-07 00:00:00+00:00,-0.01095238
2017-11-08 00:00:00+00:00,-0.00995025
2017-11-09 00:00:00+00:00,-0.01215756
2017-11-10 00:00:00+00:00,-0.00525107
2017-11-13 00:00:00+00:00,0.06103596
2017-11-14 00:00:00+00:00,-0.00314413
2017-11-15 00:00:00+00:00,-0.01062417
2017-11-16 00:00:00+00:00,0.01057047
2017-11-17 00:00:00+00:00,-0.00730533
2017-11-20 00:00:00+00:00,0.01588894
2017-11-21 00:00:00+00:00,0.01317089
2017-11-22 00:00:00+00:00,-0.01251219
2017-11-23 00:00:00+00:00,0.00181010
2017-11-24 00:00:00+00:00,0.00377792
2017-11-27 00:00:00+00:00,0.01440026
2017-11-28 00:00:00+00:00,0.00524332
2017-11-29 00:00:00+00:00,0.00146699
2017-11-30 00:00:00+00:00,0.00211589
2017-12-01 00:00:00+00:00,-0.01591684
2017-12-04 00:00:00+00:00,0.00924245
2017-12-05 00:00:00+00:00,0.00193039
2017-12-06 00:00:00+00:00,-0.01648441
2017-12-07 00:00:00+00:00,0.00906843
2017-12-08 00:00:00+00:00,0.02099049
2017-12-11 00:00:00+00:00,-0.00422215
2017-12-12 00:00:00+00:00,0.00065178
2017-12-13 00:00:00+00:00,0.00195408
2017-12-14 00:00:00+00:00,-0.00195027
2017-12-15 00:00:00+00:00,-0.00081420
2017-12-18 00:00:00+00:00,0.01401565
2017-12-19 00:00:00+00:00,-0.00032144
2017-12-20 00:00:00+00:00,-0.00627010
2017-12-21 00:00:00+00:00,0.00566251
2017-12-22 00:00:00+00:00,-0.00386100
2017-12-27 00:00:00+00:00,0.00161499
2017-12-28 00:00:00+00:00,-0.00515963
2017-12-29 00:00:00+00:00,-0.00405186
2018-01-02 00:00:00+00:00,-0.00130187
2018-01-03 00:00:00+00:00,0.01580577
2018-01-04 00:00:00+00:00,0.01507860
2018-01-05 00:00:00+00:00,0.01991150
2018-01-08 00:00:00+00:00,0.01022622
2018-01-09 00:00:00+00:00,0.01303681
2018-01-10 00:00:00+00:00,-0.00575322
2018-01-11 00:00:00+00:00,-0.00380691
2018-01-12 00:00:00+00:00,0.01452155
2018-01-15 00:00:00+00:00,-0.00241073
2018-01-16 00:00:00+00:00,0.00815587
2018-01-17 00:00:00+00:00,0.00149813
2018-01-18 00:00:00+00:00,0.00359013
2018-01-19 00:00:00+00:00,0.01117901
2018-01-22 00:00:00+00:00,0.00972877
2018-01-23 00:00:00+00:00,-0.00919708
2018-01-24 00:00:00+00:00,-0.00397819
2018-01-25 00:00:00+00:00,-0.01183432
2018-01-26 00:00:00+00:00,0.00898204
2018-01-29 00:00:00+00:00,-0.00059347
2018-01-30 00:00:00+00:00,-0.01172803
2018-01-31 00:00:00+00:00,-0.00495719
2018-02-01 00:00:00+00:00,-0.00498188
2018-02-02 00:00:00+00:00,-0.01699287
2018-02-05 00:00:00+00:00,-0.03025158
2018-02-06 00:00:00+00:00,-0.00238739
2018-02-07 00:00:00+00:00,0.02760051
2018-02-08 00:00:00+00:00,-0.02189101
2018-02-09 00:00:00+00:00,-0.01666667
2018-02-12 00:00:00+00:00,0.02308313
2018-02-13 00:00:00+00:00,-0.01767119
2018-02-14 00:00:00+00:00,0.01991648
2018-02-15 00:00:00+00:00,0.00141732
2018-02-16 00:00:00+00:00,0.01399591
2018-02-19 00:00:00+00:00,-0.01659429
2018-02-20 00:00:00+00:00,0.00331178
2018-02-21 00:00:00+00:00,0.00000000
2018-02-22 00:00:00+00:00,-0.00141465
2018-02-23 00:00:00+00:00,-0.00251850
2018-02-26 00:00:00+00:00,-0.00126243
2018-02-27 00:00:00+00:00,-0.00031601
2018-02-28 00:00:00+00:00,-0.00489964
2018-03-01 00:00:00+00:00,-0.01826557
2018-03-02 00:00:00+00:00,-0.02119398
2018-03-05 00:00:00+00:00,0.00264463
2018-03-06 00:00:00+00:00,0.01546421
2018-03-07 00:00:00+00:00,-0.00064935
2018-03-08 00:00:00+00:00,-0.00422352
2018-03-09 00:00:00+00:00,-0.00321543
2018-03-12 00:00:00+00:00,-0.01964257
2018-03-13 00:00:00+00:00,-0.01301912
2018-03-14 00:00:00+00:00,0.00200367
2018-03-15 00:00:00+00:00,0.01316447
2018-03-16 00:00:00+00:00,0.00476974
2018-03-19 00:00:00+00:00,-0.01358651
2018-03-20 00:00:00+00:00,0.01062064
2018-03-21 00:00:00+00:00,0.00164204
2018-03-22 00:00:00+00:00,-0.02639344
2018-03-23 00:00:00+00:00,-0.01144974
2018-03-26 00:00:00+00:00,0.00987907
2018-03-27 00:00:00+00:00,0.00050599
2018-03-28 00:00:00+00:00,-0.00573163
2018-03-29 00:00:00+00:00,0.03560529
2018-04-03 00:00:00+00:00,-0.00916830
2018-04-04 00:00:00+00:00,0.00115664
2018-04-05 00:00:00+00:00,0.01831985
2018-04-06 00:00:00+00:00,-0.00810373
2018-04-09 00:00:00+00:00,-0.00245098
2018-04-10 00:00:00+00:00,0.01916462
2018-04-11 00:00:00+00:00,-0.00691096
2018-04-12 00:00:00+00:00,0.01213789
2018-04-13 00:00:00+00:00,0.00127918
2018-04-16 00:00:00+00:00,-0.00926222
2018-04-17 00:00:00+00:00,0.01466796
2018-04-18 00:00:00+00:00,-0.00969023
2018-04-19 00:00:00+00:00,0.00256657
2018-04-20 00:00:00+00:00,-0.00720000
2018-04-23 00:00:00+00:00,0.00451249
2018-04-24 00:00:00+00:00,-0.00625702
2018-04-25 00:00:00+00:00,-0.00661931
2018-04-26 00:00:00+00:00,0.00845116
2018-04-27 00:00:00+00:00,-0.00048348
2018-04-30 00:00:00+00:00,0.00000000
2018-05-02 00:00:00+00:00,0.01934860
2018-05-03 00:00:00+00:00,-0.00806707
2018-05-04 00:00:00+00:00,0.00781375
2018-05-07 00:00:00+00:00,0.00775316
2018-05-08 00:00:00+00:00,-0.00580939
2018-05-09 00:00:00+00:00,-0.00063171
2018-05-10 00:00:00+00:00,-0.00126422
2018-05-11 00:00:00+00:00,0.00079114
2018-05-14 00:00:00+00:00,-0.00221344
2018-05-15 00:00:00+00:00,0.00380288
2018-05-16 00:00:00+00:00,0.00205209
2018-05-17 00:00:00+00:00,0.01008192
2018-05-18 00:00:00+00:00,-0.00499064
2018-05-21 00:00:00+00:00,0.00626959
2018-05-22 00:00:00+00:00,0.00669782
2018-05-23 00:00:00+00:00,-0.01671051
2018-05-24 00:00:00+00:00,-0.02014162
2018-05-25 00:00:00+00:00,0.00433596
2018-05-28 00:00:00+00:00,-0.00767509
2018-05-29 00:00:00+00:00,-0.02980986
2018-05-30 00:00:00+00:00,0.01777113
2018-05-31 00:00:00+00:00,-0.01207572
2018-06-01 00:00:00+00:00,0.00264288
2018-06-04 00:00:00+00:00,-0.00082372
2018-06-05 00:00:00+00:00,0.00870666
2018-06-06 00:00:00+00:00,0.00196143
2018-06-07 00:00:00+00:00,0.00424144
2018-06-08 00:00:00+00:00,-0.01120858
2018-06-11 00:00:00+00:00,-0.00558567
2018-06-12 00:00:00+00:00,-0.00231405
2018-06-13 00:00:00+00:00,-0.00099404
2018-06-14 00:00:00+00:00,0.01824212
2018-06-15 00:00:00+00:00,-0.00260586
2018-06-18 00:00:00+00:00,-0.01175702
2018-06-19 00:00:00+00:00,-0.01487112
2018-06-20 00:00:00+00:00,-0.00419322
2018-06-21 00:00:00+00:00,-0.03351861
2018-06-22 00:00:00+00:00,-0.00139421
2018-06-25 00:00:00+00:00,-0.09116756
2018-06-26 00:00:00+00:00,-0.00089509
2018-06-27 00:00:00+00:00,-0.00340441
2018-06-28 00:00:00+00:00,-0.01474290
2018-06-29 00:00:00+00:00,-0.00054745
2018-07-02 00:00:00+00:00,-0.00511229
2018-07-03 00:00:00+00:00,0.00513856
2018-07-04 00:00:00+00:00,-0.00127807
2018-07-05 00:00:00+00:00,0.03656307
2018-07-06 00:00:00+00:00,-0.00899471
2018-07-09 00:00:00+00:00,0.00409326
2018-07-10 00:00:00+00:00,0.00389933
2018-07-11 00:00:00+00:00,-0.01995056
2018-07-12 00:00:00+00:00,0.00738606
2018-07-13 00:00:00+00:00,0.00858369
2018-07-16 00:00:00+00:00,-0.00585106
2018-07-17 00:00:00+00:00,0.00891742
2018-07-18 00:00:00+00:00,0.00813152
2018-07-19 00:00:00+00:00,0.00227950
2018-07-20 00:00:00+00:00,-0.03708887
2018-07-23 00:00:00+00:00,0.00035862
2018-07-24 00:00:00+00:00,0.02527335
2018-07-25 00:00:00+00:00,-0.02447552
2018-07-26 00:00:00+00:00,0.04139785
2018-07-27 00:00:00+00:00,-0.00385965
2018-07-30 00:00:00+00:00,0.00334625
2018-07-31 00:00:00+00:00,-0.00087765
2018-08-01 00:00:00+00:00,-0.02301476
2018-08-02 00:00:00+00:00,-0.00431577
2018-08-03 00:00:00+00:00,0.00180603
2018-08-06 00:00:00+00:00,0.00324500
2018-08-07 00:00:00+00:00,0.00754717
2018-08-08 00:00:00+00:00,0.00445871
2018-08-09 00:00:00+00:00,0.00390625
2018-08-10 00:00:00+00:00,-0.02122391
2018-08-13 00:00:00+00:00,-0.00271052
2018-08-14 00:00:00+00:00,-0.00217431
2018-08-15 00:00:00+00:00,-0.02741965
2018-08-16 00:00:00+00:00,0.00634802
2018-08-17 00:00:00+00:00,0.00092764
2018-08-20 00:00:00+00:00,0.00574606
2018-08-21 00:00:00+00:00,0.01290085
2018-08-22 00:00:00+00:00,-0.02729258
2018-08-23 00:00:00+00:00,-0.01795735
2018-08-24 00:00:00+00:00,0.00800000
2018-08-27 00:00:00+00:00,0.02040816
2018-08-28 00:00:00+00:00,-0.02666667
2018-08-29 00:00:00+00:00,0.00514895
2018-08-30 00:00:00+00:00,-0.00219539
2018-08-31 00:00:00+00:00,-0.01558489
2018-09-03 00:00:00+00:00,-0.01620413
2018-09-04 00:00:00+00:00,-0.00321848
2018-09-05 00:00:00+00:00,-0.05017445
2018-09-06 00:00:00+00:00,-0.00574493
2018-09-07 00:00:00+00:00,-0.00287356
2018-09-10 00:00:00+00:00,0.00977199
2018-09-11 00:00:00+00:00,-0.00573394
2018-09-12 00:00:00+00:00,0.00287466
2018-09-13 00:00:00+00:00,0.01223008
2018-09-14 00:00:00+00:00,0.01227110
2018-09-17 00:00:00+00:00,-0.00167848
2018-09-18 00:00:00+00:00,0.00896693
2018-09-19 00:00:00+00:00,0.01666358
2018-09-20 00:00:00+00:00,0.01602622
2018-09-21 00:00:00+00:00,0.00340563
2018-09-24 00:00:00+00:00,-0.01625581
2018-09-25 00:00:00+00:00,-0.02215362
2018-09-26 00:00:00+00:00,0.00352832
2018-09-27 00:00:00+00:00,-0.00074019
2018-09-28 00:00:00+00:00,-0.01296296
2018-10-01 00:00:00+00:00,0.00750469
2018-10-02 00:00:00+00:00,0.00279330
2018-10-03 00:00:00+00:00,0.00519963
2018-10-04 00:00:00+00:00,-0.01718086
2018-10-05 00:00:00+00:00,-0.01127820
2018-10-08 00:00:00+00:00,-0.01425856
2018-10-09 00:00:00+00:00,0.00250723
2018-10-10 00:00:00+00:00,-0.03424394
2018-10-11 00:00:00+00:00,-0.01155378
2018-10-12 00:00:00+00:00,0.01773478
2018-10-15 00:00:00+00:00,-0.00792079
2018-10-16 00:00:00+00:00,0.01796407
2018-10-17 00:00:00+00:00,-0.01666667
2018-10-18 00:00:00+00:00,-0.00757727
2018-10-19 00:00:00+00:00,-0.02913402
2018-10-22 00:00:00+00:00,-0.00062086
2018-10-23 00:00:00+00:00,0.00849037
2018-10-24 00:00:00+00:00,-0.04681725
2018-10-25 00:00:00+00:00,0.03597587
2018-10-26 00:00:00+00:00,-0.00395093
2018-10-29 00:00:00+00:00,0.02651357
2018-10-30 00:00:00+00:00,0.00162701
2018-10-31 00:00:00+00:00,0.00324873
2018-11-01 00:00:00+00:00,0.00384538
2018-11-02 00:00:00+00:00,0.02016129
2018-11-05 00:00:00+00:00,-0.01185771
2018-11-06 00:00:00+00:00,-0.00620000
2018-11-07 00:00:00+00:00,0.00422620
2018-11-08 00:00:00+00:00,-0.01442886
2018-11-09 00:00:00+00:00,-0.02053680
2018-11-12 00:00:00+00:00,-0.01079510
2018-11-13 00:00:00+00:00,0.02371459
2018-11-14 00:00:00+00:00,0.00451005
2018-11-15 00:00:00+00:00,-0.00612245
2018-11-16 00:00:00+00:00,-0.02217659
2018-11-19 00:00:00+00:00,0.00167997
2018-11-20 00:00:00+00:00,-0.01069182
2018-11-21 00:00:00+00:00,0.02140284
2018-11-22 00:00:00+00:00,-0.00746888
2018-11-23 00:00:00+00:00,0.00501672
2018-11-26 00:00:00+00:00,0.02475042
2018-11-27 00:00:00+00:00,-0.02334078
2018-11-28 00:00:00+00:00,0.00581879
2018-11-29 00:00:00+00:00,-0.09143195
2018-11-30 00:00:00+00:00,-0.00768911
2018-12-03 00:00:00+00:00,0.02575916
2018-12-04 00:00:00+00:00,-0.03940384
2018-12-05 00:00:00+00:00,-0.00045708
2018-12-06 00:00:00+00:00,-0.06345178
2018-12-07 00:00:00+00:00,-0.01026201
2018-12-10 00:00:00+00:00,-0.05073902
2018-12-11 00:00:00+00:00,0.02933931
2018-12-12 00:00:00+00:00,0.02977778
2018-12-13 00:00:00+00:00,-0.00410013
2018-12-14 00:00:00+00:00,-0.01148429
2018-12-17 00:00:00+00:00,-0.00372644
2018-12-18 00:00:00+00:00,-0.00220022
2018-12-19 00:00:00+00:00,0.00859978
2018-12-20 00:00:00+00:00,-0.02361172
2018-12-21 00:00:00+00:00,0.00201523
2018-12-27 00:00:00+00:00,-0.01608939
2018-12-28 00:00:00+00:00,-0.00522371
2019-01-02 00:00:00+00:00,-0.00867580
2019-01-03 00:00:00+00:00,-0.00944265
2019-01-04 00:00:00+00:00,0.04068821
2019-01-07 00:00:00+00:00,0.01496872
2019-01-08 00:00:00+00:00,0.01276689
2019-01-09 00:00:00+00:00,0.02151706
2019-01-10 00:00:00+00:00,-0.01212766
2019-01-11 00:00:00+00:00,-0.00236916
2019-01-14 00:00:00+00:00,0.01187392
2019-01-15 00:00:00+00:00,0.00704075
2019-01-16 00:00:00+00:00,0.00296610
2019-01-17 00:00:00+00:00,-0.00823828
2019-01-18 00:00:00+00:00,0.02747604
2019-01-21 00:00:00+00:00,-0.00331675
2019-01-22 00:00:00+00:00,-0.01019135
2019-01-23 00:00:00+00:00,-0.00945577
2019-01-24 00:00:00+00:00,0.02353191
2019-01-25 00:00:00+00:00,0.02319801
2019-01-28 00:00:00+00:00,-0.01093117
2019-01-29 00:00:00+00:00,-0.00307000
2019-01-30 00:00:00+00:00,0.00164237
2019-01-31 00:00:00+00:00,0.01086288
2019-02-01 00:00:00+00:00,0.00871857
2019-02-04 00:00:00+00:00,-0.01608040
2019-02-05 00:00:00+00:00,0.01532176
2019-02-06 00:00:00+00:00,-0.00100604
2019-02-07 00:00:00+00:00,-0.05438066
2019-02-08 00:00:00+00:00,-0.02456586
2019-02-11 00:00:00+00:00,0.00086170
2019-02-12 00:00:00+00:00,0.02582867
2019-02-13 00:00:00+00:00,0.00881242
2019-02-14 00:00:00+00:00,-0.00748752
2019-02-15 00:00:00+00:00,0.01173512
2019-02-18 00:00:00+00:00,0.03562552
2019-02-19 00:00:00+00:00,0.00144330
2019-02-20 00:00:00+00:00,0.01955940
2019-02-21 00:00:00+00:00,0.00060582
2019-02-22 00:00:00+00:00,-0.00121090
2019-02-25 00:00:00+00:00,0.02141847
2019-02-26 00:00:00+00:00,-0.00474777
2019-02-27 00:00:00+00:00,0.00238521
2019-02-28 00:00:00+00:00,0.02637319
2019-03-01 00:00:00+00:00,0.02434158
2019-03-04 00:00:00+00:00,-0.00511912
2019-03-05 00:00:00+00:00,0.00155122
2019-03-06 00:00:00+00:00,-0.01738787
2019-03-07 00:00:00+00:00,-0.03629113
2019-03-08 00:00:00+00:00,-0.03549572
2019-03-11 00:00:00+00:00,-0.02669702
2019-03-12 00:00:00+00:00,-0.00405204
2019-03-13 00:00:00+00:00,0.01734475
2019-03-14 00:00:00+00:00,-0.00106180
2019-03-15 00:00:00+00:00,0.00977891
2019-03-18 00:00:00+00:00,0.00168421
2019-03-19 00:00:00+00:00,0.01933586
2019-03-20 00:00:00+00:00,-0.02453608
2019-03-21 00:00:00+00:00,-0.00084549
2019-03-22 00:00:00+00:00,-0.02475143
2019-03-25 00:00:00+00:00,-0.00281996
2019-03-26 00:00:00+00:00,0.00000000
2019-03-27 00:00:00+00:00,0.01261692
2019-03-28 00:00:00+00:00,-0.00966702
2019-03-29 00:00:00+00:00,0.01409978
2019-04-01 00:00:00+00:00,0.03764706
2019-04-02 00:00:00+00:00,0.01628530
2019-04-03 00:00:00+00:00,0.00912779
2019-04-04 00:00:00+00:00,0.00603015
2019-04-05 00:00:00+00:00,0.00279720
2019-04-08 00:00:00+00:00,-0.00179319
2019-04-09 00:00:00+00:00,-0.01037924
2019-04-10 00:00:00+00:00,-0.00100847
2019-04-11 00:00:00+00:00,0.01251767
2019-04-12 00:00:00+00:00,0.02452642
2019-04-15 00:00:00+00:00,0.00019463
2019-04-16 00:00:00+00:00,0.00895116
2019-04-17 00:00:00+00:00,0.01600771
2019-04-18 00:00:00+00:00,0.01252847
2019-04-23 00:00:00+00:00,-0.00956130
2019-04-24 00:00:00+00:00,-0.01514291
2019-04-25 00:00:00+00:00,-0.00903325
2019-04-26 00:00:00+00:00,0.00795190
2019-04-29 00:00:00+00:00,-0.00019242
2019-04-30 00:00:00+00:00,0.01481909
2019-05-02 00:00:00+00:00,-0.01801631
2019-05-03 00:00:00+00:00,0.00212437
2019-05-06 00:00:00+00:00,-0.01734438
2019-05-07 00:00:00+00:00,-0.02000392
2019-05-08 00:00:00+00:00,0.00460276
2019-05-09 00:00:00+00:00,-0.01494024
2019-05-10 00:00:00+00:00,-0.01536906
2019-05-13 00:00:00+00:00,-0.03388786
2019-05-14 00:00:00+00:00,0.01573129
2019-05-15 00:00:00+00:00,0.02051067
2019-05-16 00:00:00+00:00,-0.00512715
2019-05-17 00:00:00+00:00,-0.00618429
2019-05-20 00:00:00+00:00,-0.02177971
2019-05-21 00:00:00+00:00,0.00636132
2019-05-22 00:00:00+00:00,-0.01222082
2019-05-23 00:00:00+00:00,-0.01450512
2019-05-24 00:00:00+00:00,0.00519481
2019-05-27 00:00:00+00:00,0.01291990
2019-05-28 00:00:00+00:00,0.00382653
2019-05-29 00:00:00+00:00,-0.01228293
2019-05-30 00:00:00+00:00,-0.00192967
2019-05-31 00:00:00+00:00,-0.02019334
2019-06-03 00:00:00+00:00,-0.00657750
2019-06-04 00:00:00+00:00,0.03707791
2019-06-05 00:00:00+00:00,-0.00386260
2019-06-06 00:00:00+00:00,-0.00769066
2019-06-07 00:00:00+00:00,0.00495156
2019-06-10 00:00:00+00:00,0.01221080
2019-06-11 00:00:00+00:00,0.02201058
2019-06-12 00:00:00+00:00,-0.01090375
2019-06-13 00:00:00+00:00,0.00423998
2019-06-14 00:00:00+00:00,-0.00907748
2019-06-17 00:00:00+00:00,0.00170430
2019-06-18 00:00:00+00:00,0.01999149
2019-06-19 00:00:00+00:00,0.01355296
2019-06-20 00:00:00+00:00,0.00843448
2019-06-21 00:00:00+00:00,-0.00020400
2019-06-24 00:00:00+00:00,-0.01122220
2019-06-25 00:00:00+00:00,-0.01114321
2019-06-26 00:00:00+00:00,0.01001669
2019-06-27 00:00:00+00:00,0.00433884
2019-06-28 00:00:00+00:00,0.00678873
2019-07-01 00:00:00+00:00,-0.00122599
2019-07-02 00:00:00+00:00,0.00122750
2019-07-03 00:00:00+00:00,0.02554148
2019-07-04 00:00:00+00:00,0.00000000
2019-07-05 00:00:00+00:00,0.00040429
2019-07-08 00:00:00+00:00,-0.00303092
2019-07-09 00:00:00+00:00,-0.01297122
2019-07-10 00:00:00+00:00,-0.00821355
2019-07-11 00:00:00+00:00,-0.00745342
2019-07-12 00:00:00+00:00,0.01063830
2019-07-15 00:00:00+00:00,0.00577915
2019-07-16 00:00:00+00:00,0.00287297
2019-07-17 00:00:00+00:00,-0.01125435
2019-07-18 00:00:00+00:00,-0.01138245
2019-07-19 00:00:00+00:00,0.00230270
2019-07-22 00:00:00+00:00,0.00856307
2019-07-23 00:00:00+00:00,0.03810313
2019-07-24 00:00:00+00:00,0.01097147
2019-07-25 00:00:00+00:00,-0.01894238
2019-07-26 00:00:00+00:00,-0.00241352
2019-07-29 00:00:00+00:00,-0.00725806
2019-07-30 00:00:00+00:00,-0.02254265
2019-07-31 00:00:00+00:00,-0.00083108
2019-08-01 00:00:00+00:00,0.00395093
2019-08-02 00:00:00+00:00,-0.03686827
2019-08-05 00:00:00+00:00,-0.02838710
2019-08-06 00:00:00+00:00,0.00708278
2019-08-07 00:00:00+00:00,0.00000000
2019-08-08 00:00:00+00:00,0.01208791
2019-08-09 00:00:00+00:00,-0.02432139
2019-08-12 00:00:00+00:00,-0.00511907
2019-08-13 00:00:00+00:00,0.01342282
2019-08-14 00:00:00+00:00,-0.02847682
2019-08-15 00:00:00+00:00,-0.02294933
2019-08-16 00:00:00+00:00,0.01418605
2019-08-19 00:00:00+00:00,0.01284109
2019-08-20 00:00:00+00:00,-0.01290469
2019-08-21 00:00:00+00:00,0.01743119
2019-08-22 00:00:00+00:00,-0.09193514
2019-08-23 00:00:00+00:00,-0.02000450
2019-08-26 00:00:00+00:00,0.00894495
2019-08-27 00:00:00+00:00,0.01136622
2019-08-28 00:00:00+00:00,-0.00202293
2019-08-29 00:00:00+00:00,0.00833333
2019-08-30 00:00:00+00:00,0.00915792
2019-09-02 00:00:00+00:00,0.00066401
2019-09-03 00:00:00+00:00,0.00486618
2019-09-04 00:00:00+00:00,0.01959058
2019-09-05 00:00:00+00:00,0.02868130
2019-09-06 00:00:00+00:00,0.00314795
2019-09-09 00:00:00+00:00,0.09294888
2019-09-10 00:00:00+00:00,0.00926689
2019-09-11 00:00:00+00:00,0.01556420
2019-09-12 00:00:00+00:00,-0.00305499
2019-09-13 00:00:00+00:00,0.01634321
2019-09-16 00:00:00+00:00,-0.00321608
2019-09-17 00:00:00+00:00,-0.01250252
2019-09-18 00:00:00+00:00,-0.00020421
2019-09-19 00:00:00+00:00,0.00490196
2019-09-20 00:00:00+00:00,-0.00203252
2019-09-23 00:00:00+00:00,-0.01873727
2019-09-24 00:00:00+00:00,-0.01722707
2019-09-25 00:00:00+00:00,0.00316790
2019-09-26 00:00:00+00:00,-0.00505263
2019-09-27 00:00:00+00:00,0.01036818
2019-09-30 00:00:00+00:00,0.00356021
2019-10-01 00:00:00+00:00,-0.00876461
2019-10-02 00:00:00+00:00,-0.02463158
2019-10-03 00:00:00+00:00,-0.00021584
2019-10-04 00:00:00+00:00,-0.00734024
2019-10-07 00:00:00+00:00,0.00000000
2019-10-08 00:00:00+00:00,-0.01043932
2019-10-09 00:00:00+00:00,0.01428571
2019-10-10 00:00:00+00:00,0.02015168
2019-10-11 00:00:00+00:00,0.03398471
2019-10-14 00:00:00+00:00,0.00431389
2019-10-15 00:00:00+00:00,0.01779505
2019-10-16 00:00:00+00:00,0.01346463
2019-10-17 00:00:00+00:00,0.00000000
2019-10-18 00:00:00+00:00,-0.01566528
2019-10-21 00:00:00+00:00,0.00926672
2019-10-22 00:00:00+00:00,0.00918164
2019-10-23 00:00:00+00:00,0.00039557
2019-10-24 00:00:00+00:00,0.01087386
2019-10-25 00:00:00+00:00,0.00723646
2019-10-28 00:00:00+00:00,0.02019417
2019-10-29 00:00:00+00:00,-0.00570994
2019-10-30 00:00:00+00:00,-0.00382848
2019-10-31 00:00:00+00:00,-0.01498847
2019-11-01 00:00:00+00:00,0.01307062
2019-11-04 00:00:00+00:00,0.02888504
2019-11-05 00:00:00+00:00,0.00467902
2019-11-06 00:00:00+00:00,-0.00242176
2019-11-07 00:00:00+00:00,0.01493931
2019-11-08 00:00:00+00:00,-0.00220791
2019-11-11 00:00:00+00:00,-0.00258160
2019-11-12 00:00:00+00:00,0.00184877
2019-11-13 00:00:00+00:00,-0.01014947
2019-11-14 00:00:00+00:00,-0.01659210
2019-11-15 00:00:00+00:00,0.00530806
2019-11-18 00:00:00+00:00,-0.02017726
2019-11-19 00:00:00+00:00,0.00692841
2019-11-20 00:00:00+00:00,-0.01051223
2019-11-21 00:00:00+00:00,0.00502221
2019-11-22 00:00:00+00:00,0.00826446
2019-11-25 00:00:00+00:00,0.00629051
2019-11-26 00:00:00+00:00,0.05985982
2019-11-27 00:00:00+00:00,0.00494109
2019-11-28 00:00:00+00:00,-0.00964448
2019-11-29 00:00:00+00:00,-0.00916555
2019-12-02 00:00:00+00:00,-0.02158412
2019-12-03 00:00:00+00:00,-0.00919226
2019-12-04 00:00:00+00:00,0.01006711
2019-12-05 00:00:00+00:00,-0.00550396
2019-12-06 00:00:00+00:00,0.00648457
2019-12-09 00:00:00+00:00,-0.00644280
2019-12-10 00:00:00+00:00,-0.03772843
2019-12-11 00:00:00+00:00,0.01143308
2019-12-12 00:00:00+00:00,0.01668957
2019-12-13 00:00:00+00:00,0.01139436
2019-12-16 00:00:00+00:00,0.00038190
2019-12-17 00:00:00+00:00,-0.00171789
2019-12-18 00:00:00+00:00,-0.00305927
2019-12-19 00:00:00+00:00,-0.00920598
2019-12-20 00:00:00+00:00,-0.00038715
2019-12-23 00:00:00+00:00,-0.00387297
2019-12-27 00:00:00+00:00,-0.00116641
2019-12-30 00:00:00+00:00,-0.01654340
2020-01-02 00:00:00+00:00,0.01919652
2020-01-03 00:00:00+00:00,-0.01475728
2020-01-06 00:00:00+00:00,-0.00256208
2020-01-07 00:00:00+00:00,0.00177830
2020-01-08 00:00:00+00:00,0.00828402
2020-01-09 00:00:00+00:00,0.00645540
2020-01-10 00:00:00+00:00,0.00136054
2020-01-13 00:00:00+00:00,-0.00116460
2020-01-14 00:00:00+00:00,-0.00505247
2020-01-15 00:00:00+00:00,-0.01660156
2020-01-16 00:00:00+00:00,-0.00615690
2020-01-17 00:00:00+00:00,-0.00019984
2020-01-20 00:00:00+00:00,0.00299820
2020-01-21 00:00:00+00:00,-0.00458350
2020-01-22 00:00:00+00:00,-0.01501502
2020-01-23 00:00:00+00:00,-0.01646341
2020-01-24 00:00:00+00:00,-0.00640628
2020-01-27 00:00:00+00:00,-0.02911814
2020-01-28 00:00:00+00:00,0.01242502
2020-01-29 00:00:00+00:00,-0.00021160
2020-01-30 00:00:00+00:00,-0.01121693
2020-01-31 00:00:00+00:00,-0.02183219
2020-02-03 00:00:00+00:00,0.00284464
2020-02-04 00:00:00+00:00,0.01549204
2020-02-05 00:00:00+00:00,0.02062742
2020-02-06 00:00:00+00:00,0.00210526
2020-02-07 00:00:00+00:00,-0.01701681
2020-02-10 00:00:00+00:00,-0.00705279
2020-02-11 00:00:00+00:00,0.00322858
2020-02-12 00:00:00+00:00,0.03883287
2020-02-13 00:00:00+00:00,-0.00784800
2020-02-14 00:00:00+00:00,-0.00770192
2020-02-17 00:00:00+00:00,0.01342563
2020-02-18 00:00:00+00:00,-0.01407576
2020-02-19 00:00:00+00:00,0.00167961
2020-02-20 00:00:00+00:00,0.00523999
2020-02-21 00:00:00+00:00,-0.02210175
2020-02-24 00:00:00+00:00,-0.05309168
2020-02-25 00:00:00+00:00,-0.02949786
2020-02-26 00:00:00+00:00,0.01438515
2020-02-27 00:00:00+00:00,-0.03705398
2020-02-28 00:00:00+00:00,0.00498812
2020-03-02 00:00:00+00:00,-0.01678090
2020-03-03 00:00:00+00:00,-0.00961538
2020-03-04 00:00:00+00:00,0.01820388
2020-03-05 00:00:00+00:00,-0.04624553
2020-03-06 00:00:00+00:00,-0.01027944
2020-03-09 00:00:00+00:00,-0.09351924
2020-03-10 00:00:00+00:00,0.04165478
2020-03-11 00:00:00+00:00,-0.02163791
2020-03-12 00:00:00+00:00,-0.13325937
2020-03-16 00:00:00+00:00,-0.13477103
2020-03-17 00:00:00+00:00,0.01589021
2020-03-18 00:00:00+00:00,-0.05794525
2020-03-19 00:00:00+00:00,0.03547170
2020-03-20 00:00:00+00:00,0.02040816
2020-03-23 00:00:00+00:00,-0.02214286
2020-03-24 00:00:00+00:00,0.13449479
2020-03-25 00:00:00+00:00,0.03137004
2020-03-26 00:00:00+00:00,0.00372439
2020-03-27 00:00:00+00:00,-0.05225727
2020-03-30 00:00:00+00:00,-0.00163132
2020-03-31 00:00:00+00:00,0.02352941
2020-04-01 00:00:00+00:00,-0.05044700
2020-04-02 00:00:00+00:00,0.00672495
2020-04-03 00:00:00+00:00,-0.04041416
2020-04-06 00:00:00+00:00,0.10511660
2020-04-07 00:00:00+00:00,0.03622047
2020-04-08 00:00:00+00:00,0.01458967
2020-04-09 00:00:00+00:00,0.03415219
2020-04-14 00:00:00+00:00,-0.01506373
2020-04-15 00:00:00+00:00,-0.05176471
2020-04-16 00:00:00+00:00,0.00620347
2020-04-17 00:00:00+00:00,0.04870530
2020-04-20 00:00:00+00:00,0.00235156
2020-04-21 00:00:00+00:00,-0.05307918
2020-04-22 00:00:00+00:00,0.01517498
2020-04-23 00:00:00+00:00,0.02135448
2020-04-24 00:00:00+00:00,-0.01971326
2020-04-27 00:00:00+00:00,0.04692261
2020-04-28 00:00:00+00:00,0.01833527
2020-04-29 00:00:00+00:00,0.05315805
2020-04-30 00:00:00+00:00,-0.03120760
2020-05-04 00:00:00+00:00,-0.03781513
2020-05-05 00:00:00+00:00,0.03289665
2020-05-06 00:00:00+00:00,-0.01832018
2020-05-07 00:00:00+00:00,-0.00430663
2020-05-08 00:00:00+00:00,0.04152249
2020-05-11 00:00:00+00:00,-0.02214839
2020-05-12 00:00:00+00:00,-0.00934315
2020-05-13 00:00:00+00:00,-0.05801658
2020-05-14 00:00:00+00:00,-0.01699029
2020-05-15 00:00:00+00:00,0.01944444
2020-05-18 00:00:00+00:00,0.07780805
2020-05-19 00:00:00+00:00,-0.01292135
2020-05-20 00:00:00+00:00,0.00711440
2020-05-21 00:00:00+00:00,-0.00762927
2020-05-22 00:00:00+00:00,0.00825740
2020-05-25 00:00:00+00:00,0.01581474
2020-05-26 00:00:00+00:00,0.03502919
2020-05-27 00:00:00+00:00,0.04593070
2020-05-28 00:00:00+00:00,-0.00693374
2020-05-29 00:00:00+00:00,-0.02896302
2020-06-01 00:00:00+00:00,0.02609854
2020-06-02 00:00:00+00:00,0.01842720
2020-06-03 00:00:00+00:00,0.04561672
2020-06-04 00:00:00+00:00,-0.02291007
2020-06-05 00:00:00+00:00,0.05384677
2020-06-08 00:00:00+00:00,0.14186636
2020-06-09 00:00:00+00:00,-0.07051282
2020-06-10 00:00:00+00:00,-0.02020448
2020-06-11 00:00:00+00:00,-0.11893622
2020-06-12 00:00:00+00:00,0.01937046
2020-06-15 00:00:00+00:00,-0.00870942
2020-06-16 00:00:00+00:00,0.03301384
2020-06-17 00:00:00+00:00,-0.00953608
2020-06-18 00:00:00+00:00,-0.00780640
2020-06-19 00:00:00+00:00,-0.01442434
2020-06-22 00:00:00+00:00,0.02421501
2020-06-23 00:00:00+00:00,0.02416212
2020-06-24 00:00:00+00:00,-0.05149670
2020-06-25 00:00:00+00:00,0.03343140
2020-06-26 00:00:00+00:00,-0.01682195
2020-06-29 00:00:00+00:00,-0.01553040
2020-06-30 00:00:00+00:00,0.03449198
2020-07-01 00:00:00+00:00,-0.01447402
2020-07-02 00:00:00+00:00,0.03907684
2020-07-03 00:00:00+00:00,0.00959112
2020-07-06 00:00:00+00:00,-0.00175000
2020-07-07 00:00:00+00:00,-0.00275482
2020-07-08 00:00:00+00:00,-0.01958815
2020-07-09 00:00:00+00:00,-0.00486680
2020-07-10 00:00:00+00:00,0.02316602
2020-07-13 00:00:00+00:00,-0.00377358
2020-07-14 00:00:00+00:00,-0.00126263
2020-07-15 00:00:00+00:00,0.01643489
2020-07-16 00:00:00+00:00,0.00298507
2020-07-17 00:00:00+00:00,0.01289683
2020-07-20 00:00:00+00:00,0.00440744
2020-07-21 00:00:00+00:00,0.01072647
2020-07-22 00:00:00+00:00,-0.01230101
2020-07-23 00:00:00+00:00,0.00976801
2020-07-24 00:00:00+00:00,-0.01402660
2020-07-27 00:00:00+00:00,0.00196223
2020-07-28 00:00:00+00:00,0.00269278
2020-07-29 00:00:00+00:00,-0.01489258
2020-07-30 00:00:00+00:00,-0.03395291
2020-07-31 00:00:00+00:00,-0.03848127
2020-08-03 00:00:00+00:00,0.05149413
2020-08-04 00:00:00+00:00,0.02283684
2020-08-05 00:00:00+00:00,0.00223270
2020-08-06 00:00:00+00:00,-0.00841584
2020-08-07 00:00:00+00:00,-0.00174738
2020-08-10 00:00:00+00:00,0.00875219
2020-08-11 00:00:00+00:00,0.04462072
2020-08-12 00:00:00+00:00,0.00972947
2020-08-13 00:00:00+00:00,-0.00822562
2020-08-14 00:00:00+00:00,-0.00308057
2020-08-17 00:00:00+00:00,0.00000000
2020-08-18 00:00:00+00:00,-0.00332779
2020-08-19 00:00:00+00:00,0.00476985
2020-08-20 00:00:00+00:00,-0.01542844
2020-08-21 00:00:00+00:00,-0.01325940
2020-08-24 00:00:00+00:00,0.02540924
2020-08-25 00:00:00+00:00,-0.00381225
2020-08-26 00:00:00+00:00,0.01554652
2020-08-27 00:00:00+00:00,-0.00400377
2020-08-28 00:00:00+00:00,-0.00094585
2020-08-31 00:00:00+00:00,-0.00733728
2020-09-01 00:00:00+00:00,-0.00596090
2020-09-02 00:00:00+00:00,0.01583113
2020-09-03 00:00:00+00:00,0.01298701
2020-09-04 00:00:00+00:00,0.10303030
2020-09-07 00:00:00+00:00,0.03864203
2020-09-08 00:00:00+00:00,-0.00090806
2020-09-09 00:00:00+00:00,0.01181281
2020-09-10 00:00:00+00:00,0.00271248
2020-09-11 00:00:00+00:00,-0.00725953
2020-09-14 00:00:00+00:00,0.00660743
2020-09-15 00:00:00+00:00,0.00316885
2020-09-16 00:00:00+00:00,-0.00451264
2020-09-17 00:00:00+00:00,-0.00634633
2020-09-18 00:00:00+00:00,-0.02098540
2020-09-21 00:00:00+00:00,-0.04170550
2020-09-22 00:00:00+00:00,0.01483102
2020-09-23 00:00:00+00:00,-0.00622904
2020-09-24 00:00:00+00:00,0.01108968
2020-09-25 00:00:00+00:00,-0.00739151
2020-09-28 00:00:00+00:00,0.03098727
2020-09-29 00:00:00+00:00,-0.00908667
2020-09-30 00:00:00+00:00,0.00070538
2020-10-01 00:00:00+00:00,0.00422932
2020-10-02 00:00:00+00:00,-0.00233973
2020-10-05 00:00:00+00:00,0.02157598
2020-10-06 00:00:00+00:00,0.00068871
2020-10-07 00:00:00+00:00,0.02225281
2020-10-08 00:00:00+00:00,-0.00493716
2020-10-09 00:00:00+00:00,-0.00789355
2020-10-12 00:00:00+00:00,0.01091157
2020-10-13 00:00:00+00:00,-0.01349224
2020-10-14 00:00:00+00:00,-0.00273535
2020-10-15 00:00:00+00:00,-0.01531429
2020-10-16 00:00:00+00:00,0.03435469
2020-10-19 00:00:00+00:00,-0.00224417
2020-10-20 00:00:00+00:00,0.00337382
2020-10-21 00:00:00+00:00,-0.00941493
2020-10-22 00:00:00+00:00,0.00746775
2020-10-23 00:00:00+00:00,0.00292004
2020-10-26 00:00:00+00:00,-0.00985442
2020-10-27 00:00:00+00:00,-0.02329790
2020-10-28 00:00:00+00:00,-0.04840204
2020-10-29 00:00:00+00:00,0.00681431
2020-10-30 00:00:00+00:00,0.00265893
2020-11-02 00:00:00+00:00,0.00940212
2020-11-03 00:00:00+00:00,0.04442321
2020-11-04 00:00:00+00:00,0.00228676
2020-11-05 00:00:00+00:00,0.02988820
2020-11-06 00:00:00+00:00,-0.01462118
2020-11-09 00:00:00+00:00,0.05328237
2020-11-10 00:00:00+00:00,0.03735326
2020-11-11 00:00:00+00:00,0.00164609
2020-11-12 00:00:00+00:00,-0.00842235
2020-11-13 00:00:00+00:00,0.00704371
2020-11-16 00:00:00+00:00,0.02468628
2020-11-17 00:00:00+00:00,0.00863280
2020-11-18 00:00:00+00:00,0.01293790
2020-11-19 00:00:00+00:00,-0.00510906
2020-11-20 00:00:00+00:00,-0.00019751
2020-11-23 00:00:00+00:00,0.00217305
2020-11-24 00:00:00+00:00,0.03508772
2020-11-25 00:00:00+00:00,-0.01237859
2020-11-26 00:00:00+00:00,-0.01214809
2020-11-27 00:00:00+00:00,-0.00253758
2020-11-30 00:00:00+00:00,-0.01115460
2020-12-01 00:00:00+00:00,0.02196715
2020-12-02 00:00:00+00:00,-0.00619675
2020-12-03 00:00:00+00:00,-0.00116913
2020-12-04 00:00:00+00:00,0.00702302
2020-12-07 00:00:00+00:00,-0.01049306
2020-12-08 00:00:00+00:00,0.13762725
2020-12-09 00:00:00+00:00,0.01560976
2020-12-10 00:00:00+00:00,-0.02043199
2020-12-11 00:00:00+00:00,-0.02802273
2020-12-14 00:00:00+00:00,0.01095618
2020-12-15 00:00:00+00:00,0.03251232
2020-12-16 00:00:00+00:00,0.01164122
2020-12-17 00:00:00+00:00,0.00075457
2020-12-18 00:00:00+00:00,0.00282752
2020-12-21 00:00:00+00:00,-0.02518797
2020-12-22 00:00:00+00:00,0.00347088
2020-12-23 00:00:00+00:00,0.01844735
2020-12-28 00:00:00+00:00,0.00547170
2020-12-29 00:00:00+00:00,-0.01144680
2020-12-30 00:00:00+00:00,0.00113895
2021-01-04 00:00:00+00:00,-0.01478953
2021-01-05 00:00:00+00:00,0.00230947
2021-01-06 00:00:00+00:00,-0.00768049
2021-01-07 00:00:00+00:00,0.00715944
2021-01-08 00:00:00+00:00,-0.00326609
2021-01-11 00:00:00+00:00,-0.01252891
2021-01-12 00:00:00+00:00,0.01366387
2021-01-13 00:00:00+00:00,-0.00423647
2021-01-14 00:00:00+00:00,0.01779153
2021-01-15 00:00:00+00:00,-0.02147064
2021-01-18 00:00:00+00:00,0.00776699
2021-01-19 00:00:00+00:00,0.00134875
2021-01-20 00:00:00+00:00,0.02462959
2021-01-21 00:00:00+00:00,0.01201878
2021-01-22 00:00:00+00:00,-0.00389683
2021-01-25 00:00:00+00:00,-0.03017884
2021-01-26 00:00:00+00:00,0.01959278
2021-01-27 00:00:00+00:00,-0.01827430
2021-01-28 00:00:00+00:00,0.00422184
2021-01-29 00:00:00+00:00,0.00114657
2021-02-01 00:00:00+00:00,0.00381752
2021-02-02 00:00:00+00:00,0.02167712
2021-02-03 00:00:00+00:00,0.02438117
2021-02-04 00:00:00+00:00,0.00763081
2021-02-05 00:00:00+00:00,0.00721241
2021-02-08 00:00:00+00:00,0.00286430
2021-02-09 00:00:00+00:00,-0.00731881
2021-02-10 00:00:00+00:00,-0.00827189
2021-02-11 00:00:00+00:00,0.00072529
2021-02-12 00:00:00+00:00,-0.00525458
2021-02-15 00:00:00+00:00,0.00856102
2021-02-16 00:00:00+00:00,0.00000000
2021-02-17 00:00:00+00:00,-0.01191981
2021-02-18 00:00:00+00:00,0.01590203
2021-02-19 00:00:00+00:00,0.00989565
2021-02-22 00:00:00+00:00,-0.00534474
2021-02-23 00:00:00+00:00,-0.01164249
2021-02-24 00:00:00+00:00,0.01214208
2021-02-25 00:00:00+00:00,-0.00572963
2021-02-26 00:00:00+00:00,0.00486224
2021-03-01 00:00:00+00:00,0.01200717
2021-03-02 00:00:00+00:00,0.00690632
2021-03-03 00:00:00+00:00,0.02356665
2021-03-04 00:00:00+00:00,0.00103093
2021-03-05 00:00:00+00:00,0.00463440
2021-03-08 00:00:00+00:00,0.14143916
2021-03-09 00:00:00+00:00,0.00362737
2021-03-10 00:00:00+00:00,0.00841590
2021-03-11 00:00:00+00:00,-0.01592775
2021-03-12 00:00:00+00:00,-0.01235392
2021-03-15 00:00:00+00:00,0.01102941
2021-03-16 00:00:00+00:00,0.00632174
2021-03-17 00:00:00+00:00,0.03256737
2021-03-18 00:00:00+00:00,0.01200768
2021-03-19 00:00:00+00:00,-0.01392185
2021-03-22 00:00:00+00:00,0.01508102
2021-03-23 00:00:00+00:00,-0.02181128
2021-03-24 00:00:00+00:00,-0.01308774
2021-03-25 00:00:00+00:00,0.01751801
2021-03-26 00:00:00+00:00,0.00434433
2021-03-29 00:00:00+00:00,0.01169497
2021-03-30 00:00:00+00:00,0.02454473
2021-03-31 00:00:00+00:00,-0.00185471
2021-04-01 00:00:00+00:00,0.01424590
2021-04-06 00:00:00+00:00,0.00687023
2021-04-07 00:00:00+00:00,-0.00682335
2021-04-08 00:00:00+00:00,-0.01740458
2021-04-09 00:00:00+00:00,-0.00357365
2021-04-12 00:00:00+00:00,0.00701700
2021-04-13 00:00:00+00:00,-0.00216785
2021-04-14 00:00:00+00:00,-0.00450031
2021-04-15 00:00:00+00:00,0.00374123
2021-04-16 00:00:00+00:00,0.02018947
2021-04-19 00:00:00+00:00,-0.01248287
2021-04-20 00:00:00+00:00,-0.02836442
2021-04-21 00:00:00+00:00,-0.00063462
2021-04-22 00:00:00+00:00,0.01047785
2021-04-23 00:00:00+00:00,-0.00062844
2021-04-26 00:00:00+00:00,0.00361578
2021-04-27 00:00:00+00:00,-0.00297619
2021-04-28 00:00:00+00:00,-0.00125687
2021-04-29 00:00:00+00:00,-0.02721409
2021-04-30 00:00:00+00:00,0.00000000
2021-05-03 00:00:00+00:00,0.01148124
2021-05-04 00:00:00+00:00,-0.03197442
2021-05-05 00:00:00+00:00,0.02180017
2021-05-06 00:00:00+00:00,-0.00129303
2021-05-07 00:00:00+00:00,0.00000000
2021-05-10 00:00:00+00:00,0.01003399
2021-05-11 00:00:00+00:00,-0.02163115
2021-05-13 00:00:00+00:00,-0.00589584
2021-05-14 00:00:00+00:00,0.02042834
2021-05-17 00:00:00+00:00,0.00839522
2021-05-18 00:00:00+00:00,0.00416266
2021-05-19 00:00:00+00:00,-0.02184311
2021-05-20 00:00:00+00:00,0.01825591
2021-05-21 00:00:00+00:00,0.01360653
2021-05-24 00:00:00+00:00,0.00600126
2021-05-25 00:00:00+00:00,0.00470958
2021-05-26 00:00:00+00:00,0.00437500
2021-05-27 00:00:00+00:00,0.01649035
2021-05-28 00:00:00+00:00,-0.00229568
2021-05-31 00:00:00+00:00,0.00659610
2021-06-01 00:00:00+00:00,0.01615361
2021-06-02 00:00:00+00:00,0.01214757
2021-06-03 00:00:00+00:00,0.01481701
2021-06-04 00:00:00+00:00,0.00262812
2021-06-07 00:00:00+00:00,0.01048493
2021-06-08 00:00:00+00:00,-0.01354662
2021-06-09 00:00:00+00:00,0.12184076
2021-06-10 00:00:00+00:00,-0.02714665
2021-06-11 00:00:00+00:00,0.01103325
2021-06-14 00:00:00+00:00,-0.00752101
2021-06-15 00:00:00+00:00,-0.00475483
2021-06-16 00:00:00+00:00,-0.00418035
2021-06-17 00:00:00+00:00,0.00344828
2021-06-18 00:00:00+00:00,-0.02495144
2021-06-21 00:00:00+00:00,0.02896108
2021-06-22 00:00:00+00:00,-0.00402085
2021-06-23 00:00:00+00:00,-0.01091507
2021-06-24 00:00:00+00:00,0.00846561
2021-06-25 00:00:00+00:00,-0.00704542
2021-06-28 00:00:00+00:00,-0.01373792
2021-06-29 00:00:00+00:00,0.00765345
2021-06-30 00:00:00+00:00,-0.01777305
2021-07-01 00:00:00+00:00,0.00494896
2021-07-02 00:00:00+00:00,0.00292398
2021-07-05 00:00:00+00:00,-0.00982047
2021-07-06 00:00:00+00:00,-0.01689137
2021-07-07 00:00:00+00:00,-0.00236444
2021-07-08 00:00:00+00:00,-0.01975036
2021-07-09 00:00:00+00:00,0.03417150
2021-07-12 00:00:00+00:00,0.00639027
2021-07-13 00:00:00+00:00,-0.01037634
2021-07-14 00:00:00+00:00,0.00485133
2021-07-15 00:00:00+00:00,-0.01495094
2021-07-16 00:00:00+00:00,-0.01407115
2021-07-19 00:00:00+00:00,-0.02710071
2021-07-20 00:00:00+00:00,0.00659304
2021-07-21 00:00:00+00:00,0.01981333
2021-07-22 00:00:00+00:00,0.00112396
2021-07-23 00:00:00+00:00,0.02630313
2021-07-26 00:00:00+00:00,-0.00359431
2021-07-27 00:00:00+00:00,-0.01427227
2021-07-28 00:00:00+00:00,0.00588703
2021-07-29 00:00:00+00:00,0.01961405
2021-07-30 00:00:00+00:00,-0.00449891
2021-08-02 00:00:00+00:00,0.00109085
2021-08-03 00:00:00+00:00,-0.00529265
2021-08-04 00:00:00+00:00,0.00923318
2021-08-05 00:00:00+00:00,0.00387657
2021-08-06 00:00:00+00:00,0.00942230
2021-08-09 00:00:00+00:00,-0.00581484
2021-08-10 00:00:00+00:00,-0.00030783
2021-08-11 00:00:00+00:00,0.00277136
2021-08-12 00:00:00+00:00,0.01197605
2021-08-13 00:00:00+00:00,0.00303444
2021-08-16 00:00:00+00:00,-0.01149599
2021-08-17 00:00:00+00:00,-0.02035195
2021-08-18 00:00:00+00:00,-0.00156201
2021-08-19 00:00:00+00:00,-0.02737797
2021-08-20 00:00:00+00:00,-0.00579057
2021-08-23 00:00:00+00:00,0.00291215
2021-08-24 00:00:00+00:00,0.00984030
2021-08-25 00:00:00+00:00,0.00127796
2021-08-26 00:00:00+00:00,-0.00271219
2021-08-27 00:00:00+00:00,0.00863862
2021-08-30 00:00:00+00:00,-0.00015860
2021-08-31 00:00:00+00:00,-0.00364848
2021-09-01 00:00:00+00:00,-0.00429868
2021-09-02 00:00:00+00:00,0.00223857
2021-09-03 00:00:00+00:00,-0.00335035
2021-09-06 00:00:00+00:00,0.00176085
2021-09-07 00:00:00+00:00,-0.00335570
2021-09-08 00:00:00+00:00,-0.11688312
2021-09-09 00:00:00+00:00,0.00719895
2021-09-10 00:00:00+00:00,-0.00130463
2021-09-13 00:00:00+00:00,0.03850547
2021-09-14 00:00:00+00:00,0.00864830
2021-09-15 00:00:00+00:00,0.00000000
2021-09-16 00:00:00+00:00,-0.00920927
2021-09-17 00:00:00+00:00,-0.01778846
2021-09-20 00:00:00+00:00,-0.03475281
2021-09-21 00:00:00+00:00,0.00760649
2021-09-22 00:00:00+00:00,0.02499581
2021-09-23 00:00:00+00:00,0.01391162
2021-09-24 00:00:00+00:00,0.00613398
2021-09-27 00:00:00+00:00,0.01331622
2021-09-28 00:00:00+00:00,-0.01187460
2021-09-29 00:00:00+00:00,0.01730492
2021-09-30 00:00:00+00:00,-0.00787526
2021-10-01 00:00:00+00:00,-0.00174631
2021-10-04 00:00:00+00:00,-0.01033715
2021-10-05 00:00:00+00:00,0.01205206
2021-10-06 00:00:00+00:00,-0.02318196
2021-10-07 00:00:00+00:00,0.03153446
2021-10-08 00:00:00+00:00,0.01118815
2021-10-11 00:00:00+00:00,0.01589528
2021-10-12 00:00:00+00:00,-0.00398834
2021-10-13 00:00:00+00:00,0.00231018
2021-10-14 00:00:00+00:00,0.00829748
2021-10-15 00:00:00+00:00,0.01264858
2021-10-18 00:00:00+00:00,-0.01835967
2021-10-19 00:00:00+00:00,-0.00383259
2021-10-20 00:00:00+00:00,-0.00430902
2021-10-21 00:00:00+00:00,0.00231839
2021-10-22 00:00:00+00:00,0.00585968
2021-10-25 00:00:00+00:00,0.02483520
2021-10-26 00:00:00+00:00,0.00478684
2021-10-27 00:00:00+00:00,0.00044663
2021-10-28 00:00:00+00:00,-0.00669643
2021-10-29 00:00:00+00:00,0.00599251
2021-11-01 00:00:00+00:00,0.00938198
2021-11-02 00:00:00+00:00,0.00073768
2021-11-03 00:00:00+00:00,0.00442282
2021-11-04 00:00:00+00:00,0.00264201
2021-11-05 00:00:00+00:00,0.01054018
2021-11-08 00:00:00+00:00,-0.00782269
2021-11-09 00:00:00+00:00,-0.00306614
2021-11-10 00:00:00+00:00,0.00615114
2021-11-11 00:00:00+00:00,-0.00407569
2021-11-12 00:00:00+00:00,0.01066939
2021-11-15 00:00:00+00:00,0.00274765
2021-11-16 00:00:00+00:00,0.00865301
2021-11-17 00:00:00+00:00,0.00357449
2021-11-18 00:00:00+00:00,0.00242200
2021-11-19 00:00:00+00:00,-0.01449687
2021-11-22 00:00:00+00:00,0.00980675
2021-11-23 00:00:00+00:00,-0.01313910
2021-11-24 00:00:00+00:00,0.06425470
2021-11-25 00:00:00+00:00,-0.00323767
2021-11-26 00:00:00+00:00,-0.05758157
2021-11-29 00:00:00+00:00,-0.00141000
2021-11-30 00:00:00+00:00,-0.08346407
2021-12-01 00:00:00+00:00,0.03926536
2021-12-02 00:00:00+00:00,-0.00274223
2021-12-03 00:00:00+00:00,-0.01283226
2021-12-06 00:00:00+00:00,0.04859177
2021-12-07 00:00:00+00:00,0.06223307
2021-12-08 00:00:00+00:00,-0.00266390
2021-12-09 00:00:00+00:00,-0.00385814
2021-12-10 00:00:00+00:00,0.00641121
2021-12-13 00:00:00+00:00,-0.00251628
2021-12-14 00:00:00+00:00,-0.02550037
2021-12-15 00:00:00+00:00,-0.01051525
2021-12-16 00:00:00+00:00,0.02658610
2021-12-17 00:00:00+00:00,-0.05364327
2021-12-20 00:00:00+00:00,-0.05362341
2021-12-21 00:00:00+00:00,0.04135220
2021-12-22 00:00:00+00:00,0.01741945
2021-12-23 00:00:00+00:00,0.03078330
2021-12-27 00:00:00+00:00,0.00692667
2021-12-28 00:00:00+00:00,-0.00014999
2021-12-29 00:00:00+00:00,-0.01785982
2021-12-30 00:00:00+00:00,-0.00242277
2022-01-03 00:00:00+00:00,0.04699818
2022-01-04 00:00:00+00:00,0.05665680
2022-01-05 00:00:00+00:00,0.05527566
2022-01-06 00:00:00+00:00,-0.01107373
2022-01-07 00:00:00+00:00,-0.02382295
2022-01-10 00:00:00+00:00,-0.00783699
2022-01-11 00:00:00+00:00,0.00387374
2022-01-12 00:00:00+00:00,0.00785378
2022-01-13 00:00:00+00:00,0.03242321
2022-01-14 00:00:00+00:00,-0.00322129
2022-01-17 00:00:00+00:00,-0.00657895
2022-01-18 00:00:00+00:00,-0.00899003
2022-01-19 00:00:00+00:00,-0.00636042
2022-01-20 00:00:00+00:00,-0.01827454
2022-01-21 00:00:00+00:00,-0.04614503
2022-01-24 00:00:00+00:00,-0.05490483
2022-01-25 00:00:00+00:00,0.01084431
2022-01-26 00:00:00+00:00,0.02191571
2022-01-27 00:00:00+00:00,0.00614877
2022-01-28 00:00:00+00:00,-0.01609778
2022-01-31 00:00:00+00:00,-0.00166641
2022-02-01 00:00:00+00:00,0.01623672
2022-02-02 00:00:00+00:00,-0.00074660
2022-02-03 00:00:00+00:00,-0.00672445
2022-02-04 00:00:00+00:00,-0.02662855
2022-02-07 00:00:00+00:00,-0.00942813
2022-02-08 00:00:00+00:00,0.01061008
2022-02-09 00:00:00+00:00,0.03921569
2022-02-10 00:00:00+00:00,-0.00237706
2022-02-11 00:00:00+00:00,0.00521221
2022-02-14 00:00:00+00:00,-0.01451852
2022-02-15 00:00:00+00:00,0.02224895
2022-02-16 00:00:00+00:00,0.00029412
2022-02-17 00:00:00+00:00,-0.00779183
2022-02-18 00:00:00+00:00,-0.01437250
2022-02-21 00:00:00+00:00,-0.03788334
2022-02-22 00:00:00+00:00,0.01562500
2022-02-23 00:00:00+00:00,0.01769231
2022-02-24 00:00:00+00:00,-0.06500378
2022-02-25 00:00:00+00:00,0.04122878
2022-02-28 00:00:00+00:00,-0.02562112
2022-03-01 00:00:00+00:00,-0.06804781
2022-03-02 00:00:00+00:00,-0.01043092
2022-03-03 00:00:00+00:00,-0.03628823
2022-03-04 00:00:00+00:00,-0.05379236
2022-03-07 00:00:00+00:00,-0.04680690
2022-03-08 00:00:00+00:00,0.03499006
2022-03-09 00:00:00+00:00,-0.13997670
2022-03-10 00:00:00+00:00,-0.04883382
2022-03-11 00:00:00+00:00,-0.04348659
2022-03-14 00:00:00+00:00,0.01645933
2022-03-15 00:00:00+00:00,0.01187001
2022-03-16 00:00:00+00:00,0.04807692
2022-03-17 00:00:00+00:00,-0.00917431
2022-03-18 00:00:00+00:00,-0.00185185
2022-03-21 00:00:00+00:00,-0.00760668
2022-03-22 00:00:00+00:00,0.02131239
2022-03-23 00:00:00+00:00,-0.01354567
2022-03-24 00:00:00+00:00,-0.00296901
2022-03-25 00:00:00+00:00,-0.00223339
2022-03-28 00:00:00+00:00,0.00634210
2022-03-29 00:00:00+00:00,0.06098239
2022-03-30 00:00:00+00:00,-0.02166317
2022-03-31 00:00:00+00:00,-0.01732143
2022-04-01 00:00:00+00:00,-0.00018172
2022-04-04 00:00:00+00:00,0.01835696
2022-04-05 00:00:00+00:00,-0.02302338
2022-04-06 00:00:00+00:00,-0.02630617
2022-04-07 00:00:00+00:00,-0.01238274
2022-04-08 00:00:00+00:00,0.01367781
2022-04-11 00:00:00+00:00,-0.00899550
2022-04-12 00:00:00+00:00,0.00510590
2022-04-13 00:00:00+00:00,0.00206961
2022-04-14 00:00:00+00:00,0.00450620
2022-04-19 00:00:00+00:00,0.01775701
2022-04-20 00:00:00+00:00,0.00312213
2022-04-21 00:00:00+00:00,0.00897107
2022-04-22 00:00:00+00:00,-0.01832698
2022-04-25 00:00:00+00:00,-0.01756007
2022-04-26 00:00:00+00:00,-0.01919097
2022-04-27 00:00:00+00:00,0.00556302
2022-04-28 00:00:00+00:00,0.02632583
2022-04-29 00:00:00+00:00,0.00687732
2022-05-02 00:00:00+00:00,-0.00756876
2022-05-03 00:00:00+00:00,0.01915923
2022-05-04 00:00:00+00:00,-0.01405366
2022-05-05 00:00:00+00:00,-0.01740096
2022-05-06 00:00:00+00:00,0.00565185
2022-05-09 00:00:00+00:00,-0.02510303
2022-05-10 00:00:00+00:00,0.00307456
2022-05-11 00:00:00+00:00,0.03390805
2022-05-12 00:00:00+00:00,0.00222346
2022-05-13 00:00:00+00:00,0.02329451
2022-05-16 00:00:00+00:00,-0.00903342
2022-05-17 00:00:00+00:00,0.01203282
2022-05-18 00:00:00+00:00,-0.02071699
2022-05-19 00:00:00+00:00,0.00993377
2022-05-20 00:00:00+00:00,-0.00746812
2022-05-23 00:00:00+00:00,0.02037071
2022-05-24 00:00:00+00:00,-0.01007194
2022-05-25 00:00:00+00:00,0.00399709
2022-05-26 00:00:00+00:00,0.02859211
2022-05-27 00:00:00+00:00,0.00246305
2022-05-30 00:00:00+00:00,0.01298701
2022-05-31 00:00:00+00:00,-0.00848926
2022-06-01 00:00:00+00:00,0.02044382
2022-06-02 00:00:00+00:00,0.00342466
2022-06-03 00:00:00+00:00,-0.01433447
2022-06-06 00:00:00+00:00,0.01350416
2022-06-07 00:00:00+00:00,0.10556884
2022-06-08 00:00:00+00:00,0.01290434
2022-06-09 00:00:00+00:00,-0.02820513
2022-06-10 00:00:00+00:00,-0.03418358
2022-06-13 00:00:00+00:00,-0.04275961
2022-06-14 00:00:00+00:00,-0.00675676
2022-06-15 00:00:00+00:00,0.02380952
2022-06-16 00:00:00+00:00,-0.03100775
2022-06-17 00:00:00+00:00,0.00266667
2022-06-20 00:00:00+00:00,0.02032675
2022-06-21 00:00:00+00:00,0.01415007
2022-06-22 00:00:00+00:00,-0.01744079
2022-06-23 00:00:00+00:00,-0.03606129
2022-06-24 00:00:00+00:00,0.00542741
2022-06-27 00:00:00+00:00,0.00732601
2022-06-28 00:00:00+00:00,0.00497608
2022-06-29 00:00:00+00:00,-0.02723291
2022-06-30 00:00:00+00:00,-0.02721222
2022-07-01 00:00:00+00:00,-0.00261622
2022-07-04 00:00:00+00:00,-0.00544794
2022-07-05 00:00:00+00:00,-0.03895313
2022-07-06 00:00:00+00:00,0.00548871
2022-07-07 00:00:00+00:00,0.04975856
2022-07-08 00:00:00+00:00,0.03240000
2022-07-11 00:00:00+00:00,-0.02615265
2022-07-12 00:00:00+00:00,0.00377959
2022-07-13 00:00:00+00:00,-0.02219580
2022-07-14 00:00:00+00:00,-0.01601135
2022-07-15 00:00:00+00:00,0.04243048
2022-07-18 00:00:00+00:00,0.01738787
2022-07-19 00:00:00+00:00,0.03515246
2022-07-20 00:00:00+00:00,-0.01125704
2022-07-21 00:00:00+00:00,-0.00664137
2022-07-22 00:00:00+00:00,0.00286533
2022-07-25 00:00:00+00:00,-0.09580952
2022-07-26 00:00:00+00:00,-0.02965779
2022-07-27 00:00:00+00:00,0.00867721
2022-07-28 00:00:00+00:00,0.05031688
2022-07-29 00:00:00+00:00,0.03426966
2022-08-01 00:00:00+00:00,0.01306829
2022-08-02 00:00:00+00:00,0.00951510
2022-08-03 00:00:00+00:00,0.01948288
2022-08-04 00:00:00+00:00,-0.00558559
2022-08-05 00:00:00+00:00,-0.01012658
2022-08-08 00:00:00+00:00,0.03816100
2022-08-09 00:00:00+00:00,-0.03317282
2022-08-10 00:00:00+00:00,0.03335146
2022-08-11 00:00:00+00:00,-0.00678208
2022-08-12 00:00:00+00:00,0.01324266
2022-08-15 00:00:00+00:00,-0.00799858
2022-08-16 00:00:00+00:00,0.01999286
2022-08-17 00:00:00+00:00,-0.04365500
2022-08-18 00:00:00+00:00,0.01210479
2022-08-19 00:00:00+00:00,-0.04974856
2022-08-22 00:00:00+00:00,-0.07526287
2022-08-23 00:00:00+00:00,0.02490899
2022-08-24 00:00:00+00:00,-0.00075844
2022-08-25 00:00:00+00:00,0.00227574
2022-08-26 00:00:00+00:00,-0.04128006
2022-08-29 00:00:00+00:00,0.01584541
2022-08-30 00:00:00+00:00,0.01340739
2022-08-31 00:00:00+00:00,-0.01922345
2022-09-01 00:00:00+00:00,-0.03826923
2022-09-02 00:00:00+00:00,0.07490196
2022-09-05 00:00:00+00:00,-0.09279909
2022-09-06 00:00:00+00:00,0.03811036
2022-09-07 00:00:00+00:00,0.02765336
2022-09-08 00:00:00+00:00,-0.02766571
2022-09-09 00:00:00+00:00,0.02395326
2022-09-12 00:00:00+00:00,0.07049307
2022-09-13 00:00:00+00:00,-0.03940520
2022-09-14 00:00:00+00:00,0.00948227
2022-09-15 00:00:00+00:00,-0.00452916
2022-09-16 00:00:00+00:00,-0.01645857
2022-09-19 00:00:00+00:00,0.01354445
2022-09-20 00:00:00+00:00,-0.02216329
2022-09-21 00:00:00+00:00,0.01168806
2022-09-22 00:00:00+00:00,-0.03181558
2022-09-23 00:00:00+00:00,-0.08381727
2022-09-26 00:00:00+00:00,0.02161616
2022-09-27 00:00:00+00:00,-0.00139888
2022-09-28 00:00:00+00:00,0.00080000
2022-09-29 00:00:00+00:00,-0.10155938
2022-09-30 00:00:00+00:00,0.01368133
2022-10-03 00:00:00+00:00,0.01108091
2022-10-04 00:00:00+00:00,0.07398171
2022-10-05 00:00:00+00:00,-0.06172345
2022-10-06 00:00:00+00:00,0.02915030
2022-10-07 00:00:00+00:00,-0.02730793
2022-10-10 00:00:00+00:00,-0.02376033
2022-10-11 00:00:00+00:00,0.00313676
2022-10-12 00:00:00+00:00,-0.00459290
2022-10-13 00:00:00+00:00,0.02950408
2022-10-14 00:00:00+00:00,0.00391833
2022-10-17 00:00:00+00:00,0.05021609
2022-10-18 00:00:00+00:00,0.03493976
2022-10-19 00:00:00+00:00,-0.00690744
2022-10-20 00:00:00+00:00,0.00871287
2022-10-21 00:00:00+00:00,-0.00926839
2022-10-24 00:00:00+00:00,0.03625916
2022-10-25 00:00:00+00:00,0.01614786
2022-10-26 00:00:00+00:00,0.00733449
2022-10-27 00:00:00+00:00,0.00576923
2022-10-28 00:00:00+00:00,-0.01035078
2022-10-31 00:00:00+00:00,0.01272167
2022-11-01 00:00:00+00:00,0.00689655
2022-11-02 00:00:00+00:00,-0.01508209
2022-11-03 00:00:00+00:00,-0.05097134
2022-11-04 00:00:00+00:00,0.07558713
2022-11-07 00:00:00+00:00,0.02529479
2022-11-08 00:00:00+00:00,0.00657400
2022-11-09 00:00:00+00:00,-0.01198277
2022-11-10 00:00:00+00:00,0.07685063
2022-11-11 00:00:00+00:00,0.03355705
2022-11-14 00:00:00+00:00,0.00499376
2022-11-15 00:00:00+00:00,0.00427046
2022-11-16 00:00:00+00:00,-0.06906960
2022-11-17 00:00:00+00:00,-0.01838911
2022-11-18 00:00:00+00:00,0.03934670
2022-11-21 00:00:00+00:00,0.00018202
2022-11-22 00:00:00+00:00,0.01073703
2022-11-23 00:00:00+00:00,-0.00941347
2022-11-24 00:00:00+00:00,0.01018552
2022-11-25 00:00:00+00:00,-0.00380090
2022-11-28 00:00:00+00:00,-0.01287398
2022-11-29 00:00:00+00:00,0.01240876
2022-11-30 00:00:00+00:00,0.04027576
2022-12-01 00:00:00+00:00,-0.00533333
2022-12-02 00:00:00+00:00,-0.00356443
2022-12-05 00:00:00+00:00,0.00857602
2022-12-06 00:00:00+00:00,-0.02471550
2022-12-07 00:00:00+00:00,-0.01710787
2022-12-08 00:00:00+00:00,-0.01942629
2022-12-09 00:00:00+00:00,0.01871560
2022-12-12 00:00:00+00:00,-0.00781392
2022-12-13 00:00:00+00:00,0.01183109
2022-12-14 00:00:00+00:00,0.00054259
2022-12-15 00:00:00+00:00,-0.05282200
2022-12-16 00:00:00+00:00,-0.01597325
2022-12-19 00:00:00+00:00,0.02041581
2022-12-20 00:00:00+00:00,-0.03155160
2022-12-21 00:00:00+00:00,0.02806555
2022-12-22 00:00:00+00:00,-0.05313022
2022-12-23 00:00:00+00:00,0.01584272
2022-12-27 00:00:00+00:00,0.00908919
2022-12-28 00:00:00+00:00,-0.01225259
2022-12-29 00:00:00+00:00,0.02901574
2022-12-30 00:00:00+00:00,-0.02280800
2023-01-02 00:00:00+00:00,0.06599849
2023-01-03 00:00:00+00:00,0.01830161
2023-01-04 00:00:00+00:00,0.04552049
2023-01-05 00:00:00+00:00,0.01046099
2023-01-06 00:00:00+00:00,0.02098765
2023-01-09 00:00:00+00:00,0.02810264
2023-01-10 00:00:00+00:00,-0.00137765
2023-01-11 00:00:00+00:00,0.01257970
2023-01-12 00:00:00+00:00,0.02602740
2023-01-13 00:00:00+00:00,-0.03702451
2023-01-16 00:00:00+00:00,0.00913006
2023-01-17 00:00:00+00:00,0.00428743
2023-01-18 00:00:00+00:00,-0.00256937
2023-01-19 00:00:00+00:00,-0.04096675
2023-01-20 00:00:00+00:00,-0.00192476
2023-01-23 00:00:00+00:00,0.02925206
2023-01-24 00:00:00+00:00,-0.00258978
2023-01-25 00:00:00+00:00,-0.00553155
2023-01-26 00:00:00+00:00,0.01694036
2023-01-27 00:00:00+00:00,0.02280521
2023-01-30 00:00:00+00:00,-0.02288523
2023-01-31 00:00:00+00:00,0.01869319
2023-02-01 00:00:00+00:00,0.02598947
2023-02-02 00:00:00+00:00,0.09089385
2023-02-03 00:00:00+00:00,-0.00801925
2023-02-06 00:00:00+00:00,-0.02431954
2023-02-07 00:00:00+00:00,0.01304206
2023-02-08 00:00:00+00:00,0.00064819
2023-02-09 00:00:00+00:00,0.03044041
2023-02-10 00:00:00+00:00,-0.03973193
2023-02-13 00:00:00+00:00,0.00878763
2023-02-14 00:00:00+00:00,0.00486066
2023-02-15 00:00:00+00:00,0.02844674
2023-02-16 00:00:00+00:00,0.01083665
2023-02-17 00:00:00+00:00,0.00443810
2023-02-20 00:00:00+00:00,0.00885656
2023-02-21 00:00:00+00:00,-0.02408690
2023-02-22 00:00:00+00:00,0.00015939
2023-02-23 00:00:00+00:00,0.02294455
2023-02-24 00:00:00+00:00,-0.04491018
2023-02-27 00:00:00+00:00,0.02384789
2023-02-28 00:00:00+00:00,-0.00254818
2023-03-01 00:00:00+00:00,0.01227874
2023-03-02 00:00:00+00:00,0.00554939
2023-03-03 00:00:00+00:00,0.07164321
2023-03-06 00:00:00+00:00,-0.03448276
2023-03-07 00:00:00+00:00,-0.00903328
2023-03-08 00:00:00+00:00,0.01098201
2023-03-09 00:00:00+00:00,-0.03036053
2023-03-10 00:00:00+00:00,-0.04142582
2023-03-13 00:00:00+00:00,-0.06951959
2023-03-14 00:00:00+00:00,0.01849338
2023-03-15 00:00:00+00:00,-0.07535744
2023-03-16 00:00:00+00:00,0.02656878
2023-03-17 00:00:00+00:00,-0.04242842
2023-03-20 00:00:00+00:00,0.00493392
2023-03-21 00:00:00+00:00,0.04688323
2023-03-22 00:00:00+00:00,0.00874936
2023-03-23 00:00:00+00:00,-0.00990776
2023-03-24 00:00:00+00:00,-0.04171674
2023-03-27 00:00:00+00:00,0.04209049
2023-03-28 00:00:00+00:00,0.00962199
2023-03-29 00:00:00+00:00,-0.00564682
2023-03-30 00:00:00+00:00,0.02776350
2023-03-31 00:00:00+00:00,0.00845023
2023-04-03 00:00:00+00:00,-0.00605653
2023-04-04 00:00:00+00:00,0.00185748
2023-04-05 00:00:00+00:00,-0.04858300
2023-04-06 00:00:00+00:00,0.00121024
2023-04-11 00:00:00+00:00,0.03766413
2023-04-12 00:00:00+00:00,0.01288791
2023-04-13 00:00:00+00:00,0.00808762
2023-04-14 00:00:00+00:00,0.02651452
2023-04-17 00:00:00+00:00,-0.02086784
2023-04-18 00:00:00+00:00,0.00937238
2023-04-19 00:00:00+00:00,-0.00399800
2023-04-20 00:00:00+00:00,-0.07744951
2023-04-21 00:00:00+00:00,0.01146032
2023-04-24 00:00:00+00:00,0.00966851
2023-04-25 00:00:00+00:00,-0.01237113
2023-04-26 00:00:00+00:00,-0.00345781
2023-04-27 00:00:00+00:00,0.00138552
2023-04-28 00:00:00+00:00,0.02076843
2023-05-02 00:00:00+00:00,-0.02466598
2023-05-03 00:00:00+00:00,0.00693722
2023-05-04 00:00:00+00:00,0.00553059
2023-05-05 00:00:00+00:00,0.05411927
2023-05-08 00:00:00+00:00,0.00067125
2023-05-09 00:00:00+00:00,-0.00201309
2023-05-10 00:00:00+00:00,0.00873216
2023-05-11 00:00:00+00:00,0.00100318
2023-05-12 00:00:00+00:00,0.00367647
2023-05-15 00:00:00+00:00,0.00200167
2023-05-16 00:00:00+00:00,-0.01733044
2023-05-17 00:00:00+00:00,0.00840477
2023-05-18 00:00:00+00:00,0.05222631
2023-05-19 00:00:00+00:00,0.01794454
2023-05-22 00:00:00+00:00,0.00355699
2023-05-23 00:00:00+00:00,-0.00806972
2023-05-24 00:00:00+00:00,-0.05185545
2023-05-25 00:00:00+00:00,0.00099817
2023-05-26 00:00:00+00:00,0.03491852
2023-05-29 00:00:00+00:00,-0.00653702
2023-05-30 00:00:00+00:00,-0.00655845
2023-05-31 00:00:00+00:00,-0.05231124
2023-06-01 00:00:00+00:00,0.02939189
2023-06-02 00:00:00+00:00,0.05893125
2023-06-05 00:00:00+00:00,-0.00129366
2023-06-06 00:00:00+00:00,0.00501618
2023-06-07 00:00:00+00:00,0.00501618
2023-06-08 00:00:00+00:00,0.02354079
2023-06-09 00:00:00+00:00,-0.00812749
2023-06-12 00:00:00+00:00,0.02832453
2023-06-13 00:00:00+00:00,0.02051444
2023-06-14 00:00:00+00:00,0.02952202
2023-06-15 00:00:00+00:00,-0.01181344
2023-06-16 00:00:00+00:00,0.00478543
2023-06-19 00:00:00+00:00,-0.01539646
2023-06-20 00:00:00+00:00,-0.02529092
2023-06-21 00:00:00+00:00,-0.01257466
2023-06-22 00:00:00+00:00,-0.02625336
2023-06-23 00:00:00+00:00,-0.00865385
2023-06-26 00:00:00+00:00,0.00482859
2023-06-27 00:00:00+00:00,-0.00321130
2023-06-28 00:00:00+00:00,0.02975233
2023-06-29 00:00:00+00:00,0.02408875
2023-06-30 00:00:00+00:00,0.01894770
2023-07-03 00:00:00+00:00,-0.00217189
2023-07-04 00:00:00+00:00,-0.00993789
2023-07-05 00:00:00+00:00,0.00593009
2023-07-06 00:00:00+00:00,-0.05757859
2023-07-07 00:00:00+00:00,0.02016968
2023-07-10 00:00:00+00:00,-0.00063391
2023-07-11 00:00:00+00:00,0.00871909
2023-07-12 00:00:00+00:00,0.02225028
2023-07-13 00:00:00+00:00,0.00874180
2023-07-14 00:00:00+00:00,-0.00481815
2023-07-17 00:00:00+00:00,-0.00903849
2023-07-18 00:00:00+00:00,0.00766823
2023-07-19 00:00:00+00:00,0.00031182
2023-07-20 00:00:00+00:00,-0.00218239
2023-07-21 00:00:00+00:00,0.00000000
2023-07-24 00:00:00+00:00,0.01435705
2023-07-25 00:00:00+00:00,-0.00712736
2023-07-26 00:00:00+00:00,-0.00808583
2023-07-27 00:00:00+00:00,0.04871194
2023-07-28 00:00:00+00:00,0.01828989
2023-07-31 00:00:00+00:00,-0.00966621
2023-08-01 00:00:00+00:00,-0.03308545
2023-08-02 00:00:00+00:00,-0.01327160
2023-08-03 00:00:00+00:00,-0.01864222
2023-08-04 00:00:00+00:00,0.00658617
2023-08-07 00:00:00+00:00,-0.00969053
2023-08-08 00:00:00+00:00,-0.03062667
2023-08-09 00:00:00+00:00,-0.00701866
2023-08-10 00:00:00+00:00,0.01504481
2023-08-11 00:00:00+00:00,-0.03510723
2023-08-14 00:00:00+00:00,-0.00307195
2023-08-15 00:00:00+00:00,-0.01748988
2023-08-16 00:00:00+00:00,0.00686162
2023-08-17 00:00:00+00:00,-0.02214262
2023-08-18 00:00:00+00:00,-0.01547580
2023-08-21 00:00:00+00:00,0.01841712
2023-08-22 00:00:00+00:00,0.00986355
2023-08-23 00:00:00+00:00,-0.01014232
2023-08-24 00:00:00+00:00,-0.01775732
2023-08-25 00:00:00+00:00,-0.00033179
2023-08-28 00:00:00+00:00,0.01742160
2023-08-29 00:00:00+00:00,0.02072709
2023-08-30 00:00:00+00:00,-0.00667535
2023-08-31 00:00:00+00:00,0.00098007
2023-09-01 00:00:00+00:00,-0.05355102
2023-09-04 00:00:00+00:00,0.00536823
2023-09-05 00:00:00+00:00,0.01522503
2023-09-06 00:00:00+00:00,0.00033212
2023-09-07 00:00:00+00:00,-0.01861083
2023-09-08 00:00:00+00:00,0.00352349
2023-09-11 00:00:00+00:00,0.02209945
2023-09-12 00:00:00+00:00,0.02583209
2023-09-13 00:00:00+00:00,-0.00016279
2023-09-14 00:00:00+00:00,-0.00716262
2023-09-15 00:00:00+00:00,0.02662964
2023-09-18 00:00:00+00:00,-0.03434930
2023-09-19 00:00:00+00:00,0.02148598
2023-09-20 00:00:00+00:00,0.04009740
2023-09-21 00:00:00+00:00,-0.03565176
2023-09-22 00:00:00+00:00,-0.00081011
2023-09-25 00:00:00+00:00,-0.02334252
2023-09-26 00:00:00+00:00,-0.02394620
2023-09-27 00:00:00+00:00,-0.00282158
2023-09-28 00:00:00+00:00,0.01761968
2023-09-29 00:00:00+00:00,0.00362498
2023-10-02 00:00:00+00:00,-0.00822368
2023-10-03 00:00:00+00:00,-0.02592898
2023-10-04 00:00:00+00:00,-0.00234192
2023-10-05 00:00:00+00:00,-0.00770390
2023-10-06 00:00:00+00:00,0.00975118
2023-10-09 00:00:00+00:00,-0.01405387
2023-10-10 00:00:00+00:00,0.05088458
2023-10-11 00:00:00+00:00,0.00903713
2023-10-12 00:00:00+00:00,0.00261737
2023-10-13 00:00:00+00:00,-0.01846104
2023-10-16 00:00:00+00:00,0.01071723
2023-10-17 00:00:00+00:00,-0.00262424
2023-10-18 00:00:00+00:00,-0.01822959
2023-10-19 00:00:00+00:00,-0.04623798
2023-10-20 00:00:00+00:00,-0.03848110
2023-10-23 00:00:00+00:00,0.00259112
2023-10-24 00:00:00+00:00,-0.01794960
2023-10-25 00:00:00+00:00,-0.00870777
2023-10-26 00:00:00+00:00,-0.04915165
2023-10-27 00:00:00+00:00,-0.01255155
2023-10-30 00:00:00+00:00,-0.01317452
2023-10-31 00:00:00+00:00,0.01743552
2023-11-01 00:00:00+00:00,0.02160994
2023-11-02 00:00:00+00:00,0.05753473
2023-11-03 00:00:00+00:00,0.03688950
2023-11-06 00:00:00+00:00,-0.01173469
2023-11-07 00:00:00+00:00,-0.02411906
2023-11-08 00:00:00+00:00,0.02320748
2023-11-09 00:00:00+00:00,-0.00342407
2023-11-10 00:00:00+00:00,-0.02057613
2023-11-13 00:00:00+00:00,0.01957727
2023-11-14 00:00:00+00:00,0.05646130
2023-11-15 00:00:00+00:00,0.02236315
2023-11-16 00:00:00+00:00,-0.03069307
2023-11-17 00:00:00+00:00,0.01441260
2023-11-20 00:00:00+00:00,0.01680532
2023-11-21 00:00:00+00:00,-0.03382838
2023-11-22 00:00:00+00:00,0.01275596
2023-11-23 00:00:00+00:00,-0.00800534
2023-11-24 00:00:00+00:00,0.01339585
2023-11-27 00:00:00+00:00,-0.00998004
2023-11-28 00:00:00+00:00,-0.00568372
2023-11-29 00:00:00+00:00,0.05096396
2023-11-30 00:00:00+00:00,-0.00114435
2023-12-01 00:00:00+00:00,0.00736377
2023-12-04 00:00:00+00:00,0.00391453
2023-12-05 00:00:00+00:00,0.02261266
2023-12-06 00:00:00+00:00,0.04568855
2023-12-07 00:00:00+00:00,-0.00865188
2023-12-08 00:00:00+00:00,0.02434783
2023-12-11 00:00:00+00:00,0.00609280
2023-12-12 00:00:00+00:00,-0.00031148
2023-12-13 00:00:00+00:00,-0.02126339
2023-12-14 00:00:00+00:00,0.03921569
2023-12-15 00:00:00+00:00,0.01015385
2023-12-18 00:00:00+00:00,-0.02802021
2023-12-19 00:00:00+00:00,-0.00543478
2023-12-20 00:00:00+00:00,-0.00607287
2023-12-21 00:00:00+00:00,-0.01593501
2023-12-22 00:00:00+00:00,-0.00047237
2023-12-27 00:00:00+00:00,-0.00189006
2023-12-28 00:00:00+00:00,-0.00740974
2023-12-29 00:00:00+00:00,-0.00142405
2024-01-02 00:00:00+00:00,0.01709943
2024-01-03 00:00:00+00:00,-0.04424223
2024-01-04 00:00:00+00:00,0.00945968
2024-01-05 00:00:00+00:00,-0.00542611
2024-01-08 00:00:00+00:00,0.02224356
2024-01-09 00:00:00+00:00,-0.00174023
2024-01-10 00:00:00+00:00,-0.00459297
2024-01-11 00:00:00+00:00,-0.01476425
2024-01-12 00:00:00+00:00,-0.02094659
2024-01-15 00:00:00+00:00,-0.01519315
2024-01-16 00:00:00+00:00,-0.00895474
2024-01-17 00:00:00+00:00,-0.04104661
2024-01-18 00:00:00+00:00,0.01669449
2024-01-19 00:00:00+00:00,-0.01904289
2024-01-22 00:00:00+00:00,0.00334336
2024-01-23 00:00:00+00:00,0.01535381
2024-01-24 00:00:00+00:00,0.00877774
2024-01-25 00:00:00+00:00,-0.01368734
2024-01-26 00:00:00+00:00,0.02789308
2024-01-29 00:00:00+00:00,0.00507614
2024-01-30 00:00:00+00:00,0.02450180
2024-01-31 00:00:00+00:00,0.02372116
2024-02-01 00:00:00+00:00,0.02041467
2024-02-02 00:00:00+00:00,0.02746646
2024-02-05 00:00:00+00:00,-0.02351292
2024-02-06 00:00:00+00:00,0.01749409
2024-02-07 00:00:00+00:00,0.01000000
2024-02-08 00:00:00+00:00,0.02890892
2024-02-09 00:00:00+00:00,0.00781489
2024-02-12 00:00:00+00:00,0.01038009
2024-02-13 00:00:00+00:00,-0.00531511
2024-02-14 00:00:00+00:00,0.00471985
2024-02-15 00:00:00+00:00,0.03918591
2024-02-16 00:00:00+00:00,0.00983313
2024-02-19 00:00:00+00:00,-0.01660489
2024-02-20 00:00:00+00:00,-0.01644737
2024-02-21 00:00:00+00:00,0.03044920
2024-02-22 00:00:00+00:00,0.05435105
2024-02-23 00:00:00+00:00,0.01417004
2024-02-26 00:00:00+00:00,-0.00660445
2024-02-27 00:00:00+00:00,0.01785971
2024-02-28 00:00:00+00:00,0.01698787
2024-02-29 00:00:00+00:00,-0.00099094
2024-03-01 00:00:00+00:00,-0.00552330
2024-03-04 00:00:00+00:00,-0.00937367
2024-03-05 00:00:00+00:00,-0.00542315
2024-03-06 00:00:00+00:00,-0.00543401
2024-03-07 00:00:00+00:00,-0.00014339
2024-03-08 00:00:00+00:00,0.00272519
2024-03-11 00:00:00+00:00,-0.00816853
2024-03-12 00:00:00+00:00,0.04548071
2024-03-13 00:00:00+00:00,-0.02673797
2024-03-14 00:00:00+00:00,-0.04079886
2024-03-15 00:00:00+00:00,0.02012430
2024-03-18 00:00:00+00:00,0.01787284
2024-03-19 00:00:00+00:00,0.02439733
2024-03-20 00:00:00+00:00,0.00143472
2024-03-21 00:00:00+00:00,-0.00129032
2024-03-22 00:00:00+00:00,-0.00114761
2024-03-25 00:00:00+00:00,0.01492752
2024-03-26 00:00:00+00:00,0.00042747
2024-03-27 00:00:00+00:00,-0.00071235
2024-03-28 00:00:00+00:00,-0.00156740
