Date,EU-TRAVEL
2014-03-19 00:00:00+00:00,-0.02166247
2014-03-20 00:00:00+00:00,-0.00102987
2014-03-21 00:00:00+00:00,0.00000000
2014-03-24 00:00:00+00:00,-0.01237113
2014-03-25 00:00:00+00:00,0.01356994
2014-03-26 00:00:00+00:00,0.00978373
2014-03-27 00:00:00+00:00,-0.00254972
2014-03-28 00:00:00+00:00,0.00051125
2014-03-31 00:00:00+00:00,0.00613183
2014-04-01 00:00:00+00:00,-0.00101574
2014-04-02 00:00:00+00:00,0.00406711
2014-04-03 00:00:00+00:00,-0.00506329
2014-04-04 00:00:00+00:00,0.01017812
2014-04-07 00:00:00+00:00,-0.01662469
2014-04-08 00:00:00+00:00,-0.01331967
2014-04-09 00:00:00+00:00,0.01038422
2014-04-10 00:00:00+00:00,-0.00359712
2014-04-11 00:00:00+00:00,-0.02269211
2014-04-14 00:00:00+00:00,-0.01530343
2014-04-15 00:00:00+00:00,-0.00375134
2014-04-16 00:00:00+00:00,0.01613771
2014-04-17 00:00:00+00:00,0.01746956
2014-04-22 00:00:00+00:00,0.01716961
2014-04-23 00:00:00+00:00,-0.00358056
2014-04-24 00:00:00+00:00,0.00000000
2014-04-25 00:00:00+00:00,-0.00667351
2014-04-28 00:00:00+00:00,-0.01291990
2014-04-30 00:00:00+00:00,0.01413613
2014-05-02 00:00:00+00:00,0.01187403
2014-05-05 00:00:00+00:00,-0.00663265
2014-05-06 00:00:00+00:00,0.00410889
2014-05-07 00:00:00+00:00,0.00255754
2014-05-08 00:00:00+00:00,0.00408163
2014-05-09 00:00:00+00:00,0.00254065
2014-05-12 00:00:00+00:00,0.01115053
2014-05-13 00:00:00+00:00,-0.00350877
2014-05-14 00:00:00+00:00,-0.00402414
2014-05-15 00:00:00+00:00,-0.02676768
2014-05-16 00:00:00+00:00,-0.01297353
2014-05-19 00:00:00+00:00,0.01787592
2014-05-20 00:00:00+00:00,0.00929752
2014-05-21 00:00:00+00:00,0.00767656
2014-05-22 00:00:00+00:00,0.01117318
2014-05-26 00:00:00+00:00,0.00552486
2014-05-27 00:00:00+00:00,0.00949051
2014-05-28 00:00:00+00:00,-0.00098961
2014-05-29 00:00:00+00:00,0.00148588
2014-05-30 00:00:00+00:00,0.00445104
2014-06-02 00:00:00+00:00,0.00590842
2014-06-03 00:00:00+00:00,-0.01027900
2014-06-04 00:00:00+00:00,0.01038576
2014-06-05 00:00:00+00:00,0.00048948
2014-06-06 00:00:00+00:00,0.00929550
2014-06-09 00:00:00+00:00,-0.00048473
2014-06-10 00:00:00+00:00,0.00193986
2014-06-11 00:00:00+00:00,-0.01454081
2014-06-12 00:00:00+00:00,-0.00343811
2014-06-13 00:00:00+00:00,-0.01675702
2014-06-16 00:00:00+00:00,-0.00350877
2014-06-17 00:00:00+00:00,-0.00050302
2014-06-18 00:00:00+00:00,-0.00251636
2014-06-19 00:00:00+00:00,0.00302725
2014-06-20 00:00:00+00:00,0.00905433
2014-06-23 00:00:00+00:00,-0.00997009
2014-06-24 00:00:00+00:00,0.00302115
2014-06-25 00:00:00+00:00,-0.00702811
2014-06-27 00:00:00+00:00,0.00859454
2014-06-30 00:00:00+00:00,-0.00751880
2014-07-01 00:00:00+00:00,0.00555556
2014-07-02 00:00:00+00:00,0.00351582
2014-07-03 00:00:00+00:00,0.01301301
2014-07-04 00:00:00+00:00,0.00296443
2014-07-07 00:00:00+00:00,-0.01133005
2014-07-08 00:00:00+00:00,-0.02640757
2014-07-09 00:00:00+00:00,-0.00255885
2014-07-10 00:00:00+00:00,-0.01847101
2014-07-11 00:00:00+00:00,0.00888657
2014-07-14 00:00:00+00:00,0.00725389
2014-07-15 00:00:00+00:00,-0.00771605
2014-07-16 00:00:00+00:00,0.01607050
2014-07-17 00:00:00+00:00,-0.00612245
2014-07-18 00:00:00+00:00,-0.00462012
2014-07-21 00:00:00+00:00,-0.00722022
2014-07-22 00:00:00+00:00,0.01506494
2014-07-23 00:00:00+00:00,0.00511771
2014-07-24 00:00:00+00:00,-0.00814664
2014-07-28 00:00:00+00:00,-0.00154004
2014-07-29 00:00:00+00:00,0.00308483
2014-07-30 00:00:00+00:00,-0.01127627
2014-07-31 00:00:00+00:00,-0.01244168
2014-08-01 00:00:00+00:00,-0.01364829
2014-08-04 00:00:00+00:00,-0.01011176
2014-08-05 00:00:00+00:00,-0.00483871
2014-08-06 00:00:00+00:00,0.00000000
2014-08-07 00:00:00+00:00,0.00000000
2014-08-08 00:00:00+00:00,-0.01782820
2014-08-11 00:00:00+00:00,0.02200220
2014-08-12 00:00:00+00:00,0.00053821
2014-08-13 00:00:00+00:00,0.00376547
2014-08-14 00:00:00+00:00,0.00267953
2014-08-15 00:00:00+00:00,-0.00481026
2014-08-18 00:00:00+00:00,0.01342642
2014-08-19 00:00:00+00:00,0.00794913
2014-08-20 00:00:00+00:00,-0.00157729
2014-08-21 00:00:00+00:00,0.00263296
2014-08-22 00:00:00+00:00,0.00105042
2014-08-25 00:00:00+00:00,0.01206716
2014-08-26 00:00:00+00:00,0.00155521
2014-08-27 00:00:00+00:00,0.00931677
2014-08-28 00:00:00+00:00,-0.00615385
2014-08-29 00:00:00+00:00,-0.00206398
2014-09-01 00:00:00+00:00,0.00775595
2014-09-02 00:00:00+00:00,0.00102617
2014-09-03 00:00:00+00:00,0.00461302
2014-09-04 00:00:00+00:00,0.01683673
2014-09-05 00:00:00+00:00,-0.00551932
2014-09-08 00:00:00+00:00,-0.01109990
2014-09-09 00:00:00+00:00,0.00000000
2014-09-10 00:00:00+00:00,-0.00818327
2014-09-11 00:00:00+00:00,0.01851852
2014-09-12 00:00:00+00:00,-0.01262626
2014-09-15 00:00:00+00:00,-0.00869565
2014-09-16 00:00:00+00:00,-0.01702786
2014-09-17 00:00:00+00:00,0.00673575
2014-09-18 00:00:00+00:00,0.01801338
2014-09-19 00:00:00+00:00,0.00960566
2014-09-22 00:00:00+00:00,-0.01001502
2014-09-23 00:00:00+00:00,-0.01416287
2014-09-24 00:00:00+00:00,-0.00051308
2014-09-25 00:00:00+00:00,-0.00770021
2014-09-26 00:00:00+00:00,0.01396793
2014-09-29 00:00:00+00:00,0.00153061
2014-09-30 00:00:00+00:00,0.00815079
2014-10-01 00:00:00+00:00,-0.00909550
2014-10-02 00:00:00+00:00,-0.02243753
2014-10-03 00:00:00+00:00,0.01512780
2014-10-06 00:00:00+00:00,0.00256937
2014-10-07 00:00:00+00:00,-0.03485392
2014-10-08 00:00:00+00:00,-0.00849708
2014-10-09 00:00:00+00:00,-0.01285485
2014-10-10 00:00:00+00:00,-0.02278893
2014-10-13 00:00:00+00:00,0.00055525
2014-10-14 00:00:00+00:00,0.00721421
2014-10-15 00:00:00+00:00,-0.02534435
2014-10-16 00:00:00+00:00,0.01243640
2014-10-17 00:00:00+00:00,0.02624232
2014-10-20 00:00:00+00:00,0.01360174
2014-10-21 00:00:00+00:00,0.02093398
2014-10-22 00:00:00+00:00,0.00736067
2014-10-23 00:00:00+00:00,0.00208768
2014-10-24 00:00:00+00:00,-0.00833333
2014-10-27 00:00:00+00:00,0.00525210
2014-10-28 00:00:00+00:00,0.00522466
2014-10-29 00:00:00+00:00,0.00675676
2014-10-30 00:00:00+00:00,0.00877646
2014-10-31 00:00:00+00:00,0.01484135
2014-11-03 00:00:00+00:00,0.01765003
2014-11-04 00:00:00+00:00,-0.00445986
2014-11-05 00:00:00+00:00,0.01194624
2014-11-06 00:00:00+00:00,-0.00245942
2014-11-07 00:00:00+00:00,-0.01232742
2014-11-10 00:00:00+00:00,0.01298053
2014-11-11 00:00:00+00:00,0.01626417
2014-11-12 00:00:00+00:00,-0.01115422
2014-11-13 00:00:00+00:00,0.00245218
2014-11-14 00:00:00+00:00,0.00097847
2014-11-17 00:00:00+00:00,0.00782014
2014-11-18 00:00:00+00:00,-0.00484966
2014-11-19 00:00:00+00:00,0.00243665
2014-11-20 00:00:00+00:00,0.00437530
2014-11-21 00:00:00+00:00,0.01113262
2014-11-24 00:00:00+00:00,0.00718047
2014-11-25 00:00:00+00:00,-0.00760456
2014-11-26 00:00:00+00:00,-0.00909962
2014-11-27 00:00:00+00:00,0.02561624
2014-11-28 00:00:00+00:00,0.00848256
2014-12-01 00:00:00+00:00,-0.00467290
2014-12-02 00:00:00+00:00,0.00704225
2014-12-03 00:00:00+00:00,0.00745921
2014-12-04 00:00:00+00:00,0.00462749
2014-12-05 00:00:00+00:00,0.02210963
2014-12-08 00:00:00+00:00,-0.00317457
2014-12-09 00:00:00+00:00,-0.03571429
2014-12-10 00:00:00+00:00,0.00140647
2014-12-11 00:00:00+00:00,-0.00889513
2014-12-12 00:00:00+00:00,-0.00141710
2014-12-15 00:00:00+00:00,-0.01513718
2014-12-16 00:00:00+00:00,-0.00864553
2014-12-17 00:00:00+00:00,0.02034884
2014-12-18 00:00:00+00:00,0.02089269
2014-12-19 00:00:00+00:00,-0.00046512
2014-12-22 00:00:00+00:00,0.00651466
2014-12-23 00:00:00+00:00,0.00601017
2014-12-29 00:00:00+00:00,-0.00183824
2014-12-30 00:00:00+00:00,0.00368324
2015-01-02 00:00:00+00:00,0.00458716
2015-01-05 00:00:00+00:00,-0.00456621
2015-01-06 00:00:00+00:00,-0.00963303
2015-01-07 00:00:00+00:00,-0.00741084
2015-01-08 00:00:00+00:00,0.01213252
2015-01-09 00:00:00+00:00,0.00184417
2015-01-12 00:00:00+00:00,0.00966406
2015-01-13 00:00:00+00:00,0.01595260
2015-01-14 00:00:00+00:00,-0.00852400
2015-01-15 00:00:00+00:00,0.00678733
2015-01-16 00:00:00+00:00,0.00494382
2015-01-19 00:00:00+00:00,0.00402504
2015-01-20 00:00:00+00:00,0.01291759
2015-01-21 00:00:00+00:00,0.00703606
2015-01-22 00:00:00+00:00,0.03144105
2015-01-23 00:00:00+00:00,0.01312447
2015-01-26 00:00:00+00:00,0.00585040
2015-01-27 00:00:00+00:00,-0.00124636
2015-01-28 00:00:00+00:00,-0.00582363
2015-01-29 00:00:00+00:00,0.00502092
2015-01-30 00:00:00+00:00,-0.00333056
2015-02-02 00:00:00+00:00,-0.01921470
2015-02-03 00:00:00+00:00,0.00085179
2015-02-04 00:00:00+00:00,-0.00468085
2015-02-05 00:00:00+00:00,0.01197093
2015-02-06 00:00:00+00:00,0.00084495
2015-02-09 00:00:00+00:00,-0.01350781
2015-02-10 00:00:00+00:00,0.01283697
2015-02-11 00:00:00+00:00,0.00591466
2015-02-12 00:00:00+00:00,0.00587988
2015-02-13 00:00:00+00:00,-0.00751566
2015-02-16 00:00:00+00:00,0.00168279
2015-02-17 00:00:00+00:00,-0.00797984
2015-02-18 00:00:00+00:00,0.01354784
2015-02-19 00:00:00+00:00,0.00918964
2015-02-20 00:00:00+00:00,-0.00165563
2015-02-23 00:00:00+00:00,0.00995025
2015-02-24 00:00:00+00:00,0.00533662
2015-02-25 00:00:00+00:00,0.00653328
2015-02-26 00:00:00+00:00,0.00000000
2015-02-27 00:00:00+00:00,0.00202840
2015-03-02 00:00:00+00:00,0.00283401
2015-03-03 00:00:00+00:00,-0.00282600
2015-03-04 00:00:00+00:00,-0.00121457
2015-03-05 00:00:00+00:00,0.01824078
2015-03-06 00:00:00+00:00,0.00796178
2015-03-09 00:00:00+00:00,-0.00315956
2015-03-10 00:00:00+00:00,-0.00239718
2015-03-11 00:00:00+00:00,0.00555997
2015-03-12 00:00:00+00:00,0.01263823
2015-03-13 00:00:00+00:00,0.00390016
2015-03-16 00:00:00+00:00,0.04234654
2015-03-17 00:00:00+00:00,-0.00656371
2015-03-18 00:00:00+00:00,-0.00233191
2015-03-19 00:00:00+00:00,0.00350604
2015-03-20 00:00:00+00:00,0.00077640
2015-03-23 00:00:00+00:00,-0.01784329
2015-03-24 00:00:00+00:00,0.00987362
2015-03-25 00:00:00+00:00,-0.01603442
2015-03-26 00:00:00+00:00,-0.01669316
2015-03-27 00:00:00+00:00,0.01293452
2015-03-30 00:00:00+00:00,0.01197127
2015-03-31 00:00:00+00:00,0.01104101
2015-04-01 00:00:00+00:00,-0.00507020
2015-04-02 00:00:00+00:00,-0.00431203
2015-04-07 00:00:00+00:00,0.01102362
2015-04-08 00:00:00+00:00,0.00272586
2015-04-09 00:00:00+00:00,0.01631068
2015-04-10 00:00:00+00:00,0.01031716
2015-04-13 00:00:00+00:00,-0.00302572
2015-04-14 00:00:00+00:00,-0.00493171
2015-04-15 00:00:00+00:00,-0.00457491
2015-04-16 00:00:00+00:00,-0.01187285
2015-04-17 00:00:00+00:00,-0.01240310
2015-04-20 00:00:00+00:00,0.00745683
2015-04-21 00:00:00+00:00,0.01908843
2015-04-22 00:00:00+00:00,0.00229358
2015-04-23 00:00:00+00:00,-0.01106026
2015-04-24 00:00:00+00:00,-0.00077131
2015-04-27 00:00:00+00:00,0.00849093
2015-04-28 00:00:00+00:00,-0.01913509
2015-04-29 00:00:00+00:00,-0.01209520
2015-04-30 00:00:00+00:00,-0.01461295
2015-05-04 00:00:00+00:00,0.00320641
2015-05-05 00:00:00+00:00,-0.01158610
2015-05-06 00:00:00+00:00,-0.01050930
2015-05-07 00:00:00+00:00,0.02287582
2015-05-08 00:00:00+00:00,0.03394569
2015-05-11 00:00:00+00:00,0.01313248
2015-05-12 00:00:00+00:00,-0.02134960
2015-05-13 00:00:00+00:00,-0.01246591
2015-05-14 00:00:00+00:00,0.01065089
2015-05-15 00:00:00+00:00,0.00975800
2015-05-18 00:00:00+00:00,-0.00154619
2015-05-19 00:00:00+00:00,0.01355014
2015-05-20 00:00:00+00:00,-0.00114591
2015-05-21 00:00:00+00:00,-0.00267686
2015-05-22 00:00:00+00:00,-0.00153374
2015-05-26 00:00:00+00:00,0.00307220
2015-05-27 00:00:00+00:00,0.01607963
2015-05-28 00:00:00+00:00,-0.00527506
2015-05-29 00:00:00+00:00,-0.02272727
2015-06-01 00:00:00+00:00,0.00968992
2015-06-02 00:00:00+00:00,-0.01535509
2015-06-03 00:00:00+00:00,-0.00350877
2015-06-04 00:00:00+00:00,-0.01799687
2015-06-05 00:00:00+00:00,0.00517928
2015-06-08 00:00:00+00:00,-0.00871978
2015-06-09 00:00:00+00:00,-0.00281888
2015-06-10 00:00:00+00:00,0.01443464
2015-06-12 00:00:00+00:00,0.00118577
2015-06-15 00:00:00+00:00,-0.01065930
2015-06-16 00:00:00+00:00,-0.00638468
2015-06-17 00:00:00+00:00,0.00401606
2015-06-18 00:00:00+00:00,-0.00280000
2015-06-19 00:00:00+00:00,0.01604493
2015-06-22 00:00:00+00:00,0.00947493
2015-06-23 00:00:00+00:00,0.01016817
2015-06-24 00:00:00+00:00,0.00000000
2015-06-25 00:00:00+00:00,-0.00271003
2015-06-26 00:00:00+00:00,-0.00465839
2015-06-29 00:00:00+00:00,-0.02730109
2015-06-30 00:00:00+00:00,-0.00561347
2015-07-01 00:00:00+00:00,0.01814516
2015-07-02 00:00:00+00:00,-0.00198020
2015-07-03 00:00:00+00:00,-0.00992063
2015-07-06 00:00:00+00:00,-0.00881764
2015-07-07 00:00:00+00:00,0.00283057
2015-07-08 00:00:00+00:00,-0.03185484
2015-07-09 00:00:00+00:00,0.01332778
2015-07-10 00:00:00+00:00,0.03370325
2015-07-13 00:00:00+00:00,0.03141153
2015-07-14 00:00:00+00:00,0.00231303
2015-07-15 00:00:00+00:00,0.00384615
2015-07-16 00:00:00+00:00,0.00842912
2015-07-17 00:00:00+00:00,0.00759878
2015-07-20 00:00:00+00:00,0.00414781
2015-07-21 00:00:00+00:00,-0.00450620
2015-07-22 00:00:00+00:00,-0.01471143
2015-07-24 00:00:00+00:00,-0.01722818
2015-07-27 00:00:00+00:00,-0.02064667
2015-07-30 00:00:00+00:00,0.01471758
2015-07-31 00:00:00+00:00,-0.00784006
2015-08-03 00:00:00+00:00,0.00632161
2015-08-04 00:00:00+00:00,-0.00078524
2015-08-05 00:00:00+00:00,0.01571709
2015-08-06 00:00:00+00:00,-0.00851064
2015-08-07 00:00:00+00:00,-0.00780336
2015-08-10 00:00:00+00:00,0.00196618
2015-08-11 00:00:00+00:00,-0.01020408
2015-08-12 00:00:00+00:00,-0.02894528
2015-08-13 00:00:00+00:00,0.02490813
2015-08-14 00:00:00+00:00,0.00717131
2015-08-17 00:00:00+00:00,0.00474684
2015-08-18 00:00:00+00:00,0.00866142
2015-08-19 00:00:00+00:00,-0.01131928
2015-08-20 00:00:00+00:00,-0.02526648
2015-08-21 00:00:00+00:00,-0.03159174
2015-08-24 00:00:00+00:00,-0.05269762
2015-08-25 00:00:00+00:00,0.04547461
2015-08-26 00:00:00+00:00,-0.00633446
2015-08-27 00:00:00+00:00,0.02549936
2015-08-28 00:00:00+00:00,0.00290095
2015-08-31 00:00:00+00:00,-0.00909091
2015-09-01 00:00:00+00:00,-0.01376147
2015-09-02 00:00:00+00:00,0.00845666
2015-09-03 00:00:00+00:00,0.01928721
2015-09-04 00:00:00+00:00,0.00041135
2015-09-07 00:00:00+00:00,-0.00618776
2015-09-08 00:00:00+00:00,0.00992966
2015-09-09 00:00:00+00:00,0.01843507
2015-09-10 00:00:00+00:00,-0.00321802
2015-09-11 00:00:00+00:00,-0.00928168
2015-09-15 00:00:00+00:00,-0.00936864
2015-09-16 00:00:00+00:00,0.01356908
2015-09-17 00:00:00+00:00,0.01095335
2015-09-18 00:00:00+00:00,-0.00922953
2015-09-21 00:00:00+00:00,0.01093560
2015-09-22 00:00:00+00:00,-0.03044872
2015-09-23 00:00:00+00:00,0.00454545
2015-09-24 00:00:00+00:00,-0.01563143
2015-09-25 00:00:00+00:00,0.02590890
2015-09-28 00:00:00+00:00,-0.01873727
2015-09-29 00:00:00+00:00,-0.01826484
2015-09-30 00:00:00+00:00,0.02410148
2015-10-01 00:00:00+00:00,0.00371594
2015-10-02 00:00:00+00:00,-0.00617030
2015-10-05 00:00:00+00:00,0.02814570
2015-10-06 00:00:00+00:00,0.00281804
2015-10-07 00:00:00+00:00,-0.01726214
2015-10-08 00:00:00+00:00,-0.00163399
2015-10-09 00:00:00+00:00,-0.00654664
2015-10-12 00:00:00+00:00,0.00164745
2015-10-13 00:00:00+00:00,-0.00575658
2015-10-14 00:00:00+00:00,-0.00537634
2015-10-15 00:00:00+00:00,0.00748441
2015-10-16 00:00:00+00:00,0.00495254
2015-10-19 00:00:00+00:00,0.01806982
2015-10-20 00:00:00+00:00,0.00363050
2015-10-21 00:00:00+00:00,0.00160772
2015-10-22 00:00:00+00:00,0.00882825
2015-10-23 00:00:00+00:00,0.02505967
2015-10-26 00:00:00+00:00,0.00155219
2015-10-27 00:00:00+00:00,-0.00852383
2015-10-28 00:00:00+00:00,0.00703400
2015-10-29 00:00:00+00:00,0.00349243
2015-10-30 00:00:00+00:00,0.00038670
2015-11-02 00:00:00+00:00,-0.00077310
2015-11-03 00:00:00+00:00,0.00386847
2015-11-04 00:00:00+00:00,0.00000000
2015-11-05 00:00:00+00:00,-0.00693642
2015-11-06 00:00:00+00:00,0.01552192
2015-11-09 00:00:00+00:00,-0.01604891
2015-11-10 00:00:00+00:00,0.00038835
2015-11-11 00:00:00+00:00,0.00931677
2015-11-12 00:00:00+00:00,-0.01038462
2015-11-13 00:00:00+00:00,-0.01282550
2015-11-16 00:00:00+00:00,-0.01496063
2015-11-17 00:00:00+00:00,0.02877698
2015-11-18 00:00:00+00:00,-0.00893551
2015-11-19 00:00:00+00:00,0.01764014
2015-11-20 00:00:00+00:00,-0.00115562
2015-11-23 00:00:00+00:00,-0.00539915
2015-11-24 00:00:00+00:00,-0.02636681
2015-11-25 00:00:00+00:00,0.02150538
2015-11-26 00:00:00+00:00,0.00584795
2015-11-27 00:00:00+00:00,0.01201550
2015-11-30 00:00:00+00:00,0.00842589
2015-12-01 00:00:00+00:00,0.00873528
2015-12-02 00:00:00+00:00,0.00903614
2015-12-03 00:00:00+00:00,-0.01156716
2015-12-04 00:00:00+00:00,-0.01132503
2015-12-07 00:00:00+00:00,0.00840015
2015-12-08 00:00:00+00:00,-0.01668036
2015-12-09 00:00:00+00:00,-0.00115518
2015-12-11 00:00:00+00:00,-0.01233616
2015-12-14 00:00:00+00:00,-0.02419984
2015-12-15 00:00:00+00:00,0.01704320
2015-12-16 00:00:00+00:00,0.00389712
2015-12-17 00:00:00+00:00,0.01242236
2015-12-18 00:00:00+00:00,-0.00996933
2015-12-21 00:00:00+00:00,0.00735864
2015-12-22 00:00:00+00:00,0.00000000
2015-12-23 00:00:00+00:00,0.00384468
2015-12-28 00:00:00+00:00,-0.00497894
2015-12-29 00:00:00+00:00,0.01578137
2015-12-30 00:00:00+00:00,0.00416825
2016-01-04 00:00:00+00:00,-0.02754717
2016-01-05 00:00:00+00:00,0.01280559
2016-01-06 00:00:00+00:00,-0.01570881
2016-01-07 00:00:00+00:00,-0.02063060
2016-01-08 00:00:00+00:00,0.00158983
2016-01-11 00:00:00+00:00,0.00634921
2016-01-12 00:00:00+00:00,0.01104101
2016-01-13 00:00:00+00:00,-0.00858034
2016-01-14 00:00:00+00:00,-0.04760031
2016-01-15 00:00:00+00:00,-0.03056588
2016-01-18 00:00:00+00:00,0.01022582
2016-01-19 00:00:00+00:00,0.00970055
2016-01-20 00:00:00+00:00,-0.03341688
2016-01-21 00:00:00+00:00,0.01426102
2016-01-22 00:00:00+00:00,0.03238176
2016-01-25 00:00:00+00:00,-0.01114321
2016-01-26 00:00:00+00:00,0.01043406
2016-01-27 00:00:00+00:00,0.00247831
2016-01-28 00:00:00+00:00,-0.01689328
2016-01-29 00:00:00+00:00,0.01802179
2016-02-01 00:00:00+00:00,0.01934953
2016-02-02 00:00:00+00:00,-0.01777060
2016-02-03 00:00:00+00:00,-0.02014803
2016-02-04 00:00:00+00:00,-0.00503567
2016-02-05 00:00:00+00:00,-0.01518347
2016-02-08 00:00:00+00:00,-0.04753747
2016-02-09 00:00:00+00:00,0.00000000
2016-02-10 00:00:00+00:00,0.02787770
2016-02-11 00:00:00+00:00,-0.03412073
2016-02-12 00:00:00+00:00,0.00951087
2016-02-15 00:00:00+00:00,0.03409601
2016-02-16 00:00:00+00:00,-0.00216920
2016-02-17 00:00:00+00:00,0.03565217
2016-02-18 00:00:00+00:00,0.01175483
2016-02-19 00:00:00+00:00,-0.00082988
2016-02-22 00:00:00+00:00,0.00415282
2016-02-23 00:00:00+00:00,0.00289495
2016-02-24 00:00:00+00:00,-0.02639175
2016-02-25 00:00:00+00:00,0.02329521
2016-02-26 00:00:00+00:00,0.01572848
2016-02-29 00:00:00+00:00,0.02200489
2016-03-01 00:00:00+00:00,0.00717703
2016-03-02 00:00:00+00:00,-0.00158353
2016-03-03 00:00:00+00:00,-0.02299762
2016-03-04 00:00:00+00:00,0.00365260
2016-03-07 00:00:00+00:00,-0.00889608
2016-03-08 00:00:00+00:00,-0.01348389
2016-03-09 00:00:00+00:00,-0.00537634
2016-03-10 00:00:00+00:00,-0.01704782
2016-03-11 00:00:00+00:00,0.02791878
2016-03-14 00:00:00+00:00,-0.00082305
2016-03-15 00:00:00+00:00,-0.01194399
2016-03-16 00:00:00+00:00,-0.00250104
2016-03-17 00:00:00+00:00,-0.01128291
2016-03-18 00:00:00+00:00,0.01690617
2016-03-21 00:00:00+00:00,-0.00498753
2016-03-22 00:00:00+00:00,-0.01796157
2016-03-23 00:00:00+00:00,-0.00085070
2016-03-24 00:00:00+00:00,0.00127714
2016-03-29 00:00:00+00:00,0.00340136
2016-03-30 00:00:00+00:00,0.01906780
2016-03-31 00:00:00+00:00,0.00332640
2016-04-01 00:00:00+00:00,-0.01367592
2016-04-04 00:00:00+00:00,0.00588235
2016-04-05 00:00:00+00:00,-0.01336675
2016-04-06 00:00:00+00:00,-0.00550381
2016-04-07 00:00:00+00:00,-0.00681141
2016-04-08 00:00:00+00:00,0.00771539
2016-04-11 00:00:00+00:00,0.00595491
2016-04-12 00:00:00+00:00,0.00169133
2016-04-13 00:00:00+00:00,0.01224145
2016-04-14 00:00:00+00:00,-0.00458716
2016-04-15 00:00:00+00:00,-0.00251362
2016-04-18 00:00:00+00:00,0.00209996
2016-04-19 00:00:00+00:00,0.00502934
2016-04-20 00:00:00+00:00,-0.00375313
2016-04-21 00:00:00+00:00,-0.01297614
2016-04-22 00:00:00+00:00,-0.00805768
2016-04-25 00:00:00+00:00,0.00384780
2016-04-26 00:00:00+00:00,0.01405451
2016-04-27 00:00:00+00:00,0.00965981
2016-04-28 00:00:00+00:00,-0.00415973
2016-04-29 00:00:00+00:00,-0.02297410
2016-05-03 00:00:00+00:00,-0.01539119
2016-05-04 00:00:00+00:00,-0.00607903
2016-05-05 00:00:00+00:00,0.00436872
2016-05-06 00:00:00+00:00,0.00173989
2016-05-09 00:00:00+00:00,0.01432914
2016-05-10 00:00:00+00:00,0.01284247
2016-05-11 00:00:00+00:00,-0.00718512
2016-05-12 00:00:00+00:00,0.01234568
2016-05-13 00:00:00+00:00,-0.01682086
2016-05-17 00:00:00+00:00,0.00769889
2016-05-18 00:00:00+00:00,0.01994907
2016-05-19 00:00:00+00:00,-0.01331669
2016-05-20 00:00:00+00:00,0.01307465
2016-05-23 00:00:00+00:00,0.00374688
2016-05-24 00:00:00+00:00,0.02488594
2016-05-25 00:00:00+00:00,0.00971267
2016-05-26 00:00:00+00:00,-0.00641283
2016-05-27 00:00:00+00:00,0.00040339
2016-05-31 00:00:00+00:00,-0.00241935
2016-06-01 00:00:00+00:00,-0.02061439
2016-06-02 00:00:00+00:00,0.00453983
2016-06-03 00:00:00+00:00,-0.00287592
2016-06-06 00:00:00+00:00,0.00206016
2016-06-07 00:00:00+00:00,0.00450303
2016-06-08 00:00:00+00:00,-0.01432665
2016-06-09 00:00:00+00:00,-0.00373754
2016-06-10 00:00:00+00:00,-0.02334306
2016-06-13 00:00:00+00:00,-0.02134016
2016-06-14 00:00:00+00:00,-0.02049717
2016-06-15 00:00:00+00:00,0.00979519
2016-06-16 00:00:00+00:00,-0.01940035
2016-06-17 00:00:00+00:00,0.01978417
2016-06-20 00:00:00+00:00,0.05599647
2016-06-21 00:00:00+00:00,0.00292276
2016-06-22 00:00:00+00:00,0.00416320
2016-06-23 00:00:00+00:00,0.00373134
2016-06-24 00:00:00+00:00,-0.06926553
2016-06-27 00:00:00+00:00,-0.07158646
2016-06-28 00:00:00+00:00,0.02156863
2016-06-29 00:00:00+00:00,0.01679463
2016-06-30 00:00:00+00:00,0.00519113
2016-07-01 00:00:00+00:00,0.02065728
2016-07-04 00:00:00+00:00,-0.00965961
2016-07-05 00:00:00+00:00,-0.01764979
2016-07-06 00:00:00+00:00,-0.02033097
2016-07-07 00:00:00+00:00,0.02075290
2016-07-08 00:00:00+00:00,0.01749409
2016-07-11 00:00:00+00:00,0.01905204
2016-07-12 00:00:00+00:00,0.02097583
2016-07-13 00:00:00+00:00,0.00714605
2016-07-14 00:00:00+00:00,0.00487805
2016-07-15 00:00:00+00:00,-0.01765225
2016-07-18 00:00:00+00:00,0.01033243
2016-07-19 00:00:00+00:00,-0.00622499
2016-07-20 00:00:00+00:00,0.00671141
2016-07-21 00:00:00+00:00,-0.00222222
2016-07-22 00:00:00+00:00,-0.00579065
2016-07-25 00:00:00+00:00,0.01120072
2016-07-26 00:00:00+00:00,-0.00044307
2016-07-27 00:00:00+00:00,0.00310284
2016-07-28 00:00:00+00:00,-0.00883783
2016-07-29 00:00:00+00:00,0.00757914
2016-08-01 00:00:00+00:00,-0.00398230
2016-08-02 00:00:00+00:00,-0.00932919
2016-08-03 00:00:00+00:00,-0.00269058
2016-08-04 00:00:00+00:00,0.00404676
2016-08-05 00:00:00+00:00,0.01656964
2016-08-08 00:00:00+00:00,-0.00396476
2016-08-09 00:00:00+00:00,0.00442282
2016-08-10 00:00:00+00:00,-0.00308234
2016-08-11 00:00:00+00:00,0.00706714
2016-08-12 00:00:00+00:00,0.00789474
2016-08-15 00:00:00+00:00,-0.00261097
2016-08-16 00:00:00+00:00,-0.01178010
2016-08-17 00:00:00+00:00,-0.00132450
2016-08-18 00:00:00+00:00,0.00530504
2016-08-19 00:00:00+00:00,0.00000000
2016-08-22 00:00:00+00:00,0.00307828
2016-08-23 00:00:00+00:00,0.01139851
2016-08-24 00:00:00+00:00,0.00433463
2016-08-25 00:00:00+00:00,-0.01294778
2016-08-26 00:00:00+00:00,0.00524705
2016-08-29 00:00:00+00:00,-0.00521966
2016-08-30 00:00:00+00:00,0.00349803
2016-08-31 00:00:00+00:00,-0.00784314
2016-09-01 00:00:00+00:00,0.01624945
2016-09-02 00:00:00+00:00,0.00993950
2016-09-05 00:00:00+00:00,-0.00299529
2016-09-06 00:00:00+00:00,0.00085837
2016-09-07 00:00:00+00:00,-0.00387935
2016-09-08 00:00:00+00:00,-0.00215239
2016-09-09 00:00:00+00:00,-0.01164797
2016-09-12 00:00:00+00:00,-0.00829332
2016-09-13 00:00:00+00:00,-0.03565141
2016-09-14 00:00:00+00:00,-0.00044425
2016-09-15 00:00:00+00:00,0.00844444
2016-09-16 00:00:00+00:00,-0.00044072
2016-09-19 00:00:00+00:00,0.00440917
2016-09-20 00:00:00+00:00,-0.00307287
2016-09-21 00:00:00+00:00,-0.00572435
2016-09-22 00:00:00+00:00,0.00974314
2016-09-23 00:00:00+00:00,-0.00877193
2016-09-26 00:00:00+00:00,-0.01991150
2016-09-27 00:00:00+00:00,0.00632054
2016-09-28 00:00:00+00:00,0.01345895
2016-09-29 00:00:00+00:00,-0.00929615
2016-09-30 00:00:00+00:00,0.00580876
2016-10-03 00:00:00+00:00,0.00577521
2016-10-04 00:00:00+00:00,0.00485866
2016-10-05 00:00:00+00:00,-0.01934066
2016-10-06 00:00:00+00:00,-0.01210220
2016-10-07 00:00:00+00:00,-0.02540835
2016-10-10 00:00:00+00:00,-0.00325885
2016-10-11 00:00:00+00:00,0.00326950
2016-10-12 00:00:00+00:00,-0.00465549
2016-10-13 00:00:00+00:00,-0.00888681
2016-10-14 00:00:00+00:00,0.01415762
2016-10-17 00:00:00+00:00,-0.00884132
2016-10-18 00:00:00+00:00,0.01924883
2016-10-19 00:00:00+00:00,0.00644864
2016-10-20 00:00:00+00:00,0.00457666
2016-10-21 00:00:00+00:00,-0.00410023
2016-10-24 00:00:00+00:00,-0.00091491
2016-10-25 00:00:00+00:00,-0.00961538
2016-10-26 00:00:00+00:00,-0.00693481
2016-10-27 00:00:00+00:00,0.00325885
2016-10-28 00:00:00+00:00,0.00835267
2016-10-31 00:00:00+00:00,0.00414174
2016-11-01 00:00:00+00:00,-0.00916590
2016-11-02 00:00:00+00:00,-0.00231267
2016-11-03 00:00:00+00:00,0.01205378
2016-11-04 00:00:00+00:00,-0.01786532
2016-11-07 00:00:00+00:00,0.01539179
2016-11-08 00:00:00+00:00,0.00275609
2016-11-09 00:00:00+00:00,0.00824553
2016-11-10 00:00:00+00:00,-0.01181281
2016-11-11 00:00:00+00:00,0.00000000
2016-11-14 00:00:00+00:00,0.00643678
2016-11-15 00:00:00+00:00,0.00639561
2016-11-16 00:00:00+00:00,0.00181571
2016-11-17 00:00:00+00:00,0.00362483
2016-11-18 00:00:00+00:00,0.01083521
2016-11-21 00:00:00+00:00,0.00357302
2016-11-22 00:00:00+00:00,-0.00534045
2016-11-23 00:00:00+00:00,0.00850112
2016-11-24 00:00:00+00:00,-0.00179462
2016-11-25 00:00:00+00:00,-0.00088889
2016-11-28 00:00:00+00:00,-0.00266904
2016-11-29 00:00:00+00:00,0.00892061
2016-11-30 00:00:00+00:00,-0.01503095
2016-12-30 00:00:00+00:00,0.00000000
2017-01-02 00:00:00+00:00,0.05475763
2017-01-03 00:00:00+00:00,-0.00425532
2017-01-04 00:00:00+00:00,0.00256410
2017-01-05 00:00:00+00:00,0.00980392
2017-01-06 00:00:00+00:00,-0.01097509
2017-01-09 00:00:00+00:00,-0.00853606
2017-01-10 00:00:00+00:00,0.01119242
2017-01-11 00:00:00+00:00,-0.00340570
2017-01-12 00:00:00+00:00,-0.00811619
2017-01-13 00:00:00+00:00,-0.00344531
2017-01-16 00:00:00+00:00,-0.00432152
2017-01-17 00:00:00+00:00,0.00130208
2017-01-18 00:00:00+00:00,0.00476810
2017-01-19 00:00:00+00:00,0.00215703
2017-01-20 00:00:00+00:00,-0.00344382
2017-01-23 00:00:00+00:00,0.00129590
2017-01-24 00:00:00+00:00,-0.00905953
2017-01-25 00:00:00+00:00,0.01393121
2017-01-26 00:00:00+00:00,-0.00472306
2017-01-27 00:00:00+00:00,0.00560828
2017-01-30 00:00:00+00:00,-0.00600601
2017-01-31 00:00:00+00:00,-0.00863185
2017-02-01 00:00:00+00:00,0.01044841
2017-02-02 00:00:00+00:00,0.00430849
2017-02-03 00:00:00+00:00,0.00514801
2017-02-06 00:00:00+00:00,-0.01067008
2017-02-07 00:00:00+00:00,0.00776531
2017-02-08 00:00:00+00:00,0.01155822
2017-02-09 00:00:00+00:00,0.00423191
2017-02-10 00:00:00+00:00,-0.00252845
2017-02-13 00:00:00+00:00,-0.00549218
2017-02-14 00:00:00+00:00,0.01529312
2017-02-15 00:00:00+00:00,-0.00418410
2017-02-16 00:00:00+00:00,-0.00294118
2017-02-17 00:00:00+00:00,0.00337126
2017-02-20 00:00:00+00:00,0.00629987
2017-02-21 00:00:00+00:00,0.00250417
2017-02-22 00:00:00+00:00,-0.00374688
2017-02-23 00:00:00+00:00,0.00208943
2017-02-24 00:00:00+00:00,0.00083403
2017-02-27 00:00:00+00:00,-0.00500000
2017-02-28 00:00:00+00:00,0.01005025
2017-03-01 00:00:00+00:00,0.00414594
2017-03-02 00:00:00+00:00,0.00165153
2017-03-03 00:00:00+00:00,-0.01154163
2017-03-06 00:00:00+00:00,-0.00252209
2017-03-07 00:00:00+00:00,-0.00877926
2017-03-08 00:00:00+00:00,0.00548292
2017-03-09 00:00:00+00:00,0.00671141
2017-03-10 00:00:00+00:00,-0.01708333
2017-03-14 00:00:00+00:00,0.00635863
2017-03-15 00:00:00+00:00,0.00252738
2017-03-16 00:00:00+00:00,0.00168067
2017-03-17 00:00:00+00:00,0.00713087
2017-03-20 00:00:00+00:00,0.00208247
2017-03-21 00:00:00+00:00,-0.00415628
2017-03-22 00:00:00+00:00,-0.01168614
2017-03-23 00:00:00+00:00,0.01435811
2017-03-24 00:00:00+00:00,0.00000000
2017-03-27 00:00:00+00:00,-0.00333056
2017-03-28 00:00:00+00:00,0.00250627
2017-03-29 00:00:00+00:00,-0.00125000
2017-03-30 00:00:00+00:00,0.00876095
2017-03-31 00:00:00+00:00,0.00909843
2017-04-03 00:00:00+00:00,-0.00450820
2017-04-04 00:00:00+00:00,0.00164677
2017-04-05 00:00:00+00:00,0.00575421
2017-04-06 00:00:00+00:00,0.00286065
2017-04-07 00:00:00+00:00,-0.00040750
2017-04-10 00:00:00+00:00,0.00448430
2017-04-11 00:00:00+00:00,0.00608766
2017-04-12 00:00:00+00:00,0.00605083
2017-04-13 00:00:00+00:00,0.00240577
2017-04-18 00:00:00+00:00,0.00040000
2017-04-19 00:00:00+00:00,0.00199920
2017-04-20 00:00:00+00:00,0.00279330
2017-04-21 00:00:00+00:00,0.00318345
2017-04-24 00:00:00+00:00,0.01150337
2017-04-25 00:00:00+00:00,-0.00666667
2017-04-26 00:00:00+00:00,0.00908014
2017-04-27 00:00:00+00:00,-0.00039124
2017-04-28 00:00:00+00:00,0.01135029
2017-05-02 00:00:00+00:00,0.00309598
2017-05-03 00:00:00+00:00,-0.00462963
2017-05-04 00:00:00+00:00,0.00465116
2017-05-05 00:00:00+00:00,0.00501543
2017-05-08 00:00:00+00:00,0.00614203
2017-05-09 00:00:00+00:00,0.01259061
2017-05-10 00:00:00+00:00,0.00301432
2017-05-11 00:00:00+00:00,-0.01126972
2017-05-12 00:00:00+00:00,-0.00341945
2017-05-15 00:00:00+00:00,-0.00419367
2017-05-16 00:00:00+00:00,-0.00267994
2017-05-17 00:00:00+00:00,-0.00575816
2017-05-18 00:00:00+00:00,0.00308880
2017-05-19 00:00:00+00:00,0.00076982
2017-05-22 00:00:00+00:00,0.00500000
2017-05-23 00:00:00+00:00,-0.00076540
2017-05-24 00:00:00+00:00,0.00804290
2017-05-25 00:00:00+00:00,0.00303951
2017-05-26 00:00:00+00:00,-0.00075758
2017-05-29 00:00:00+00:00,0.00227445
2017-05-30 00:00:00+00:00,0.00491679
2017-05-31 00:00:00+00:00,-0.00489274
2017-06-01 00:00:00+00:00,0.01550681
2017-06-02 00:00:00+00:00,0.00074488
2017-06-05 00:00:00+00:00,-0.00855973
2017-06-06 00:00:00+00:00,-0.00825826
2017-06-07 00:00:00+00:00,0.00565752
2017-06-08 00:00:00+00:00,-0.00376364
2017-06-09 00:00:00+00:00,-0.00868908
2017-06-12 00:00:00+00:00,-0.00952744
2017-06-13 00:00:00+00:00,0.00692574
2017-06-14 00:00:00+00:00,0.00840657
2017-06-15 00:00:00+00:00,-0.01212581
2017-06-16 00:00:00+00:00,0.00690449
2017-06-19 00:00:00+00:00,0.00342857
2017-06-20 00:00:00+00:00,-0.00379651
2017-06-21 00:00:00+00:00,0.00304878
2017-06-22 00:00:00+00:00,-0.00531915
2017-06-23 00:00:00+00:00,-0.00190985
2017-06-26 00:00:00+00:00,0.00995025
2017-06-27 00:00:00+00:00,-0.01818871
2017-06-28 00:00:00+00:00,0.00154381
2017-06-29 00:00:00+00:00,-0.01078998
2017-06-30 00:00:00+00:00,0.00194780
2017-07-03 00:00:00+00:00,-0.00505443
2017-07-04 00:00:00+00:00,0.00273544
2017-07-05 00:00:00+00:00,-0.00272798
2017-07-06 00:00:00+00:00,-0.01406800
2017-07-07 00:00:00+00:00,0.00079271
2017-07-10 00:00:00+00:00,0.00237624
2017-07-11 00:00:00+00:00,-0.01540893
2017-07-12 00:00:00+00:00,0.01524880
2017-07-13 00:00:00+00:00,0.00671937
2017-07-14 00:00:00+00:00,-0.00196309
2017-07-17 00:00:00+00:00,0.00747443
2017-07-18 00:00:00+00:00,-0.00859039
2017-07-19 00:00:00+00:00,0.00315085
2017-07-20 00:00:00+00:00,-0.01609737
2017-07-21 00:00:00+00:00,-0.00798085
2017-07-24 00:00:00+00:00,-0.00321802
2017-07-25 00:00:00+00:00,0.00726392
2017-07-26 00:00:00+00:00,0.00801282
2017-07-27 00:00:00+00:00,-0.00119237
2017-07-28 00:00:00+00:00,-0.01273378
2017-07-31 00:00:00+00:00,-0.00282144
2017-08-01 00:00:00+00:00,0.01091350
2017-08-02 00:00:00+00:00,0.00039984
2017-08-03 00:00:00+00:00,-0.00279776
2017-08-04 00:00:00+00:00,0.01162325
2017-08-07 00:00:00+00:00,-0.00316957
2017-08-08 00:00:00+00:00,-0.00715421
2017-08-09 00:00:00+00:00,-0.00400320
2017-08-10 00:00:00+00:00,-0.00924437
2017-08-11 00:00:00+00:00,-0.00892495
2017-08-14 00:00:00+00:00,0.01514531
2017-08-16 00:00:00+00:00,0.01572581
2017-08-17 00:00:00+00:00,-0.00793966
2017-08-18 00:00:00+00:00,-0.01720688
2017-08-21 00:00:00+00:00,-0.00040717
2017-08-22 00:00:00+00:00,0.00692464
2017-08-23 00:00:00+00:00,-0.01092233
2017-08-25 00:00:00+00:00,-0.00490798
2017-08-28 00:00:00+00:00,-0.00369914
2017-08-29 00:00:00+00:00,-0.01361386
2017-08-30 00:00:00+00:00,0.00711000
2017-08-31 00:00:00+00:00,0.01328904
2017-09-01 00:00:00+00:00,0.01229508
2017-09-04 00:00:00+00:00,-0.00526316
2017-09-05 00:00:00+00:00,-0.00244200
2017-09-06 00:00:00+00:00,-0.00246798
2017-09-07 00:00:00+00:00,-0.00122699
2017-09-08 00:00:00+00:00,0.00204750
2017-09-11 00:00:00+00:00,0.01225991
2017-09-12 00:00:00+00:00,0.00888171
2017-09-13 00:00:00+00:00,-0.00282372
2017-09-14 00:00:00+00:00,0.00404531
2017-09-15 00:00:00+00:00,-0.01168413
2017-09-18 00:00:00+00:00,0.00856095
2017-09-19 00:00:00+00:00,-0.00404204
2017-09-20 00:00:00+00:00,0.00000000
2017-09-21 00:00:00+00:00,-0.00446429
2017-09-22 00:00:00+00:00,0.00366898
2017-09-25 00:00:00+00:00,0.00771730
2017-09-26 00:00:00+00:00,-0.00120919
2017-09-27 00:00:00+00:00,0.00363196
2017-09-28 00:00:00+00:00,-0.00120627
2017-09-29 00:00:00+00:00,0.00241546
2017-10-02 00:00:00+00:00,0.00682731
2017-10-03 00:00:00+00:00,0.00000000
2017-10-04 00:00:00+00:00,0.00757878
2017-10-05 00:00:00+00:00,-0.00475059
2017-10-06 00:00:00+00:00,-0.00159109
2017-10-09 00:00:00+00:00,0.00199203
2017-10-10 00:00:00+00:00,0.00318091
2017-10-11 00:00:00+00:00,0.00435989
2017-10-12 00:00:00+00:00,0.00631413
2017-10-13 00:00:00+00:00,0.00352941
2017-10-16 00:00:00+00:00,-0.00508011
2017-10-17 00:00:00+00:00,-0.00392773
2017-10-18 00:00:00+00:00,0.00197161
2017-10-19 00:00:00+00:00,-0.00905155
2017-10-20 00:00:00+00:00,-0.00079428
2017-10-23 00:00:00+00:00,0.00079491
2017-10-24 00:00:00+00:00,-0.01032566
2017-10-25 00:00:00+00:00,0.00481541
2017-10-26 00:00:00+00:00,0.01277955
2017-10-27 00:00:00+00:00,0.00670347
2017-10-30 00:00:00+00:00,0.00078339
2017-10-31 00:00:00+00:00,0.02035225
2017-11-01 00:00:00+00:00,0.00460299
2017-11-02 00:00:00+00:00,-0.01412753
2017-11-03 00:00:00+00:00,0.00426026
2017-11-06 00:00:00+00:00,0.00578481
2017-11-07 00:00:00+00:00,-0.00575153
2017-11-08 00:00:00+00:00,-0.00578481
2017-11-09 00:00:00+00:00,-0.00775795
2017-11-10 00:00:00+00:00,0.00039093
2017-11-13 00:00:00+00:00,-0.00586166
2017-11-14 00:00:00+00:00,-0.00746855
2017-11-15 00:00:00+00:00,-0.00831683
2017-11-16 00:00:00+00:00,0.02116613
2017-11-17 00:00:00+00:00,-0.00312867
2017-11-20 00:00:00+00:00,0.00392311
2017-11-21 00:00:00+00:00,0.00078156
2017-11-22 00:00:00+00:00,-0.00780945
2017-11-23 00:00:00+00:00,-0.00669028
2017-11-24 00:00:00+00:00,0.00396197
2017-11-27 00:00:00+00:00,0.00039463
2017-11-28 00:00:00+00:00,0.00433925
2017-11-29 00:00:00+00:00,0.00824823
2017-11-30 00:00:00+00:00,-0.00818076
2017-12-01 00:00:00+00:00,0.00235664
2017-12-04 00:00:00+00:00,0.01684953
2017-12-05 00:00:00+00:00,-0.00233214
2017-12-06 00:00:00+00:00,-0.00077250
2017-12-07 00:00:00+00:00,0.00966370
2017-12-08 00:00:00+00:00,0.00995406
2017-12-11 00:00:00+00:00,-0.01326763
2017-12-12 00:00:00+00:00,-0.01755055
2017-12-13 00:00:00+00:00,0.01165049
2017-12-14 00:00:00+00:00,-0.00230326
2017-12-15 00:00:00+00:00,-0.00769527
2017-12-18 00:00:00+00:00,0.00814269
2017-12-19 00:00:00+00:00,0.00692308
2017-12-20 00:00:00+00:00,-0.00343774
2017-12-21 00:00:00+00:00,0.00459946
2017-12-22 00:00:00+00:00,0.00305227
2017-12-27 00:00:00+00:00,-0.00038037
2017-12-28 00:00:00+00:00,0.00190259
2017-12-29 00:00:00+00:00,0.00075959
2018-01-02 00:00:00+00:00,0.00455408
2018-01-03 00:00:00+00:00,0.00453343
2018-01-04 00:00:00+00:00,-0.00451297
2018-01-05 00:00:00+00:00,0.00377786
2018-01-08 00:00:00+00:00,0.00526910
2018-01-09 00:00:00+00:00,-0.00224635
2018-01-10 00:00:00+00:00,-0.00712946
2018-01-11 00:00:00+00:00,-0.00566893
2018-01-12 00:00:00+00:00,0.00912201
2018-01-16 00:00:00+00:00,-0.00338983
2018-01-17 00:00:00+00:00,-0.00264550
2018-01-18 00:00:00+00:00,0.00719970
2018-01-19 00:00:00+00:00,0.00790068
2018-01-22 00:00:00+00:00,-0.00634565
2018-01-23 00:00:00+00:00,0.00864012
2018-01-24 00:00:00+00:00,-0.00260708
2018-01-25 00:00:00+00:00,-0.01755041
2018-01-26 00:00:00+00:00,0.00684151
2018-01-29 00:00:00+00:00,-0.00151000
2018-01-30 00:00:00+00:00,-0.00680529
2018-01-31 00:00:00+00:00,-0.00076132
2018-02-01 00:00:00+00:00,0.00076190
2018-02-02 00:00:00+00:00,-0.01789113
2018-02-05 00:00:00+00:00,-0.01550388
2018-02-06 00:00:00+00:00,-0.00905512
2018-02-07 00:00:00+00:00,0.01271355
2018-02-08 00:00:00+00:00,-0.00353080
2018-02-09 00:00:00+00:00,-0.00866142
2018-02-12 00:00:00+00:00,0.00635425
2018-02-13 00:00:00+00:00,0.00355170
2018-02-14 00:00:00+00:00,0.00904444
2018-02-15 00:00:00+00:00,0.00662510
2018-02-16 00:00:00+00:00,0.00425861
2018-02-19 00:00:00+00:00,0.00616808
2018-02-20 00:00:00+00:00,-0.00498084
2018-02-21 00:00:00+00:00,0.01116673
2018-02-22 00:00:00+00:00,-0.00533130
2018-02-23 00:00:00+00:00,-0.00421133
2018-02-26 00:00:00+00:00,0.00384468
2018-02-27 00:00:00+00:00,0.00344696
2018-02-28 00:00:00+00:00,-0.00496183
2018-03-01 00:00:00+00:00,-0.01495972
2018-03-02 00:00:00+00:00,-0.01596573
2018-03-05 00:00:00+00:00,0.00316581
2018-03-06 00:00:00+00:00,-0.00002000
2018-03-07 00:00:00+00:00,0.00197239
2018-03-08 00:00:00+00:00,0.01299213
2018-03-09 00:00:00+00:00,0.00000000
2018-03-12 00:00:00+00:00,-0.00621842
2018-03-13 00:00:00+00:00,-0.00586625
2018-03-14 00:00:00+00:00,-0.00354052
2018-03-15 00:00:00+00:00,0.00078958
2018-03-16 00:00:00+00:00,0.00355030
2018-03-19 00:00:00+00:00,0.00353774
2018-03-20 00:00:00+00:00,0.00509205
2018-03-21 00:00:00+00:00,-0.00857366
2018-03-22 00:00:00+00:00,-0.01336478
2018-03-23 00:00:00+00:00,-0.00876494
2018-03-26 00:00:00+00:00,-0.01085209
2018-03-27 00:00:00+00:00,0.00568874
2018-03-28 00:00:00+00:00,-0.00161616
2018-03-29 00:00:00+00:00,-0.01052206
2018-04-03 00:00:00+00:00,-0.00899796
2018-04-04 00:00:00+00:00,-0.00577796
2018-04-05 00:00:00+00:00,0.01867995
2018-04-06 00:00:00+00:00,0.00325998
2018-04-09 00:00:00+00:00,0.00893582
2018-04-10 00:00:00+00:00,0.00201288
2018-04-11 00:00:00+00:00,-0.00924066
2018-04-12 00:00:00+00:00,0.00608273
2018-04-13 00:00:00+00:00,0.00161225
2018-04-16 00:00:00+00:00,0.00120724
2018-04-17 00:00:00+00:00,0.01125402
2018-04-18 00:00:00+00:00,-0.00556439
2018-04-19 00:00:00+00:00,0.00879297
2018-04-20 00:00:00+00:00,-0.00158479
2018-04-23 00:00:00+00:00,0.00674603
2018-04-24 00:00:00+00:00,-0.01537249
2018-04-25 00:00:00+00:00,-0.00600480
2018-04-26 00:00:00+00:00,0.01047120
2018-04-27 00:00:00+00:00,0.00159426
2018-04-30 00:00:00+00:00,0.00915241
2018-05-02 00:00:00+00:00,0.00433754
2018-05-03 00:00:00+00:00,-0.00863761
2018-05-04 00:00:00+00:00,0.00910891
2018-05-07 00:00:00+00:00,-0.00313972
2018-05-08 00:00:00+00:00,0.01614173
2018-05-09 00:00:00+00:00,-0.01123596
2018-05-10 00:00:00+00:00,-0.00156740
2018-05-11 00:00:00+00:00,-0.00039246
2018-05-14 00:00:00+00:00,0.01334904
2018-05-15 00:00:00+00:00,0.00658659
2018-05-16 00:00:00+00:00,0.00384911
2018-05-17 00:00:00+00:00,0.01111963
2018-05-18 00:00:00+00:00,0.00151688
2018-05-21 00:00:00+00:00,0.01514578
2018-05-22 00:00:00+00:00,0.00074599
2018-05-23 00:00:00+00:00,-0.01080880
2018-05-24 00:00:00+00:00,0.00188395
2018-05-25 00:00:00+00:00,0.01579541
2018-05-29 00:00:00+00:00,-0.01147723
2018-05-30 00:00:00+00:00,-0.00411985
2018-05-31 00:00:00+00:00,-0.00112824
2018-06-01 00:00:00+00:00,0.00225904
2018-06-04 00:00:00+00:00,0.00375657
2018-06-05 00:00:00+00:00,-0.00711078
2018-06-06 00:00:00+00:00,-0.00002000
2018-06-07 00:00:00+00:00,-0.01658500
2018-06-08 00:00:00+00:00,-0.03526255
2018-06-11 00:00:00+00:00,0.03933254
2018-06-12 00:00:00+00:00,-0.01681957
2018-06-13 00:00:00+00:00,0.01749611
2018-06-14 00:00:00+00:00,0.01643103
2018-06-15 00:00:00+00:00,-0.01390977
2018-06-18 00:00:00+00:00,-0.00304994
2018-06-19 00:00:00+00:00,-0.00497132
2018-06-20 00:00:00+00:00,0.01114527
2018-06-21 00:00:00+00:00,-0.00722159
2018-06-22 00:00:00+00:00,0.00612557
2018-06-25 00:00:00+00:00,-0.02777778
2018-06-26 00:00:00+00:00,-0.00821918
2018-06-27 00:00:00+00:00,0.00710339
2018-06-28 00:00:00+00:00,-0.00862069
2018-06-29 00:00:00+00:00,0.00632411
2018-07-02 00:00:00+00:00,-0.01335428
2018-07-03 00:00:00+00:00,0.00398089
2018-07-04 00:00:00+00:00,-0.00555115
2018-07-05 00:00:00+00:00,0.00079745
2018-07-06 00:00:00+00:00,0.00199203
2018-07-09 00:00:00+00:00,0.00874751
2018-07-10 00:00:00+00:00,0.00473000
2018-07-11 00:00:00+00:00,-0.00745390
2018-07-12 00:00:00+00:00,0.01857708
2018-07-13 00:00:00+00:00,0.00349243
2018-07-16 00:00:00+00:00,-0.00502707
2018-07-17 00:00:00+00:00,0.00505247
2018-07-18 00:00:00+00:00,0.00077340
2018-07-19 00:00:00+00:00,-0.00309119
2018-07-20 00:00:00+00:00,-0.00348837
2018-07-23 00:00:00+00:00,-0.01050175
2018-07-24 00:00:00+00:00,0.00746855
2018-07-25 00:00:00+00:00,-0.01638705
2018-07-26 00:00:00+00:00,0.00158667
2018-07-27 00:00:00+00:00,0.00712871
2018-07-30 00:00:00+00:00,0.00000000
2018-07-31 00:00:00+00:00,0.01258356
2018-08-01 00:00:00+00:00,-0.00737864
2018-08-02 00:00:00+00:00,-0.01486698
2018-08-03 00:00:00+00:00,0.00198570
2018-08-06 00:00:00+00:00,-0.00356718
2018-08-07 00:00:00+00:00,0.00517104
2018-08-08 00:00:00+00:00,-0.00395726
2018-08-09 00:00:00+00:00,0.00675407
2018-08-10 00:00:00+00:00,-0.00197316
2018-08-13 00:00:00+00:00,-0.00434955
2018-08-14 00:00:00+00:00,0.00000000
2018-08-15 00:00:00+00:00,-0.01111994
2018-08-16 00:00:00+00:00,0.00803213
2018-08-17 00:00:00+00:00,-0.00398406
2018-08-20 00:00:00+00:00,0.01520000
2018-08-21 00:00:00+00:00,-0.00551615
2018-08-23 00:00:00+00:00,-0.00475436
2018-08-24 00:00:00+00:00,0.00039809
2018-08-27 00:00:00+00:00,0.01591723
2018-08-28 00:00:00+00:00,-0.01175088
2018-08-29 00:00:00+00:00,0.00356718
2018-08-30 00:00:00+00:00,-0.00236967
2018-08-31 00:00:00+00:00,0.00356295
2018-09-03 00:00:00+00:00,-0.00473373
2018-09-04 00:00:00+00:00,0.00000000
2018-09-05 00:00:00+00:00,-0.00673801
2018-09-06 00:00:00+00:00,-0.00758180
2018-09-07 00:00:00+00:00,-0.00522718
2018-09-10 00:00:00+00:00,0.00363783
2018-09-11 00:00:00+00:00,-0.00485286
2018-09-12 00:00:00+00:00,0.00768919
2018-09-13 00:00:00+00:00,-0.00240964
2018-09-14 00:00:00+00:00,0.00805153
2018-09-17 00:00:00+00:00,0.01041667
2018-09-18 00:00:00+00:00,-0.00119427
2018-09-19 00:00:00+00:00,0.00199283
2018-09-20 00:00:00+00:00,0.00039777
2018-09-21 00:00:00+00:00,-0.00357853
2018-09-24 00:00:00+00:00,-0.00199521
2018-09-25 00:00:00+00:00,-0.00199920
2018-09-26 00:00:00+00:00,0.00600962
2018-09-27 00:00:00+00:00,0.00159299
2018-09-28 00:00:00+00:00,0.00079523
2018-10-01 00:00:00+00:00,-0.00158919
2018-10-02 00:00:00+00:00,-0.01711102
2018-10-03 00:00:00+00:00,0.00364372
2018-10-04 00:00:00+00:00,-0.01936265
2018-10-05 00:00:00+00:00,-0.00329083
2018-10-08 00:00:00+00:00,-0.00701610
2018-10-09 00:00:00+00:00,0.00166251
2018-10-10 00:00:00+00:00,-0.02033195
2018-10-11 00:00:00+00:00,-0.01058873
2018-10-12 00:00:00+00:00,0.00299658
2018-10-15 00:00:00+00:00,-0.00256082
2018-10-16 00:00:00+00:00,0.01369277
2018-10-17 00:00:00+00:00,-0.01561840
2018-10-18 00:00:00+00:00,0.00214408
2018-10-19 00:00:00+00:00,-0.01668806
2018-10-22 00:00:00+00:00,-0.00957354
2018-10-23 00:00:00+00:00,-0.01230228
2018-10-24 00:00:00+00:00,0.00000000
2018-10-25 00:00:00+00:00,0.01245552
2018-10-26 00:00:00+00:00,-0.00659051
2018-10-29 00:00:00+00:00,0.01990270
2018-10-30 00:00:00+00:00,-0.01040763
2018-10-31 00:00:00+00:00,0.01489921
2018-11-01 00:00:00+00:00,0.02633851
2018-11-02 00:00:00+00:00,0.00420698
2018-11-05 00:00:00+00:00,-0.00795978
2018-11-06 00:00:00+00:00,-0.00633446
2018-11-07 00:00:00+00:00,0.00594985
2018-11-08 00:00:00+00:00,0.00295733
2018-11-09 00:00:00+00:00,0.01095198
2018-11-12 00:00:00+00:00,-0.01625000
2018-11-13 00:00:00+00:00,0.01863617
2018-11-14 00:00:00+00:00,0.00540541
2018-11-15 00:00:00+00:00,-0.02729529
2018-11-16 00:00:00+00:00,0.00085034
2018-11-19 00:00:00+00:00,-0.00722175
2018-11-20 00:00:00+00:00,0.00042790
2018-11-21 00:00:00+00:00,0.01112062
2018-11-22 00:00:00+00:00,0.00634518
2018-11-23 00:00:00+00:00,0.01303069
2018-11-26 00:00:00+00:00,0.00373444
2018-11-27 00:00:00+00:00,-0.00868127
2018-11-28 00:00:00+00:00,-0.00750626
2018-11-29 00:00:00+00:00,-0.00378151
2018-11-30 00:00:00+00:00,-0.00885702
2018-12-03 00:00:00+00:00,0.01148936
2018-12-04 00:00:00+00:00,-0.02187631
2018-12-05 00:00:00+00:00,0.00127032
2018-12-06 00:00:00+00:00,-0.03135739
2018-12-07 00:00:00+00:00,0.01064302
2018-12-10 00:00:00+00:00,-0.03247038
2018-12-11 00:00:00+00:00,0.01541950
2018-12-14 00:00:00+00:00,0.00580616
2018-12-17 00:00:00+00:00,-0.01243339
2018-12-18 00:00:00+00:00,0.00584532
2018-12-19 00:00:00+00:00,-0.00759946
2018-12-20 00:00:00+00:00,-0.03153153
2018-12-21 00:00:00+00:00,0.01162791
2018-12-27 00:00:00+00:00,-0.01609195
2018-12-28 00:00:00+00:00,0.02149533
2019-01-02 00:00:00+00:00,0.00182983
2019-01-03 00:00:00+00:00,-0.01095890
2019-01-04 00:00:00+00:00,0.02077562
2019-01-07 00:00:00+00:00,0.00995025
2019-01-08 00:00:00+00:00,0.01388267
2019-01-09 00:00:00+00:00,0.00220848
2019-01-10 00:00:00+00:00,-0.00044072
2019-01-11 00:00:00+00:00,0.00793651
2019-01-14 00:00:00+00:00,-0.00656168
2019-01-15 00:00:00+00:00,-0.00440335
2019-01-16 00:00:00+00:00,0.00398054
2019-01-17 00:00:00+00:00,0.00837004
2019-01-18 00:00:00+00:00,0.01135867
2019-01-21 00:00:00+00:00,0.00215983
2019-01-22 00:00:00+00:00,0.00948276
2019-01-23 00:00:00+00:00,0.00298890
2019-01-24 00:00:00+00:00,0.00170285
2019-01-25 00:00:00+00:00,-0.00382490
2019-01-28 00:00:00+00:00,-0.00426621
2019-01-29 00:00:00+00:00,0.00771208
2019-01-30 00:00:00+00:00,0.00807823
2019-01-31 00:00:00+00:00,-0.00548292
2019-02-01 00:00:00+00:00,0.00084818
2019-02-04 00:00:00+00:00,0.00677966
2019-02-05 00:00:00+00:00,0.01304714
2019-02-06 00:00:00+00:00,0.00457000
2019-02-07 00:00:00+00:00,-0.00909843
2019-02-08 00:00:00+00:00,-0.00959933
2019-02-12 00:00:00+00:00,-0.00379267
2019-02-13 00:00:00+00:00,0.01692047
2019-02-14 00:00:00+00:00,-0.00915141
2019-02-15 00:00:00+00:00,0.00629723
2019-02-18 00:00:00+00:00,-0.00542345
2019-02-19 00:00:00+00:00,0.00838926
2019-02-20 00:00:00+00:00,0.00956739
2019-02-21 00:00:00+00:00,-0.00329625
2019-02-22 00:00:00+00:00,0.00206697
2019-02-25 00:00:00+00:00,0.00000000
2019-02-26 00:00:00+00:00,0.00866337
2019-02-27 00:00:00+00:00,-0.01758691
2019-02-28 00:00:00+00:00,-0.00582848
2019-03-01 00:00:00+00:00,0.01046901
2019-03-04 00:00:00+00:00,-0.00455864
2019-03-05 00:00:00+00:00,0.00333056
2019-03-06 00:00:00+00:00,-0.00084988
2019-03-07 00:00:00+00:00,-0.01204319
2019-03-08 00:00:00+00:00,-0.01639344
2019-03-11 00:00:00+00:00,0.00341880
2019-03-12 00:00:00+00:00,-0.00339703
2019-03-13 00:00:00+00:00,0.00863931
2019-03-14 00:00:00+00:00,0.01070664
2019-03-15 00:00:00+00:00,0.00805085
2019-03-18 00:00:00+00:00,-0.00252207
2019-03-19 00:00:00+00:00,0.00421408
2019-03-20 00:00:00+00:00,-0.01258917
2019-03-21 00:00:00+00:00,-0.00934977
2019-03-22 00:00:00+00:00,-0.00343200
2019-03-25 00:00:00+00:00,-0.00516573
2019-03-26 00:00:00+00:00,0.00216357
2019-03-27 00:00:00+00:00,0.00388601
2019-03-28 00:00:00+00:00,-0.00344086
2019-03-29 00:00:00+00:00,0.00517911
2019-04-01 00:00:00+00:00,0.00171748
2019-04-02 00:00:00+00:00,0.00642949
2019-04-03 00:00:00+00:00,0.01533220
2019-04-04 00:00:00+00:00,-0.00293624
2019-04-05 00:00:00+00:00,0.00336559
2019-04-08 00:00:00+00:00,-0.01174004
2019-04-09 00:00:00+00:00,-0.00636402
2019-04-10 00:00:00+00:00,0.00426985
2019-04-11 00:00:00+00:00,0.01403061
2019-04-12 00:00:00+00:00,0.00125786
2019-04-15 00:00:00+00:00,-0.00041876
2019-04-16 00:00:00+00:00,0.00251362
2019-04-17 00:00:00+00:00,0.00334308
2019-04-18 00:00:00+00:00,-0.00124948
2019-04-23 00:00:00+00:00,-0.00125104
2019-04-24 00:00:00+00:00,0.00793319
2019-04-25 00:00:00+00:00,-0.00414250
2019-04-26 00:00:00+00:00,0.00540765
2019-04-29 00:00:00+00:00,-0.00248242
2019-04-30 00:00:00+00:00,-0.01036914
2019-05-02 00:00:00+00:00,-0.00209556
2019-05-03 00:00:00+00:00,0.00000000
2019-05-06 00:00:00+00:00,-0.01637967
2019-05-07 00:00:00+00:00,-0.00341588
2019-05-08 00:00:00+00:00,-0.00942588
2019-05-09 00:00:00+00:00,-0.01557093
2019-05-10 00:00:00+00:00,0.00131810
2019-05-13 00:00:00+00:00,-0.01228609
2019-05-14 00:00:00+00:00,0.00621946
2019-05-15 00:00:00+00:00,0.00794702
2019-05-16 00:00:00+00:00,-0.00043802
2019-05-17 00:00:00+00:00,0.00788782
2019-05-20 00:00:00+00:00,-0.01434783
2019-05-21 00:00:00+00:00,0.00441112
2019-05-22 00:00:00+00:00,-0.00834431
2019-05-23 00:00:00+00:00,-0.00044287
2019-05-24 00:00:00+00:00,-0.00531679
2019-05-27 00:00:00+00:00,0.00668151
2019-05-28 00:00:00+00:00,-0.00309735
2019-05-29 00:00:00+00:00,-0.01464714
2019-05-30 00:00:00+00:00,0.01081081
2019-05-31 00:00:00+00:00,-0.00579323
2019-06-03 00:00:00+00:00,-0.00896459
2019-06-04 00:00:00+00:00,0.00995025
2019-06-05 00:00:00+00:00,0.00492611
2019-06-06 00:00:00+00:00,0.00356506
2019-06-07 00:00:00+00:00,0.01152529
2019-06-10 00:00:00+00:00,0.00570676
2019-06-11 00:00:00+00:00,-0.00130947
2019-06-12 00:00:00+00:00,0.00043706
2019-06-13 00:00:00+00:00,0.00218436
2019-06-14 00:00:00+00:00,-0.00305144
2019-06-17 00:00:00+00:00,-0.01486664
2019-06-18 00:00:00+00:00,0.00488238
2019-06-19 00:00:00+00:00,0.00088339
2019-06-20 00:00:00+00:00,-0.01059135
2019-06-21 00:00:00+00:00,-0.01427297
2019-06-24 00:00:00+00:00,0.00316742
2019-06-25 00:00:00+00:00,-0.00090212
2019-06-26 00:00:00+00:00,0.00090293
2019-06-27 00:00:00+00:00,0.00405954
2019-06-28 00:00:00+00:00,0.01707098
2019-07-01 00:00:00+00:00,0.01192580
2019-07-02 00:00:00+00:00,-0.00043649
2019-07-03 00:00:00+00:00,0.02270742
2019-07-04 00:00:00+00:00,0.00085397
2019-07-05 00:00:00+00:00,-0.00469283
2019-07-08 00:00:00+00:00,-0.00642949
2019-07-09 00:00:00+00:00,-0.00517688
2019-07-10 00:00:00+00:00,-0.00260191
2019-07-11 00:00:00+00:00,0.00260870
2019-07-12 00:00:00+00:00,0.00563747
2019-07-15 00:00:00+00:00,0.00603708
2019-07-16 00:00:00+00:00,0.00685812
2019-07-17 00:00:00+00:00,-0.00425713
2019-07-18 00:00:00+00:00,-0.00128260
2019-07-19 00:00:00+00:00,0.00599315
2019-07-22 00:00:00+00:00,-0.00127660
2019-07-23 00:00:00+00:00,0.00383468
2019-07-24 00:00:00+00:00,0.00594228
2019-07-25 00:00:00+00:00,-0.00042194
2019-07-26 00:00:00+00:00,0.00506543
2019-07-29 00:00:00+00:00,-0.00251995
2019-07-30 00:00:00+00:00,-0.01684211
2019-07-31 00:00:00+00:00,0.00471092
2019-08-01 00:00:00+00:00,-0.00042626
2019-08-02 00:00:00+00:00,-0.02004264
2019-08-05 00:00:00+00:00,-0.02785030
2019-08-06 00:00:00+00:00,-0.00402865
2019-08-07 00:00:00+00:00,0.01123596
2019-08-08 00:00:00+00:00,0.01022222
2019-08-09 00:00:00+00:00,-0.00659921
2019-08-12 00:00:00+00:00,0.00044287
2019-08-13 00:00:00+00:00,-0.00309872
2019-08-14 00:00:00+00:00,-0.02131439
2019-08-15 00:00:00+00:00,-0.00362976
2019-08-16 00:00:00+00:00,0.01138434
2019-08-19 00:00:00+00:00,0.02431337
2019-08-20 00:00:00+00:00,-0.00219780
2019-08-21 00:00:00+00:00,0.01101322
2019-08-22 00:00:00+00:00,-0.00087146
2019-08-23 00:00:00+00:00,-0.00087222
2019-08-26 00:00:00+00:00,-0.00261894
2019-08-27 00:00:00+00:00,0.01356674
2019-08-28 00:00:00+00:00,-0.00215889
2019-08-29 00:00:00+00:00,0.00259628
2019-08-30 00:00:00+00:00,0.00388433
2019-09-02 00:00:00+00:00,0.00859845
2019-09-03 00:00:00+00:00,0.00000000
2019-09-04 00:00:00+00:00,0.00980392
2019-09-05 00:00:00+00:00,0.00295483
2019-09-06 00:00:00+00:00,-0.00126263
2019-09-09 00:00:00+00:00,-0.00842815
2019-09-10 00:00:00+00:00,-0.00214495
2019-09-11 00:00:00+00:00,0.02385009
2019-09-12 00:00:00+00:00,-0.01289517
2019-09-13 00:00:00+00:00,0.00758534
2019-09-16 00:00:00+00:00,-0.00627353
2019-09-17 00:00:00+00:00,-0.00210438
2019-09-18 00:00:00+00:00,0.00295234
2019-09-19 00:00:00+00:00,0.00672834
2019-09-20 00:00:00+00:00,0.00125313
2019-09-23 00:00:00+00:00,-0.00125156
2019-09-24 00:00:00+00:00,0.01169591
2019-09-25 00:00:00+00:00,-0.01073493
2019-09-26 00:00:00+00:00,0.00250417
2019-09-27 00:00:00+00:00,0.00749376
2019-09-30 00:00:00+00:00,0.00495868
2019-10-01 00:00:00+00:00,-0.00863487
2019-10-02 00:00:00+00:00,-0.02073828
2019-10-03 00:00:00+00:00,-0.00677679
2019-10-04 00:00:00+00:00,0.00639659
2019-10-07 00:00:00+00:00,0.00635593
2019-10-08 00:00:00+00:00,-0.01684211
2019-10-09 00:00:00+00:00,0.00471092
2019-10-10 00:00:00+00:00,0.00554135
2019-10-11 00:00:00+00:00,0.04027130
2019-10-14 00:00:00+00:00,-0.01222494
2019-10-15 00:00:00+00:00,0.00866337
2019-10-16 00:00:00+00:00,0.00245399
2019-10-17 00:00:00+00:00,-0.00081599
2019-10-18 00:00:00+00:00,-0.00979992
2019-10-21 00:00:00+00:00,0.01608247
2019-10-22 00:00:00+00:00,-0.00811688
2019-10-23 00:00:00+00:00,0.00122750
2019-10-24 00:00:00+00:00,0.00326931
2019-10-25 00:00:00+00:00,0.00407332
2019-10-28 00:00:00+00:00,0.00811359
2019-10-29 00:00:00+00:00,0.00201207
2019-10-30 00:00:00+00:00,-0.00562249
2019-10-31 00:00:00+00:00,0.01171244
2019-11-01 00:00:00+00:00,0.00518962
2019-11-04 00:00:00+00:00,-0.00277998
2019-11-05 00:00:00+00:00,0.00716846
2019-11-06 00:00:00+00:00,0.00197707
2019-11-07 00:00:00+00:00,0.01381215
2019-11-08 00:00:00+00:00,-0.00661736
2019-11-11 00:00:00+00:00,0.00274295
2019-11-12 00:00:00+00:00,0.00547089
2019-11-13 00:00:00+00:00,0.00272056
2019-11-14 00:00:00+00:00,-0.00620155
2019-11-15 00:00:00+00:00,0.00273011
2019-11-18 00:00:00+00:00,0.00155581
2019-11-19 00:00:00+00:00,0.00660194
2019-11-20 00:00:00+00:00,-0.01157407
2019-11-21 00:00:00+00:00,-0.00117096
2019-11-22 00:00:00+00:00,0.01172333
2019-11-25 00:00:00+00:00,0.02008497
2019-11-26 00:00:00+00:00,-0.02044680
2019-11-27 00:00:00+00:00,0.00425203
2019-11-28 00:00:00+00:00,-0.00577367
2019-11-29 00:00:00+00:00,0.00038715
2019-12-02 00:00:00+00:00,-0.01702786
2019-12-03 00:00:00+00:00,-0.01299213
2019-12-04 00:00:00+00:00,0.00997208
2019-12-05 00:00:00+00:00,0.00039494
2019-12-06 00:00:00+00:00,0.01539676
2019-12-09 00:00:00+00:00,-0.00933126
2019-12-10 00:00:00+00:00,-0.00590697
2019-12-11 00:00:00+00:00,-0.00118437
2019-12-12 00:00:00+00:00,0.00711462
2019-12-13 00:00:00+00:00,0.03414443
2019-12-16 00:00:00+00:00,0.00683112
2019-12-17 00:00:00+00:00,-0.01696193
2019-12-18 00:00:00+00:00,-0.00345092
2019-12-19 00:00:00+00:00,-0.00615621
2019-12-20 00:00:00+00:00,0.00425861
2019-12-23 00:00:00+00:00,-0.00616808
2019-12-27 00:00:00+00:00,0.01978278
2019-12-30 00:00:00+00:00,-0.00304298
2020-01-02 00:00:00+00:00,0.01411675
2020-01-03 00:00:00+00:00,-0.01580135
2020-01-06 00:00:00+00:00,-0.01223242
2020-01-07 00:00:00+00:00,0.00425697
2020-01-08 00:00:00+00:00,0.00616570
2020-01-09 00:00:00+00:00,0.00114899
2020-01-10 00:00:00+00:00,0.00918133
2020-01-13 00:00:00+00:00,-0.00833965
2020-01-14 00:00:00+00:00,0.00649847
2020-01-15 00:00:00+00:00,0.00037979
2020-01-16 00:00:00+00:00,-0.00265756
2020-01-17 00:00:00+00:00,0.00418729
2020-01-20 00:00:00+00:00,-0.00682335
2020-01-21 00:00:00+00:00,-0.00954198
2020-01-22 00:00:00+00:00,0.00269750
2020-01-23 00:00:00+00:00,-0.01883167
2020-01-24 00:00:00+00:00,0.00665883
2020-01-27 00:00:00+00:00,-0.02451362
2020-01-28 00:00:00+00:00,0.00997208
2020-01-29 00:00:00+00:00,0.00987362
2020-01-30 00:00:00+00:00,-0.01798983
2020-01-31 00:00:00+00:00,-0.00677021
2020-02-03 00:00:00+00:00,0.00280674
2020-02-04 00:00:00+00:00,0.01439424
2020-02-05 00:00:00+00:00,0.01497832
2020-02-06 00:00:00+00:00,0.00466019
2020-02-07 00:00:00+00:00,-0.00927716
2020-02-10 00:00:00+00:00,0.00429185
2020-02-11 00:00:00+00:00,0.02369852
2020-02-12 00:00:00+00:00,0.01176471
2020-02-13 00:00:00+00:00,-0.00487622
2020-02-14 00:00:00+00:00,-0.00376932
2020-02-17 00:00:00+00:00,-0.00151343
2020-02-18 00:00:00+00:00,0.00265252
2020-02-19 00:00:00+00:00,0.01171580
2020-02-20 00:00:00+00:00,-0.00597684
2020-02-21 00:00:00+00:00,-0.00563698
2020-02-24 00:00:00+00:00,-0.05843152
2020-02-25 00:00:00+00:00,-0.01928485
2020-02-26 00:00:00+00:00,-0.01392872
2020-02-27 00:00:00+00:00,-0.05908542
2020-02-28 00:00:00+00:00,-0.02835623
2020-03-02 00:00:00+00:00,-0.02599179
2020-03-03 00:00:00+00:00,0.01779026
2020-03-04 00:00:00+00:00,-0.02575897
2020-03-05 00:00:00+00:00,-0.03305005
2020-03-06 00:00:00+00:00,-0.02587891
2020-03-09 00:00:00+00:00,-0.05463659
2020-03-10 00:00:00+00:00,-0.02334980
2020-03-11 00:00:00+00:00,-0.04723127
2020-03-12 00:00:00+00:00,-0.06237258
2020-03-13 00:00:00+00:00,-0.01352222
2020-03-16 00:00:00+00:00,-0.06420261
2020-03-17 00:00:00+00:00,-0.06503035
2020-03-18 00:00:00+00:00,-0.06572373
2020-03-19 00:00:00+00:00,0.03534483
2020-03-20 00:00:00+00:00,0.06686648
2020-03-23 00:00:00+00:00,-0.05263158
2020-03-24 00:00:00+00:00,0.06795376
2020-03-25 00:00:00+00:00,0.05592347
2020-03-26 00:00:00+00:00,0.06898672
2020-03-27 00:00:00+00:00,-0.04296875
2020-03-30 00:00:00+00:00,-0.00680272
2020-03-31 00:00:00+00:00,0.04589041
2020-04-01 00:00:00+00:00,-0.06090373
2020-04-02 00:00:00+00:00,-0.02649930
2020-04-03 00:00:00+00:00,-0.01504298
2020-04-06 00:00:00+00:00,0.06472727
2020-04-07 00:00:00+00:00,0.07098141
2020-04-08 00:00:00+00:00,0.03184713
2020-04-09 00:00:00+00:00,0.04382716
2020-04-14 00:00:00+00:00,-0.03725606
2020-04-15 00:00:00+00:00,-0.03685504
2020-04-16 00:00:00+00:00,0.00255102
2020-04-17 00:00:00+00:00,0.06615776
2020-04-20 00:00:00+00:00,-0.01491647
2020-04-21 00:00:00+00:00,-0.01817081
2020-04-22 00:00:00+00:00,0.01418877
2020-04-23 00:00:00+00:00,0.01581509
2020-04-24 00:00:00+00:00,-0.03353293
2020-04-27 00:00:00+00:00,0.04213135
2020-04-28 00:00:00+00:00,0.01724138
2020-04-29 00:00:00+00:00,0.04500292
2020-04-30 00:00:00+00:00,-0.04474273
2020-05-04 00:00:00+00:00,-0.04976581
2020-05-05 00:00:00+00:00,0.02341343
2020-05-06 00:00:00+00:00,-0.02227574
2020-05-07 00:00:00+00:00,0.00985222
2020-05-08 00:00:00+00:00,0.01890244
2020-05-11 00:00:00+00:00,-0.01077199
2020-05-12 00:00:00+00:00,-0.01754386
2020-05-13 00:00:00+00:00,-0.04741379
2020-05-14 00:00:00+00:00,-0.01486749
2020-05-15 00:00:00+00:00,0.00853018
2020-05-18 00:00:00+00:00,0.04684450
2020-05-19 00:00:00+00:00,-0.00062150
2020-05-20 00:00:00+00:00,0.01181592
2020-05-21 00:00:00+00:00,-0.00553165
2020-05-22 00:00:00+00:00,0.01112485
2020-05-25 00:00:00+00:00,0.02750611
2020-05-26 00:00:00+00:00,0.04699584
2020-05-27 00:00:00+00:00,0.06534091
2020-05-28 00:00:00+00:00,0.00949190
2020-05-29 00:00:00+00:00,-0.04756637
2020-06-01 00:00:00+00:00,0.03135889
2020-06-02 00:00:00+00:00,0.02646396
2020-06-03 00:00:00+00:00,0.03675261
2020-06-04 00:00:00+00:00,-0.00425280
2020-06-05 00:00:00+00:00,0.04038257
2020-06-08 00:00:00+00:00,-0.00306435
2020-06-09 00:00:00+00:00,-0.03381148
2020-06-10 00:00:00+00:00,-0.03340403
2020-06-15 00:00:00+00:00,-0.07569254
2020-06-16 00:00:00+00:00,0.03411765
2020-06-17 00:00:00+00:00,-0.01137656
2020-06-18 00:00:00+00:00,0.01553510
2020-06-19 00:00:00+00:00,0.00509915
2020-06-22 00:00:00+00:00,-0.00620068
2020-06-23 00:00:00+00:00,-0.00567215
2020-06-24 00:00:00+00:00,-0.04107245
2020-06-25 00:00:00+00:00,-0.02439024
2020-06-26 00:00:00+00:00,0.00000000
2020-06-29 00:00:00+00:00,-0.00914634
2020-06-30 00:00:00+00:00,0.00738462
2020-07-01 00:00:00+00:00,0.02138057
2020-07-02 00:00:00+00:00,0.01495215
2020-07-03 00:00:00+00:00,0.01001768
2020-07-06 00:00:00+00:00,0.01283547
2020-07-07 00:00:00+00:00,-0.00748848
2020-07-08 00:00:00+00:00,-0.01625073
2020-07-09 00:00:00+00:00,-0.01179941
2020-07-10 00:00:00+00:00,0.01373134
2020-07-13 00:00:00+00:00,0.02061249
2020-07-14 00:00:00+00:00,-0.03462204
2020-07-15 00:00:00+00:00,0.06575015
2020-07-16 00:00:00+00:00,-0.00729108
2020-07-17 00:00:00+00:00,-0.02203390
2020-07-20 00:00:00+00:00,-0.00982091
2020-07-21 00:00:00+00:00,0.00466744
2020-07-22 00:00:00+00:00,-0.01335656
2020-07-23 00:00:00+00:00,-0.00882872
2020-07-24 00:00:00+00:00,-0.01543943
2020-07-27 00:00:00+00:00,-0.02834741
2020-07-28 00:00:00+00:00,0.00620732
2020-07-29 00:00:00+00:00,0.00555213
2020-07-30 00:00:00+00:00,-0.00306748
2020-07-31 00:00:00+00:00,-0.00800000
2020-08-03 00:00:00+00:00,0.00992556
2020-08-04 00:00:00+00:00,0.01289926
2020-08-05 00:00:00+00:00,0.03456640
2020-08-06 00:00:00+00:00,0.00410317
2020-08-07 00:00:00+00:00,0.00175131
2020-08-10 00:00:00+00:00,0.00990676
2020-08-11 00:00:00+00:00,0.04500866
2020-08-12 00:00:00+00:00,-0.00883490
2020-08-13 00:00:00+00:00,-0.00055710
2020-08-14 00:00:00+00:00,-0.02341137
2020-08-17 00:00:00+00:00,-0.01312785
2020-08-18 00:00:00+00:00,-0.00751880
2020-08-19 00:00:00+00:00,0.00291375
2020-08-20 00:00:00+00:00,-0.00929692
2020-08-21 00:00:00+00:00,0.02873900
2020-08-24 00:00:00+00:00,-0.00114025
2020-08-25 00:00:00+00:00,0.01826484
2020-08-26 00:00:00+00:00,0.01121076
2020-08-27 00:00:00+00:00,0.01995565
2020-08-28 00:00:00+00:00,0.00543478
2020-08-31 00:00:00+00:00,-0.00918919
2020-09-01 00:00:00+00:00,-0.02345881
2020-09-02 00:00:00+00:00,0.00614525
2020-09-03 00:00:00+00:00,0.00719821
2020-09-04 00:00:00+00:00,-0.00330761
2020-09-07 00:00:00+00:00,0.00387168
2020-09-08 00:00:00+00:00,-0.01597796
2020-09-09 00:00:00+00:00,-0.00615901
2020-09-14 00:00:00+00:00,0.00845070
2020-09-15 00:00:00+00:00,0.01117318
2020-09-16 00:00:00+00:00,0.00773481
2020-09-17 00:00:00+00:00,0.00274123
2020-09-18 00:00:00+00:00,-0.03991252
2020-09-21 00:00:00+00:00,-0.05182232
2020-09-22 00:00:00+00:00,-0.00900901
2020-09-23 00:00:00+00:00,0.01818182
2020-09-24 00:00:00+00:00,-0.00892857
2020-09-25 00:00:00+00:00,0.03123123
2020-09-28 00:00:00+00:00,0.02620850
2020-09-29 00:00:00+00:00,-0.01305335
2020-09-30 00:00:00+00:00,-0.00287522
2020-10-01 00:00:00+00:00,0.00000000
2020-10-02 00:00:00+00:00,0.00865052
2020-10-05 00:00:00+00:00,0.01429388
2020-10-06 00:00:00+00:00,0.02762120
2020-10-07 00:00:00+00:00,0.01042238
2020-10-08 00:00:00+00:00,0.01248643
2020-10-09 00:00:00+00:00,0.01394102
2020-10-12 00:00:00+00:00,-0.00475939
2020-10-13 00:00:00+00:00,-0.01275239
2020-10-14 00:00:00+00:00,-0.00107643
2020-10-15 00:00:00+00:00,-0.01508621
2020-10-16 00:00:00+00:00,0.00601751
2020-10-19 00:00:00+00:00,0.00217510
2020-10-20 00:00:00+00:00,0.00434075
2020-10-21 00:00:00+00:00,-0.02485143
2020-10-22 00:00:00+00:00,0.01662050
2020-10-23 00:00:00+00:00,0.00544959
2020-10-26 00:00:00+00:00,-0.03306233
2020-10-27 00:00:00+00:00,-0.01289238
2020-10-28 00:00:00+00:00,-0.02668938
2020-10-29 00:00:00+00:00,0.02158693
2020-10-30 00:00:00+00:00,0.01427756
2020-11-02 00:00:00+00:00,-0.00506757
2020-11-03 00:00:00+00:00,0.02150538
2020-11-04 00:00:00+00:00,0.02659280
2020-11-05 00:00:00+00:00,0.01133297
2020-11-06 00:00:00+00:00,-0.00320171
2020-11-09 00:00:00+00:00,0.07758608
2020-11-10 00:00:00+00:00,-0.01092354
2020-11-11 00:00:00+00:00,0.01305221
2020-11-12 00:00:00+00:00,-0.00743310
2020-11-13 00:00:00+00:00,-0.00549176
2020-11-16 00:00:00+00:00,0.03212851
2020-11-17 00:00:00+00:00,-0.00778210
2020-11-18 00:00:00+00:00,0.00539216
2020-11-19 00:00:00+00:00,-0.01803998
2020-11-20 00:00:00+00:00,0.01042701
2020-11-23 00:00:00+00:00,-0.00049140
2020-11-24 00:00:00+00:00,0.03048181
2020-11-25 00:00:00+00:00,0.00667939
2020-11-26 00:00:00+00:00,0.00758294
2020-11-27 00:00:00+00:00,0.02351834
2020-11-30 00:00:00+00:00,-0.03676471
2020-12-01 00:00:00+00:00,0.01717557
2020-12-02 00:00:00+00:00,-0.00938086
2020-12-03 00:00:00+00:00,0.03645833
2020-12-04 00:00:00+00:00,0.01505538
2020-12-07 00:00:00+00:00,-0.00765077
2020-12-08 00:00:00+00:00,-0.00997732
2020-12-09 00:00:00+00:00,0.00641319
2020-12-10 00:00:00+00:00,0.01866181
2020-12-14 00:00:00+00:00,0.00872761
2020-12-15 00:00:00+00:00,-0.00455373
2020-12-16 00:00:00+00:00,0.01280878
2020-12-17 00:00:00+00:00,0.00813008
2020-12-18 00:00:00+00:00,-0.01433692
2020-12-21 00:00:00+00:00,-0.03590909
2020-12-22 00:00:00+00:00,0.00801509
2020-12-23 00:00:00+00:00,0.03695042
2020-12-28 00:00:00+00:00,0.00496166
2020-12-29 00:00:00+00:00,0.01211849
2020-12-30 00:00:00+00:00,0.00177384
2021-01-04 00:00:00+00:00,-0.00708278
2021-01-05 00:00:00+00:00,0.00312082
2021-01-06 00:00:00+00:00,0.03111111
2021-01-07 00:00:00+00:00,-0.01508621
2021-01-08 00:00:00+00:00,0.00919037
2021-01-11 00:00:00+00:00,-0.01864701
2021-01-12 00:00:00+00:00,0.01634998
2021-01-13 00:00:00+00:00,-0.01043478
2021-01-14 00:00:00+00:00,0.01889279
2021-01-15 00:00:00+00:00,0.00000000
2021-01-18 00:00:00+00:00,-0.00733075
2021-01-19 00:00:00+00:00,-0.01346655
2021-01-20 00:00:00+00:00,0.01321004
2021-01-21 00:00:00+00:00,0.00217297
2021-01-22 00:00:00+00:00,-0.02645273
2021-01-25 00:00:00+00:00,-0.01826281
2021-01-26 00:00:00+00:00,0.00045372
2021-01-27 00:00:00+00:00,-0.01678005
2021-01-28 00:00:00+00:00,0.01476015
2021-01-29 00:00:00+00:00,-0.02909091
2021-02-01 00:00:00+00:00,0.02481273
2021-02-02 00:00:00+00:00,0.03197807
2021-02-03 00:00:00+00:00,0.00442674
2021-02-04 00:00:00+00:00,0.00969590
2021-02-05 00:00:00+00:00,0.02007857
2021-02-08 00:00:00+00:00,0.00299529
2021-02-09 00:00:00+00:00,-0.00725256
2021-02-10 00:00:00+00:00,-0.01074345
2021-02-11 00:00:00+00:00,0.01476977
2021-02-12 00:00:00+00:00,0.00470890
2021-02-15 00:00:00+00:00,0.02172987
2021-02-16 00:00:00+00:00,0.01251043
2021-02-17 00:00:00+00:00,-0.01112026
2021-02-18 00:00:00+00:00,-0.00832986
2021-02-19 00:00:00+00:00,0.02141957
2021-02-22 00:00:00+00:00,0.02754934
2021-02-23 00:00:00+00:00,0.00640256
2021-02-24 00:00:00+00:00,0.01789264
2021-02-25 00:00:00+00:00,-0.03125000
2021-02-26 00:00:00+00:00,-0.00766129
2021-03-01 00:00:00+00:00,0.04876067
2021-03-02 00:00:00+00:00,-0.00736149
2021-03-03 00:00:00+00:00,0.02341920
2021-03-04 00:00:00+00:00,-0.02326468
2021-03-05 00:00:00+00:00,-0.02147599
2021-03-08 00:00:00+00:00,0.01715882
2021-03-09 00:00:00+00:00,0.02626482
2021-03-10 00:00:00+00:00,-0.00993884
2021-03-11 00:00:00+00:00,0.02625483
2021-03-12 00:00:00+00:00,0.01241535
2021-03-15 00:00:00+00:00,0.02080182
2021-03-16 00:00:00+00:00,0.00926269
2021-03-17 00:00:00+00:00,-0.00917768
2021-03-18 00:00:00+00:00,-0.00111152
2021-03-19 00:00:00+00:00,-0.01149852
2021-03-22 00:00:00+00:00,-0.00562852
2021-03-23 00:00:00+00:00,-0.01207547
2021-03-24 00:00:00+00:00,0.01069519
2021-03-25 00:00:00+00:00,-0.00113379
2021-03-26 00:00:00+00:00,0.01021566
2021-03-29 00:00:00+00:00,-0.01385768
2021-03-30 00:00:00+00:00,0.01139385
2021-03-31 00:00:00+00:00,-0.00075103
2021-04-01 00:00:00+00:00,0.00714017
2021-04-06 00:00:00+00:00,0.01119403
2021-04-07 00:00:00+00:00,-0.00147601
2021-04-08 00:00:00+00:00,-0.00073910
2021-04-09 00:00:00+00:00,-0.00665680
2021-04-12 00:00:00+00:00,-0.01228593
2021-04-13 00:00:00+00:00,0.01093102
2021-04-14 00:00:00+00:00,0.01677852
2021-04-15 00:00:00+00:00,-0.00366703
2021-04-16 00:00:00+00:00,0.00625690
2021-04-19 00:00:00+00:00,-0.00109729
2021-04-20 00:00:00+00:00,-0.03405346
2021-04-21 00:00:00+00:00,0.00985595
2021-04-22 00:00:00+00:00,0.00487988
2021-04-23 00:00:00+00:00,0.01008592
2021-04-26 00:00:00+00:00,0.01775148
2021-04-27 00:00:00+00:00,0.03088663
2021-04-28 00:00:00+00:00,-0.00634473
2021-04-29 00:00:00+00:00,-0.00673998
2021-04-30 00:00:00+00:00,-0.00892857
2021-05-03 00:00:00+00:00,0.00180180
2021-05-04 00:00:00+00:00,-0.02446043
2021-05-05 00:00:00+00:00,0.02212389
2021-05-06 00:00:00+00:00,-0.01731602
2021-05-07 00:00:00+00:00,0.02092511
2021-05-10 00:00:00+00:00,-0.02193456
2021-05-11 00:00:00+00:00,-0.04522059
2021-05-12 00:00:00+00:00,-0.00962649
2021-05-13 00:00:00+00:00,-0.00233281
2021-05-14 00:00:00+00:00,0.01441933
2021-05-17 00:00:00+00:00,-0.02689205
2021-05-18 00:00:00+00:00,0.01460719
2021-05-19 00:00:00+00:00,-0.02607004
2021-05-20 00:00:00+00:00,0.01558130
2021-05-21 00:00:00+00:00,0.00708104
2021-05-24 00:00:00+00:00,0.01679688
2021-05-25 00:00:00+00:00,0.00422589
2021-05-26 00:00:00+00:00,0.01415455
2021-05-27 00:00:00+00:00,0.01093927
2021-05-28 00:00:00+00:00,-0.00634328
2021-05-31 00:00:00+00:00,-0.00112655
2021-06-01 00:00:00+00:00,0.01729323
2021-06-02 00:00:00+00:00,-0.00258684
2021-06-03 00:00:00+00:00,-0.01222675
2021-06-04 00:00:00+00:00,0.00412603
2021-06-07 00:00:00+00:00,0.00522973
2021-06-08 00:00:00+00:00,0.01709402
2021-06-09 00:00:00+00:00,0.00840336
2021-06-10 00:00:00+00:00,-0.01376812
2021-06-14 00:00:00+00:00,0.00183688
2021-06-15 00:00:00+00:00,-0.02346901
2021-06-16 00:00:00+00:00,0.01088997
2021-06-17 00:00:00+00:00,0.00148588
2021-06-18 00:00:00+00:00,-0.01891691
2021-06-21 00:00:00+00:00,0.01285444
2021-06-22 00:00:00+00:00,0.00335946
2021-06-23 00:00:00+00:00,-0.01116071
2021-06-24 00:00:00+00:00,0.01843491
2021-06-25 00:00:00+00:00,-0.01994828
2021-06-28 00:00:00+00:00,-0.03618545
2021-06-29 00:00:00+00:00,-0.00821275
2021-06-30 00:00:00+00:00,0.00157729
2021-07-01 00:00:00+00:00,0.01850394
2021-07-02 00:00:00+00:00,0.01507538
2021-07-05 00:00:00+00:00,0.01942117
2021-07-06 00:00:00+00:00,-0.01643631
2021-07-07 00:00:00+00:00,-0.01101405
2021-07-08 00:00:00+00:00,-0.02188940
2021-07-09 00:00:00+00:00,0.01374166
2021-07-12 00:00:00+00:00,-0.01394268
2021-07-13 00:00:00+00:00,-0.00549882
2021-07-14 00:00:00+00:00,-0.00552923
2021-07-15 00:00:00+00:00,-0.02263701
2021-07-16 00:00:00+00:00,-0.00528241
2021-07-19 00:00:00+00:00,-0.02614379
2021-07-20 00:00:00+00:00,-0.00209732
2021-07-21 00:00:00+00:00,0.03783102
2021-07-22 00:00:00+00:00,0.02511138
2021-07-23 00:00:00+00:00,0.01185302
2021-07-26 00:00:00+00:00,0.01210465
2021-07-27 00:00:00+00:00,-0.00154321
2021-07-28 00:00:00+00:00,0.00888717
2021-07-29 00:00:00+00:00,-0.00382995
2021-07-30 00:00:00+00:00,-0.02499039
2021-08-02 00:00:00+00:00,0.00552050
2021-08-03 00:00:00+00:00,-0.02705882
2021-08-04 00:00:00+00:00,0.01088271
2021-08-05 00:00:00+00:00,0.01355662
2021-08-06 00:00:00+00:00,0.00039339
2021-08-09 00:00:00+00:00,0.00157295
2021-08-10 00:00:00+00:00,0.01609737
2021-08-11 00:00:00+00:00,-0.00038640
2021-08-12 00:00:00+00:00,-0.00889061
2021-08-13 00:00:00+00:00,0.00468019
2021-08-16 00:00:00+00:00,-0.01669255
2021-08-17 00:00:00+00:00,-0.00868535
2021-08-18 00:00:00+00:00,0.01115094
2021-08-19 00:00:00+00:00,-0.02481292
2021-08-20 00:00:00+00:00,0.00040388
2021-08-23 00:00:00+00:00,0.01170771
2021-08-24 00:00:00+00:00,0.01995211
2021-08-25 00:00:00+00:00,0.01682316
2021-08-26 00:00:00+00:00,-0.01038861
2021-08-27 00:00:00+00:00,-0.00077760
2021-08-30 00:00:00+00:00,-0.00933852
2021-08-31 00:00:00+00:00,-0.00235664
2021-09-01 00:00:00+00:00,0.02007874
2021-09-02 00:00:00+00:00,0.00077190
2021-09-03 00:00:00+00:00,-0.00347088
2021-09-06 00:00:00+00:00,0.00348297
2021-09-07 00:00:00+00:00,-0.00231392
2021-09-08 00:00:00+00:00,-0.01082335
2021-09-09 00:00:00+00:00,0.00898789
2021-09-10 00:00:00+00:00,-0.01006971
2021-09-13 00:00:00+00:00,0.00117371
2021-09-14 00:00:00+00:00,-0.01055100
2021-09-15 00:00:00+00:00,-0.00986193
2021-09-16 00:00:00+00:00,0.02988048
2021-09-17 00:00:00+00:00,0.01005803
2021-09-20 00:00:00+00:00,-0.01225584
2021-09-21 00:00:00+00:00,0.03412175
2021-09-22 00:00:00+00:00,0.02399700
2021-09-23 00:00:00+00:00,0.00146466
2021-09-24 00:00:00+00:00,-0.00694698
2021-09-27 00:00:00+00:00,0.00699558
2021-09-28 00:00:00+00:00,-0.02669104
2021-09-29 00:00:00+00:00,-0.00112697
2021-09-30 00:00:00+00:00,-0.01729974
2021-10-01 00:00:00+00:00,0.02908534
2021-10-04 00:00:00+00:00,-0.01152845
2021-10-05 00:00:00+00:00,-0.00225734
2021-10-06 00:00:00+00:00,-0.02714932
2021-10-07 00:00:00+00:00,0.01007752
2021-10-08 00:00:00+00:00,-0.00306984
2021-10-11 00:00:00+00:00,-0.00731332
2021-10-12 00:00:00+00:00,-0.00620396
2021-10-13 00:00:00+00:00,0.01131487
2021-10-14 00:00:00+00:00,0.00733025
2021-10-15 00:00:00+00:00,0.02144772
2021-10-18 00:00:00+00:00,-0.01499813
2021-10-19 00:00:00+00:00,0.00837457
2021-10-20 00:00:00+00:00,-0.01359003
2021-10-21 00:00:00+00:00,-0.00153081
2021-10-22 00:00:00+00:00,0.00191644
2021-10-25 00:00:00+00:00,-0.00382555
2021-10-26 00:00:00+00:00,0.02035330
2021-10-27 00:00:00+00:00,-0.00752729
2021-10-28 00:00:00+00:00,-0.01061813
2021-10-29 00:00:00+00:00,-0.00383289
2021-11-01 00:00:00+00:00,0.01539053
2021-11-02 00:00:00+00:00,-0.02690413
2021-11-03 00:00:00+00:00,0.00311526
2021-11-04 00:00:00+00:00,-0.00077640
2021-11-05 00:00:00+00:00,0.01398601
2021-11-08 00:00:00+00:00,-0.01034483
2021-11-09 00:00:00+00:00,-0.00425861
2021-11-10 00:00:00+00:00,-0.00427683
2021-11-11 00:00:00+00:00,-0.01132370
2021-11-12 00:00:00+00:00,-0.00671406
2021-11-15 00:00:00+00:00,0.00278330
2021-11-16 00:00:00+00:00,-0.00396511
2021-11-17 00:00:00+00:00,-0.01751592
2021-11-18 00:00:00+00:00,-0.00526742
2021-11-19 00:00:00+00:00,-0.01262729
2021-11-22 00:00:00+00:00,-0.01443894
2021-11-23 00:00:00+00:00,-0.01758058
2021-11-24 00:00:00+00:00,-0.01065190
2021-11-25 00:00:00+00:00,-0.01291990
2021-11-26 00:00:00+00:00,-0.07810297
2021-11-29 00:00:00+00:00,0.02009569
2021-11-30 00:00:00+00:00,-0.02814259
2021-12-01 00:00:00+00:00,0.02316602
2021-12-02 00:00:00+00:00,-0.01933962
2021-12-03 00:00:00+00:00,-0.00817701
2021-12-06 00:00:00+00:00,0.04752667
2021-12-07 00:00:00+00:00,0.07931521
2021-12-08 00:00:00+00:00,0.01228949
2021-12-09 00:00:00+00:00,-0.00496390
2021-12-10 00:00:00+00:00,-0.01224490
2021-12-13 00:00:00+00:00,-0.06344135
2021-12-14 00:00:00+00:00,-0.00187793
2021-12-15 00:00:00+00:00,-0.00988235
2021-12-16 00:00:00+00:00,0.00665399
2021-12-17 00:00:00+00:00,0.02360718
2021-12-20 00:00:00+00:00,-0.01199262
2021-12-21 00:00:00+00:00,0.04575163
2021-12-22 00:00:00+00:00,0.00446429
2021-12-23 00:00:00+00:00,0.01644444
2021-12-27 00:00:00+00:00,0.01355488
2021-12-28 00:00:00+00:00,0.00215703
2021-12-29 00:00:00+00:00,-0.01549720
2021-12-30 00:00:00+00:00,0.01661565
2022-01-03 00:00:00+00:00,0.01591398
2022-01-04 00:00:00+00:00,0.02116850
2022-01-05 00:00:00+00:00,0.00456053
2022-01-06 00:00:00+00:00,-0.01485761
2022-01-07 00:00:00+00:00,-0.00963553
2022-01-10 00:00:00+00:00,-0.00592217
2022-01-11 00:00:00+00:00,0.01829787
2022-01-12 00:00:00+00:00,-0.00585040
2022-01-13 00:00:00+00:00,0.01176965
2022-01-14 00:00:00+00:00,-0.00207727
2022-01-17 00:00:00+00:00,-0.00541216
2022-01-18 00:00:00+00:00,-0.01506907
2022-01-19 00:00:00+00:00,0.00212495
2022-01-20 00:00:00+00:00,0.02417303
2022-01-21 00:00:00+00:00,-0.02857143
2022-01-24 00:00:00+00:00,-0.07928389
2022-01-25 00:00:00+00:00,0.02777778
2022-01-26 00:00:00+00:00,0.03558559
2022-01-27 00:00:00+00:00,-0.01696390
2022-01-28 00:00:00+00:00,0.00663717
2022-01-31 00:00:00+00:00,0.01670330
2022-02-01 00:00:00+00:00,0.00864678
2022-02-02 00:00:00+00:00,-0.00042863
2022-02-03 00:00:00+00:00,-0.03730703
2022-02-04 00:00:00+00:00,-0.00979955
2022-02-07 00:00:00+00:00,0.02968961
2022-02-08 00:00:00+00:00,0.00786370
2022-02-09 00:00:00+00:00,0.01647161
2022-02-10 00:00:00+00:00,0.01876333
2022-02-11 00:00:00+00:00,-0.00376727
2022-02-14 00:00:00+00:00,-0.01512605
2022-02-15 00:00:00+00:00,0.00938567
2022-02-16 00:00:00+00:00,0.00126796
2022-02-17 00:00:00+00:00,-0.01477417
2022-02-18 00:00:00+00:00,-0.03427592
2022-02-21 00:00:00+00:00,-0.03904170
2022-02-22 00:00:00+00:00,0.01897876
2022-02-23 00:00:00+00:00,0.01967800
2022-02-24 00:00:00+00:00,-0.06622807
2022-02-25 00:00:00+00:00,0.02771254
2022-02-28 00:00:00+00:00,0.01599634
2022-03-01 00:00:00+00:00,-0.06927575
2022-03-02 00:00:00+00:00,0.00096665
2022-03-03 00:00:00+00:00,-0.04345727
2022-03-04 00:00:00+00:00,-0.04492680
2022-03-07 00:00:00+00:00,-0.02695560
2022-03-08 00:00:00+00:00,-0.01466594
2022-03-09 00:00:00+00:00,0.07607497
2022-03-11 00:00:00+00:00,0.01690574
2022-03-14 00:00:00+00:00,0.01561713
2022-03-15 00:00:00+00:00,-0.00892857
2022-03-16 00:00:00+00:00,0.06106106
2022-03-17 00:00:00+00:00,-0.01367925
2022-03-18 00:00:00+00:00,0.02343376
2022-03-21 00:00:00+00:00,-0.01915888
2022-03-22 00:00:00+00:00,0.01048118
2022-03-23 00:00:00+00:00,-0.01885903
2022-03-24 00:00:00+00:00,-0.00768861
2022-03-25 00:00:00+00:00,0.00290557
2022-03-28 00:00:00+00:00,-0.00386287
2022-03-29 00:00:00+00:00,0.03247698
2022-03-30 00:00:00+00:00,-0.01737089
2022-03-31 00:00:00+00:00,-0.01194458
2022-04-01 00:00:00+00:00,-0.00580271
2022-04-04 00:00:00+00:00,0.02869650
2022-04-05 00:00:00+00:00,0.00189125
2022-04-06 00:00:00+00:00,-0.03492213
2022-04-07 00:00:00+00:00,-0.00635697
2022-04-08 00:00:00+00:00,-0.00836614
2022-04-11 00:00:00+00:00,0.01141439
2022-04-12 00:00:00+00:00,-0.00736016
2022-04-13 00:00:00+00:00,0.00197726
2022-04-14 00:00:00+00:00,0.03601381
2022-04-19 00:00:00+00:00,-0.01095238
2022-04-20 00:00:00+00:00,0.00096293
2022-04-21 00:00:00+00:00,0.00913901
2022-04-22 00:00:00+00:00,-0.03288847
2022-04-25 00:00:00+00:00,-0.01182849
2022-04-26 00:00:00+00:00,-0.01945137
2022-04-27 00:00:00+00:00,0.00762970
2022-04-28 00:00:00+00:00,0.02523978
2022-04-29 00:00:00+00:00,0.01378631
2022-05-02 00:00:00+00:00,-0.00679942
2022-05-03 00:00:00+00:00,0.01466993
2022-05-04 00:00:00+00:00,0.00048193
2022-05-05 00:00:00+00:00,-0.03420039
2022-05-06 00:00:00+00:00,-0.01396509
2022-05-09 00:00:00+00:00,-0.05918058
2022-05-10 00:00:00+00:00,-0.00053763
2022-05-11 00:00:00+00:00,0.02582033
2022-05-12 00:00:00+00:00,0.00000000
2022-05-13 00:00:00+00:00,0.03775564
2022-05-16 00:00:00+00:00,0.00303183
2022-05-17 00:00:00+00:00,0.00503778
2022-05-18 00:00:00+00:00,-0.00651629
2022-05-19 00:00:00+00:00,-0.01715439
2022-05-20 00:00:00+00:00,0.02464066
2022-05-23 00:00:00+00:00,0.01202405
2022-05-24 00:00:00+00:00,-0.03712871
2022-05-25 00:00:00+00:00,0.00514139
2022-05-26 00:00:00+00:00,0.03017903
2022-05-27 00:00:00+00:00,0.01638530
2022-05-30 00:00:00+00:00,0.01514411
2022-05-31 00:00:00+00:00,-0.01780558
2022-06-01 00:00:00+00:00,-0.02694757
2022-06-02 00:00:00+00:00,0.00906344
2022-06-03 00:00:00+00:00,-0.00349301
2022-06-06 00:00:00+00:00,0.00901352
2022-06-07 00:00:00+00:00,-0.00843672
2022-06-08 00:00:00+00:00,-0.00800801
2022-06-09 00:00:00+00:00,-0.00201816
2022-06-10 00:00:00+00:00,-0.04802831
2022-06-13 00:00:00+00:00,-0.04992034
2022-06-14 00:00:00+00:00,-0.01565120
2022-06-15 00:00:00+00:00,0.03577513
2022-06-16 00:00:00+00:00,-0.03344298
2022-06-17 00:00:00+00:00,0.00397050
2022-06-20 00:00:00+00:00,0.02881356
2022-06-21 00:00:00+00:00,-0.00823723
2022-06-22 00:00:00+00:00,-0.00719823
2022-06-23 00:00:00+00:00,-0.00334635
2022-06-24 00:00:00+00:00,0.02686066
2022-06-27 00:00:00+00:00,-0.00163488
2022-06-28 00:00:00+00:00,-0.01582969
2022-06-29 00:00:00+00:00,-0.02384914
2022-06-30 00:00:00+00:00,-0.01590909
2022-07-01 00:00:00+00:00,0.00173210
2022-07-04 00:00:00+00:00,-0.00518732
2022-07-05 00:00:00+00:00,-0.01853998
2022-07-06 00:00:00+00:00,0.02892562
2022-07-07 00:00:00+00:00,0.00516351
2022-07-08 00:00:00+00:00,0.00342466
2022-07-11 00:00:00+00:00,-0.02445961
2022-07-12 00:00:00+00:00,0.01282799
2022-07-13 00:00:00+00:00,-0.01439263
2022-07-14 00:00:00+00:00,0.00292056
2022-07-15 00:00:00+00:00,0.01805475
2022-07-18 00:00:00+00:00,0.01887872
2022-07-19 00:00:00+00:00,0.01459854
2022-07-20 00:00:00+00:00,0.00830105
2022-07-21 00:00:00+00:00,-0.01811196
2022-07-22 00:00:00+00:00,0.02347680
2022-07-25 00:00:00+00:00,-0.01092299
2022-07-26 00:00:00+00:00,-0.01546107
2022-07-27 00:00:00+00:00,0.05787423
2022-07-28 00:00:00+00:00,-0.01297999
2022-07-29 00:00:00+00:00,0.02939575
2022-08-01 00:00:00+00:00,0.00429185
2022-08-02 00:00:00+00:00,-0.02248394
2022-08-03 00:00:00+00:00,0.02598809
2022-08-04 00:00:00+00:00,0.04168894
2022-08-05 00:00:00+00:00,-0.00732984
2022-08-08 00:00:00+00:00,0.02942722
2022-08-09 00:00:00+00:00,-0.04764371
2022-08-10 00:00:00+00:00,0.05729443
2022-08-11 00:00:00+00:00,0.01444043
2022-08-12 00:00:00+00:00,0.07936508
2022-08-15 00:00:00+00:00,0.01428571
2022-08-16 00:00:00+00:00,-0.00195599
2022-08-17 00:00:00+00:00,-0.03328439
2022-08-18 00:00:00+00:00,0.00746640
2022-08-19 00:00:00+00:00,-0.06001984
2022-08-22 00:00:00+00:00,-0.02965235
2022-08-23 00:00:00+00:00,0.00778412
2022-08-24 00:00:00+00:00,0.00569064
2022-08-25 00:00:00+00:00,0.00671141
2022-08-26 00:00:00+00:00,-0.06841564
2022-08-29 00:00:00+00:00,-0.02337938
2022-08-30 00:00:00+00:00,-0.00648649
2022-08-31 00:00:00+00:00,0.01511879
2022-09-01 00:00:00+00:00,-0.07725322
2022-09-02 00:00:00+00:00,0.03964266
2022-09-05 00:00:00+00:00,-0.01422319
2022-09-06 00:00:00+00:00,0.01431718
2022-09-07 00:00:00+00:00,0.02297593
2022-09-08 00:00:00+00:00,-0.00324324
2022-09-09 00:00:00+00:00,0.02652951
2022-09-12 00:00:00+00:00,0.05347594
2022-09-13 00:00:00+00:00,-0.03432137
2022-09-14 00:00:00+00:00,-0.01331203
2022-09-15 00:00:00+00:00,0.01340483
2022-09-16 00:00:00+00:00,-0.04949441
2022-09-19 00:00:00+00:00,0.00600437
2022-09-20 00:00:00+00:00,-0.02014154
2022-09-21 00:00:00+00:00,-0.03408466
2022-09-22 00:00:00+00:00,-0.05816555
2022-09-23 00:00:00+00:00,-0.06566820
2022-09-26 00:00:00+00:00,0.04050030
2022-09-27 00:00:00+00:00,0.03561004
2022-09-28 00:00:00+00:00,0.00803213
2022-09-29 00:00:00+00:00,-0.05485714
2022-09-30 00:00:00+00:00,0.01467998
2022-10-03 00:00:00+00:00,-0.00174927
2022-10-04 00:00:00+00:00,0.08748307
2022-10-05 00:00:00+00:00,-0.04605263
2022-10-06 00:00:00+00:00,0.00897868
2022-10-07 00:00:00+00:00,-0.03631285
2022-10-10 00:00:00+00:00,-0.01080774
2022-10-11 00:00:00+00:00,-0.00800915
2022-10-12 00:00:00+00:00,-0.01723148
2022-10-13 00:00:00+00:00,0.07879490
2022-10-14 00:00:00+00:00,0.01839465
2022-10-17 00:00:00+00:00,0.07182320
2022-10-18 00:00:00+00:00,0.00266667
2022-10-19 00:00:00+00:00,-0.03301384
2022-10-20 00:00:00+00:00,0.01245263
2022-10-21 00:00:00+00:00,-0.01990317
2022-10-24 00:00:00+00:00,0.03856600
2022-10-25 00:00:00+00:00,0.06609808
2022-10-26 00:00:00+00:00,0.02579979
2022-10-27 00:00:00+00:00,0.01528273
2022-10-28 00:00:00+00:00,-0.00859020
2022-10-31 00:00:00+00:00,0.02893401
2022-11-01 00:00:00+00:00,-0.00100100
2022-11-02 00:00:00+00:00,0.00050075
2022-11-03 00:00:00+00:00,-0.02902903
2022-11-04 00:00:00+00:00,0.02640934
2022-11-07 00:00:00+00:00,0.02255639
2022-11-08 00:00:00+00:00,0.01189886
2022-11-09 00:00:00+00:00,-0.04337112
2022-11-10 00:00:00+00:00,0.05944584
2022-11-11 00:00:00+00:00,0.00489237
2022-11-14 00:00:00+00:00,-0.02733041
2022-11-15 00:00:00+00:00,0.00742207
2022-11-16 00:00:00+00:00,-0.04435683
2022-11-17 00:00:00+00:00,-0.00705645
2022-11-18 00:00:00+00:00,0.03388973
2022-11-21 00:00:00+00:00,-0.00796020
2022-11-22 00:00:00+00:00,0.02797203
2022-11-23 00:00:00+00:00,0.04088670
2022-11-24 00:00:00+00:00,0.00965717
2022-11-25 00:00:00+00:00,0.00144161
2022-11-28 00:00:00+00:00,0.00432069
2022-11-29 00:00:00+00:00,-0.00670819
2022-11-30 00:00:00+00:00,0.01972102
2022-12-01 00:00:00+00:00,0.01760228
2022-12-02 00:00:00+00:00,-0.00141443
2022-12-05 00:00:00+00:00,-0.00896649
2022-12-06 00:00:00+00:00,-0.01329535
2022-12-07 00:00:00+00:00,-0.00572519
2022-12-08 00:00:00+00:00,0.01102060
2022-12-09 00:00:00+00:00,0.03241182
2022-12-12 00:00:00+00:00,-0.00890764
2022-12-13 00:00:00+00:00,0.01456083
2022-12-14 00:00:00+00:00,-0.02564103
2022-12-15 00:00:00+00:00,-0.05668399
2022-12-16 00:00:00+00:00,-0.03498542
2022-12-19 00:00:00+00:00,0.00198020
2022-12-20 00:00:00+00:00,-0.01632047
2022-12-21 00:00:00+00:00,0.03539382
2022-12-22 00:00:00+00:00,-0.02988731
2022-12-23 00:00:00+00:00,-0.00546992
2022-12-27 00:00:00+00:00,0.00748130
2022-12-28 00:00:00+00:00,-0.01142573
2022-12-29 00:00:00+00:00,-0.00049975
2022-12-30 00:00:00+00:00,-0.03298351
2023-01-02 00:00:00+00:00,0.05386179
2023-01-03 00:00:00+00:00,0.01632855
2023-01-04 00:00:00+00:00,0.04614629
2023-01-05 00:00:00+00:00,0.01487524
2023-01-06 00:00:00+00:00,0.03334921
2023-01-09 00:00:00+00:00,0.04498594
2023-01-10 00:00:00+00:00,0.00183318
2023-01-11 00:00:00+00:00,0.00000000
2023-01-12 00:00:00+00:00,0.02014652
2023-01-13 00:00:00+00:00,0.00725295
2023-01-16 00:00:00+00:00,-0.00271003
2023-01-17 00:00:00+00:00,0.01492537
2023-01-18 00:00:00+00:00,0.02290076
2023-01-19 00:00:00+00:00,0.00665779
2023-01-20 00:00:00+00:00,0.02300885
2023-01-23 00:00:00+00:00,0.00437445
2023-01-24 00:00:00+00:00,0.02618944
2023-01-25 00:00:00+00:00,-0.00732127
2023-01-26 00:00:00+00:00,0.00302506
2023-01-27 00:00:00+00:00,-0.00388433
2023-01-30 00:00:00+00:00,-0.01988759
2023-01-31 00:00:00+00:00,-0.01484716
2023-02-01 00:00:00+00:00,0.00131984
2023-02-02 00:00:00+00:00,0.08707124
2023-02-03 00:00:00+00:00,-0.00379267
2023-02-06 00:00:00+00:00,-0.01561840
2023-02-07 00:00:00+00:00,-0.01446809
2023-02-08 00:00:00+00:00,0.01372213
2023-02-09 00:00:00+00:00,-0.01575809
2023-02-10 00:00:00+00:00,-0.08326180
2023-02-13 00:00:00+00:00,0.03493059
2023-02-14 00:00:00+00:00,0.02376761
2023-02-15 00:00:00+00:00,0.02957808
2023-02-16 00:00:00+00:00,0.00557222
2023-02-17 00:00:00+00:00,0.00128260
2023-02-20 00:00:00+00:00,-0.00256301
2023-02-21 00:00:00+00:00,0.01325920
2023-02-22 00:00:00+00:00,-0.02082448
2023-02-23 00:00:00+00:00,0.01459854
2023-02-24 00:00:00+00:00,-0.05541347
2023-02-27 00:00:00+00:00,0.04338300
2023-02-28 00:00:00+00:00,-0.00943801
2023-03-01 00:00:00+00:00,-0.02241379
2023-03-02 00:00:00+00:00,0.00174368
2023-03-03 00:00:00+00:00,0.02569686
2023-03-06 00:00:00+00:00,0.03268817
2023-03-07 00:00:00+00:00,0.00042248
2023-03-08 00:00:00+00:00,-0.00719120
2023-03-09 00:00:00+00:00,-0.01781926
2023-03-10 00:00:00+00:00,-0.02655246
2023-03-13 00:00:00+00:00,-0.03298611
2023-03-14 00:00:00+00:00,0.04802513
2023-03-15 00:00:00+00:00,-0.07621551
2023-03-16 00:00:00+00:00,0.05510018
2023-03-17 00:00:00+00:00,-0.03145769
2023-03-20 00:00:00+00:00,0.02794051
2023-03-21 00:00:00+00:00,0.05244444
2023-03-22 00:00:00+00:00,-0.00866176
2023-03-23 00:00:00+00:00,-0.00522193
2023-03-24 00:00:00+00:00,-0.04886562
2023-03-27 00:00:00+00:00,0.02906977
2023-03-28 00:00:00+00:00,-0.00969590
2023-03-29 00:00:00+00:00,0.03498671
2023-03-30 00:00:00+00:00,0.04179364
2023-03-31 00:00:00+00:00,0.02771855
2023-04-03 00:00:00+00:00,-0.02692469
2023-04-04 00:00:00+00:00,0.00170576
2023-04-05 00:00:00+00:00,-0.00468683
2023-04-06 00:00:00+00:00,0.02818104
2023-04-11 00:00:00+00:00,0.02021053
2023-04-12 00:00:00+00:00,-0.03753128
2023-04-13 00:00:00+00:00,0.01784955
2023-04-14 00:00:00+00:00,-0.01179444
2023-04-17 00:00:00+00:00,0.02754237
2023-04-18 00:00:00+00:00,0.04765886
2023-04-19 00:00:00+00:00,0.00775827
2023-04-20 00:00:00+00:00,-0.01301871
2023-04-21 00:00:00+00:00,0.00982801
2023-04-24 00:00:00+00:00,-0.00407498
2023-04-25 00:00:00+00:00,0.01224990
2023-04-26 00:00:00+00:00,-0.00121753
2023-04-27 00:00:00+00:00,-0.01421031
2023-04-28 00:00:00+00:00,0.01799591
2023-05-02 00:00:00+00:00,-0.02148358
2023-05-03 00:00:00+00:00,-0.00409668
2023-05-04 00:00:00+00:00,-0.01477833
2023-05-05 00:00:00+00:00,0.00992556
2023-05-08 00:00:00+00:00,0.01563786
2023-05-09 00:00:00+00:00,0.02123316
2023-05-10 00:00:00+00:00,-0.01050505
2023-05-11 00:00:00+00:00,0.00812348
2023-05-12 00:00:00+00:00,-0.00566343
2023-05-15 00:00:00+00:00,0.01987830
2023-05-16 00:00:00+00:00,0.01044596
2023-05-17 00:00:00+00:00,0.01798561
2023-05-18 00:00:00+00:00,0.00356436
2023-05-19 00:00:00+00:00,0.01265322
2023-05-22 00:00:00+00:00,0.01178782
2023-05-23 00:00:00+00:00,-0.01796875
2023-05-24 00:00:00+00:00,-0.05636579
2023-05-25 00:00:00+00:00,0.01216545
2023-05-26 00:00:00+00:00,0.02216848
2023-05-29 00:00:00+00:00,-0.01116427
2023-05-30 00:00:00+00:00,-0.00120289
2023-05-31 00:00:00+00:00,-0.01644605
2023-06-01 00:00:00+00:00,0.01860089
2023-06-02 00:00:00+00:00,0.01963141
2023-06-05 00:00:00+00:00,-0.02579365
2023-06-06 00:00:00+00:00,0.00241158
2023-06-07 00:00:00+00:00,-0.01124047
2023-06-08 00:00:00+00:00,0.00282714
2023-06-09 00:00:00+00:00,0.00645422
2023-06-12 00:00:00+00:00,0.01078706
2023-06-13 00:00:00+00:00,0.02979738
2023-06-14 00:00:00+00:00,-0.02232667
2023-06-15 00:00:00+00:00,0.00158416
2023-06-16 00:00:00+00:00,0.02215190
2023-06-19 00:00:00+00:00,-0.02074364
2023-06-20 00:00:00+00:00,-0.00118765
2023-06-21 00:00:00+00:00,-0.01268331
2023-06-22 00:00:00+00:00,-0.01715197
2023-06-23 00:00:00+00:00,-0.02936444
2023-06-26 00:00:00+00:00,-0.00204165
2023-06-27 00:00:00+00:00,0.01185125
2023-06-28 00:00:00+00:00,0.02600569
2023-06-29 00:00:00+00:00,-0.01564380
2023-06-30 00:00:00+00:00,0.02910267
2023-07-03 00:00:00+00:00,-0.01713147
2023-07-04 00:00:00+00:00,0.00763666
2023-07-05 00:00:00+00:00,-0.01841473
2023-07-06 00:00:00+00:00,-0.08121212
2023-07-07 00:00:00+00:00,0.02357895
2023-07-10 00:00:00+00:00,0.02704952
2023-07-11 00:00:00+00:00,0.02381930
2023-07-12 00:00:00+00:00,0.01866883
2023-07-13 00:00:00+00:00,0.01889827
2023-07-14 00:00:00+00:00,-0.01274900
2023-07-17 00:00:00+00:00,-0.02606255
2023-07-18 00:00:00+00:00,0.00081235
2023-07-19 00:00:00+00:00,0.00730816
2023-07-20 00:00:00+00:00,-0.02791262
2023-07-21 00:00:00+00:00,0.00697293
2023-07-24 00:00:00+00:00,-0.00735895
2023-07-25 00:00:00+00:00,-0.01559294
2023-07-26 00:00:00+00:00,0.01488834
2023-07-27 00:00:00+00:00,0.03241691
2023-07-28 00:00:00+00:00,-0.00161551
2023-07-31 00:00:00+00:00,0.01616815
2023-08-01 00:00:00+00:00,-0.03127506
2023-08-02 00:00:00+00:00,-0.04358452
2023-08-03 00:00:00+00:00,-0.01498751
2023-08-04 00:00:00+00:00,0.03523490
2023-08-07 00:00:00+00:00,0.00247321
2023-08-08 00:00:00+00:00,-0.00988061
2023-08-09 00:00:00+00:00,-0.02027307
2023-08-10 00:00:00+00:00,0.03050564
2023-08-11 00:00:00+00:00,-0.03787567
2023-08-14 00:00:00+00:00,-0.01258917
2023-08-15 00:00:00+00:00,-0.01393581
2023-08-16 00:00:00+00:00,-0.01105442
2023-08-17 00:00:00+00:00,-0.03163745
2023-08-18 00:00:00+00:00,-0.01911381
2023-08-21 00:00:00+00:00,0.00263158
2023-08-22 00:00:00+00:00,0.02277705
2023-08-23 00:00:00+00:00,0.01472499
2023-08-24 00:00:00+00:00,-0.01590714
2023-08-25 00:00:00+00:00,-0.00433276
2023-08-28 00:00:00+00:00,0.02735562
2023-08-29 00:00:00+00:00,0.01156812
2023-08-30 00:00:00+00:00,-0.01235094
2023-08-31 00:00:00+00:00,0.00942992
2023-09-01 00:00:00+00:00,-0.00298635
2023-09-04 00:00:00+00:00,0.01067920
2023-09-05 00:00:00+00:00,-0.00978307
2023-09-06 00:00:00+00:00,-0.02048656
2023-09-07 00:00:00+00:00,-0.00646831
2023-09-08 00:00:00+00:00,0.02466465
2023-09-11 00:00:00+00:00,0.00042735
2023-09-12 00:00:00+00:00,0.01666667
2023-09-13 00:00:00+00:00,-0.00042301
2023-09-14 00:00:00+00:00,0.02622673
2023-09-15 00:00:00+00:00,0.01878914
2023-09-18 00:00:00+00:00,-0.03889119
2023-09-19 00:00:00+00:00,-0.01138760
2023-09-20 00:00:00+00:00,0.01697073
2023-09-21 00:00:00+00:00,-0.06436685
2023-09-22 00:00:00+00:00,-0.01390700
2023-09-25 00:00:00+00:00,-0.05776805
2023-09-26 00:00:00+00:00,-0.00270392
2023-09-27 00:00:00+00:00,-0.00090253
2023-09-28 00:00:00+00:00,0.00451467
2023-09-29 00:00:00+00:00,-0.00360360
2023-10-02 00:00:00+00:00,-0.01534296
2023-10-03 00:00:00+00:00,-0.02319236
2023-10-04 00:00:00+00:00,-0.01839926
2023-10-05 00:00:00+00:00,0.02971216
2023-10-06 00:00:00+00:00,0.01692589
2023-10-09 00:00:00+00:00,-0.04764065
2023-10-10 00:00:00+00:00,0.07853160
2023-10-11 00:00:00+00:00,-0.01073345
2023-10-12 00:00:00+00:00,-0.01663669
2023-10-13 00:00:00+00:00,-0.04805077
2023-10-16 00:00:00+00:00,0.02043660
2023-10-17 00:00:00+00:00,-0.00229885
2023-10-18 00:00:00+00:00,-0.02624309
2023-10-19 00:00:00+00:00,-0.02705224
2023-10-20 00:00:00+00:00,-0.04775414
2023-10-23 00:00:00+00:00,0.02808717
2023-10-24 00:00:00+00:00,0.01623687
2023-10-25 00:00:00+00:00,-0.01373757
2023-10-26 00:00:00+00:00,-0.02817574
2023-10-27 00:00:00+00:00,0.00290557
2023-10-30 00:00:00+00:00,0.01450677
2023-10-31 00:00:00+00:00,-0.00768123
2023-11-01 00:00:00+00:00,0.02746988
2023-11-02 00:00:00+00:00,0.01426534
2023-11-03 00:00:00+00:00,0.02927290
2023-11-06 00:00:00+00:00,0.01116799
2023-11-07 00:00:00+00:00,-0.00370199
2023-11-08 00:00:00+00:00,0.02039870
2023-11-09 00:00:00+00:00,-0.04313905
2023-11-10 00:00:00+00:00,-0.03283302
2023-11-13 00:00:00+00:00,0.03242728
2023-11-14 00:00:00+00:00,0.04458001
2023-11-15 00:00:00+00:00,0.01010101
2023-11-16 00:00:00+00:00,-0.03289173
2023-11-17 00:00:00+00:00,0.02786809
2023-11-20 00:00:00+00:00,0.02107192
2023-11-21 00:00:00+00:00,-0.02039891
2023-11-22 00:00:00+00:00,0.02747253
2023-11-23 00:00:00+00:00,-0.01987353
2023-11-24 00:00:00+00:00,0.00228102
2023-11-27 00:00:00+00:00,-0.01959891
2023-11-28 00:00:00+00:00,0.00506213
2023-11-29 00:00:00+00:00,-0.00275482
2023-11-30 00:00:00+00:00,-0.00965517
2023-12-01 00:00:00+00:00,0.04618938
2023-12-04 00:00:00+00:00,-0.00045147
2023-12-05 00:00:00+00:00,0.01761518
2023-12-06 00:00:00+00:00,0.05058192
2023-12-07 00:00:00+00:00,-0.00742358
2023-12-08 00:00:00+00:00,0.03108581
2023-12-11 00:00:00+00:00,0.00474342
2023-12-12 00:00:00+00:00,0.01979346
2023-12-13 00:00:00+00:00,-0.01784955
2023-12-14 00:00:00+00:00,0.04506438
2023-12-15 00:00:00+00:00,0.00839278
2023-12-18 00:00:00+00:00,-0.00793982
2023-12-19 00:00:00+00:00,0.03817114
2023-12-20 00:00:00+00:00,0.01564430
2023-12-21 00:00:00+00:00,-0.01348039
2023-12-22 00:00:00+00:00,-0.00082237
2023-12-27 00:00:00+00:00,0.00164541
2023-12-28 00:00:00+00:00,-0.01233046
2023-12-29 00:00:00+00:00,-0.00082713
2024-01-02 00:00:00+00:00,-0.00868846
2024-01-03 00:00:00+00:00,-0.02077275
2024-01-04 00:00:00+00:00,-0.00587741
2024-01-05 00:00:00+00:00,-0.00673684
2024-01-08 00:00:00+00:00,0.01267427
2024-01-09 00:00:00+00:00,-0.00923594
2024-01-10 00:00:00+00:00,-0.02319696
2024-01-11 00:00:00+00:00,-0.00725256
2024-01-12 00:00:00+00:00,-0.00471092
2024-01-15 00:00:00+00:00,0.02060086
2024-01-16 00:00:00+00:00,-0.00382490
2024-01-17 00:00:00+00:00,-0.01106854
2024-01-18 00:00:00+00:00,0.09493714
2024-01-19 00:00:00+00:00,0.00488202
2024-01-22 00:00:00+00:00,0.02597403
2024-01-23 00:00:00+00:00,-0.00120192
2024-01-24 00:00:00+00:00,0.02245389
2024-01-25 00:00:00+00:00,0.01348136
2024-01-26 00:00:00+00:00,0.01496652
2024-01-29 00:00:00+00:00,0.00273651
2024-01-30 00:00:00+00:00,-0.00819352
2024-01-31 00:00:00+00:00,0.00509205
2024-02-01 00:00:00+00:00,0.01719422
2024-02-02 00:00:00+00:00,0.00154979
2024-02-05 00:00:00+00:00,0.00387447
2024-02-06 00:00:00+00:00,0.01353442
2024-02-07 00:00:00+00:00,-0.00460653
2024-02-08 00:00:00+00:00,0.01000385
2024-02-09 00:00:00+00:00,0.01454824
2024-02-12 00:00:00+00:00,0.00228050
2024-02-13 00:00:00+00:00,-0.03189066
2024-02-14 00:00:00+00:00,0.00077160
2024-02-15 00:00:00+00:00,0.00925926
2024-02-16 00:00:00+00:00,0.01804916
2024-02-19 00:00:00+00:00,-0.00913590
2024-02-20 00:00:00+00:00,0.02140673
2024-02-21 00:00:00+00:00,-0.01247637
2024-02-22 00:00:00+00:00,0.03158295
2024-02-23 00:00:00+00:00,0.00599475
2024-02-26 00:00:00+00:00,-0.00336197
2024-02-27 00:00:00+00:00,0.01084923
2024-02-28 00:00:00+00:00,-0.01711946
2024-02-29 00:00:00+00:00,-0.01051051
2024-03-01 00:00:00+00:00,-0.00641509
2024-03-04 00:00:00+00:00,-0.02573808
2024-03-05 00:00:00+00:00,-0.00306748
2024-03-06 00:00:00+00:00,0.01612903
2024-03-07 00:00:00+00:00,-0.00990476
2024-03-08 00:00:00+00:00,-0.00229709
2024-03-11 00:00:00+00:00,-0.00268302
2024-03-12 00:00:00+00:00,0.03303880
2024-03-13 00:00:00+00:00,0.00906687
2024-03-14 00:00:00+00:00,-0.01090636
2024-03-15 00:00:00+00:00,-0.00075529
2024-03-18 00:00:00+00:00,-0.01739130
2024-03-19 00:00:00+00:00,0.00915681
2024-03-20 00:00:00+00:00,-0.00303836
2024-03-21 00:00:00+00:00,0.01825789
2024-03-22 00:00:00+00:00,-0.02374670
2024-03-25 00:00:00+00:00,0.01411137
2024-03-26 00:00:00+00:00,0.01818182
2024-03-27 00:00:00+00:00,-0.05292793
2024-03-28 00:00:00+00:00,0.02081727
