Date,EUROSTX
2014-03-14 00:00:00+00:00,-0.00580007
2014-03-17 00:00:00+00:00,0.03236797
2014-03-18 00:00:00+00:00,0.01886318
2014-03-19 00:00:00+00:00,-0.01500207
2014-03-20 00:00:00+00:00,0.01973904
2014-03-21 00:00:00+00:00,-0.01126201
2014-03-25 00:00:00+00:00,0.03266667
2014-03-26 00:00:00+00:00,0.00690789
2014-03-27 00:00:00+00:00,0.00983929
2014-03-28 00:00:00+00:00,0.02020860
2014-03-31 00:00:00+00:00,-0.00032279
2014-04-01 00:00:00+00:00,0.01711886
2014-04-02 00:00:00+00:00,0.00096092
2014-04-03 00:00:00+00:00,0.00896861
2014-04-07 00:00:00+00:00,-0.02230720
2014-04-08 00:00:00+00:00,0.00144509
2014-04-10 00:00:00+00:00,-0.04207327
2014-04-11 00:00:00+00:00,-0.01178396
2014-04-14 00:00:00+00:00,0.01744569
2014-04-15 00:00:00+00:00,-0.01175318
2014-04-16 00:00:00+00:00,0.02594417
2014-04-17 00:00:00+00:00,0.01912480
2014-04-22 00:00:00+00:00,0.01703085
2014-04-23 00:00:00+00:00,-0.01177969
2014-04-24 00:00:00+00:00,0.00024015
2014-04-25 00:00:00+00:00,-0.01883768
2014-04-28 00:00:00+00:00,0.00646204
2014-04-30 00:00:00+00:00,0.01837524
2014-05-02 00:00:00+00:00,-0.01426307
2014-05-05 00:00:00+00:00,0.00351101
2014-05-06 00:00:00+00:00,-0.01912046
2014-05-07 00:00:00+00:00,0.01416157
2014-05-08 00:00:00+00:00,0.01757188
2014-05-09 00:00:00+00:00,0.00031666
2014-05-12 00:00:00+00:00,0.01677746
2014-05-13 00:00:00+00:00,0.00345369
2014-05-14 00:00:00+00:00,-0.00439009
2014-05-15 00:00:00+00:00,-0.02106256
2014-05-16 00:00:00+00:00,0.00603366
2014-05-19 00:00:00+00:00,-0.00221589
2014-05-20 00:00:00+00:00,-0.00697085
2014-05-21 00:00:00+00:00,0.02191868
2014-05-22 00:00:00+00:00,-0.00094399
2014-05-23 00:00:00+00:00,0.01290120
2014-05-26 00:00:00+00:00,0.01938712
2014-05-27 00:00:00+00:00,0.00665841
2014-05-28 00:00:00+00:00,-0.00138825
2014-05-29 00:00:00+00:00,0.00401606
2014-05-30 00:00:00+00:00,-0.00046239
2014-06-02 00:00:00+00:00,0.00539208
2014-06-03 00:00:00+00:00,-0.00799262
2014-06-04 00:00:00+00:00,-0.00586963
2014-06-05 00:00:00+00:00,0.02763975
2014-06-06 00:00:00+00:00,0.01828381
2014-06-09 00:00:00+00:00,0.00544959
2014-06-10 00:00:00+00:00,0.00150966
2014-06-11 00:00:00+00:00,-0.01659125
2014-06-12 00:00:00+00:00,-0.00212960
2014-06-13 00:00:00+00:00,-0.00030488
2014-06-16 00:00:00+00:00,-0.01158537
2014-06-17 00:00:00+00:00,0.00674640
2014-06-18 00:00:00+00:00,0.01682472
2014-06-19 00:00:00+00:00,0.00818182
2014-06-20 00:00:00+00:00,-0.01055807
2014-06-23 00:00:00+00:00,-0.00850030
2014-06-24 00:00:00+00:00,0.00167428
2014-06-25 00:00:00+00:00,-0.01781093
2014-06-26 00:00:00+00:00,-0.00675054
2014-06-27 00:00:00+00:00,-0.00524044
2014-06-30 00:00:00+00:00,-0.00618238
2014-07-01 00:00:00+00:00,0.01828324
2014-07-02 00:00:00+00:00,-0.00245851
2014-07-03 00:00:00+00:00,0.01615385
2014-07-04 00:00:00+00:00,-0.00199051
2014-07-07 00:00:00+00:00,-0.02442748
2014-07-08 00:00:00+00:00,-0.02782071
2014-07-09 00:00:00+00:00,0.01223721
2014-07-10 00:00:00+00:00,-0.02899002
2014-07-11 00:00:00+00:00,0.00031636
2014-07-14 00:00:00+00:00,0.01075609
2014-07-15 00:00:00+00:00,-0.00881057
2014-07-16 00:00:00+00:00,0.02339551
2014-07-17 00:00:00+00:00,-0.04152357
2014-07-18 00:00:00+00:00,0.02487245
2014-07-21 00:00:00+00:00,-0.01733375
2014-07-22 00:00:00+00:00,0.02351446
2014-07-23 00:00:00+00:00,0.00597296
2014-07-24 00:00:00+00:00,0.01441103
2014-07-25 00:00:00+00:00,-0.02596393
2014-07-28 00:00:00+00:00,0.00236183
2014-07-29 00:00:00+00:00,0.00771168
2014-07-30 00:00:00+00:00,-0.01033997
2014-07-31 00:00:00+00:00,-0.02771217
2014-08-06 00:00:00+00:00,-0.03996179
2014-08-07 00:00:00+00:00,-0.01659547
2014-08-08 00:00:00+00:00,-0.01124525
2014-08-11 00:00:00+00:00,0.02386117
2014-08-12 00:00:00+00:00,-0.00658328
2014-08-13 00:00:00+00:00,0.01584681
2014-08-14 00:00:00+00:00,0.00786627
2014-08-15 00:00:00+00:00,-0.01142298
2014-08-18 00:00:00+00:00,0.02133946
2014-08-19 00:00:00+00:00,0.01039298
2014-08-20 00:00:00+00:00,-0.00484653
2014-08-21 00:00:00+00:00,0.02170392
2014-08-22 00:00:00+00:00,-0.01377322
2014-08-25 00:00:00+00:00,0.03839948
2014-08-26 00:00:00+00:00,0.01930380
2014-08-27 00:00:00+00:00,-0.00031348
2014-08-28 00:00:00+00:00,-0.01442006
2014-08-29 00:00:00+00:00,0.00505370
2014-09-01 00:00:00+00:00,-0.00110236
2014-09-02 00:00:00+00:00,0.00362604
2014-09-03 00:00:00+00:00,0.02140384
2014-09-04 00:00:00+00:00,0.03578096
2014-09-05 00:00:00+00:00,0.01100917
2014-09-08 00:00:00+00:00,-0.01855231
2014-09-09 00:00:00+00:00,-0.01140815
2014-09-10 00:00:00+00:00,0.00926212
2014-09-11 00:00:00+00:00,-0.00768285
2014-09-12 00:00:00+00:00,-0.00617093
2014-09-15 00:00:00+00:00,-0.00340347
2014-09-16 00:00:00+00:00,0.00217324
2014-09-17 00:00:00+00:00,0.00744417
2014-09-18 00:00:00+00:00,0.00959752
2014-09-19 00:00:00+00:00,0.00184502
2014-09-22 00:00:00+00:00,-0.01076261
2014-09-23 00:00:00+00:00,-0.02656781
2014-09-24 00:00:00+00:00,0.02908977
2014-09-25 00:00:00+00:00,-0.03333333
2014-09-26 00:00:00+00:00,0.02541575
2014-09-29 00:00:00+00:00,-0.02850945
2014-09-30 00:00:00+00:00,0.01634706
2014-10-01 00:00:00+00:00,-0.02276271
2014-10-02 00:00:00+00:00,-0.03720050
2014-10-03 00:00:00+00:00,0.01928021
2014-10-06 00:00:00+00:00,-0.01353072
2014-10-07 00:00:00+00:00,-0.04729838
2014-10-08 00:00:00+00:00,0.02166776
2014-10-09 00:00:00+00:00,-0.04800519
2014-10-10 00:00:00+00:00,-0.01764314
2014-10-13 00:00:00+00:00,-0.01342732
2014-10-14 00:00:00+00:00,0.01485984
2014-10-15 00:00:00+00:00,-0.05628141
2014-10-16 00:00:00+00:00,-0.03705619
2014-10-17 00:00:00+00:00,0.06377687
2014-10-20 00:00:00+00:00,-0.00136519
2014-10-21 00:00:00+00:00,0.04433834
2014-10-22 00:00:00+00:00,-0.01801802
2014-10-23 00:00:00+00:00,0.04248146
2014-10-24 00:00:00+00:00,-0.00264375
2014-10-27 00:00:00+00:00,-0.02077836
2014-10-28 00:00:00+00:00,0.02867623
2014-10-29 00:00:00+00:00,-0.01709402
2014-10-30 00:00:00+00:00,0.01493528
2014-10-31 00:00:00+00:00,0.04907773
2014-11-03 00:00:00+00:00,-0.02122869
2014-11-04 00:00:00+00:00,-0.02274943
2014-11-05 00:00:00+00:00,0.02465483
2014-11-06 00:00:00+00:00,0.01396557
2014-11-07 00:00:00+00:00,-0.02965828
2014-11-10 00:00:00+00:00,0.01996073
2014-11-11 00:00:00+00:00,0.00421257
2014-11-12 00:00:00+00:00,-0.02521008
2014-11-13 00:00:00+00:00,0.00000000
2014-11-14 00:00:00+00:00,-0.00327439
2014-11-17 00:00:00+00:00,0.02198163
2014-11-18 00:00:00+00:00,0.02727273
2014-11-19 00:00:00+00:00,-0.00192184
2014-11-20 00:00:00+00:00,-0.01506410
2014-11-21 00:00:00+00:00,0.05686591
2014-11-24 00:00:00+00:00,0.01946625
2014-11-25 00:00:00+00:00,0.00870647
2014-11-26 00:00:00+00:00,-0.00000000
2014-11-27 00:00:00+00:00,0.00712074
2014-11-28 00:00:00+00:00,0.00092593
2014-12-01 00:00:00+00:00,-0.00648148
2014-12-02 00:00:00+00:00,0.00681115
2014-12-03 00:00:00+00:00,0.00616333
2014-12-04 00:00:00+00:00,-0.02859779
2014-12-05 00:00:00+00:00,0.04087363
2014-12-08 00:00:00+00:00,-0.02383135
2014-12-09 00:00:00+00:00,-0.02787731
2014-12-10 00:00:00+00:00,-0.03700220
2014-12-11 00:00:00+00:00,0.00447141
2014-12-12 00:00:00+00:00,-0.06056742
2014-12-15 00:00:00+00:00,-0.02104571
2014-12-16 00:00:00+00:00,0.01948270
2014-12-17 00:00:00+00:00,0.04965012
2014-12-18 00:00:00+00:00,0.05551948
2014-12-19 00:00:00+00:00,-0.01419111
2014-12-22 00:00:00+00:00,0.01368555
2014-12-23 00:00:00+00:00,0.01674037
2014-12-29 00:00:00+00:00,-0.00658720
2014-12-30 00:00:00+00:00,-0.03331238
2015-01-02 00:00:00+00:00,0.00703325
2015-01-05 00:00:00+00:00,-0.07552581
2015-01-06 00:00:00+00:00,-0.01555776
2015-01-07 00:00:00+00:00,0.03539232
2015-01-08 00:00:00+00:00,0.04193971
2015-01-09 00:00:00+00:00,-0.04338046
2015-01-12 00:00:00+00:00,0.01706597
2015-01-13 00:00:00+00:00,0.01597652
2015-01-14 00:00:00+00:00,0.00387222
2015-01-15 00:00:00+00:00,0.02385558
2015-01-16 00:00:00+00:00,0.05414013
2015-01-19 00:00:00+00:00,-0.00496586
2015-01-20 00:00:00+00:00,0.01956522
2015-01-21 00:00:00+00:00,0.01201109
2015-01-22 00:00:00+00:00,0.04894463
2015-01-23 00:00:00+00:00,0.01342883
2015-01-26 00:00:00+00:00,0.02672209
2015-01-27 00:00:00+00:00,-0.02488290
2015-01-28 00:00:00+00:00,-0.03465640
2015-01-29 00:00:00+00:00,0.05006031
2015-01-30 00:00:00+00:00,-0.03739694
2015-02-02 00:00:00+00:00,0.03238381
2015-02-03 00:00:00+00:00,0.02239246
2015-02-04 00:00:00+00:00,-0.03122264
2015-02-05 00:00:00+00:00,0.02014815
2015-02-06 00:00:00+00:00,-0.02230701
2015-02-09 00:00:00+00:00,-0.01659751
2015-02-10 00:00:00+00:00,0.03079223
2015-02-11 00:00:00+00:00,-0.00766058
2015-02-12 00:00:00+00:00,0.03432968
2015-02-13 00:00:00+00:00,0.00959581
2015-02-16 00:00:00+00:00,-0.03067130
2015-02-17 00:00:00+00:00,0.03056127
2015-02-18 00:00:00+00:00,0.00810420
2015-02-19 00:00:00+00:00,0.00519031
2015-02-20 00:00:00+00:00,0.02761001
2015-02-23 00:00:00+00:00,-0.00766392
2015-02-24 00:00:00+00:00,0.02248150
2015-02-25 00:00:00+00:00,-0.00873239
2015-02-26 00:00:00+00:00,0.01837716
2015-02-27 00:00:00+00:00,0.01274867
2015-03-02 00:00:00+00:00,0.00459162
2015-03-03 00:00:00+00:00,-0.01972222
2015-03-04 00:00:00+00:00,0.01346801
2015-03-05 00:00:00+00:00,0.01532887
2015-03-06 00:00:00+00:00,-0.00912863
2015-03-09 00:00:00+00:00,0.00522978
2015-03-10 00:00:00+00:00,-0.02161264
2015-03-11 00:00:00+00:00,0.04620554
2015-03-12 00:00:00+00:00,-0.00136911
2015-03-13 00:00:00+00:00,-0.01506849
2015-03-16 00:00:00+00:00,0.02420028
2015-03-17 00:00:00+00:00,-0.01653348
2015-03-18 00:00:00+00:00,-0.00527192
2015-03-19 00:00:00+00:00,-0.00083729
2015-03-20 00:00:00+00:00,0.03259053
2015-03-23 00:00:00+00:00,-0.01727921
2015-03-24 00:00:00+00:00,0.01713654
2015-03-25 00:00:00+00:00,-0.02111324
2015-03-26 00:00:00+00:00,-0.00470784
2015-03-27 00:00:00+00:00,0.00583333
2015-03-30 00:00:00+00:00,0.02687725
2015-03-31 00:00:00+00:00,-0.02105551
2015-04-01 00:00:00+00:00,0.01684618
2015-04-02 00:00:00+00:00,-0.00054705
2015-04-07 00:00:00+00:00,0.02163791
2015-04-08 00:00:00+00:00,-0.00162778
2015-04-09 00:00:00+00:00,0.02061856
2015-04-10 00:00:00+00:00,0.01476114
2015-04-13 00:00:00+00:00,-0.00799361
2015-04-14 00:00:00+00:00,-0.00401284
2015-04-15 00:00:00+00:00,0.00107210
2015-04-16 00:00:00+00:00,-0.02574417
2015-04-17 00:00:00+00:00,-0.04314790
2015-04-20 00:00:00+00:00,0.02024965
2015-04-21 00:00:00+00:00,0.01153529
2015-04-22 00:00:00+00:00,0.00600929
2015-04-23 00:00:00+00:00,-0.01279956
2015-04-24 00:00:00+00:00,0.00191886
2015-04-27 00:00:00+00:00,0.02546550
2015-04-28 00:00:00+00:00,-0.02161578
2015-04-29 00:00:00+00:00,-0.05106499
2015-04-30 00:00:00+00:00,-0.01429372
2015-05-04 00:00:00+00:00,0.02313117
2015-05-05 00:00:00+00:00,-0.04522613
2015-05-06 00:00:00+00:00,0.00000000
2015-05-07 00:00:00+00:00,0.00314017
2015-05-08 00:00:00+00:00,0.05991441
2015-05-11 00:00:00+00:00,-0.01357717
2015-05-12 00:00:00+00:00,-0.02092050
2015-05-13 00:00:00+00:00,-0.01719278
2015-05-14 00:00:00+00:00,0.03297328
2015-05-15 00:00:00+00:00,-0.01034676
2015-05-18 00:00:00+00:00,0.01208884
2015-05-19 00:00:00+00:00,0.03576418
2015-05-20 00:00:00+00:00,0.01317957
2015-05-21 00:00:00+00:00,0.00600109
2015-05-22 00:00:00+00:00,-0.00462082
2015-05-26 00:00:00+00:00,-0.02699755
2015-05-27 00:00:00+00:00,0.02983425
2015-05-28 00:00:00+00:00,-0.01225157
2015-05-29 00:00:00+00:00,-0.04325212
2015-06-01 00:00:00+00:00,0.00784314
2015-06-02 00:00:00+00:00,-0.01784221
2015-06-03 00:00:00+00:00,0.00787845
2015-06-04 00:00:00+00:00,-0.02464296
2015-06-05 00:00:00+00:00,-0.00822462
2015-06-08 00:00:00+00:00,-0.03448276
2015-06-09 00:00:00+00:00,-0.00700452
2015-06-10 00:00:00+00:00,0.04858889
2015-06-11 00:00:00+00:00,0.01760863
2015-06-12 00:00:00+00:00,-0.02675303
2015-06-15 00:00:00+00:00,-0.01655724
2015-06-16 00:00:00+00:00,0.00609579
2015-06-17 00:00:00+00:00,-0.02521008
2015-06-18 00:00:00+00:00,0.03143361
2015-06-19 00:00:00+00:00,-0.00433150
2015-06-22 00:00:00+00:00,0.07765865
2015-06-23 00:00:00+00:00,0.02455357
2015-06-24 00:00:00+00:00,-0.02367841
2015-06-25 00:00:00+00:00,0.00111421
2015-06-26 00:00:00+00:00,0.01532887
2015-06-29 00:00:00+00:00,-0.10392482
2015-06-30 00:00:00+00:00,0.00379341
2015-07-01 00:00:00+00:00,0.02877907
2015-07-02 00:00:00+00:00,-0.01232092
2015-07-03 00:00:00+00:00,-0.01905862
2015-07-06 00:00:00+00:00,-0.04778555
2015-07-07 00:00:00+00:00,0.01015532
2015-07-08 00:00:00+00:00,-0.03535354
2015-07-09 00:00:00+00:00,0.05868119
2015-07-10 00:00:00+00:00,0.08666275
2015-07-13 00:00:00+00:00,0.02281690
2015-07-14 00:00:00+00:00,0.01280624
2015-07-15 00:00:00+00:00,0.00166021
2015-07-16 00:00:00+00:00,0.03563536
2015-07-17 00:00:00+00:00,-0.00651466
2015-07-20 00:00:00+00:00,0.01007625
2015-07-21 00:00:00+00:00,-0.02249932
2015-07-22 00:00:00+00:00,-0.00520833
2015-07-23 00:00:00+00:00,-0.01428571
2015-07-24 00:00:00+00:00,-0.01826737
2015-07-27 00:00:00+00:00,-0.03939648
2015-07-28 00:00:00+00:00,0.03049302
2015-07-29 00:00:00+00:00,0.01404100
2015-07-30 00:00:00+00:00,0.00055757
2015-07-31 00:00:00+00:00,0.00612984
2015-08-03 00:00:00+00:00,0.01388503
2015-08-04 00:00:00+00:00,-0.00000000
2015-08-05 00:00:00+00:00,0.02290287
2015-08-06 00:00:00+00:00,-0.00245566
2015-08-07 00:00:00+00:00,-0.00874078
2015-08-10 00:00:00+00:00,0.01866081
2015-08-11 00:00:00+00:00,-0.03557849
2015-08-12 00:00:00+00:00,-0.04430906
2015-08-13 00:00:00+00:00,-0.01216752
2015-08-14 00:00:00+00:00,-0.00028474
2015-08-17 00:00:00+00:00,-0.00142328
2015-08-18 00:00:00+00:00,-0.01082313
2015-08-19 00:00:00+00:00,-0.03179605
2015-08-20 00:00:00+00:00,-0.06672494
2015-08-21 00:00:00+00:00,-0.05786618
2015-08-24 00:00:00+00:00,-0.10040285
2015-08-25 00:00:00+00:00,0.03888889
2015-08-26 00:00:00+00:00,0.07099456
2015-08-27 00:00:00+00:00,0.03836634
2015-08-28 00:00:00+00:00,-0.00742874
2015-08-31 00:00:00+00:00,-0.01156245
2015-09-02 00:00:00+00:00,0.00230167
2015-09-03 00:00:00+00:00,0.01425473
2015-09-04 00:00:00+00:00,-0.04716400
2015-09-07 00:00:00+00:00,0.01450646
2015-09-08 00:00:00+00:00,0.03783615
2015-09-09 00:00:00+00:00,-0.02002341
2015-09-10 00:00:00+00:00,0.00838509
2015-09-11 00:00:00+00:00,-0.01669243
2015-09-14 00:00:00+00:00,-0.01838006
2015-09-15 00:00:00+00:00,0.01068846
2015-09-16 00:00:00+00:00,0.02208398
2015-09-17 00:00:00+00:00,-0.00554187
2015-09-18 00:00:00+00:00,-0.05328377
2015-09-21 00:00:00+00:00,0.01649223
2015-09-22 00:00:00+00:00,-0.06161584
2015-09-23 00:00:00+00:00,-0.00843882
2015-09-24 00:00:00+00:00,-0.01889251
2015-09-25 00:00:00+00:00,0.02470356
2015-09-28 00:00:00+00:00,-0.04093567
2015-09-29 00:00:00+00:00,0.00697211
2015-09-30 00:00:00+00:00,0.04659617
2015-10-01 00:00:00+00:00,-0.01065203
2015-10-02 00:00:00+00:00,0.03082414
2015-10-05 00:00:00+00:00,0.05116725
2015-10-06 00:00:00+00:00,-0.00311721
2015-10-07 00:00:00+00:00,0.02438262
2015-10-08 00:00:00+00:00,0.00740056
2015-10-09 00:00:00+00:00,-0.00614439
2015-10-12 00:00:00+00:00,-0.00339192
2015-10-13 00:00:00+00:00,-0.02411128
2015-10-14 00:00:00+00:00,-0.00718975
2015-10-15 00:00:00+00:00,0.04328733
2015-10-16 00:00:00+00:00,0.00644567
2015-10-19 00:00:00+00:00,0.00030609
2015-10-20 00:00:00+00:00,-0.00826193
2015-10-21 00:00:00+00:00,-0.00307598
2015-10-22 00:00:00+00:00,0.07329843
2015-10-23 00:00:00+00:00,0.03976261
2015-10-26 00:00:00+00:00,-0.01455180
2015-10-27 00:00:00+00:00,-0.01085044
2015-10-28 00:00:00+00:00,0.03064231
2015-11-02 00:00:00+00:00,0.01045600
2015-11-03 00:00:00+00:00,-0.00029053
2015-11-04 00:00:00+00:00,-0.00174317
2015-11-05 00:00:00+00:00,0.00349040
2015-11-06 00:00:00+00:00,0.02063354
2015-11-09 00:00:00+00:00,-0.03104340
2015-11-10 00:00:00+00:00,0.00262697
2015-11-11 00:00:00+00:00,0.00087566
2015-11-12 00:00:00+00:00,-0.03961550
2015-11-13 00:00:00+00:00,-0.01130280
2015-11-16 00:00:00+00:00,0.02960526
2015-11-17 00:00:00+00:00,0.01531213
2015-11-18 00:00:00+00:00,0.02101576
2015-11-19 00:00:00+00:00,-0.00984651
2015-11-20 00:00:00+00:00,0.00668605
2015-11-23 00:00:00+00:00,-0.01101449
2015-11-24 00:00:00+00:00,-0.00816089
2015-11-25 00:00:00+00:00,0.02106495
2015-11-26 00:00:00+00:00,0.02084540
2015-11-27 00:00:00+00:00,0.00143308
2015-11-30 00:00:00+00:00,0.00314825
2015-12-01 00:00:00+00:00,-0.00571755
2015-12-02 00:00:00+00:00,-0.02638371
2015-12-03 00:00:00+00:00,-0.07989541
2015-12-04 00:00:00+00:00,0.03992740
2015-12-07 00:00:00+00:00,0.00059347
2015-12-08 00:00:00+00:00,-0.04476727
2015-12-09 00:00:00+00:00,-0.02918305
2015-12-10 00:00:00+00:00,0.00739372
2015-12-11 00:00:00+00:00,-0.04631902
2015-12-14 00:00:00+00:00,0.00062814
2015-12-15 00:00:00+00:00,0.01475204
2015-12-16 00:00:00+00:00,0.03557068
2015-12-17 00:00:00+00:00,-0.00151515
2015-12-18 00:00:00+00:00,-0.03140244
2015-12-21 00:00:00+00:00,-0.00832306
2015-12-22 00:00:00+00:00,0.00372324
2015-12-23 00:00:00+00:00,0.04051964
2015-12-28 00:00:00+00:00,-0.01851852
2015-12-29 00:00:00+00:00,0.02757353
2015-12-30 00:00:00+00:00,-0.02357208
2016-01-04 00:00:00+00:00,-0.05867971
2016-01-05 00:00:00+00:00,0.00346348
2016-01-06 00:00:00+00:00,-0.04056604
2016-01-07 00:00:00+00:00,-0.05104334
2016-01-08 00:00:00+00:00,-0.02375454
2016-01-11 00:00:00+00:00,0.03032323
2016-01-12 00:00:00+00:00,0.02068966
2016-01-13 00:00:00+00:00,-0.04946307
2016-01-14 00:00:00+00:00,0.03394343
2016-01-15 00:00:00+00:00,-0.07891290
2016-01-18 00:00:00+00:00,-0.00239071
2016-01-19 00:00:00+00:00,0.02424863
2016-01-20 00:00:00+00:00,-0.04419703
2016-01-21 00:00:00+00:00,0.02517241
2016-01-22 00:00:00+00:00,0.06578050
2016-01-25 00:00:00+00:00,-0.03789127
2016-01-26 00:00:00+00:00,0.04341972
2016-01-27 00:00:00+00:00,-0.02599539
2016-01-28 00:00:00+00:00,-0.00900000
2016-01-29 00:00:00+00:00,0.04691689
2016-02-01 00:00:00+00:00,-0.01767594
2016-02-02 00:00:00+00:00,-0.06734896
2016-02-03 00:00:00+00:00,-0.00376197
2016-02-04 00:00:00+00:00,-0.00991453
2016-02-05 00:00:00+00:00,-0.02648779
2016-02-08 00:00:00+00:00,-0.05153203
2016-02-09 00:00:00+00:00,-0.03828265
2016-02-10 00:00:00+00:00,0.01094491
2016-02-11 00:00:00+00:00,-0.03589558
2016-02-12 00:00:00+00:00,0.03991131
2016-02-15 00:00:00+00:00,0.05108696
2016-02-16 00:00:00+00:00,0.00459526
2016-02-17 00:00:00+00:00,0.04790419
2016-02-18 00:00:00+00:00,-0.01032347
2016-02-19 00:00:00+00:00,-0.01698440
2016-02-22 00:00:00+00:00,0.04673875
2016-02-23 00:00:00+00:00,-0.03683492
2016-02-24 00:00:00+00:00,-0.01112270
2016-02-25 00:00:00+00:00,0.02198953
2016-02-26 00:00:00+00:00,0.01553331
2016-02-29 00:00:00+00:00,-0.00171527
2016-03-01 00:00:00+00:00,0.06520247
2016-03-02 00:00:00+00:00,0.00730169
2016-03-03 00:00:00+00:00,0.00264725
2016-03-04 00:00:00+00:00,0.00363636
2016-03-07 00:00:00+00:00,-0.00791296
2016-03-08 00:00:00+00:00,-0.01223950
2016-03-09 00:00:00+00:00,0.00861867
2016-03-10 00:00:00+00:00,-0.02422834
2016-03-11 00:00:00+00:00,0.07426075
2016-03-14 00:00:00+00:00,0.00226684
2016-03-15 00:00:00+00:00,-0.03170495
2016-03-16 00:00:00+00:00,-0.00367524
2016-03-17 00:00:00+00:00,-0.01739130
2016-03-18 00:00:00+00:00,0.01113736
2016-03-21 00:00:00+00:00,-0.00302115
2016-03-22 00:00:00+00:00,0.00033602
2016-03-23 00:00:00+00:00,-0.01444892
2016-03-24 00:00:00+00:00,-0.02064298
2016-03-29 00:00:00+00:00,0.00991453
2016-03-30 00:00:00+00:00,0.01837985
2016-03-31 00:00:00+00:00,-0.02329507
2016-04-01 00:00:00+00:00,-0.02970297
2016-04-04 00:00:00+00:00,-0.00762037
2016-04-05 00:00:00+00:00,-0.04732081
2016-04-06 00:00:00+00:00,0.02599715
2016-04-07 00:00:00+00:00,-0.04216444
2016-04-08 00:00:00+00:00,0.03482944
2016-04-11 00:00:00+00:00,0.00635145
2016-04-12 00:00:00+00:00,0.02500000
2016-04-13 00:00:00+00:00,0.06323836
2016-04-14 00:00:00+00:00,0.01145939
2016-04-15 00:00:00+00:00,-0.00569896
2016-04-18 00:00:00+00:00,0.01310484
2016-04-19 00:00:00+00:00,0.03434478
2016-04-20 00:00:00+00:00,0.02001312
2016-04-21 00:00:00+00:00,-0.00389737
2016-04-22 00:00:00+00:00,0.00715913
2016-04-25 00:00:00+00:00,-0.01590393
2016-04-26 00:00:00+00:00,0.00294022
2016-04-27 00:00:00+00:00,0.00946166
2016-04-28 00:00:00+00:00,-0.02992843
2016-04-29 00:00:00+00:00,-0.03036304
2016-05-02 00:00:00+00:00,0.00368509
2016-05-03 00:00:00+00:00,-0.04113712
2016-05-04 00:00:00+00:00,-0.02526460
2016-05-05 00:00:00+00:00,0.00242047
2016-05-06 00:00:00+00:00,0.01312608
2016-05-09 00:00:00+00:00,0.00343171
2016-05-10 00:00:00+00:00,0.02464909
2016-05-11 00:00:00+00:00,-0.02909337
2016-05-12 00:00:00+00:00,0.00206044
2016-05-13 00:00:00+00:00,-0.01131687
2016-05-16 00:00:00+00:00,0.02311939
2016-05-17 00:00:00+00:00,-0.02627090
2016-05-18 00:00:00+00:00,0.02245250
2016-05-19 00:00:00+00:00,-0.01128205
2016-05-20 00:00:00+00:00,0.01786328
2016-05-23 00:00:00+00:00,-0.01226158
2016-05-24 00:00:00+00:00,0.05928718
2016-05-25 00:00:00+00:00,0.02596538
2016-05-26 00:00:00+00:00,0.00953007
2016-05-27 00:00:00+00:00,0.00818063
2016-05-30 00:00:00+00:00,0.00716146
2016-05-31 00:00:00+00:00,-0.01850049
2016-06-01 00:00:00+00:00,-0.01539469
2016-06-02 00:00:00+00:00,0.00825083
2016-06-03 00:00:00+00:00,-0.03056195
2016-06-06 00:00:00+00:00,0.00300501
2016-06-07 00:00:00+00:00,0.01733911
2016-06-08 00:00:00+00:00,-0.00434552
2016-06-09 00:00:00+00:00,-0.01854305
2016-06-10 00:00:00+00:00,-0.06047444
2016-06-13 00:00:00+00:00,-0.04136505
2016-06-14 00:00:00+00:00,-0.01338028
2016-06-15 00:00:00+00:00,0.01391863
2016-06-16 00:00:00+00:00,0.01882771
2016-06-17 00:00:00+00:00,0.01441632
2016-06-20 00:00:00+00:00,0.04400978
2016-06-21 00:00:00+00:00,0.03559206
2016-06-22 00:00:00+00:00,-0.01143626
2016-06-23 00:00:00+00:00,0.06138280
2016-06-24 00:00:00+00:00,-0.13825038
2016-06-27 00:00:00+00:00,-0.05505578
2016-06-28 00:00:00+00:00,0.05092251
2016-06-29 00:00:00+00:00,0.03607504
2016-06-30 00:00:00+00:00,0.04287739
2016-07-01 00:00:00+00:00,-0.01041667
2016-07-04 00:00:00+00:00,-0.00768425
2016-07-05 00:00:00+00:00,-0.04194338
2016-07-06 00:00:00+00:00,-0.01824034
2016-07-07 00:00:00+00:00,-0.00612833
2016-07-08 00:00:00+00:00,0.04620939
2016-07-11 00:00:00+00:00,0.02724699
2016-07-12 00:00:00+00:00,0.04051694
2016-07-13 00:00:00+00:00,-0.00102705
2016-07-14 00:00:00+00:00,0.02088326
2016-07-15 00:00:00+00:00,0.00033910
2016-07-18 00:00:00+00:00,-0.00847170
2016-07-19 00:00:00+00:00,-0.00952381
2016-07-20 00:00:00+00:00,0.02118210
2016-07-21 00:00:00+00:00,-0.00575101
2016-07-22 00:00:00+00:00,0.01592680
2016-07-25 00:00:00+00:00,-0.00605245
2016-07-26 00:00:00+00:00,0.00876897
2016-07-27 00:00:00+00:00,0.00470588
2016-07-28 00:00:00+00:00,-0.00905736
2016-07-29 00:00:00+00:00,0.01144781
2016-08-01 00:00:00+00:00,-0.01355875
2016-08-02 00:00:00+00:00,-0.03388973
2016-08-03 00:00:00+00:00,-0.01028454
2016-08-04 00:00:00+00:00,0.02722261
2016-08-05 00:00:00+00:00,0.00068050
2016-08-08 00:00:00+00:00,0.02889191
2016-08-09 00:00:00+00:00,0.01105898
2016-08-10 00:00:00+00:00,0.01733333
2016-08-11 00:00:00+00:00,0.00693756
2016-08-12 00:00:00+00:00,0.00527357
2016-08-15 00:00:00+00:00,0.00000000
2016-08-16 00:00:00+00:00,-0.02268245
2016-08-17 00:00:00+00:00,-0.00631020
2016-08-18 00:00:00+00:00,-0.00766411
2016-08-19 00:00:00+00:00,-0.01003344
2016-08-22 00:00:00+00:00,-0.00638441
2016-08-23 00:00:00+00:00,0.01518219
2016-08-24 00:00:00+00:00,0.00770003
2016-08-25 00:00:00+00:00,-0.01333333
2016-08-26 00:00:00+00:00,0.00805099
2016-08-29 00:00:00+00:00,0.01068447
2016-08-30 00:00:00+00:00,0.01628989
2016-08-31 00:00:00+00:00,-0.00494560
2016-09-01 00:00:00+00:00,0.00132319
2016-09-02 00:00:00+00:00,0.03833443
2016-09-05 00:00:00+00:00,-0.00097213
2016-09-06 00:00:00+00:00,-0.00357027
2016-09-07 00:00:00+00:00,0.00617083
2016-09-08 00:00:00+00:00,-0.00199226
2016-09-09 00:00:00+00:00,-0.03893576
2016-09-12 00:00:00+00:00,0.01587827
2016-09-13 00:00:00+00:00,-0.04232283
2016-09-14 00:00:00+00:00,-0.01307409
2016-09-15 00:00:00+00:00,0.01494565
2016-09-16 00:00:00+00:00,-0.02732794
2016-09-19 00:00:00+00:00,0.01402189
2016-09-20 00:00:00+00:00,0.00305914
2016-09-21 00:00:00+00:00,0.02679783
2016-09-22 00:00:00+00:00,0.03246319
2016-09-23 00:00:00+00:00,-0.01679842
2016-09-26 00:00:00+00:00,-0.03287944
2016-09-27 00:00:00+00:00,0.00506244
2016-09-28 00:00:00+00:00,0.02255133
2016-09-29 00:00:00+00:00,-0.03596404
2016-09-30 00:00:00+00:00,0.03155752
2016-10-03 00:00:00+00:00,-0.00801336
2016-10-04 00:00:00+00:00,0.00804290
2016-10-05 00:00:00+00:00,0.01369405
2016-10-06 00:00:00+00:00,0.00696056
2016-10-07 00:00:00+00:00,-0.02379379
2016-10-10 00:00:00+00:00,0.02008032
2016-10-11 00:00:00+00:00,-0.01125828
2016-10-12 00:00:00+00:00,-0.00000000
2016-10-13 00:00:00+00:00,-0.01631158
2016-10-14 00:00:00+00:00,0.02449664
2016-10-17 00:00:00+00:00,-0.01028534
2016-10-18 00:00:00+00:00,0.02632456
2016-10-19 00:00:00+00:00,0.00592105
2016-10-20 00:00:00+00:00,0.01443570
2016-10-21 00:00:00+00:00,0.00162813
2016-10-24 00:00:00+00:00,0.00780488
2016-10-25 00:00:00+00:00,-0.00324149
2016-10-26 00:00:00+00:00,-0.00811162
2016-10-27 00:00:00+00:00,0.00293446
2016-10-28 00:00:00+00:00,-0.01237785
2016-10-31 00:00:00+00:00,-0.00032733
2016-11-01 00:00:00+00:00,-0.03143418
2016-11-02 00:00:00+00:00,-0.01964048
2016-11-03 00:00:00+00:00,-0.00907563
2016-11-04 00:00:00+00:00,-0.01992570
2016-11-07 00:00:00+00:00,0.05146558
2016-11-08 00:00:00+00:00,0.01462280
2016-11-09 00:00:00+00:00,0.02013201
2016-11-10 00:00:00+00:00,-0.00654022
2016-11-11 00:00:00+00:00,-0.01147165
2016-11-14 00:00:00+00:00,0.00461437
2016-11-15 00:00:00+00:00,0.01217506
2016-11-16 00:00:00+00:00,-0.02352941
2016-11-17 00:00:00+00:00,0.01785714
2016-11-18 00:00:00+00:00,-0.01933159
2016-11-21 00:00:00+00:00,0.01356717
2016-11-22 00:00:00+00:00,0.00723208
2016-11-23 00:00:00+00:00,-0.00982962
2016-11-24 00:00:00+00:00,0.00559763
2016-11-25 00:00:00+00:00,0.00492449
2016-11-28 00:00:00+00:00,-0.02916121
2016-11-29 00:00:00+00:00,0.01911569
2016-11-30 00:00:00+00:00,0.00378352
2016-12-01 00:00:00+00:00,-0.01941428
2016-12-02 00:00:00+00:00,-0.00033190
2016-12-05 00:00:00+00:00,0.03019244
2016-12-06 00:00:00+00:00,0.03792089
2016-12-07 00:00:00+00:00,0.02597819
2016-12-08 00:00:00+00:00,0.01990765
2016-12-09 00:00:00+00:00,0.01317854
2016-12-12 00:00:00+00:00,-0.01121495
2016-12-13 00:00:00+00:00,0.02756892
2016-12-14 00:00:00+00:00,-0.01113173
2016-12-15 00:00:00+00:00,0.02095059
2016-12-16 00:00:00+00:00,0.00247219
2016-12-19 00:00:00+00:00,0.00154273
2016-12-20 00:00:00+00:00,0.01513280
2016-12-21 00:00:00+00:00,-0.00306279
2016-12-22 00:00:00+00:00,-0.00061350
2016-12-23 00:00:00+00:00,0.00276243
2016-12-27 00:00:00+00:00,0.00183936
2016-12-28 00:00:00+00:00,-0.00642792
2016-12-29 00:00:00+00:00,0.00000000
2016-12-30 00:00:00+00:00,0.00706171
2017-01-02 00:00:00+00:00,0.01650367
2017-01-03 00:00:00+00:00,0.00667678
2017-01-04 00:00:00+00:00,0.00120992
2017-01-05 00:00:00+00:00,0.00030221
2017-01-06 00:00:00+00:00,0.00332628
2017-01-09 00:00:00+00:00,-0.00965892
2017-01-10 00:00:00+00:00,-0.00242498
2017-01-11 00:00:00+00:00,0.00455235
2017-01-12 00:00:00+00:00,-0.00574539
2017-01-13 00:00:00+00:00,0.00911577
2017-01-16 00:00:00+00:00,-0.01299094
2017-01-17 00:00:00+00:00,-0.00486914
2017-01-18 00:00:00+00:00,0.01006711
2017-01-19 00:00:00+00:00,-0.01213961
2017-01-20 00:00:00+00:00,0.00885767
2017-01-23 00:00:00+00:00,-0.00911854
2017-01-24 00:00:00+00:00,0.00977696
2017-01-25 00:00:00+00:00,0.02007910
2017-01-26 00:00:00+00:00,-0.01053582
2017-01-27 00:00:00+00:00,-0.00423216
2017-01-30 00:00:00+00:00,-0.01940570
2017-01-31 00:00:00+00:00,-0.01622780
2017-02-01 00:00:00+00:00,0.01111454
2017-02-02 00:00:00+00:00,0.00030703
2017-02-03 00:00:00+00:00,0.00951504
2017-02-06 00:00:00+00:00,-0.02474038
2017-02-07 00:00:00+00:00,0.00371058
2017-02-08 00:00:00+00:00,0.00123457
2017-02-09 00:00:00+00:00,0.02098118
2017-02-10 00:00:00+00:00,0.00000000
2017-02-13 00:00:00+00:00,0.01832621
2017-02-14 00:00:00+00:00,0.00666061
2017-02-15 00:00:00+00:00,0.00602954
2017-02-16 00:00:00+00:00,-0.00631579
2017-02-17 00:00:00+00:00,0.00150739
2017-02-20 00:00:00+00:00,-0.00391684
2017-02-21 00:00:00+00:00,0.01933535
2017-02-22 00:00:00+00:00,-0.00209393
2017-02-23 00:00:00+00:00,-0.00269623
2017-02-24 00:00:00+00:00,-0.01288969
2017-02-27 00:00:00+00:00,0.00392157
2017-02-28 00:00:00+00:00,-0.00271003
2017-03-01 00:00:00+00:00,0.04434389
2017-03-02 00:00:00+00:00,-0.00353982
2017-03-03 00:00:00+00:00,0.01329787
2017-03-06 00:00:00+00:00,-0.00558167
2017-03-07 00:00:00+00:00,-0.00706506
2017-03-08 00:00:00+00:00,-0.00152510
2017-03-09 00:00:00+00:00,0.01951508
2017-03-10 00:00:00+00:00,-0.00029291
2017-03-13 00:00:00+00:00,0.00498096
2017-03-14 00:00:00+00:00,-0.02893045
2017-03-15 00:00:00+00:00,0.01414385
2017-03-16 00:00:00+00:00,0.01134667
2017-03-17 00:00:00+00:00,0.00178306
2017-03-20 00:00:00+00:00,-0.00652819
2017-03-21 00:00:00+00:00,-0.00953232
2017-03-22 00:00:00+00:00,0.00389105
2017-03-23 00:00:00+00:00,0.01104807
2017-03-24 00:00:00+00:00,0.00178147
2017-03-27 00:00:00+00:00,-0.00029682
2017-03-28 00:00:00+00:00,0.01691897
2017-03-29 00:00:00+00:00,0.00235502
2017-03-30 00:00:00+00:00,0.00587889
2017-03-31 00:00:00+00:00,0.01143360
2017-04-03 00:00:00+00:00,-0.01137026
2017-04-04 00:00:00+00:00,0.00322392
2017-04-05 00:00:00+00:00,-0.01667154
2017-04-06 00:00:00+00:00,0.01683900
2017-04-07 00:00:00+00:00,0.00643651
2017-04-10 00:00:00+00:00,-0.01195684
2017-04-11 00:00:00+00:00,0.00205520
2017-04-12 00:00:00+00:00,-0.01054173
2017-04-13 00:00:00+00:00,-0.01002654
2017-04-18 00:00:00+00:00,-0.02191294
2017-04-19 00:00:00+00:00,0.00029949
2017-04-20 00:00:00+00:00,0.02005388
2017-04-21 00:00:00+00:00,0.00266904
2017-04-24 00:00:00+00:00,0.07965650
2017-04-25 00:00:00+00:00,0.00398293
2017-04-26 00:00:00+00:00,-0.01137010
2017-04-27 00:00:00+00:00,0.00142939
2017-04-28 00:00:00+00:00,-0.00199943
2017-05-02 00:00:00+00:00,0.01943968
2017-05-03 00:00:00+00:00,0.00283046
2017-05-04 00:00:00+00:00,0.02488688
2017-05-05 00:00:00+00:00,0.03462720
2017-05-08 00:00:00+00:00,-0.02030178
2017-05-09 00:00:00+00:00,-0.00083172
2017-05-10 00:00:00+00:00,0.00416089
2017-05-11 00:00:00+00:00,-0.00636590
2017-05-12 00:00:00+00:00,0.00499861
2017-05-15 00:00:00+00:00,0.00470914
2017-05-16 00:00:00+00:00,0.00193477
2017-05-17 00:00:00+00:00,-0.04611986
2017-05-18 00:00:00+00:00,0.00593556
2017-05-19 00:00:00+00:00,0.00930364
2017-05-22 00:00:00+00:00,-0.00322309
2017-05-23 00:00:00+00:00,0.01362934
2017-05-24 00:00:00+00:00,-0.00781250
2017-05-25 00:00:00+00:00,-0.00027996
2017-05-26 00:00:00+00:00,-0.00308210
2017-05-29 00:00:00+00:00,-0.00252525
2017-05-30 00:00:00+00:00,-0.00730542
2017-05-31 00:00:00+00:00,0.00253807
2017-06-01 00:00:00+00:00,0.01351732
2017-06-02 00:00:00+00:00,0.01062937
2017-06-05 00:00:00+00:00,-0.01140473
2017-06-06 00:00:00+00:00,-0.01650350
2017-06-07 00:00:00+00:00,0.00338505
2017-06-08 00:00:00+00:00,0.01037160
2017-06-09 00:00:00+00:00,0.00140135
2017-06-12 00:00:00+00:00,-0.01652661
2017-06-13 00:00:00+00:00,0.01383399
2017-06-14 00:00:00+00:00,-0.00476725
2017-06-15 00:00:00+00:00,-0.01521555
2017-06-16 00:00:00+00:00,0.01164773
2017-06-19 00:00:00+00:00,0.02145680
2017-06-20 00:00:00+00:00,-0.01648045
2017-06-21 00:00:00+00:00,-0.00535513
2017-06-22 00:00:00+00:00,0.00084746
2017-06-23 00:00:00+00:00,-0.00367335
2017-06-26 00:00:00+00:00,0.01272984
2017-06-27 00:00:00+00:00,-0.02672293
2017-06-28 00:00:00+00:00,0.01510832
2017-06-29 00:00:00+00:00,-0.04470855
2017-06-30 00:00:00+00:00,-0.00376049
2017-07-03 00:00:00+00:00,0.01189095
2017-07-04 00:00:00+00:00,-0.00000000
2017-07-05 00:00:00+00:00,0.00374532
2017-07-06 00:00:00+00:00,-0.01867816
2017-07-07 00:00:00+00:00,0.01190131
2017-07-12 00:00:00+00:00,0.02914863
2017-07-13 00:00:00+00:00,0.00883443
2017-07-14 00:00:00+00:00,-0.00056705
2017-07-17 00:00:00+00:00,-0.01078014
2017-07-18 00:00:00+00:00,-0.01654307
2017-07-19 00:00:00+00:00,0.01351351
2017-07-20 00:00:00+00:00,-0.00457143
2017-07-21 00:00:00+00:00,-0.02262314
2017-07-24 00:00:00+00:00,0.00173712
2017-07-25 00:00:00+00:00,0.00723380
2017-07-26 00:00:00+00:00,0.00288351
2017-07-27 00:00:00+00:00,0.00086331
2017-07-28 00:00:00+00:00,-0.00806219
2017-07-31 00:00:00+00:00,-0.01270942
2017-08-01 00:00:00+00:00,0.02065154
2017-08-02 00:00:00+00:00,-0.01008646
2017-08-03 00:00:00+00:00,0.00028927
2017-08-04 00:00:00+00:00,0.02688638
2017-08-07 00:00:00+00:00,-0.00142653
2017-08-08 00:00:00+00:00,-0.00371216
2017-08-09 00:00:00+00:00,-0.01344778
2017-08-10 00:00:00+00:00,-0.03370787
2017-08-11 00:00:00+00:00,-0.00585652
2017-08-14 00:00:00+00:00,0.02527182
2017-08-15 00:00:00+00:00,0.01044689
2017-08-16 00:00:00+00:00,0.00519781
2017-08-17 00:00:00+00:00,-0.02474820
2017-08-18 00:00:00+00:00,0.00553613
2017-08-21 00:00:00+00:00,-0.01134051
2017-08-22 00:00:00+00:00,0.02309266
2017-08-23 00:00:00+00:00,-0.01271676
2017-08-24 00:00:00+00:00,0.00261856
2017-08-25 00:00:00+00:00,-0.00464711
2017-08-28 00:00:00+00:00,-0.01019220
2017-08-29 00:00:00+00:00,-0.00818953
2017-08-30 00:00:00+00:00,0.00440788
2017-08-31 00:00:00+00:00,0.00908824
2017-09-01 00:00:00+00:00,0.01254742
2017-09-04 00:00:00+00:00,-0.00783063
2017-09-05 00:00:00+00:00,-0.01717613
2017-09-06 00:00:00+00:00,0.02524956
2017-09-07 00:00:00+00:00,-0.00033811
2017-09-08 00:00:00+00:00,-0.00173863
2017-09-11 00:00:00+00:00,0.03281069
2017-09-12 00:00:00+00:00,0.00657143
2017-09-13 00:00:00+00:00,-0.00113928
2017-09-14 00:00:00+00:00,0.00256630
2017-09-15 00:00:00+00:00,-0.00484055
2017-09-18 00:00:00+00:00,0.00456621
2017-09-19 00:00:00+00:00,0.00113895
2017-09-20 00:00:00+00:00,0.01110478
2017-09-21 00:00:00+00:00,-0.00396376
2017-09-22 00:00:00+00:00,0.00198469
2017-09-25 00:00:00+00:00,-0.00424929
2017-09-26 00:00:00+00:00,-0.00127696
2017-09-27 00:00:00+00:00,0.01690101
2017-09-28 00:00:00+00:00,0.00253521
2017-09-29 00:00:00+00:00,0.01603376
2017-10-02 00:00:00+00:00,0.00697934
2017-10-03 00:00:00+00:00,0.00305981
2017-10-04 00:00:00+00:00,-0.01054969
2017-10-05 00:00:00+00:00,0.01367951
2017-10-06 00:00:00+00:00,-0.00554631
2017-10-09 00:00:00+00:00,-0.00388997
2017-10-10 00:00:00+00:00,0.00863510
2017-10-11 00:00:00+00:00,-0.00277469
2017-10-12 00:00:00+00:00,-0.00166620
2017-10-13 00:00:00+00:00,0.00027809
2017-10-16 00:00:00+00:00,0.00222346
2017-10-17 00:00:00+00:00,0.00430316
2017-10-18 00:00:00+00:00,0.00290738
2017-10-19 00:00:00+00:00,-0.00940265
2017-10-20 00:00:00+00:00,0.00138966
2017-10-23 00:00:00+00:00,-0.00361111
2017-10-24 00:00:00+00:00,0.00528512
2017-10-25 00:00:00+00:00,-0.00832639
2017-10-26 00:00:00+00:00,0.02814154
2017-10-27 00:00:00+00:00,0.00467675
2017-10-30 00:00:00+00:00,0.00411410
2017-10-31 00:00:00+00:00,0.01314348
2017-11-01 00:00:00+00:00,0.00679717
2017-11-02 00:00:00+00:00,-0.00054201
2017-11-03 00:00:00+00:00,-0.00406504
2017-11-06 00:00:00+00:00,-0.00108696
2017-11-07 00:00:00+00:00,-0.01575659
2017-11-08 00:00:00+00:00,0.00109529
2017-11-09 00:00:00+00:00,-0.02547247
2017-11-10 00:00:00+00:00,-0.01080931
2017-11-13 00:00:00+00:00,-0.00585121
2017-11-14 00:00:00+00:00,-0.01565996
2017-11-15 00:00:00+00:00,-0.00478604
2017-11-16 00:00:00+00:00,0.01694915
2017-11-17 00:00:00+00:00,-0.01456583
2017-11-20 00:00:00+00:00,0.00677392
2017-11-21 00:00:00+00:00,0.01322082
2017-11-22 00:00:00+00:00,-0.01284916
2017-11-23 00:00:00+00:00,0.00618673
2017-11-24 00:00:00+00:00,0.00588895
2017-11-27 00:00:00+00:00,-0.00670953
2017-11-28 00:00:00+00:00,0.01879910
2017-11-29 00:00:00+00:00,-0.00152735
2017-11-30 00:00:00+00:00,-0.01622071
2017-12-01 00:00:00+00:00,-0.01318373
2017-12-04 00:00:00+00:00,0.01212976
2017-12-05 00:00:00+00:00,-0.00504909
2017-12-06 00:00:00+00:00,0.00140607
2017-12-07 00:00:00+00:00,0.01147209
2017-12-08 00:00:00+00:00,0.00893855
2017-12-11 00:00:00+00:00,-0.00278242
2017-12-12 00:00:00+00:00,0.00278474
2017-12-13 00:00:00+00:00,-0.01139522
2017-12-14 00:00:00+00:00,-0.01208884
2017-12-15 00:00:00+00:00,0.01216407
2017-12-18 00:00:00+00:00,0.02109111
2017-12-19 00:00:00+00:00,-0.01168289
2017-12-20 00:00:00+00:00,-0.01986570
2017-12-21 00:00:00+00:00,0.00650085
2017-12-22 00:00:00+00:00,-0.00112771
2017-12-27 00:00:00+00:00,-0.00761207
2017-12-28 00:00:00+00:00,-0.01272624
2017-12-29 00:00:00+00:00,-0.01679476
2018-01-02 00:00:00+00:00,-0.00459638
2018-01-03 00:00:00+00:00,0.01753882
2018-01-04 00:00:00+00:00,0.02850627
2018-01-05 00:00:00+00:00,0.02445881
2018-01-08 00:00:00+00:00,0.00500556
2018-01-09 00:00:00+00:00,0.00443582
2018-01-10 00:00:00+00:00,-0.01189488
2018-01-11 00:00:00+00:00,-0.00166898
2018-01-12 00:00:00+00:00,0.00500695
2018-01-15 00:00:00+00:00,0.00027770
2018-01-16 00:00:00+00:00,-0.00611281
2018-01-17 00:00:00+00:00,0.01559889
2018-01-18 00:00:00+00:00,-0.00138313
2018-01-19 00:00:00+00:00,0.01604426
2018-01-22 00:00:00+00:00,0.01179375
2018-01-23 00:00:00+00:00,-0.00327422
2018-01-24 00:00:00+00:00,-0.00983607
2018-01-25 00:00:00+00:00,-0.00658979
2018-01-26 00:00:00+00:00,0.01378170
2018-01-29 00:00:00+00:00,-0.01176149
2018-01-30 00:00:00+00:00,-0.01761630
2018-01-31 00:00:00+00:00,0.00277701
2018-02-01 00:00:00+00:00,-0.01970580
2018-02-02 00:00:00+00:00,-0.04115342
2018-02-05 00:00:00+00:00,-0.07353362
2018-02-06 00:00:00+00:00,0.05814298
2018-02-07 00:00:00+00:00,-0.02017291
2018-02-08 00:00:00+00:00,-0.05362868
2018-02-09 00:00:00+00:00,0.00569374
2018-02-12 00:00:00+00:00,0.02089552
2018-02-13 00:00:00+00:00,-0.02008863
2018-02-14 00:00:00+00:00,0.02149254
2018-02-15 00:00:00+00:00,0.00560968
2018-02-16 00:00:00+00:00,0.01915709
2018-02-19 00:00:00+00:00,-0.01430657
2018-02-20 00:00:00+00:00,0.00734646
2018-02-21 00:00:00+00:00,0.00512295
2018-02-22 00:00:00+00:00,-0.00277494
2018-02-23 00:00:00+00:00,0.02045587
2018-02-26 00:00:00+00:00,0.01215630
2018-02-27 00:00:00+00:00,-0.02099511
2018-02-28 00:00:00+00:00,-0.01365882
2018-03-01 00:00:00+00:00,-0.02780217
2018-03-02 00:00:00+00:00,-0.02181656
2018-03-05 00:00:00+00:00,0.02199611
2018-03-06 00:00:00+00:00,-0.00356189
2018-03-07 00:00:00+00:00,0.01218063
2018-03-08 00:00:00+00:00,0.01797268
2018-03-09 00:00:00+00:00,0.00292826
2018-03-12 00:00:00+00:00,0.00233918
2018-03-13 00:00:00+00:00,-0.02511682
2018-03-14 00:00:00+00:00,-0.02335896
2018-03-15 00:00:00+00:00,0.01362398
2018-03-16 00:00:00+00:00,0.01111445
2018-03-19 00:00:00+00:00,-0.01943780
2018-03-20 00:00:00+00:00,0.01117150
2018-03-21 00:00:00+00:00,-0.01771772
2018-03-22 00:00:00+00:00,-0.04453196
2018-03-23 00:00:00+00:00,-0.02789833
2018-03-26 00:00:00+00:00,0.02105594
2018-03-27 00:00:00+00:00,-0.01492073
2018-03-28 00:00:00+00:00,0.03446115
2018-03-29 00:00:00+00:00,0.02249615
2018-04-03 00:00:00+00:00,-0.00578387
2018-04-04 00:00:00+00:00,0.00519243
2018-04-05 00:00:00+00:00,0.03564899
2018-04-06 00:00:00+00:00,-0.02336729
2018-04-09 00:00:00+00:00,0.01514234
2018-04-10 00:00:00+00:00,0.01683198
2018-04-11 00:00:00+00:00,-0.01073665
2018-04-12 00:00:00+00:00,0.01649175
2018-04-13 00:00:00+00:00,0.00237812
2018-04-16 00:00:00+00:00,-0.00089021
2018-04-17 00:00:00+00:00,0.02286223
2018-04-18 00:00:00+00:00,0.00704846
2018-04-19 00:00:00+00:00,-0.00585309
2018-04-20 00:00:00+00:00,0.00499119
2018-04-23 00:00:00+00:00,0.01112087
2018-04-24 00:00:00+00:00,-0.01250363
2018-04-25 00:00:00+00:00,0.00615114
2018-04-26 00:00:00+00:00,0.01635514
2018-04-27 00:00:00+00:00,0.00289603
2018-04-30 00:00:00+00:00,0.00318656
2018-05-02 00:00:00+00:00,0.01589595
2018-05-03 00:00:00+00:00,-0.00171920
2018-05-04 00:00:00+00:00,0.01261106
2018-05-07 00:00:00+00:00,0.00256483
2018-05-08 00:00:00+00:00,0.00284414
2018-05-09 00:00:00+00:00,0.00653595
2018-05-10 00:00:00+00:00,0.00283286
2018-05-11 00:00:00+00:00,-0.00367647
2018-05-14 00:00:00+00:00,-0.00113347
2018-05-15 00:00:00+00:00,0.00255102
2018-05-16 00:00:00+00:00,0.00254813
2018-05-17 00:00:00+00:00,0.00819904
2018-05-18 00:00:00+00:00,-0.00365991
2018-05-21 00:00:00+00:00,0.00705219
2018-05-22 00:00:00+00:00,0.00309162
2018-05-23 00:00:00+00:00,-0.01966292
2018-05-24 00:00:00+00:00,-0.00850581
2018-05-25 00:00:00+00:00,-0.01166762
2018-05-28 00:00:00+00:00,-0.01518190
2018-05-29 00:00:00+00:00,-0.03549784
2018-05-30 00:00:00+00:00,0.02261380
2018-05-31 00:00:00+00:00,-0.01626489
2018-06-01 00:00:00+00:00,0.02343292
2018-06-04 00:00:00+00:00,0.00434153
2018-06-05 00:00:00+00:00,-0.00808781
2018-06-06 00:00:00+00:00,0.00275522
2018-06-08 00:00:00+00:00,-0.00338085
2018-06-11 00:00:00+00:00,0.02146172
2018-06-12 00:00:00+00:00,-0.00745627
2018-06-13 00:00:00+00:00,-0.00201613
2018-06-14 00:00:00+00:00,0.03780664
2018-06-15 00:00:00+00:00,-0.01304594
2018-06-18 00:00:00+00:00,-0.02708868
2018-06-19 00:00:00+00:00,-0.01155735
2018-06-20 00:00:00+00:00,-0.00261552
2018-06-21 00:00:00+00:00,-0.02590975
2018-06-22 00:00:00+00:00,0.01888463
2018-06-25 00:00:00+00:00,-0.03451302
2018-06-26 00:00:00+00:00,0.00654957
2018-06-27 00:00:00+00:00,-0.00356083
2018-06-28 00:00:00+00:00,0.00089127
2018-06-29 00:00:00+00:00,0.00296912
2018-07-02 00:00:00+00:00,0.00088915
2018-07-03 00:00:00+00:00,0.00770370
2018-07-04 00:00:00+00:00,0.00973739
2018-07-05 00:00:00+00:00,0.01791483
2018-07-06 00:00:00+00:00,0.00290867
2018-07-09 00:00:00+00:00,0.00988372
2018-07-10 00:00:00+00:00,0.00347021
2018-07-11 00:00:00+00:00,-0.02683983
2018-07-12 00:00:00+00:00,0.01522694
2018-07-13 00:00:00+00:00,0.00174216
2018-07-16 00:00:00+00:00,-0.00058021
2018-07-17 00:00:00+00:00,0.00870322
2018-07-18 00:00:00+00:00,0.00953757
2018-07-19 00:00:00+00:00,-0.00891830
2018-07-20 00:00:00+00:00,-0.00404507
2018-07-23 00:00:00+00:00,0.00086931
2018-07-24 00:00:00+00:00,0.01041968
2018-07-25 00:00:00+00:00,0.01007774
2018-07-26 00:00:00+00:00,0.00516055
2018-07-27 00:00:00+00:00,0.00342955
2018-07-30 00:00:00+00:00,-0.00370793
2018-07-31 00:00:00+00:00,0.00942857
2018-08-01 00:00:00+00:00,-0.00852031
2018-08-02 00:00:00+00:00,-0.00913764
2018-08-03 00:00:00+00:00,0.00057372
2018-08-06 00:00:00+00:00,-0.00286862
2018-08-07 00:00:00+00:00,0.01235277
2018-08-08 00:00:00+00:00,-0.00856164
2018-08-09 00:00:00+00:00,0.00114745
2018-08-10 00:00:00+00:00,-0.03954155
2018-08-13 00:00:00+00:00,-0.00584624
2018-08-14 00:00:00+00:00,-0.00058634
2018-08-15 00:00:00+00:00,-0.03929619
2018-08-16 00:00:00+00:00,0.02153754
2018-08-17 00:00:00+00:00,-0.00591891
2018-08-20 00:00:00+00:00,0.01424755
2018-08-21 00:00:00+00:00,0.00854701
2018-08-22 00:00:00+00:00,0.00704432
2018-08-23 00:00:00+00:00,-0.00263312
2018-08-24 00:00:00+00:00,0.00761347
2018-08-27 00:00:00+00:00,0.01691455
2018-08-28 00:00:00+00:00,-0.00520683
2018-08-29 00:00:00+00:00,0.00435161
2018-08-30 00:00:00+00:00,-0.01967023
2018-08-31 00:00:00+00:00,-0.01870798
2018-09-05 00:00:00+00:00,-0.03184901
2018-09-06 00:00:00+00:00,-0.00903614
2018-09-07 00:00:00+00:00,-0.01088929
2018-09-13 00:00:00+00:00,0.01947064
2018-09-14 00:00:00+00:00,0.00179695
2018-09-17 00:00:00+00:00,-0.00358959
2018-09-18 00:00:00+00:00,0.00420294
2018-09-19 00:00:00+00:00,0.00808868
2018-09-20 00:00:00+00:00,0.02536556
2018-09-25 00:00:00+00:00,0.00736594
2018-09-26 00:00:00+00:00,0.00381904
2018-09-27 00:00:00+00:00,0.00791789
2018-09-28 00:00:00+00:00,-0.02656934
2018-10-04 00:00:00+00:00,-0.01920804
2018-10-05 00:00:00+00:00,-0.02083333
2018-10-11 00:00:00+00:00,-0.06520433
2018-10-12 00:00:00+00:00,0.00345369
2018-10-16 00:00:00+00:00,0.03605016
2018-10-17 00:00:00+00:00,-0.00830003
2018-10-18 00:00:00+00:00,-0.03021893
2018-10-19 00:00:00+00:00,0.00751644
2018-10-26 00:00:00+00:00,-0.03250000
2018-10-29 00:00:00+00:00,-0.00096092
2018-10-30 00:00:00+00:00,0.02400000
2018-10-31 00:00:00+00:00,0.01233007
2018-11-01 00:00:00+00:00,0.01132075
2018-11-02 00:00:00+00:00,0.01062168
2018-11-07 00:00:00+00:00,0.02672467
2018-11-08 00:00:00+00:00,-0.01658986
2018-11-09 00:00:00+00:00,-0.00030979
2018-11-14 00:00:00+00:00,-0.01736973
2018-11-15 00:00:00+00:00,0.00782473
2018-11-16 00:00:00+00:00,-0.01495793
2018-11-20 00:00:00+00:00,-0.04022627
2018-11-21 00:00:00+00:00,0.02354839
2018-11-22 00:00:00+00:00,-0.01273885
2018-11-27 00:00:00+00:00,0.01378205
2018-11-28 00:00:00+00:00,0.01925505
2018-11-29 00:00:00+00:00,-0.01032541
2018-12-04 00:00:00+00:00,-0.03682720
2018-12-05 00:00:00+00:00,0.00350542
2018-12-06 00:00:00+00:00,-0.03756765
2018-12-07 00:00:00+00:00,-0.02758845
2018-12-12 00:00:00+00:00,0.03185989
2018-12-13 00:00:00+00:00,0.00032268
2018-12-14 00:00:00+00:00,-0.01290323
2018-12-17 00:00:00+00:00,-0.00915033
2018-12-18 00:00:00+00:00,-0.01115120
2018-12-19 00:00:00+00:00,-0.01945910
2018-12-20 00:00:00+00:00,-0.02299234
2018-12-21 00:00:00+00:00,-0.01109990
2019-01-03 00:00:00+00:00,-0.01186039
2019-01-04 00:00:00+00:00,0.05269400
2019-01-07 00:00:00+00:00,-0.00016537
2019-01-08 00:00:00+00:00,0.02084022
2019-01-09 00:00:00+00:00,0.00196657
2019-01-10 00:00:00+00:00,0.00816727
2019-01-11 00:00:00+00:00,-0.00943703
2019-01-16 00:00:00+00:00,0.00457516
2019-01-17 00:00:00+00:00,0.00228385
2019-01-18 00:00:00+00:00,0.03972647
2019-01-21 00:00:00+00:00,-0.00767263
2019-01-22 00:00:00+00:00,-0.01860167
2019-01-23 00:00:00+00:00,0.00841424
2019-01-24 00:00:00+00:00,0.01208897
2019-01-25 00:00:00+00:00,0.01648791
2019-01-30 00:00:00+00:00,0.00984752
2019-01-31 00:00:00+00:00,0.00063311
2019-02-01 00:00:00+00:00,0.00284540
2019-02-05 00:00:00+00:00,0.03125987
2019-02-06 00:00:00+00:00,-0.00249299
2019-02-07 00:00:00+00:00,-0.03243918
2019-02-08 00:00:00+00:00,-0.00475587
2019-02-13 00:00:00+00:00,0.02161475
2019-02-14 00:00:00+00:00,-0.01124297
2019-02-25 00:00:00+00:00,0.00282575
2019-02-26 00:00:00+00:00,0.03296703
2019-02-27 00:00:00+00:00,-0.00274140
2019-02-28 00:00:00+00:00,0.00853398
2019-03-01 00:00:00+00:00,0.01486650
2019-03-05 00:00:00+00:00,0.00421560
2019-03-06 00:00:00+00:00,-0.00360902
2019-03-07 00:00:00+00:00,-0.01084337
2019-03-08 00:00:00+00:00,-0.00337831
2019-03-12 00:00:00+00:00,0.00455097
2019-03-13 00:00:00+00:00,-0.01058041
2019-03-14 00:00:00+00:00,-0.00881459
2019-03-15 00:00:00+00:00,0.02422570
2019-03-18 00:00:00+00:00,0.00120992
2019-03-19 00:00:00+00:00,0.01513775
2019-03-20 00:00:00+00:00,-0.01983173
2019-03-22 00:00:00+00:00,-0.04704097
2019-03-27 00:00:00+00:00,0.00964530
2019-03-28 00:00:00+00:00,-0.00061690
2019-03-29 00:00:00+00:00,0.02344955
2019-04-01 00:00:00+00:00,0.02348277
2019-04-02 00:00:00+00:00,0.00934298
2019-04-03 00:00:00+00:00,0.01500150
2019-04-04 00:00:00+00:00,0.00282906
2019-04-08 00:00:00+00:00,-0.00134028
2019-04-09 00:00:00+00:00,-0.01367420
2019-04-10 00:00:00+00:00,0.00748279
2019-04-11 00:00:00+00:00,0.00447361
2019-04-12 00:00:00+00:00,0.01011303
2019-04-15 00:00:00+00:00,-0.00044392
2019-04-16 00:00:00+00:00,0.00696193
2019-04-17 00:00:00+00:00,0.01121606
2019-04-18 00:00:00+00:00,0.01584042
2019-04-25 00:00:00+00:00,-0.00029112
2019-04-26 00:00:00+00:00,0.00174774
2019-05-02 00:00:00+00:00,-0.00611176
2019-05-03 00:00:00+00:00,0.01455180
2019-05-08 00:00:00+00:00,-0.01878613
2019-05-09 00:00:00+00:00,-0.01778305
2019-05-10 00:00:00+00:00,0.01077199
2019-05-15 00:00:00+00:00,0.00594884
2019-05-16 00:00:00+00:00,0.02802624
2019-05-17 00:00:00+00:00,-0.00852440
2019-05-23 00:00:00+00:00,-0.04014168
2019-05-24 00:00:00+00:00,0.01962560
2019-05-27 00:00:00+00:00,0.00508221
2019-05-28 00:00:00+00:00,-0.00835322
2019-05-29 00:00:00+00:00,-0.02456561
2019-05-30 00:00:00+00:00,0.01213224
2019-05-31 00:00:00+00:00,-0.02773591
2019-06-04 00:00:00+00:00,0.03178484
2019-06-05 00:00:00+00:00,0.00389805
2019-06-06 00:00:00+00:00,0.00029931
2019-06-07 00:00:00+00:00,0.01940725
2019-06-10 00:00:00+00:00,0.00355872
2019-06-11 00:00:00+00:00,0.00917431
2019-06-12 00:00:00+00:00,-0.00795287
2019-06-13 00:00:00+00:00,-0.00206978
2019-06-14 00:00:00+00:00,-0.00148148
2019-06-17 00:00:00+00:00,-0.00118624
2019-06-18 00:00:00+00:00,0.04214901
2019-06-19 00:00:00+00:00,0.00348432
2019-06-20 00:00:00+00:00,0.00812536
2019-06-21 00:00:00+00:00,-0.01328712
2019-06-25 00:00:00+00:00,-0.01046207
2019-06-26 00:00:00+00:00,0.00408998
2019-06-27 00:00:00+00:00,0.00204260
2019-06-28 00:00:00+00:00,0.01572510
2019-07-01 00:00:00+00:00,0.01473563
2019-07-02 00:00:00+00:00,0.00745841
2019-07-03 00:00:00+00:00,0.01714776
2019-07-04 00:00:00+00:00,0.00283366
2019-07-05 00:00:00+00:00,-0.00962083
2019-07-08 00:00:00+00:00,-0.00056867
2019-07-09 00:00:00+00:00,-0.00654152
2019-07-10 00:00:00+00:00,-0.00456361
2019-07-11 00:00:00+00:00,-0.00514433
2019-07-12 00:00:00+00:00,-0.00085985
2019-07-15 00:00:00+00:00,0.00803213
2019-07-16 00:00:00+00:00,0.00685714
2019-07-17 00:00:00+00:00,-0.01309795
2019-07-18 00:00:00+00:00,-0.00889271
2019-07-19 00:00:00+00:00,-0.00086232
2019-07-22 00:00:00+00:00,0.00576701
2019-07-23 00:00:00+00:00,0.02814474
2019-07-24 00:00:00+00:00,-0.00169924
2019-07-25 00:00:00+00:00,-0.01077098
2019-07-26 00:00:00+00:00,0.00598461
2019-07-29 00:00:00+00:00,0.00255682
2019-07-30 00:00:00+00:00,-0.03688990
2019-07-31 00:00:00+00:00,0.00173461
2019-08-01 00:00:00+00:00,0.01097631
2019-08-02 00:00:00+00:00,-0.05975294
2019-08-05 00:00:00+00:00,-0.03938407
2019-08-06 00:00:00+00:00,-0.01148036
2019-08-07 00:00:00+00:00,0.00577332
2019-08-08 00:00:00+00:00,0.03453499
2019-08-09 00:00:00+00:00,-0.02084574
2019-08-12 00:00:00+00:00,0.00120373
2019-08-13 00:00:00+00:00,0.02045113
2019-08-14 00:00:00+00:00,-0.04644239
2019-08-15 00:00:00+00:00,0.00000000
2019-08-16 00:00:00+00:00,0.02682109
2019-08-19 00:00:00+00:00,0.02496241
2019-08-20 00:00:00+00:00,-0.01217701
2019-08-21 00:00:00+00:00,0.02570233
2019-08-22 00:00:00+00:00,-0.01357333
2019-08-23 00:00:00+00:00,-0.01574569
2019-08-26 00:00:00+00:00,0.00449102
2019-08-27 00:00:00+00:00,0.00239020
2019-08-28 00:00:00+00:00,0.00745823
2019-08-29 00:00:00+00:00,0.02942051
2019-08-30 00:00:00+00:00,0.01054791
2019-09-02 00:00:00+00:00,-0.00058275
2019-09-03 00:00:00+00:00,-0.00932945
2019-09-04 00:00:00+00:00,0.02284710
2019-09-05 00:00:00+00:00,0.01476549
2019-09-06 00:00:00+00:00,0.00402299
2019-09-09 00:00:00+00:00,0.00454047
2019-09-10 00:00:00+00:00,0.00314825
2019-09-11 00:00:00+00:00,0.00799771
2019-09-12 00:00:00+00:00,0.01594079
2019-09-13 00:00:00+00:00,-0.00423609
2019-09-16 00:00:00+00:00,-0.00935905
2019-09-17 00:00:00+00:00,-0.00256410
2019-09-18 00:00:00+00:00,0.00741586
2019-09-19 00:00:00+00:00,0.00567698
2019-09-20 00:00:00+00:00,0.00594901
2019-09-25 00:00:00+00:00,-0.01923077
2019-09-26 00:00:00+00:00,0.02089894
2019-09-30 00:00:00+00:00,0.01302747
2019-10-01 00:00:00+00:00,-0.02981716
2019-10-02 00:00:00+00:00,-0.05314286
2019-10-03 00:00:00+00:00,-0.00381455
2019-10-04 00:00:00+00:00,0.01265823
2019-10-09 00:00:00+00:00,0.01477905
2019-10-10 00:00:00+00:00,-0.00217675
2019-10-11 00:00:00+00:00,0.06117715
2019-10-14 00:00:00+00:00,-0.00225797
2019-10-15 00:00:00+00:00,0.02680587
2019-10-16 00:00:00+00:00,0.00083519
2019-10-17 00:00:00+00:00,-0.00278319
2019-10-23 00:00:00+00:00,0.00418060
2019-10-24 00:00:00+00:00,0.00722624
2019-10-25 00:00:00+00:00,0.00166159
2019-10-28 00:00:00+00:00,0.00415167
2019-10-29 00:00:00+00:00,-0.00552334
2019-10-30 00:00:00+00:00,-0.00055386
2019-10-31 00:00:00+00:00,-0.00110803
2019-11-01 00:00:00+00:00,0.00415628
2019-11-04 00:00:00+00:00,0.02299806
2019-11-05 00:00:00+00:00,0.00642603
2019-11-06 00:00:00+00:00,0.00558812
2019-11-07 00:00:00+00:00,0.00978527
2019-11-08 00:00:00+00:00,0.00243441
2019-11-11 00:00:00+00:00,-0.00405186
2019-11-12 00:00:00+00:00,0.00920411
2019-11-13 00:00:00+00:00,-0.00970089
2019-11-14 00:00:00+00:00,-0.00487409
2019-11-15 00:00:00+00:00,0.00841477
2019-11-18 00:00:00+00:00,-0.00445224
2019-11-21 00:00:00+00:00,-0.00176223
2019-11-22 00:00:00+00:00,0.00244432
2019-11-25 00:00:00+00:00,0.01004071
2019-11-26 00:00:00+00:00,-0.00026991
2019-11-27 00:00:00+00:00,0.00107991
2019-11-28 00:00:00+00:00,-0.00350783
2019-11-29 00:00:00+00:00,-0.00270270
2019-12-02 00:00:00+00:00,-0.03682643
2019-12-03 00:00:00+00:00,-0.00992556
2019-12-04 00:00:00+00:00,0.02604600
2019-12-05 00:00:00+00:00,0.00273523
2019-12-06 00:00:00+00:00,0.01638002
2019-12-09 00:00:00+00:00,-0.01196889
2019-12-10 00:00:00+00:00,-0.00109022
2019-12-11 00:00:00+00:00,0.01199891
2019-12-12 00:00:00+00:00,0.01111412
2019-12-13 00:00:00+00:00,0.00512267
2019-12-16 00:00:00+00:00,0.01689914
2019-12-17 00:00:00+00:00,-0.01436552
2019-12-18 00:00:00+00:00,-0.00133976
2019-12-20 00:00:00+00:00,0.01742627
2019-12-23 00:00:00+00:00,0.00265887
2019-12-27 00:00:00+00:00,0.00238980
2019-12-30 00:00:00+00:00,-0.02175066
2020-01-02 00:00:00+00:00,0.02842585
2020-01-03 00:00:00+00:00,-0.01480698
2020-01-06 00:00:00+00:00,-0.00799148
2020-01-07 00:00:00+00:00,0.01043060
2020-01-08 00:00:00+00:00,0.00132943
2020-01-09 00:00:00+00:00,0.01010370
2020-01-10 00:00:00+00:00,-0.00688195
2020-01-13 00:00:00+00:00,-0.00159278
2020-01-14 00:00:00+00:00,-0.00106270
2020-01-15 00:00:00+00:00,-0.00318979
2020-01-16 00:00:00+00:00,0.00319489
2020-01-17 00:00:00+00:00,0.01967039
2020-01-20 00:00:00+00:00,-0.00473435
2020-01-21 00:00:00+00:00,-0.00633245
2020-01-22 00:00:00+00:00,-0.00979354
2020-01-23 00:00:00+00:00,-0.01729183
2020-01-24 00:00:00+00:00,0.01502549
2020-01-27 00:00:00+00:00,-0.04474035
2020-01-28 00:00:00+00:00,0.02070281
2020-01-29 00:00:00+00:00,0.01132381
2020-01-30 00:00:00+00:00,-0.02734584
2020-01-31 00:00:00+00:00,-0.03642294
2020-02-03 00:00:00+00:00,0.02322367
2020-02-04 00:00:00+00:00,0.03721949
2020-02-05 00:00:00+00:00,0.02579258
2020-02-06 00:00:00+00:00,0.01538462
2020-02-07 00:00:00+00:00,-0.00868650
2020-02-10 00:00:00+00:00,0.00317209
2020-02-11 00:00:00+00:00,0.01900238
2020-02-12 00:00:00+00:00,0.01150327
2020-02-13 00:00:00+00:00,-0.00571874
2020-02-14 00:00:00+00:00,0.00052138
2020-02-24 00:00:00+00:00,-0.03909304
2020-02-25 00:00:00+00:00,-0.06228825
2020-02-26 00:00:00+00:00,-0.03540305
2020-02-27 00:00:00+00:00,-0.05623057
2020-02-28 00:00:00+00:00,-0.05785363
2020-03-02 00:00:00+00:00,-0.01094027
2020-03-03 00:00:00+00:00,0.02246181
2020-03-04 00:00:00+00:00,0.02060035
2020-03-05 00:00:00+00:00,-0.00327286
2020-03-06 00:00:00+00:00,-0.10191638
2020-03-09 00:00:00+00:00,-0.11258042
2020-03-10 00:00:00+00:00,0.02554622
2020-03-11 00:00:00+00:00,-0.06185567
2020-03-12 00:00:00+00:00,-0.11698544
2020-03-13 00:00:00+00:00,-0.00519584
2020-03-16 00:00:00+00:00,-0.09891870
2020-03-17 00:00:00+00:00,0.04048925
2020-03-18 00:00:00+00:00,-0.08511530
2020-03-19 00:00:00+00:00,0.05790838
2020-03-20 00:00:00+00:00,0.00461991
2020-03-23 00:00:00+00:00,0.01257334
2020-03-24 00:00:00+00:00,0.12125842
2020-03-25 00:00:00+00:00,0.07518653
2020-03-26 00:00:00+00:00,0.03487518
2020-03-27 00:00:00+00:00,-0.07178932
2020-03-30 00:00:00+00:00,0.03211182
2020-03-31 00:00:00+00:00,0.02321297
2020-04-01 00:00:00+00:00,-0.08445577
2020-04-02 00:00:00+00:00,0.01064234
2020-04-03 00:00:00+00:00,-0.02873346
2020-04-06 00:00:00+00:00,0.11028571
2020-04-07 00:00:00+00:00,0.04351801
2020-04-08 00:00:00+00:00,-0.00196394
2020-04-09 00:00:00+00:00,0.02829181
2020-04-14 00:00:00+00:00,0.02549675
2020-04-15 00:00:00+00:00,-0.08041594
2020-04-16 00:00:00+00:00,0.01227880
2020-04-17 00:00:00+00:00,0.06568557
2020-04-20 00:00:00+00:00,-0.00765217
2020-04-21 00:00:00+00:00,-0.07743286
2020-04-22 00:00:00+00:00,0.03138607
2020-04-23 00:00:00+00:00,-0.00303734
2020-04-24 00:00:00+00:00,-0.00822604
2020-04-27 00:00:00+00:00,0.05478955
2020-04-28 00:00:00+00:00,0.02274318
2020-04-29 00:00:00+00:00,0.04977532
2020-04-30 00:00:00+00:00,-0.05328836
2020-05-04 00:00:00+00:00,-0.06962245
2020-05-05 00:00:00+00:00,0.04666188
2020-05-06 00:00:00+00:00,-0.02279102
2020-05-07 00:00:00+00:00,0.02872340
2020-05-08 00:00:00+00:00,0.02446697
2020-05-11 00:00:00+00:00,-0.02002071
2020-05-12 00:00:00+00:00,0.00313917
2020-05-13 00:00:00+00:00,-0.05640669
2020-05-14 00:00:00+00:00,-0.03905410
2020-05-15 00:00:00+00:00,0.01790936
2020-05-19 00:00:00+00:00,0.04413893
2020-05-20 00:00:00+00:00,0.02797927
2020-05-21 00:00:00+00:00,-0.02964225
2020-05-22 00:00:00+00:00,0.00345781
2020-05-25 00:00:00+00:00,0.04142216
2020-05-26 00:00:00+00:00,0.02468718
2020-05-27 00:00:00+00:00,0.03974616
2020-05-28 00:00:00+00:00,0.00622339
2020-05-29 00:00:00+00:00,0.00065274
2020-06-01 00:00:00+00:00,0.03492167
2020-06-02 00:00:00+00:00,0.02888318
2020-06-03 00:00:00+00:00,0.06639267
2020-06-04 00:00:00+00:00,-0.01254590
2020-06-05 00:00:00+00:00,0.08158867
2020-06-08 00:00:00+00:00,0.00680272
2020-06-09 00:00:00+00:00,-0.04456451
2020-06-10 00:00:00+00:00,-0.02230932
2020-06-11 00:00:00+00:00,-0.11619396
2020-06-12 00:00:00+00:00,0.04169360
2020-06-15 00:00:00+00:00,-0.02134438
2020-06-16 00:00:00+00:00,0.04483307
2020-06-17 00:00:00+00:00,0.00964530
2020-06-18 00:00:00+00:00,-0.00372324
2020-06-19 00:00:00+00:00,-0.00621697
2020-06-22 00:00:00+00:00,0.01528861
2020-06-23 00:00:00+00:00,0.01575533
2020-06-24 00:00:00+00:00,-0.04699017
2020-06-25 00:00:00+00:00,0.03265306
2020-06-26 00:00:00+00:00,-0.03365236
2020-06-29 00:00:00+00:00,0.02672956
2020-06-30 00:00:00+00:00,0.00341085
2020-07-01 00:00:00+00:00,-0.00061996
2020-07-02 00:00:00+00:00,0.03905766
2020-07-03 00:00:00+00:00,-0.00060753
2020-07-06 00:00:00+00:00,0.02703524
2020-07-07 00:00:00+00:00,-0.02606351
2020-07-08 00:00:00+00:00,0.00547612
2020-07-09 00:00:00+00:00,-0.01848485
2020-07-10 00:00:00+00:00,0.02082058
2020-07-13 00:00:00+00:00,-0.01149773
2020-07-14 00:00:00+00:00,0.02375876
2020-07-15 00:00:00+00:00,0.02614183
2020-07-16 00:00:00+00:00,-0.00207962
2020-07-17 00:00:00+00:00,0.00000000
2020-07-20 00:00:00+00:00,0.01395487
2020-07-21 00:00:00+00:00,-0.00029551
2020-07-22 00:00:00+00:00,-0.00739426
2020-07-23 00:00:00+00:00,-0.02284189
2020-07-24 00:00:00+00:00,-0.02278177
2020-07-27 00:00:00+00:00,0.00606061
2020-07-28 00:00:00+00:00,-0.01180387
2020-07-29 00:00:00+00:00,0.00973828
2020-07-30 00:00:00+00:00,-0.04718693
2020-07-31 00:00:00+00:00,-0.03937984
2020-08-03 00:00:00+00:00,0.05397727
2020-08-04 00:00:00+00:00,0.00092393
2020-08-05 00:00:00+00:00,0.00246002
2020-08-06 00:00:00+00:00,-0.00276753
2020-08-07 00:00:00+00:00,0.00584076
2020-08-10 00:00:00+00:00,0.00921376
2020-08-11 00:00:00+00:00,0.01926017
2020-08-12 00:00:00+00:00,0.03398058
2020-08-13 00:00:00+00:00,-0.01814396
2020-08-14 00:00:00+00:00,-0.02433894
2020-08-17 00:00:00+00:00,0.00759186
2020-08-18 00:00:00+00:00,-0.01151166
2020-08-19 00:00:00+00:00,0.00944834
2020-08-20 00:00:00+00:00,-0.01212856
2020-08-21 00:00:00+00:00,-0.00915192
2020-08-24 00:00:00+00:00,0.03771849
2020-08-25 00:00:00+00:00,0.00330529
2020-08-26 00:00:00+00:00,0.01560624
2020-08-27 00:00:00+00:00,-0.02142857
2020-08-28 00:00:00+00:00,0.00120446
2020-08-31 00:00:00+00:00,-0.02951807
2020-09-01 00:00:00+00:00,0.00091799
2020-09-02 00:00:00+00:00,0.05280830
2020-09-03 00:00:00+00:00,-0.04882405
2020-09-04 00:00:00+00:00,0.00822168
2020-09-07 00:00:00+00:00,0.01516344
2020-09-08 00:00:00+00:00,-0.03831071
2020-09-09 00:00:00+00:00,0.05069124
2020-09-10 00:00:00+00:00,-0.03127820
2020-09-11 00:00:00+00:00,0.01370698
2020-09-14 00:00:00+00:00,-0.00090854
2020-09-15 00:00:00+00:00,0.00758956
2020-09-16 00:00:00+00:00,-0.00332226
2020-09-17 00:00:00+00:00,-0.00604230
2020-09-18 00:00:00+00:00,-0.02115443
2020-09-21 00:00:00+00:00,-0.05995717
2020-09-22 00:00:00+00:00,0.00189155
2020-09-23 00:00:00+00:00,-0.01921865
2020-09-24 00:00:00+00:00,0.00222788
2020-09-25 00:00:00+00:00,-0.00190416
2020-09-28 00:00:00+00:00,0.04471931
2020-09-29 00:00:00+00:00,-0.00528771
2020-09-30 00:00:00+00:00,-0.01903276
2020-10-01 00:00:00+00:00,0.00440252
2020-10-02 00:00:00+00:00,0.00534255
2020-10-05 00:00:00+00:00,0.02195045
2020-10-06 00:00:00+00:00,-0.01797335
2020-10-07 00:00:00+00:00,0.01971214
2020-10-08 00:00:00+00:00,0.01641375
2020-10-09 00:00:00+00:00,0.00891211
2020-10-12 00:00:00+00:00,0.01408451
2020-10-13 00:00:00+00:00,-0.01790049
2020-10-14 00:00:00+00:00,-0.00887936
2020-10-15 00:00:00+00:00,-0.02802587
2020-10-16 00:00:00+00:00,0.02279113
2020-10-19 00:00:00+00:00,-0.02162496
2020-10-20 00:00:00+00:00,0.00811232
2020-10-21 00:00:00+00:00,-0.02956738
2020-10-22 00:00:00+00:00,0.00284091
2020-10-23 00:00:00+00:00,0.01008509
2020-10-26 00:00:00+00:00,-0.05727700
2020-10-27 00:00:00+00:00,-0.04482425
2020-10-28 00:00:00+00:00,-0.05544554
2020-10-29 00:00:00+00:00,0.00475382
2020-10-30 00:00:00+00:00,0.01084746
2020-11-02 00:00:00+00:00,0.02858104
2020-11-03 00:00:00+00:00,0.05925190
2020-11-04 00:00:00+00:00,0.02711427
2020-11-05 00:00:00+00:00,0.03821656
2020-11-06 00:00:00+00:00,-0.00000000
2020-11-09 00:00:00+00:00,0.11746329
2020-11-10 00:00:00+00:00,0.03281111
2020-11-11 00:00:00+00:00,0.00725900
2020-11-12 00:00:00+00:00,-0.03145743
2020-11-13 00:00:00+00:00,0.02348796
2020-11-16 00:00:00+00:00,0.00870827
2020-11-17 00:00:00+00:00,0.00749712
2020-11-18 00:00:00+00:00,-0.00408142
2020-11-19 00:00:00+00:00,-0.00144802
2020-11-20 00:00:00+00:00,0.00115507
2020-11-23 00:00:00+00:00,0.00635654
2020-11-24 00:00:00+00:00,0.02101324
2020-11-25 00:00:00+00:00,0.00113766
2020-11-26 00:00:00+00:00,-0.00683177
2020-11-27 00:00:00+00:00,0.01741862
2020-11-30 00:00:00+00:00,-0.02942841
2020-12-01 00:00:00+00:00,0.02583979
2020-12-02 00:00:00+00:00,-0.00482270
2020-12-03 00:00:00+00:00,-0.00824566
2020-12-04 00:00:00+00:00,0.01714286
2020-12-07 00:00:00+00:00,-0.00593891
2020-12-08 00:00:00+00:00,0.00652853
2020-12-09 00:00:00+00:00,-0.00650821
2020-12-10 00:00:00+00:00,-0.00283849
2020-12-11 00:00:00+00:00,-0.01506966
2020-12-14 00:00:00+00:00,-0.00229029
2020-12-15 00:00:00+00:00,0.01149095
2020-12-16 00:00:00+00:00,0.00369213
2020-12-17 00:00:00+00:00,-0.01782178
2020-12-18 00:00:00+00:00,0.01607445
2020-12-21 00:00:00+00:00,-0.03775192
2020-12-22 00:00:00+00:00,0.01212821
2020-12-23 00:00:00+00:00,0.02759414
2020-12-28 00:00:00+00:00,0.01757868
2020-12-29 00:00:00+00:00,-0.00506472
2020-12-30 00:00:00+00:00,0.00028169
2021-01-04 00:00:00+00:00,-0.00591549
2021-01-05 00:00:00+00:00,0.00536723
2021-01-06 00:00:00+00:00,0.02905501
2021-01-07 00:00:00+00:00,0.00696185
2021-01-08 00:00:00+00:00,0.01273180
2021-01-11 00:00:00+00:00,-0.01619989
2021-01-12 00:00:00+00:00,-0.00776053
2021-01-13 00:00:00+00:00,0.00806452
2021-01-14 00:00:00+00:00,0.00971143
2021-01-15 00:00:00+00:00,-0.02318521
2021-01-18 00:00:00+00:00,0.00810735
2021-01-19 00:00:00+00:00,0.00138889
2021-01-20 00:00:00+00:00,0.01111729
2021-01-21 00:00:00+00:00,-0.00359116
2021-01-22 00:00:00+00:00,-0.01411569
2021-01-25 00:00:00+00:00,-0.01812099
2021-01-26 00:00:00+00:00,0.02078652
2021-01-27 00:00:00+00:00,-0.04731422
2021-01-28 00:00:00+00:00,0.02508552
2021-01-29 00:00:00+00:00,-0.04737733
2021-02-01 00:00:00+00:00,0.03720796
2021-02-02 00:00:00+00:00,0.03539071
2021-02-03 00:00:00+00:00,0.00556174
2021-02-04 00:00:00+00:00,0.01663432
2021-02-05 00:00:00+00:00,0.00604396
2021-02-08 00:00:00+00:00,0.01014532
2021-02-09 00:00:00+00:00,-0.00327065
2021-02-10 00:00:00+00:00,-0.01037401
2021-02-11 00:00:00+00:00,0.01181643
2021-02-12 00:00:00+00:00,0.01746248
2021-02-15 00:00:00+00:00,0.01893939
2021-02-16 00:00:00+00:00,-0.00589654
2021-02-17 00:00:00+00:00,-0.01183432
2021-02-18 00:00:00+00:00,-0.00485830
2021-02-19 00:00:00+00:00,0.00732501
2021-02-22 00:00:00+00:00,-0.00567568
2021-02-23 00:00:00+00:00,0.00081367
2021-02-24 00:00:00+00:00,0.01084011
2021-02-25 00:00:00+00:00,-0.03771552
2021-02-26 00:00:00+00:00,-0.00356555
2021-03-01 00:00:00+00:00,0.04044017
2021-03-02 00:00:00+00:00,-0.00377257
2021-03-03 00:00:00+00:00,-0.00675128
2021-03-04 00:00:00+00:00,-0.00921409
2021-03-05 00:00:00+00:00,0.01931973
2021-03-08 00:00:00+00:00,0.02938005
2021-03-09 00:00:00+00:00,0.01332623
2021-03-10 00:00:00+00:00,0.01769210
2021-03-11 00:00:00+00:00,0.00837039
2021-03-12 00:00:00+00:00,0.00547160
2021-03-15 00:00:00+00:00,-0.02025974
2021-03-16 00:00:00+00:00,0.00264550
2021-03-17 00:00:00+00:00,0.00633245
2021-03-18 00:00:00+00:00,-0.01156677
2021-03-19 00:00:00+00:00,-0.00026448
2021-03-22 00:00:00+00:00,-0.00396930
2021-03-23 00:00:00+00:00,-0.01352068
2021-03-24 00:00:00+00:00,0.00293490
2021-03-25 00:00:00+00:00,0.02289670
2021-03-26 00:00:00+00:00,0.01922064
2021-03-29 00:00:00+00:00,0.00286832
2021-03-30 00:00:00+00:00,0.01536058
2021-03-31 00:00:00+00:00,0.00077559
2021-04-01 00:00:00+00:00,0.01162190
2021-04-06 00:00:00+00:00,0.01053172
2021-04-07 00:00:00+00:00,-0.00051099
2021-04-08 00:00:00+00:00,0.00714468
2021-04-09 00:00:00+00:00,0.00560081
2021-04-12 00:00:00+00:00,-0.01193802
2021-04-13 00:00:00+00:00,0.00229709
2021-04-14 00:00:00+00:00,-0.00152827
2021-04-15 00:00:00+00:00,0.01710930
2021-04-16 00:00:00+00:00,0.02101266
2021-04-19 00:00:00+00:00,-0.01101377
2021-04-20 00:00:00+00:00,-0.03549849
2021-04-21 00:00:00+00:00,0.02359579
2021-04-22 00:00:00+00:00,0.00253293
2021-04-23 00:00:00+00:00,0.00785606
2021-04-26 00:00:00+00:00,0.00428860
2021-04-27 00:00:00+00:00,-0.00151057
2021-04-28 00:00:00+00:00,-0.00050391
2021-04-29 00:00:00+00:00,-0.00226815
2021-04-30 00:00:00+00:00,-0.01360887
2021-05-03 00:00:00+00:00,0.01497462
2021-05-04 00:00:00+00:00,-0.03324100
2021-05-05 00:00:00+00:00,0.03457992
2021-05-06 00:00:00+00:00,0.01132645
2021-05-07 00:00:00+00:00,0.01327988
2021-05-10 00:00:00+00:00,-0.01717272
2021-05-11 00:00:00+00:00,-0.02711524
2021-05-12 00:00:00+00:00,-0.00864920
2021-05-13 00:00:00+00:00,0.02121135
2021-05-14 00:00:00+00:00,0.03696203
2021-05-17 00:00:00+00:00,-0.01117180
2021-05-18 00:00:00+00:00,-0.00847880
2021-05-19 00:00:00+00:00,-0.02486812
2021-05-20 00:00:00+00:00,0.02867293
2021-05-21 00:00:00+00:00,0.01327655
2021-05-24 00:00:00+00:00,0.01094255
2021-05-25 00:00:00+00:00,-0.00321543
2021-05-26 00:00:00+00:00,-0.00198167
2021-05-27 00:00:00+00:00,0.00421732
2021-05-28 00:00:00+00:00,0.01188707
2021-05-31 00:00:00+00:00,-0.01304134
2021-06-01 00:00:00+00:00,0.01684002
2021-06-02 00:00:00+00:00,0.00466372
2021-06-03 00:00:00+00:00,-0.00195982
2021-06-04 00:00:00+00:00,0.00809220
2021-06-07 00:00:00+00:00,0.00415343
2021-06-08 00:00:00+00:00,-0.00024378
2021-06-09 00:00:00+00:00,-0.00219352
2021-06-10 00:00:00+00:00,0.00244141
2021-06-11 00:00:00+00:00,0.01803998
2021-06-14 00:00:00+00:00,-0.00048333
2021-06-15 00:00:00+00:00,0.00024207
2021-06-16 00:00:00+00:00,0.00338819
2021-06-17 00:00:00+00:00,0.00483442
2021-06-18 00:00:00+00:00,-0.03927711
2021-06-21 00:00:00+00:00,0.01994092
2021-06-22 00:00:00+00:00,-0.00097347
2021-06-23 00:00:00+00:00,-0.01997564
2021-06-24 00:00:00+00:00,0.02348168
2021-06-25 00:00:00+00:00,-0.00158055
2021-06-28 00:00:00+00:00,-0.00584084
2021-06-29 00:00:00+00:00,-0.00159119
2021-06-30 00:00:00+00:00,-0.01343758
2021-07-01 00:00:00+00:00,0.00024615
2021-07-02 00:00:00+00:00,0.00147221
2021-07-05 00:00:00+00:00,0.00269972
2021-07-06 00:00:00+00:00,-0.02122439
2021-07-07 00:00:00+00:00,0.02019076
2021-07-08 00:00:00+00:00,-0.04381981
2021-07-09 00:00:00+00:00,0.03801757
2021-07-12 00:00:00+00:00,0.01343026
2021-07-13 00:00:00+00:00,-0.00207875
2021-07-14 00:00:00+00:00,0.00073466
2021-07-15 00:00:00+00:00,-0.01898579
2021-07-16 00:00:00+00:00,-0.01557093
2021-07-19 00:00:00+00:00,-0.04871060
2021-07-20 00:00:00+00:00,0.02435293
2021-07-21 00:00:00+00:00,0.03370361
2021-07-22 00:00:00+00:00,0.01338124
2021-07-23 00:00:00+00:00,0.02156500
2021-07-26 00:00:00+00:00,-0.00146359
2021-07-27 00:00:00+00:00,-0.01597951
2021-07-28 00:00:00+00:00,0.01118348
2021-07-29 00:00:00+00:00,0.00819672
2021-07-30 00:00:00+00:00,-0.00986361
2021-08-02 00:00:00+00:00,0.00489416
2021-08-03 00:00:00+00:00,0.01318038
2021-08-04 00:00:00+00:00,0.00606502
2021-08-05 00:00:00+00:00,0.00967703
2021-08-06 00:00:00+00:00,0.00842764
2021-08-09 00:00:00+00:00,0.00227599
2021-08-10 00:00:00+00:00,0.00586475
2021-08-11 00:00:00+00:00,0.00942721
2021-08-12 00:00:00+00:00,0.00688918
2021-08-13 00:00:00+00:00,0.00094663
2021-08-16 00:00:00+00:00,-0.00449332
2021-08-17 00:00:00+00:00,-0.01661524
2021-08-18 00:00:00+00:00,-0.00250686
2021-08-19 00:00:00+00:00,-0.02136085
2021-08-20 00:00:00+00:00,0.00846740
2021-08-23 00:00:00+00:00,0.01361118
2021-08-24 00:00:00+00:00,-0.00191502
2021-08-25 00:00:00+00:00,0.00107823
2021-08-26 00:00:00+00:00,-0.00526883
2021-08-27 00:00:00+00:00,0.01274038
2021-08-30 00:00:00+00:00,0.00131171
2021-08-31 00:00:00+00:00,-0.00071531
2021-09-01 00:00:00+00:00,0.01358922
2021-09-02 00:00:00+00:00,0.00047360
2021-09-03 00:00:00+00:00,-0.01218935
2021-09-06 00:00:00+00:00,0.02120562
2021-09-07 00:00:00+00:00,-0.01366957
2021-09-08 00:00:00+00:00,-0.01851412
2021-09-09 00:00:00+00:00,-0.00502753
2021-09-10 00:00:00+00:00,-0.00420219
2021-09-13 00:00:00+00:00,0.01864101
2021-09-14 00:00:00+00:00,-0.00441106
2021-09-15 00:00:00+00:00,-0.01577626
2021-09-16 00:00:00+00:00,0.00543281
2021-09-17 00:00:00+00:00,-0.02881844
2021-09-20 00:00:00+00:00,-0.05150110
2021-09-21 00:00:00+00:00,0.03530880
2021-09-22 00:00:00+00:00,0.03237720
2021-09-23 00:00:00+00:00,0.02180761
2021-09-24 00:00:00+00:00,-0.01603830
2021-09-27 00:00:00+00:00,0.00386194
2021-09-28 00:00:00+00:00,-0.04843373
2021-09-29 00:00:00+00:00,0.00667078
2021-09-30 00:00:00+00:00,-0.01699507
2021-10-01 00:00:00+00:00,0.00522193
2021-10-04 00:00:00+00:00,-0.02351776
2021-10-05 00:00:00+00:00,0.02578868
2021-10-06 00:00:00+00:00,-0.01026592
2021-10-07 00:00:00+00:00,0.02683563
2021-10-08 00:00:00+00:00,-0.02073365
2021-10-11 00:00:00+00:00,0.00690676
2021-10-12 00:00:00+00:00,-0.00371655
2021-10-13 00:00:00+00:00,0.01981670
2021-10-14 00:00:00+00:00,0.03002451
2021-10-15 00:00:00+00:00,0.01411850
2021-10-18 00:00:00+00:00,-0.01497006
2021-10-19 00:00:00+00:00,0.00700060
2021-10-20 00:00:00+00:00,0.00312801
2021-10-21 00:00:00+00:00,-0.00144265
2021-10-22 00:00:00+00:00,0.01310569
2021-10-25 00:00:00+00:00,-0.00286601
2021-10-26 00:00:00+00:00,0.01172810
2021-10-27 00:00:00+00:00,0.00011893
2021-10-28 00:00:00+00:00,0.00750089
2021-10-29 00:00:00+00:00,0.01598390
2021-11-01 00:00:00+00:00,0.01010932
2021-11-02 00:00:00+00:00,0.00608045
2021-11-03 00:00:00+00:00,0.01119272
2021-11-04 00:00:00+00:00,0.00763359
2021-11-05 00:00:00+00:00,0.00924214
2021-11-08 00:00:00+00:00,-0.00275957
2021-11-09 00:00:00+00:00,-0.00379965
2021-11-10 00:00:00+00:00,-0.00634079
2021-11-11 00:00:00+00:00,0.01272706
2021-11-12 00:00:00+00:00,0.00666820
2021-11-15 00:00:00+00:00,0.00504067
2021-11-16 00:00:00+00:00,0.00834000
2021-11-17 00:00:00+00:00,0.00170668
2021-11-18 00:00:00+00:00,-0.00557261
2021-11-19 00:00:00+00:00,-0.01641961
2021-11-22 00:00:00+00:00,-0.00874468
2021-11-23 00:00:00+00:00,-0.01482168
2021-11-24 00:00:00+00:00,-0.00814522
2021-11-25 00:00:00+00:00,0.00350018
2021-11-26 00:00:00+00:00,-0.10543504
2021-11-29 00:00:00+00:00,0.03100775
2021-11-30 00:00:00+00:00,-0.02983265
2021-12-01 00:00:00+00:00,0.00823602
2021-12-02 00:00:00+00:00,0.02145923
2021-12-03 00:00:00+00:00,-0.02046996
2021-12-06 00:00:00+00:00,0.03298590
2021-12-07 00:00:00+00:00,0.06024096
2021-12-08 00:00:00+00:00,-0.01518692
2021-12-09 00:00:00+00:00,-0.01781080
2021-12-10 00:00:00+00:00,-0.00333770
2021-12-13 00:00:00+00:00,-0.00728271
2021-12-14 00:00:00+00:00,-0.01431149
2021-12-15 00:00:00+00:00,0.01169379
2021-12-16 00:00:00+00:00,-0.00119161
2021-12-17 00:00:00+00:00,-0.01776924
2021-12-20 00:00:00+00:00,-0.01004721
2021-12-21 00:00:00+00:00,0.03387567
2021-12-22 00:00:00+00:00,0.01783790
2021-12-23 00:00:00+00:00,0.01757720
2021-12-27 00:00:00+00:00,0.01941862
2021-12-28 00:00:00+00:00,0.00326302
2021-12-29 00:00:00+00:00,-0.00919246
2021-12-30 00:00:00+00:00,0.00491343
2022-01-03 00:00:00+00:00,0.02169096
2022-01-04 00:00:00+00:00,0.00934687
2022-01-05 00:00:00+00:00,-0.01412170
2022-01-06 00:00:00+00:00,-0.00717593
2022-01-07 00:00:00+00:00,-0.00696541
2022-01-10 00:00:00+00:00,-0.01606519
2022-01-11 00:00:00+00:00,0.01689546
2022-01-12 00:00:00+00:00,0.00512104
2022-01-13 00:00:00+00:00,-0.02006961
2022-01-14 00:00:00+00:00,0.00668073
2022-01-17 00:00:00+00:00,0.00572698
2022-01-18 00:00:00+00:00,-0.02121707
2022-01-19 00:00:00+00:00,0.00200306
2022-01-20 00:00:00+00:00,-0.00247525
2022-01-21 00:00:00+00:00,-0.03255101
2022-01-24 00:00:00+00:00,-0.02901331
2022-01-25 00:00:00+00:00,-0.00995025
2022-01-26 00:00:00+00:00,0.01445724
2022-01-27 00:00:00+00:00,0.01407596
2022-01-28 00:00:00+00:00,0.00349693
2022-01-31 00:00:00+00:00,0.01429773
2022-02-01 00:00:00+00:00,0.01541035
2022-02-02 00:00:00+00:00,0.00189237
2022-02-03 00:00:00+00:00,-0.05175272
2022-02-04 00:00:00+00:00,-0.00873257
2022-02-07 00:00:00+00:00,0.00207469
2022-02-08 00:00:00+00:00,0.01436572
2022-02-09 00:00:00+00:00,0.03746676
2022-02-10 00:00:00+00:00,-0.02909048
2022-02-11 00:00:00+00:00,-0.03807229
2022-02-14 00:00:00+00:00,-0.00945597
2022-02-15 00:00:00+00:00,0.04458992
2022-02-16 00:00:00+00:00,0.00398454
2022-02-17 00:00:00+00:00,-0.03243308
2022-02-18 00:00:00+00:00,-0.00649510
2022-02-21 00:00:00+00:00,-0.07476062
2022-02-22 00:00:00+00:00,0.03291236
2022-02-23 00:00:00+00:00,-0.02145815
2022-02-24 00:00:00+00:00,-0.01866193
2022-02-25 00:00:00+00:00,0.04149059
2022-02-28 00:00:00+00:00,-0.05692076
2022-03-01 00:00:00+00:00,-0.07159473
2022-03-02 00:00:00+00:00,0.04947185
2022-03-03 00:00:00+00:00,-0.05237659
2022-03-04 00:00:00+00:00,-0.08364611
2022-03-07 00:00:00+00:00,-0.06113292
2022-03-08 00:00:00+00:00,0.04450224
2022-03-09 00:00:00+00:00,0.05454284
2022-03-10 00:00:00+00:00,-0.05662175
2022-03-11 00:00:00+00:00,-0.00445558
2022-03-14 00:00:00+00:00,0.03622378
2022-03-15 00:00:00+00:00,0.01112332
2022-03-16 00:00:00+00:00,0.07616842
2022-03-17 00:00:00+00:00,-0.00288034
2022-03-18 00:00:00+00:00,0.01819141
2022-03-21 00:00:00+00:00,-0.01565762
2022-03-22 00:00:00+00:00,0.02374044
2022-03-23 00:00:00+00:00,-0.04002079
2022-03-24 00:00:00+00:00,0.01328727
2022-03-25 00:00:00+00:00,0.00052618
2022-03-28 00:00:00+00:00,0.02364066
2022-03-29 00:00:00+00:00,0.04401042
2022-03-30 00:00:00+00:00,-0.02975585
2022-03-31 00:00:00+00:00,-0.03491078
2022-04-01 00:00:00+00:00,0.02500658
2022-04-04 00:00:00+00:00,0.01325708
2022-04-05 00:00:00+00:00,-0.02784223
2022-04-06 00:00:00+00:00,-0.03610675
2022-04-07 00:00:00+00:00,0.00586980
2022-04-08 00:00:00+00:00,0.00319149
2022-04-11 00:00:00+00:00,-0.01859724
2022-04-12 00:00:00+00:00,-0.00401929
2022-04-13 00:00:00+00:00,0.01424348
2022-04-14 00:00:00+00:00,0.01465885
2022-04-19 00:00:00+00:00,0.00158856
2022-04-20 00:00:00+00:00,0.01588562
2022-04-21 00:00:00+00:00,-0.00786370
2022-04-22 00:00:00+00:00,-0.02820986
2022-04-25 00:00:00+00:00,-0.01577118
2022-04-26 00:00:00+00:00,-0.04073975
2022-04-27 00:00:00+00:00,0.01433692
2022-04-28 00:00:00+00:00,0.04725485
2022-04-29 00:00:00+00:00,-0.03710625
2022-05-02 00:00:00+00:00,0.00407498
2022-05-03 00:00:00+00:00,0.01382863
2022-05-04 00:00:00+00:00,0.02776280
2022-05-05 00:00:00+00:00,-0.06351315
2022-05-06 00:00:00+00:00,-0.03013699
2022-05-09 00:00:00+00:00,-0.04898414
2022-05-10 00:00:00+00:00,0.02685714
2022-05-11 00:00:00+00:00,0.00056481
2022-05-12 00:00:00+00:00,0.01521984
2022-05-13 00:00:00+00:00,0.06108787
2022-05-16 00:00:00+00:00,-0.00460455
2022-05-17 00:00:00+00:00,0.03452025
2022-05-18 00:00:00+00:00,-0.05720396
2022-05-19 00:00:00+00:00,-0.00247797
2022-05-20 00:00:00+00:00,0.01405733
2022-05-23 00:00:00+00:00,0.02489740
2022-05-24 00:00:00+00:00,-0.01810811
2022-05-25 00:00:00+00:00,0.01608068
2022-05-26 00:00:00+00:00,0.02764977
2022-05-27 00:00:00+00:00,0.03392094
2022-05-30 00:00:00+00:00,0.01706485
2022-05-31 00:00:00+00:00,-0.02239000
2022-06-01 00:00:00+00:00,-0.01653543
2022-06-02 00:00:00+00:00,0.02948990
2022-06-03 00:00:00+00:00,-0.02118755
2022-06-06 00:00:00+00:00,0.02299154
2022-06-07 00:00:00+00:00,-0.00287281
2022-06-08 00:00:00+00:00,-0.02930403
2022-06-09 00:00:00+00:00,-0.03930943
2022-06-10 00:00:00+00:00,-0.05608236
2022-06-13 00:00:00+00:00,-0.05030743
2022-06-14 00:00:00+00:00,-0.01576835
2022-06-15 00:00:00+00:00,0.03179191
2022-06-16 00:00:00+00:00,-0.05263158
2022-06-17 00:00:00+00:00,0.00058445
2022-06-20 00:00:00+00:00,0.01577564
2022-06-21 00:00:00+00:00,0.01594203
2022-06-22 00:00:00+00:00,-0.01380104
2022-06-23 00:00:00+00:00,-0.01534453
2022-06-24 00:00:00+00:00,0.05834306
2022-06-27 00:00:00+00:00,0.00396825
2022-06-28 00:00:00+00:00,0.00000000
2022-06-29 00:00:00+00:00,-0.02065064
2022-06-30 00:00:00+00:00,-0.03315233
2022-07-01 00:00:00+00:00,-0.00639349
2022-07-04 00:00:00+00:00,0.00932945
2022-07-05 00:00:00+00:00,-0.05890888
2022-07-06 00:00:00+00:00,0.03826607
2022-07-07 00:00:00+00:00,0.04194779
2022-07-08 00:00:00+00:00,0.00977011
2022-07-11 00:00:00+00:00,-0.02058908
2022-07-12 00:00:00+00:00,0.00982375
2022-07-13 00:00:00+00:00,-0.01811386
2022-07-14 00:00:00+00:00,-0.03221126
2022-07-15 00:00:00+00:00,0.04837758
2022-07-18 00:00:00+00:00,0.01612903
2022-07-19 00:00:00+00:00,0.04857143
2022-07-20 00:00:00+00:00,-0.00418410
2022-07-21 00:00:00+00:00,0.00167738
2022-07-22 00:00:00+00:00,0.00893855
2022-07-25 00:00:00+00:00,-0.00139043
2022-07-26 00:00:00+00:00,-0.01279911
2022-07-27 00:00:00+00:00,0.01904229
2022-07-28 00:00:00+00:00,0.02302358
2022-07-29 00:00:00+00:00,0.03016178
2022-08-01 00:00:00+00:00,0.00216099
2022-08-02 00:00:00+00:00,-0.01133297
2022-08-03 00:00:00+00:00,0.02388060
2022-08-04 00:00:00+00:00,0.00965406
2022-08-05 00:00:00+00:00,-0.01547905
2022-08-08 00:00:00+00:00,0.01990317
2022-08-09 00:00:00+00:00,-0.02077230
2022-08-10 00:00:00+00:00,0.01937567
2022-08-11 00:00:00+00:00,0.00053305
2022-08-12 00:00:00+00:00,0.01385558
2022-08-15 00:00:00+00:00,0.00370468
2022-08-16 00:00:00+00:00,0.00950872
2022-08-17 00:00:00+00:00,-0.02628812
2022-08-18 00:00:00+00:00,0.01012254
2022-08-19 00:00:00+00:00,-0.02597403
2022-08-22 00:00:00+00:00,-0.03920516
2022-08-23 00:00:00+00:00,-0.00328677
2022-08-24 00:00:00+00:00,0.01262003
2022-08-25 00:00:00+00:00,0.00000000
2022-08-26 00:00:00+00:00,-0.03789531
2022-08-29 00:00:00+00:00,-0.01723180
2022-08-30 00:00:00+00:00,-0.00644800
2022-08-31 00:00:00+00:00,-0.01996625
2022-09-01 00:00:00+00:00,-0.04034091
2022-09-02 00:00:00+00:00,0.05566831
2022-09-05 00:00:00+00:00,-0.03385049
2022-09-06 00:00:00+00:00,0.00316001
2022-09-07 00:00:00+00:00,0.00688271
2022-09-08 00:00:00+00:00,0.00342955
2022-09-09 00:00:00+00:00,0.03367580
2022-09-12 00:00:00+00:00,0.04434465
2022-09-13 00:00:00+00:00,-0.03432180
2022-09-14 00:00:00+00:00,-0.01033808
2022-09-15 00:00:00+00:00,-0.01320225
2022-09-16 00:00:00+00:00,-0.02855527
2022-09-19 00:00:00+00:00,0.00889271
2022-09-20 00:00:00+00:00,-0.02427878
2022-09-21 00:00:00+00:00,0.01676785
2022-09-22 00:00:00+00:00,-0.03612385
2022-09-23 00:00:00+00:00,-0.04817518
2022-09-26 00:00:00+00:00,-0.00299133
2022-09-27 00:00:00+00:00,-0.00659077
2022-09-28 00:00:00+00:00,0.00330628
2022-09-29 00:00:00+00:00,-0.03871549
2022-09-30 00:00:00+00:00,0.02876377
2022-10-03 00:00:00+00:00,0.01387632
2022-10-04 00:00:00+00:00,0.08358298
2022-10-05 00:00:00+00:00,-0.02127660
2022-10-06 00:00:00+00:00,-0.00523104
2022-10-07 00:00:00+00:00,-0.03379953
2022-10-10 00:00:00+00:00,-0.01037344
2022-10-11 00:00:00+00:00,-0.01370679
2022-10-12 00:00:00+00:00,0.00000000
2022-10-13 00:00:00+00:00,0.01740174
2022-10-14 00:00:00+00:00,0.01546698
2022-10-17 00:00:00+00:00,0.03158205
2022-10-18 00:00:00+00:00,0.01598373
2022-10-19 00:00:00+00:00,0.00173010
2022-10-20 00:00:00+00:00,0.00806684
2022-10-21 00:00:00+00:00,-0.00860832
2022-10-24 00:00:00+00:00,0.03342939
2022-10-25 00:00:00+00:00,0.03089569
2022-10-26 00:00:00+00:00,0.01255931
2022-10-27 00:00:00+00:00,0.00055479
2022-10-28 00:00:00+00:00,0.00166389
2022-10-31 00:00:00+00:00,0.00498753
2022-11-01 00:00:00+00:00,0.01603096
2022-11-02 00:00:00+00:00,-0.01480669
2022-11-03 00:00:00+00:00,-0.01602210
2022-11-04 00:00:00+00:00,0.05346700
2022-11-07 00:00:00+00:00,0.01112015
2022-11-08 00:00:00+00:00,0.01537217
2022-11-09 00:00:00+00:00,-0.00321199
2022-11-10 00:00:00+00:00,0.06273458
2022-11-11 00:00:00+00:00,0.01091760
2022-11-14 00:00:00+00:00,0.00853154
2022-11-15 00:00:00+00:00,0.01081359
2022-11-16 00:00:00+00:00,-0.01152369
2022-11-17 00:00:00+00:00,-0.00566572
2022-11-18 00:00:00+00:00,0.02660124
2022-11-21 00:00:00+00:00,-0.00637267
2022-11-22 00:00:00+00:00,0.01073894
2022-11-23 00:00:00+00:00,0.00915565
2022-11-24 00:00:00+00:00,0.00658228
2022-11-25 00:00:00+00:00,-0.00100934
2022-11-28 00:00:00+00:00,-0.01136077
2022-11-29 00:00:00+00:00,-0.00203149
2022-11-30 00:00:00+00:00,0.01576004
2022-12-01 00:00:00+00:00,0.00706179
2022-12-02 00:00:00+00:00,0.00000000
2022-12-05 00:00:00+00:00,-0.00779090
2022-12-06 00:00:00+00:00,-0.01362260
2022-12-07 00:00:00+00:00,-0.00457201
2022-12-08 00:00:00+00:00,-0.00203666
2022-12-09 00:00:00+00:00,0.00917431
2022-12-12 00:00:00+00:00,-0.00786403
2022-12-13 00:00:00+00:00,0.02797558
2022-12-14 00:00:00+00:00,-0.00225734
2022-12-15 00:00:00+00:00,-0.07180517
2022-12-16 00:00:00+00:00,-0.01615004
2022-12-19 00:00:00+00:00,0.00525210
2022-12-20 00:00:00+00:00,-0.00785752
2022-12-21 00:00:00+00:00,0.03786484
2022-12-22 00:00:00+00:00,-0.02709677
2022-12-23 00:00:00+00:00,-0.00104657
2022-12-27 00:00:00+00:00,0.00890052
2022-12-28 00:00:00+00:00,-0.01355225
2022-12-29 00:00:00+00:00,0.02151102
2022-12-30 00:00:00+00:00,-0.03503763
2023-01-02 00:00:00+00:00,0.04438573
2023-01-03 00:00:00+00:00,0.01188938
2023-01-04 00:00:00+00:00,0.04573484
2023-01-05 00:00:00+00:00,-0.00854057
2023-01-06 00:00:00+00:00,0.02976791
2023-01-09 00:00:00+00:00,0.03032563
2023-01-10 00:00:00+00:00,-0.00979432
2023-01-11 00:00:00+00:00,0.02042323
2023-01-12 00:00:00+00:00,0.01656516
2023-01-13 00:00:00+00:00,0.00869775
2023-01-16 00:00:00+00:00,0.00408949
2023-01-17 00:00:00+00:00,0.00528084
2023-01-18 00:00:00+00:00,0.00119703
2023-01-19 00:00:00+00:00,-0.03684211
2023-01-20 00:00:00+00:00,0.01023641
2023-01-23 00:00:00+00:00,0.01745878
2023-01-24 00:00:00+00:00,0.00144231
2023-01-25 00:00:00+00:00,-0.00384338
2023-01-26 00:00:00+00:00,0.01131167
2023-01-27 00:00:00+00:00,0.00167504
2023-01-30 00:00:00+00:00,-0.00789096
2023-01-31 00:00:00+00:00,0.00216035
2023-02-01 00:00:00+00:00,0.00191801
2023-02-02 00:00:00+00:00,0.03544910
2023-02-03 00:00:00+00:00,0.00329489
2023-02-06 00:00:00+00:00,-0.02114662
2023-02-07 00:00:00+00:00,-0.00023747
2023-02-08 00:00:00+00:00,0.00261283
2023-02-09 00:00:00+00:00,0.01826376
2023-02-10 00:00:00+00:00,-0.02397743
2023-02-13 00:00:00+00:00,0.02284083
2023-02-14 00:00:00+00:00,0.00282287
2023-02-15 00:00:00+00:00,0.01550388
2023-02-16 00:00:00+00:00,0.00792541
2023-02-17 00:00:00+00:00,-0.01253773
2023-02-20 00:00:00+00:00,-0.00046729
2023-02-21 00:00:00+00:00,-0.01168497
2023-02-22 00:00:00+00:00,-0.00376117
2023-02-23 00:00:00+00:00,0.00894960
2023-02-24 00:00:00+00:00,-0.03024619
2023-02-27 00:00:00+00:00,0.02570816
2023-02-28 00:00:00+00:00,-0.00376028
2023-03-01 00:00:00+00:00,-0.01436308
2023-03-02 00:00:00+00:00,0.01114801
2023-03-03 00:00:00+00:00,0.02877358
2023-03-06 00:00:00+00:00,0.00651011
2023-03-07 00:00:00+00:00,-0.01599073
2023-03-08 00:00:00+00:00,0.00654206
2023-03-09 00:00:00+00:00,-0.00186306
2023-03-10 00:00:00+00:00,-0.03286713
2023-03-13 00:00:00+00:00,-0.05616114
2023-03-14 00:00:00+00:00,0.02144772
2023-03-15 00:00:00+00:00,-0.07368677
2023-03-16 00:00:00+00:00,0.04945748
2023-03-17 00:00:00+00:00,-0.02930313
2023-03-20 00:00:00+00:00,0.02725000
2023-03-21 00:00:00+00:00,0.03401528
2023-03-22 00:00:00+00:00,0.00824642
2023-03-23 00:00:00+00:00,0.00338246
2023-03-24 00:00:00+00:00,-0.03882325
2023-03-27 00:00:00+00:00,0.02040816
2023-03-28 00:00:00+00:00,0.00267770
2023-03-29 00:00:00+00:00,0.02747386
2023-03-30 00:00:00+00:00,0.03021583
2023-03-31 00:00:00+00:00,0.01370510
2023-04-03 00:00:00+00:00,-0.00422436
2023-04-04 00:00:00+00:00,0.00517404
2023-04-05 00:00:00+00:00,-0.01337087
2023-04-06 00:00:00+00:00,0.00991736
2023-04-11 00:00:00+00:00,0.01245301
2023-04-12 00:00:00+00:00,0.00000000
2023-04-13 00:00:00+00:00,0.01284447
2023-04-14 00:00:00+00:00,0.01044326
2023-04-17 00:00:00+00:00,-0.00738859
2023-04-18 00:00:00+00:00,0.01112399
2023-04-19 00:00:00+00:00,0.00069140
2023-04-20 00:00:00+00:00,-0.00599078
2023-04-21 00:00:00+00:00,0.00970649
2023-04-24 00:00:00+00:00,0.00068997
2023-04-25 00:00:00+00:00,-0.00643678
2023-04-26 00:00:00+00:00,-0.01522140
2023-04-27 00:00:00+00:00,0.00743667
2023-04-28 00:00:00+00:00,0.00046307
2023-05-02 00:00:00+00:00,-0.02870370
2023-05-03 00:00:00+00:00,0.00892438
2023-05-04 00:00:00+00:00,-0.00865092
2023-05-05 00:00:00+00:00,0.02817563
2023-05-08 00:00:00+00:00,0.00625145
2023-05-09 00:00:00+00:00,-0.01177285
2023-05-10 00:00:00+00:00,-0.00812631
2023-05-11 00:00:00+00:00,0.00326416
2023-05-12 00:00:00+00:00,0.00605214
2023-05-15 00:00:00+00:00,0.00000000
2023-05-16 00:00:00+00:00,0.00185658
2023-05-17 00:00:00+00:00,0.00139114
2023-05-18 00:00:00+00:00,0.02270621
2023-05-19 00:00:00+00:00,0.01443299
2023-05-22 00:00:00+00:00,-0.00272975
2023-05-23 00:00:00+00:00,-0.01936219
2023-05-24 00:00:00+00:00,-0.03794848
2023-05-25 00:00:00+00:00,0.00421941
2023-05-26 00:00:00+00:00,0.03111111
2023-05-29 00:00:00+00:00,-0.01013591
2023-05-30 00:00:00+00:00,-0.01111368
2023-05-31 00:00:00+00:00,-0.03655413
2023-06-01 00:00:00+00:00,0.02229073
2023-06-02 00:00:00+00:00,0.03259850
2023-06-05 00:00:00+00:00,-0.01661666
2023-06-06 00:00:00+00:00,0.00139632
2023-06-07 00:00:00+00:00,-0.00139535
2023-06-08 00:00:00+00:00,0.00279265
2023-06-09 00:00:00+00:00,0.00232396
2023-06-12 00:00:00+00:00,0.01250869
2023-06-13 00:00:00+00:00,0.01703499
2023-06-14 00:00:00+00:00,0.01232595
2023-06-15 00:00:00+00:00,-0.00521897
2023-06-16 00:00:00+00:00,0.01592719
2023-06-19 00:00:00+00:00,-0.02076749
2023-06-20 00:00:00+00:00,-0.00752737
2023-06-21 00:00:00+00:00,-0.00732768
2023-06-22 00:00:00+00:00,-0.01080211
2023-06-23 00:00:00+00:00,-0.01732902
2023-06-26 00:00:00+00:00,0.00699138
2023-06-27 00:00:00+00:00,0.01277288
2023-06-28 00:00:00+00:00,0.01846296
2023-06-29 00:00:00+00:00,0.00320146
2023-06-30 00:00:00+00:00,0.02146119
2023-07-03 00:00:00+00:00,-0.00067766
2023-07-04 00:00:00+00:00,-0.00429379
2023-07-05 00:00:00+00:00,-0.01992754
2023-07-06 00:00:00+00:00,-0.06084172
2023-07-07 00:00:00+00:00,0.00920028
2023-07-10 00:00:00+00:00,0.00915708
2023-07-11 00:00:00+00:00,0.01496026
2023-07-12 00:00:00+00:00,0.03573086
2023-07-13 00:00:00+00:00,0.01413266
2023-07-14 00:00:00+00:00,0.00339520
2023-07-17 00:00:00+00:00,-0.02146893
2023-07-18 00:00:00+00:00,0.00822293
2023-07-19 00:00:00+00:00,-0.00386715
2023-07-20 00:00:00+00:00,0.00341919
2023-07-21 00:00:00+00:00,0.00841866
2023-07-24 00:00:00+00:00,-0.00271924
2023-07-25 00:00:00+00:00,0.00181529
2023-07-26 00:00:00+00:00,-0.02040354
2023-07-27 00:00:00+00:00,0.04718278
2023-07-28 00:00:00+00:00,0.01163571
2023-07-31 00:00:00+00:00,0.00066741
2023-08-01 00:00:00+00:00,-0.03002669
2023-08-02 00:00:00+00:00,-0.03589975
2023-08-03 00:00:00+00:00,-0.01586207
2023-08-04 00:00:00+00:00,0.01691381
2023-08-07 00:00:00+00:00,0.00229779
2023-08-08 00:00:00+00:00,-0.02432867
2023-08-09 00:00:00+00:00,0.01161710
2023-08-10 00:00:00+00:00,0.03303303
2023-08-11 00:00:00+00:00,-0.02863636
2023-08-14 00:00:00+00:00,0.00184459
2023-08-15 00:00:00+00:00,-0.02027183
2023-08-16 00:00:00+00:00,0.00000000
2023-08-17 00:00:00+00:00,-0.02722830
2023-08-18 00:00:00+00:00,-0.00566171
2023-08-21 00:00:00+00:00,0.00378519
2023-08-22 00:00:00+00:00,0.01794569
2023-08-23 00:00:00+00:00,0.00327639
2023-08-24 00:00:00+00:00,-0.01705607
2023-08-25 00:00:00+00:00,0.00094251
2023-08-28 00:00:00+00:00,0.02849741
2023-08-29 00:00:00+00:00,0.01439851
2023-08-30 00:00:00+00:00,-0.00438091
2023-08-31 00:00:00+00:00,-0.00670210
2023-09-01 00:00:00+00:00,-0.01066543
2023-09-04 00:00:00+00:00,-0.00419580
2023-09-05 00:00:00+00:00,-0.00280308
2023-09-06 00:00:00+00:00,-0.01450292
2023-09-07 00:00:00+00:00,-0.00400566
2023-09-08 00:00:00+00:00,0.00964933
2023-09-11 00:00:00+00:00,0.00772834
2023-09-12 00:00:00+00:00,-0.00629958
2023-09-13 00:00:00+00:00,-0.00678839
2023-09-14 00:00:00+00:00,0.02794739
2023-09-15 00:00:00+00:00,0.00393792
2023-09-18 00:00:00+00:00,-0.02497110
2023-09-19 00:00:00+00:00,-0.00117069
2023-09-20 00:00:00+00:00,0.01803701
2023-09-21 00:00:00+00:00,-0.03064778
2023-09-22 00:00:00+00:00,-0.00235793
2023-09-25 00:00:00+00:00,-0.02147746
2023-09-26 00:00:00+00:00,-0.01789549
2023-09-27 00:00:00+00:00,0.00144439
2023-09-28 00:00:00+00:00,0.01274958
2023-09-29 00:00:00+00:00,0.00979924
2023-10-02 00:00:00+00:00,-0.02069458
2023-10-03 00:00:00+00:00,-0.02066811
2023-10-04 00:00:00+00:00,0.00194269
2023-10-05 00:00:00+00:00,0.00000000
2023-10-06 00:00:00+00:00,0.02134886
2023-10-09 00:00:00+00:00,-0.01608257
2023-10-10 00:00:00+00:00,0.04598258
2023-10-11 00:00:00+00:00,-0.00023657
2023-10-12 00:00:00+00:00,-0.00402176
2023-10-13 00:00:00+00:00,-0.03034614
2023-10-16 00:00:00+00:00,0.00625903
2023-10-17 00:00:00+00:00,0.00095992
2023-10-18 00:00:00+00:00,-0.02206764
2023-10-19 00:00:00+00:00,-0.00873151
2023-10-20 00:00:00+00:00,-0.02996346
2023-10-23 00:00:00+00:00,0.00593472
2023-10-24 00:00:00+00:00,0.01035503
2023-10-25 00:00:00+00:00,0.00515085
2023-10-26 00:00:00+00:00,-0.01272016
2023-10-27 00:00:00+00:00,-0.01427868
2023-10-30 00:00:00+00:00,0.00297545
2023-10-31 00:00:00+00:00,0.01535033
2023-11-01 00:00:00+00:00,0.01670762
2023-11-02 00:00:00+00:00,0.03825536
2023-11-03 00:00:00+00:00,0.00478240
2023-11-06 00:00:00+00:00,-0.00954198
2023-11-07 00:00:00+00:00,-0.00335570
2023-11-08 00:00:00+00:00,0.01248499
2023-11-09 00:00:00+00:00,0.02338344
2023-11-10 00:00:00+00:00,-0.01509434
2023-11-13 00:00:00+00:00,0.01592205
2023-11-14 00:00:00+00:00,0.03112473
2023-11-15 00:00:00+00:00,0.00882285
2023-11-16 00:00:00+00:00,-0.00693481
2023-11-17 00:00:00+00:00,0.01739736
2023-11-20 00:00:00+00:00,0.00252990
2023-11-21 00:00:00+00:00,-0.00505282
2023-11-22 00:00:00+00:00,0.00921022
2023-11-23 00:00:00+00:00,0.00435480
2023-11-24 00:00:00+00:00,0.00503202
2023-11-27 00:00:00+00:00,-0.00798540
2023-11-28 00:00:00+00:00,-0.00480989
2023-11-29 00:00:00+00:00,0.01102181
2023-11-30 00:00:00+00:00,0.00548070
2023-12-01 00:00:00+00:00,0.01480301
2023-12-04 00:00:00+00:00,-0.00045218
2023-12-05 00:00:00+00:00,0.01628223
2023-12-06 00:00:00+00:00,0.01682369
2023-12-07 00:00:00+00:00,-0.00756396
2023-12-08 00:00:00+00:00,0.03193390
2023-12-11 00:00:00+00:00,0.00942362
2023-12-12 00:00:00+00:00,-0.00348964
2023-12-13 00:00:00+00:00,-0.00305877
2023-12-14 00:00:00+00:00,0.00459519
2023-12-15 00:00:00+00:00,0.00502183
2023-12-18 00:00:00+00:00,-0.01480836
2023-12-19 00:00:00+00:00,0.00811760
2023-12-20 00:00:00+00:00,-0.00109266
2023-12-21 00:00:00+00:00,-0.00655881
2023-12-22 00:00:00+00:00,-0.00109673
2023-12-27 00:00:00+00:00,0.00285275
2023-12-28 00:00:00+00:00,-0.00810870
2023-12-29 00:00:00+00:00,-0.00110011
2024-01-02 00:00:00+00:00,-0.00110059
2024-01-03 00:00:00+00:00,-0.02951542
2024-01-04 00:00:00+00:00,0.01296669
2024-01-05 00:00:00+00:00,-0.00533096
2024-01-08 00:00:00+00:00,0.00846325
2024-01-09 00:00:00+00:00,-0.00687514
2024-01-10 00:00:00+00:00,0.00022252
2024-01-11 00:00:00+00:00,-0.01268358
2024-01-12 00:00:00+00:00,0.01522615
2024-01-15 00:00:00+00:00,-0.00866667
2024-01-16 00:00:00+00:00,-0.00580357
2024-01-17 00:00:00+00:00,-0.01947616
2024-01-18 00:00:00+00:00,0.02260909
2024-01-19 00:00:00+00:00,-0.00223564
2024-01-22 00:00:00+00:00,0.01611459
2024-01-23 00:00:00+00:00,-0.00688430
2024-01-24 00:00:00+00:00,0.04344920
2024-01-25 00:00:00+00:00,0.00785169
2024-01-26 00:00:00+00:00,0.02281121
2024-01-29 00:00:00+00:00,0.00128894
2024-01-30 00:00:00+00:00,0.01030485
2024-01-31 00:00:00+00:00,-0.00726185
2024-02-01 00:00:00+00:00,-0.00685959
2024-02-02 00:00:00+00:00,0.00881910
2024-02-05 00:00:00+00:00,-0.00128507
2024-02-06 00:00:00+00:00,0.01757394
2024-02-07 00:00:00+00:00,-0.00552369
2024-02-08 00:00:00+00:00,0.01214316
2024-02-09 00:00:00+00:00,0.00402372
2024-02-12 00:00:00+00:00,0.01310505
2024-02-13 00:00:00+00:00,-0.02414952
2024-02-14 00:00:00+00:00,0.00892667
2024-02-15 00:00:00+00:00,0.01269573
2024-02-16 00:00:00+00:00,0.00988225
2024-02-19 00:00:00+00:00,-0.00062775
2024-02-20 00:00:00+00:00,0.00000000
2024-02-21 00:00:00+00:00,0.00439606
2024-02-22 00:00:00+00:00,0.03384165
2024-02-23 00:00:00+00:00,0.00657354
2024-02-26 00:00:00+00:00,-0.00409500
2024-02-27 00:00:00+00:00,0.00984817
2024-02-28 00:00:00+00:00,-0.00204165
2024-02-29 00:00:00+00:00,0.00061312
2024-03-01 00:00:00+00:00,0.00286065
2024-03-04 00:00:00+00:00,0.00693736
2024-03-05 00:00:00+00:00,-0.00813339
2024-03-06 00:00:00+00:00,0.01021033
2024-03-07 00:00:00+00:00,0.02417716
2024-03-08 00:00:00+00:00,-0.00562136
2024-03-11 00:00:00+00:00,-0.01348903
2024-03-12 00:00:00+00:00,0.02189337
2024-03-13 00:00:00+00:00,0.00661720
2024-03-14 00:00:00+00:00,-0.01318945
2024-03-15 00:00:00+00:00,0.00262732
2024-03-18 00:00:00+00:00,-0.00524723
2024-03-19 00:00:00+00:00,0.00870093
2024-03-20 00:00:00+00:00,-0.00161193
2024-03-21 00:00:00+00:00,0.02117362
2024-03-22 00:00:00+00:00,-0.00718419
2024-03-25 00:00:00+00:00,0.00560785
2024-03-26 00:00:00+00:00,0.00918714
2024-03-27 00:00:00+00:00,0.00357853
2024-03-28 00:00:00+00:00,0.00257988
