Date,MILKDRY
2014-01-22 00:00:00+00:00,-0.01149425
2014-01-23 00:00:00+00:00,-0.02008671
2014-01-24 00:00:00+00:00,0.00000000
2014-01-27 00:00:00+00:00,0.00716270
2014-01-28 00:00:00+00:00,-0.00218659
2014-01-29 00:00:00+00:00,0.01239067
2014-01-30 00:00:00+00:00,0.02572674
2014-01-31 00:00:00+00:00,-0.00812197
2014-02-03 00:00:00+00:00,-0.01589595
2014-02-04 00:00:00+00:00,-0.00789358
2014-02-05 00:00:00+00:00,-0.01549708
2014-02-06 00:00:00+00:00,0.00352216
2014-02-07 00:00:00+00:00,0.00000000
2014-02-10 00:00:00+00:00,-0.00807162
2014-02-11 00:00:00+00:00,-0.00088119
2014-02-12 00:00:00+00:00,0.02034841
2014-02-13 00:00:00+00:00,0.00697674
2014-02-14 00:00:00+00:00,-0.00733138
2014-02-18 00:00:00+00:00,0.02710145
2014-02-19 00:00:00+00:00,0.03104435
2014-02-20 00:00:00+00:00,0.00508618
2014-02-21 00:00:00+00:00,0.03375706
2014-02-24 00:00:00+00:00,0.02649466
2014-02-25 00:00:00+00:00,0.01056241
2014-02-26 00:00:00+00:00,-0.00312330
2014-02-28 00:00:00+00:00,-0.01956522
2014-03-03 00:00:00+00:00,-0.02604167
2014-03-04 00:00:00+00:00,-0.04027778
2014-03-05 00:00:00+00:00,-0.01222285
2014-03-06 00:00:00+00:00,0.00714286
2014-03-10 00:00:00+00:00,0.00000000
2014-03-11 00:00:00+00:00,0.00313212
2014-03-12 00:00:00+00:00,-0.00228180
2014-03-13 00:00:00+00:00,-0.00056899
2014-03-14 00:00:00+00:00,0.00000000
2014-03-17 00:00:00+00:00,-0.01275224
2014-03-18 00:00:00+00:00,-0.01476279
2014-03-19 00:00:00+00:00,0.01010101
2014-03-20 00:00:00+00:00,0.00000000
2014-03-21 00:00:00+00:00,-0.04342857
2014-03-25 00:00:00+00:00,-0.02380952
2014-03-26 00:00:00+00:00,0.00000000
2014-03-27 00:00:00+00:00,-0.01964286
2014-03-28 00:00:00+00:00,0.01084337
2014-03-31 00:00:00+00:00,0.00000000
2014-04-01 00:00:00+00:00,-0.03108108
2014-04-02 00:00:00+00:00,0.00853659
2014-04-03 00:00:00+00:00,0.00015200
2014-04-04 00:00:00+00:00,0.00303951
2014-04-07 00:00:00+00:00,-0.00454545
2014-04-09 00:00:00+00:00,-0.01212121
2014-04-10 00:00:00+00:00,-0.01310976
2014-04-11 00:00:00+00:00,0.00703364
2014-04-14 00:00:00+00:00,-0.00168196
2014-04-15 00:00:00+00:00,-0.00244648
2014-04-16 00:00:00+00:00,0.00321101
2014-04-17 00:00:00+00:00,0.01773700
2014-04-24 00:00:00+00:00,0.02390318
2014-04-25 00:00:00+00:00,0.00000000
2014-04-28 00:00:00+00:00,0.00000000
2014-04-29 00:00:00+00:00,-0.00438729
2014-04-30 00:00:00+00:00,-0.01154840
2014-05-01 00:00:00+00:00,0.01458647
2014-05-02 00:00:00+00:00,-0.01362275
2014-05-05 00:00:00+00:00,0.01064468
2014-05-06 00:00:00+00:00,-0.00600601
2014-05-07 00:00:00+00:00,-0.00600601
2014-05-08 00:00:00+00:00,0.01201201
2014-05-09 00:00:00+00:00,0.00415430
2014-05-12 00:00:00+00:00,0.04609929
2014-05-13 00:00:00+00:00,-0.01447368
2014-05-14 00:00:00+00:00,0.01161594
2014-05-15 00:00:00+00:00,0.00436047
2014-05-16 00:00:00+00:00,0.00718244
2014-05-19 00:00:00+00:00,0.00000000
2014-05-20 00:00:00+00:00,0.01362319
2014-05-21 00:00:00+00:00,0.03030303
2014-05-22 00:00:00+00:00,-0.02350427
2014-05-23 00:00:00+00:00,0.02638869
2014-05-26 00:00:00+00:00,-0.00143472
2014-05-27 00:00:00+00:00,0.01580460
2014-05-28 00:00:00+00:00,-0.00429185
2014-05-29 00:00:00+00:00,-0.01542857
2014-05-30 00:00:00+00:00,-0.01311239
2014-06-02 00:00:00+00:00,-0.00595930
2014-06-03 00:00:00+00:00,-0.00874636
2014-06-04 00:00:00+00:00,0.00000000
2014-06-05 00:00:00+00:00,0.00000000
2014-06-06 00:00:00+00:00,-0.00058309
2014-06-09 00:00:00+00:00,-0.00819193
2014-06-10 00:00:00+00:00,-0.00293255
2014-06-11 00:00:00+00:00,-0.02052786
2014-06-12 00:00:00+00:00,-0.01775148
2014-06-13 00:00:00+00:00,-0.01497006
2014-06-16 00:00:00+00:00,-0.00303030
2014-06-17 00:00:00+00:00,0.00303030
2014-06-18 00:00:00+00:00,0.00651515
2014-06-19 00:00:00+00:00,0.00979063
2014-06-20 00:00:00+00:00,0.01163484
2014-06-23 00:00:00+00:00,0.03186420
2014-06-24 00:00:00+00:00,0.00000000
2014-06-25 00:00:00+00:00,-0.00879765
2014-06-26 00:00:00+00:00,-0.01783648
2014-06-27 00:00:00+00:00,-0.02529762
2014-06-29 00:00:00+00:00,-0.01054217
2014-06-30 00:00:00+00:00,-0.00181818
2014-07-01 00:00:00+00:00,-0.01782477
2014-07-02 00:00:00+00:00,-0.01369863
2014-07-03 00:00:00+00:00,0.00000000
2014-07-06 00:00:00+00:00,0.00306748
2014-07-07 00:00:00+00:00,-0.00920245
2014-07-08 00:00:00+00:00,-0.01238390
2014-07-09 00:00:00+00:00,-0.01625000
2014-07-10 00:00:00+00:00,-0.00723270
2014-07-11 00:00:00+00:00,0.01100629
2014-07-14 00:00:00+00:00,-0.00471698
2014-07-15 00:00:00+00:00,-0.01729560
2014-07-16 00:00:00+00:00,0.00315457
2014-07-17 00:00:00+00:00,0.00149229
2014-07-18 00:00:00+00:00,-0.02618297
2014-07-20 00:00:00+00:00,0.00000000
2014-07-21 00:00:00+00:00,-0.01345291
2014-07-22 00:00:00+00:00,-0.01935484
2014-07-23 00:00:00+00:00,0.00651466
2014-07-24 00:00:00+00:00,0.00000000
2014-07-25 00:00:00+00:00,-0.01620746
2014-07-28 00:00:00+00:00,0.00163934
2014-07-29 00:00:00+00:00,0.00000000
2014-07-31 00:00:00+00:00,-0.01141925
2014-08-01 00:00:00+00:00,0.00327869
2014-08-05 00:00:00+00:00,-0.03600655
2014-08-06 00:00:00+00:00,-0.00500000
2014-08-07 00:00:00+00:00,-0.01842546
2014-08-08 00:00:00+00:00,0.00016835
2014-08-11 00:00:00+00:00,-0.00016835
2014-08-12 00:00:00+00:00,0.00016835
2014-08-13 00:00:00+00:00,-0.01700337
2014-08-14 00:00:00+00:00,-0.04421769
2014-08-15 00:00:00+00:00,-0.03472222
2014-08-18 00:00:00+00:00,-0.02455683
2014-08-19 00:00:00+00:00,-0.01089091
2014-08-20 00:00:00+00:00,-0.00719424
2014-08-21 00:00:00+00:00,0.00722022
2014-08-22 00:00:00+00:00,-0.00722022
2014-08-26 00:00:00+00:00,0.01449275
2014-08-27 00:00:00+00:00,0.02857143
2014-08-28 00:00:00+00:00,0.01566901
2014-08-29 00:00:00+00:00,0.02239583
2014-09-02 00:00:00+00:00,-0.04292143
2014-09-03 00:00:00+00:00,-0.01946903
2014-09-04 00:00:00+00:00,-0.01428571
2014-09-05 00:00:00+00:00,-0.01762590
2014-09-08 00:00:00+00:00,-0.05417197
2014-09-09 00:00:00+00:00,-0.04550541
2014-09-10 00:00:00+00:00,0.00763359
2014-09-11 00:00:00+00:00,0.00952381
2014-09-12 00:00:00+00:00,0.00189394
2014-09-15 00:00:00+00:00,0.04154998
2014-09-16 00:00:00+00:00,0.00370439
2014-09-17 00:00:00+00:00,0.01129839
2014-09-18 00:00:00+00:00,0.05863971
2014-09-19 00:00:00+00:00,-0.00160743
2014-09-22 00:00:00+00:00,0.00178571
2014-09-23 00:00:00+00:00,0.00714286
2014-09-24 00:00:00+00:00,0.03546099
2014-09-25 00:00:00+00:00,0.02447552
2014-09-26 00:00:00+00:00,-0.00689655
2014-09-29 00:00:00+00:00,-0.01724138
2014-09-30 00:00:00+00:00,-0.01923077
2014-10-01 00:00:00+00:00,-0.05402098
2014-10-02 00:00:00+00:00,0.00000000
2014-10-03 00:00:00+00:00,0.00344203
2014-10-05 00:00:00+00:00,0.00000000
2014-10-06 00:00:00+00:00,0.01268116
2014-10-07 00:00:00+00:00,0.01989150
2014-10-08 00:00:00+00:00,-0.00711744
2014-10-09 00:00:00+00:00,-0.00142857
2014-10-10 00:00:00+00:00,0.02112424
2014-10-13 00:00:00+00:00,-0.01443850
2014-10-14 00:00:00+00:00,-0.01016043
2014-10-15 00:00:00+00:00,-0.02213851
2014-10-16 00:00:00+00:00,-0.02898551
2014-10-17 00:00:00+00:00,-0.01102941
2014-10-20 00:00:00+00:00,-0.02022059
2014-10-21 00:00:00+00:00,0.00373134
2014-10-22 00:00:00+00:00,-0.00925926
2014-10-23 00:00:00+00:00,-0.00372439
2014-10-24 00:00:00+00:00,-0.01303538
2014-10-27 00:00:00+00:00,-0.00849057
2014-10-28 00:00:00+00:00,-0.00283554
2014-10-29 00:00:00+00:00,-0.02277040
2014-10-30 00:00:00+00:00,-0.01346154
2014-10-31 00:00:00+00:00,-0.00193424
2014-11-03 00:00:00+00:00,-0.00775194
2014-11-04 00:00:00+00:00,-0.00387597
2014-11-05 00:00:00+00:00,-0.02626459
2014-11-06 00:00:00+00:00,-0.06638922
2014-11-07 00:00:00+00:00,-0.01844262
2014-11-09 00:00:00+00:00,0.00000000
2014-11-10 00:00:00+00:00,-0.01659836
2014-11-11 00:00:00+00:00,-0.04918708
2014-11-12 00:00:00+00:00,0.00425532
2014-11-13 00:00:00+00:00,0.00000000
2014-11-14 00:00:00+00:00,0.01686415
2014-11-17 00:00:00+00:00,0.00000000
2014-11-18 00:00:00+00:00,-0.01483051
2014-11-19 00:00:00+00:00,-0.00424628
2014-11-20 00:00:00+00:00,0.03184713
2014-11-21 00:00:00+00:00,0.02427984
2014-11-24 00:00:00+00:00,0.00000000
2014-11-25 00:00:00+00:00,0.00000000
2014-11-26 00:00:00+00:00,-0.01829268
2014-12-01 00:00:00+00:00,-0.02244898
2014-12-02 00:00:00+00:00,0.00416667
2014-12-04 00:00:00+00:00,0.03125000
2014-12-05 00:00:00+00:00,0.05349794
2014-12-08 00:00:00+00:00,-0.02220000
2014-12-09 00:00:00+00:00,0.00405762
2014-12-10 00:00:00+00:00,0.00000000
2014-12-11 00:00:00+00:00,0.02049097
2014-12-12 00:00:00+00:00,-0.02064128
2014-12-14 00:00:00+00:00,-0.00465210
2014-12-15 00:00:00+00:00,-0.05279126
2014-12-16 00:00:00+00:00,-0.05236716
2014-12-17 00:00:00+00:00,-0.04966674
2014-12-18 00:00:00+00:00,-0.00000000
2014-12-19 00:00:00+00:00,0.01321586
2014-12-22 00:00:00+00:00,0.03478261
2014-12-23 00:00:00+00:00,0.03529412
2014-12-24 00:00:00+00:00,-0.00996264
2014-12-30 00:00:00+00:00,0.03102725
2014-12-31 00:00:00+00:00,-0.01014199
2015-01-05 00:00:00+00:00,0.04303279
2015-01-06 00:00:00+00:00,-0.01162791
2015-01-07 00:00:00+00:00,-0.00203252
2015-01-08 00:00:00+00:00,-0.02926829
2015-01-09 00:00:00+00:00,-0.04036244
2015-01-12 00:00:00+00:00,-0.00843882
2015-01-13 00:00:00+00:00,-0.02542373
2015-01-14 00:00:00+00:00,-0.02583607
2015-01-15 00:00:00+00:00,0.00432900
2015-01-16 00:00:00+00:00,-0.01120690
2015-01-20 00:00:00+00:00,0.03424361
2015-01-21 00:00:00+00:00,0.01976451
2015-01-22 00:00:00+00:00,0.04175365
2015-01-23 00:00:00+00:00,0.00610998
2015-01-25 00:00:00+00:00,-0.01219512
2015-01-26 00:00:00+00:00,0.03278689
2015-01-27 00:00:00+00:00,0.02258065
2015-01-28 00:00:00+00:00,0.00199521
2015-01-29 00:00:00+00:00,0.06384677
2015-01-30 00:00:00+00:00,0.00367363
2015-02-02 00:00:00+00:00,-0.00794574
2015-02-03 00:00:00+00:00,0.02343750
2015-02-04 00:00:00+00:00,0.00193798
2015-02-05 00:00:00+00:00,0.02111324
2015-02-06 00:00:00+00:00,0.00000000
2015-02-09 00:00:00+00:00,0.00152672
2015-02-10 00:00:00+00:00,-0.00113895
2015-02-11 00:00:00+00:00,0.00798479
2015-02-12 00:00:00+00:00,0.03217260
2015-02-17 00:00:00+00:00,0.02737158
2015-02-18 00:00:00+00:00,0.05882353
2015-02-19 00:00:00+00:00,-0.02857143
2015-02-20 00:00:00+00:00,-0.06250000
2015-02-23 00:00:00+00:00,-0.01977612
2015-02-24 00:00:00+00:00,0.05102617
2015-02-25 00:00:00+00:00,-0.00968037
2015-02-26 00:00:00+00:00,0.01611722
2015-02-27 00:00:00+00:00,0.04761905
2015-03-02 00:00:00+00:00,-0.03202847
2015-03-03 00:00:00+00:00,-0.02189781
2015-03-04 00:00:00+00:00,-0.00547445
2015-03-05 00:00:00+00:00,-0.03102190
2015-03-06 00:00:00+00:00,-0.06409774
2015-03-09 00:00:00+00:00,-0.01507634
2015-03-10 00:00:00+00:00,-0.00961538
2015-03-11 00:00:00+00:00,-0.00386847
2015-03-12 00:00:00+00:00,-0.03914729
2015-03-13 00:00:00+00:00,-0.05110063
2015-03-15 00:00:00+00:00,-0.00161031
2015-03-16 00:00:00+00:00,0.00000000
2015-03-17 00:00:00+00:00,-0.04242371
2015-03-18 00:00:00+00:00,-0.00206612
2015-03-19 00:00:00+00:00,0.00041322
2015-03-20 00:00:00+00:00,-0.01199835
2015-03-23 00:00:00+00:00,0.00355649
2015-03-24 00:00:00+00:00,-0.01136129
2015-03-25 00:00:00+00:00,-0.00269374
2015-03-26 00:00:00+00:00,0.01298434
2015-03-27 00:00:00+00:00,0.00700165
2015-03-30 00:00:00+00:00,-0.06502058
2015-03-31 00:00:00+00:00,-0.00297619
2015-04-01 00:00:00+00:00,-0.01271186
2015-04-07 00:00:00+00:00,0.00427350
2015-04-08 00:00:00+00:00,-0.00427350
2015-04-09 00:00:00+00:00,-0.00512821
2015-04-10 00:00:00+00:00,-0.01196581
2015-04-12 00:00:00+00:00,-0.00429185
2015-04-13 00:00:00+00:00,-0.00429185
2015-04-14 00:00:00+00:00,-0.00150862
2015-04-15 00:00:00+00:00,0.00142917
2015-04-17 00:00:00+00:00,0.03658009
2015-04-20 00:00:00+00:00,0.01286920
2015-04-21 00:00:00+00:00,-0.00210970
2015-04-22 00:00:00+00:00,-0.01449580
2015-04-23 00:00:00+00:00,0.01869355
2015-04-24 00:00:00+00:00,0.01166667
2015-04-28 00:00:00+00:00,-0.00541667
2015-04-29 00:00:00+00:00,-0.01652893
2015-04-30 00:00:00+00:00,-0.01953782
2015-05-04 00:00:00+00:00,0.01127420
2015-05-05 00:00:00+00:00,-0.01991525
2015-05-06 00:00:00+00:00,0.00299145
2015-05-07 00:00:00+00:00,0.00598291
2015-05-08 00:00:00+00:00,0.00127389
2015-05-11 00:00:00+00:00,0.03372932
2015-05-13 00:00:00+00:00,-0.01826390
2015-05-14 00:00:00+00:00,-0.02809224
2015-05-15 00:00:00+00:00,-0.02136160
2015-05-18 00:00:00+00:00,-0.02145923
2015-05-19 00:00:00+00:00,-0.01077586
2015-05-20 00:00:00+00:00,0.00323974
2015-05-21 00:00:00+00:00,0.00410456
2015-05-22 00:00:00+00:00,-0.00818260
2015-05-26 00:00:00+00:00,-0.04094828
2015-05-27 00:00:00+00:00,-0.00132743
2015-05-28 00:00:00+00:00,-0.00754885
2015-05-29 00:00:00+00:00,0.02678571
2015-06-01 00:00:00+00:00,-0.01318681
2015-06-02 00:00:00+00:00,-0.03230088
2015-06-03 00:00:00+00:00,-0.02488789
2015-06-04 00:00:00+00:00,-0.03331036
2015-06-05 00:00:00+00:00,-0.00161663
2015-06-08 00:00:00+00:00,0.00622120
2015-06-09 00:00:00+00:00,0.00275229
2015-06-10 00:00:00+00:00,-0.03669725
2015-06-11 00:00:00+00:00,0.00000000
2015-06-12 00:00:00+00:00,-0.00981308
2015-06-15 00:00:00+00:00,0.00000000
2015-06-16 00:00:00+00:00,-0.01062858
2015-06-17 00:00:00+00:00,-0.00448113
2015-06-18 00:00:00+00:00,-0.06976744
2015-06-19 00:00:00+00:00,0.00490196
2015-06-22 00:00:00+00:00,-0.00490196
2015-06-23 00:00:00+00:00,0.05367647
2015-06-24 00:00:00+00:00,-0.00441963
2015-06-25 00:00:00+00:00,-0.00490654
2015-06-26 00:00:00+00:00,-0.03615872
2015-06-28 00:00:00+00:00,0.00000000
2015-06-29 00:00:00+00:00,-0.01512605
2015-06-30 00:00:00+00:00,-0.01213003
2015-07-01 00:00:00+00:00,-0.02750491
2015-07-02 00:00:00+00:00,-0.02000000
2015-07-06 00:00:00+00:00,-0.04267677
2015-07-07 00:00:00+00:00,-0.01661979
2015-07-08 00:00:00+00:00,0.00359343
2015-07-09 00:00:00+00:00,-0.03846154
2015-07-10 00:00:00+00:00,-0.01047120
2015-07-13 00:00:00+00:00,0.00530504
2015-07-14 00:00:00+00:00,0.00000000
2015-07-15 00:00:00+00:00,-0.07315789
2015-07-16 00:00:00+00:00,0.01440217
2015-07-17 00:00:00+00:00,0.00589326
2015-07-20 00:00:00+00:00,0.00885431
2015-07-21 00:00:00+00:00,-0.02021277
2015-07-22 00:00:00+00:00,-0.01989247
2015-07-23 00:00:00+00:00,0.01586022
2015-07-24 00:00:00+00:00,-0.00900424
2015-07-28 00:00:00+00:00,0.02604997
2015-07-29 00:00:00+00:00,-0.01031746
2015-07-30 00:00:00+00:00,0.00873016
2015-07-31 00:00:00+00:00,0.01216931
2015-08-03 00:00:00+00:00,0.04232804
2015-08-04 00:00:00+00:00,-0.03108808
2015-08-05 00:00:00+00:00,0.00526316
2015-08-06 00:00:00+00:00,0.00552632
2015-08-07 00:00:00+00:00,-0.01046846
2015-08-10 00:00:00+00:00,0.02329233
2015-08-11 00:00:00+00:00,0.01220779
2015-08-12 00:00:00+00:00,-0.04585041
2015-08-13 00:00:00+00:00,0.01623887
2015-08-17 00:00:00+00:00,0.02083333
2015-08-18 00:00:00+00:00,0.10757105
2015-08-19 00:00:00+00:00,0.02949853
2015-08-20 00:00:00+00:00,0.04228122
2015-08-21 00:00:00+00:00,0.02216981
2015-08-24 00:00:00+00:00,-0.05487528
2015-08-25 00:00:00+00:00,0.01218369
2015-08-27 00:00:00+00:00,0.04629630
2015-08-28 00:00:00+00:00,-0.02247706
2015-08-31 00:00:00+00:00,0.00092550
2015-09-01 00:00:00+00:00,0.04551756
2015-09-02 00:00:00+00:00,0.03623678
2015-09-03 00:00:00+00:00,-0.02210433
2015-09-04 00:00:00+00:00,-0.02337079
2015-09-08 00:00:00+00:00,-0.04719101
2015-09-09 00:00:00+00:00,0.06759907
2015-09-10 00:00:00+00:00,-0.02022472
2015-09-11 00:00:00+00:00,-0.00383747
2015-09-14 00:00:00+00:00,0.00429864
2015-09-15 00:00:00+00:00,-0.00045126
2015-09-16 00:00:00+00:00,-0.01151242
2015-09-17 00:00:00+00:00,0.02605136
2015-09-18 00:00:00+00:00,-0.00067219
2015-09-21 00:00:00+00:00,0.07556054
2015-09-22 00:00:00+00:00,0.02186147
2015-09-23 00:00:00+00:00,0.00424719
2015-09-24 00:00:00+00:00,0.01480051
2015-09-28 00:00:00+00:00,-0.00507292
2015-09-29 00:00:00+00:00,0.02584746
2015-09-30 00:00:00+00:00,0.00997921
2015-10-01 00:00:00+00:00,0.02099792
2015-10-02 00:00:00+00:00,-0.00631236
2015-10-05 00:00:00+00:00,0.03553719
2015-10-06 00:00:00+00:00,-0.05537459
2015-10-07 00:00:00+00:00,0.00000000
2015-10-08 00:00:00+00:00,0.01673640
2015-10-09 00:00:00+00:00,0.00439331
2015-10-13 00:00:00+00:00,-0.02530595
2015-10-14 00:00:00+00:00,-0.06022088
2015-10-15 00:00:00+00:00,-0.02844828
2015-10-16 00:00:00+00:00,0.02625370
2015-10-19 00:00:00+00:00,0.00000000
2015-10-20 00:00:00+00:00,-0.03681634
2015-10-21 00:00:00+00:00,-0.00784314
2015-10-22 00:00:00+00:00,0.03208791
2015-10-23 00:00:00+00:00,-0.01567797
2015-10-27 00:00:00+00:00,-0.00170940
2015-10-28 00:00:00+00:00,-0.00213675
2015-10-29 00:00:00+00:00,-0.02569593
2015-10-30 00:00:00+00:00,0.01086957
2015-11-01 00:00:00+00:00,-0.02173913
2015-11-02 00:00:00+00:00,0.00545852
2015-11-03 00:00:00+00:00,-0.04553377
2015-11-04 00:00:00+00:00,-0.03038427
2015-11-05 00:00:00+00:00,0.00909091
2015-11-09 00:00:00+00:00,0.02272727
2015-11-10 00:00:00+00:00,-0.05381166
2015-11-11 00:00:00+00:00,-0.00467216
2015-11-12 00:00:00+00:00,-0.05506912
2015-11-13 00:00:00+00:00,0.00471587
2015-11-16 00:00:00+00:00,-0.00259373
2015-11-17 00:00:00+00:00,0.00379147
2015-11-18 00:00:00+00:00,-0.01336406
2015-11-19 00:00:00+00:00,0.00000000
2015-11-23 00:00:00+00:00,0.01631702
2015-11-24 00:00:00+00:00,0.00000000
2015-11-25 00:00:00+00:00,0.01330275
2015-11-30 00:00:00+00:00,0.01834862
2015-12-01 00:00:00+00:00,0.06307130
2015-12-02 00:00:00+00:00,-0.02557319
2015-12-03 00:00:00+00:00,-0.00977778
2015-12-04 00:00:00+00:00,-0.00493716
2015-12-07 00:00:00+00:00,0.00810081
2015-12-08 00:00:00+00:00,-0.01950673
2015-12-09 00:00:00+00:00,0.00000000
2015-12-14 00:00:00+00:00,0.01106095
2015-12-15 00:00:00+00:00,-0.02962963
2015-12-16 00:00:00+00:00,-0.02258500
2015-12-17 00:00:00+00:00,-0.03248100
2015-12-18 00:00:00+00:00,-0.06103286
2015-12-21 00:00:00+00:00,-0.03605769
2015-12-22 00:00:00+00:00,0.01225490
2015-12-23 00:00:00+00:00,0.01418269
2015-12-28 00:00:00+00:00,0.00000000
2015-12-29 00:00:00+00:00,-0.01698565
2015-12-30 00:00:00+00:00,0.00823643
2015-12-31 00:00:00+00:00,0.00897187
2016-01-04 00:00:00+00:00,-0.00625602
2016-01-05 00:00:00+00:00,-0.04402516
2016-01-06 00:00:00+00:00,-0.04029666
2016-01-07 00:00:00+00:00,-0.02448877
2016-01-08 00:00:00+00:00,-0.00979129
2016-01-11 00:00:00+00:00,-0.00743590
2016-01-12 00:00:00+00:00,-0.00772400
2016-01-13 00:00:00+00:00,0.02711777
2016-01-14 00:00:00+00:00,0.01045918
2016-01-15 00:00:00+00:00,-0.00490611
2016-01-19 00:00:00+00:00,-0.08101266
2016-01-20 00:00:00+00:00,-0.06649077
2016-01-21 00:00:00+00:00,-0.03269755
2016-01-22 00:00:00+00:00,-0.03871866
2016-01-25 00:00:00+00:00,-0.03237717
2016-01-26 00:00:00+00:00,-0.02537486
2016-01-27 00:00:00+00:00,0.11730205
2016-01-28 00:00:00+00:00,-0.09444444
2016-01-29 00:00:00+00:00,-0.05959302
2016-02-01 00:00:00+00:00,-0.00389222
2016-02-02 00:00:00+00:00,0.02043883
2016-02-03 00:00:00+00:00,0.05120482
2016-02-04 00:00:00+00:00,0.06220930
2016-02-05 00:00:00+00:00,-0.03446359
2016-02-08 00:00:00+00:00,-0.05314286
2016-02-09 00:00:00+00:00,-0.00411160
2016-02-10 00:00:00+00:00,0.02071006
2016-02-11 00:00:00+00:00,0.00735294
2016-02-12 00:00:00+00:00,-0.02715328
2016-02-15 00:00:00+00:00,-0.00943396
2016-02-16 00:00:00+00:00,0.03757396
2016-02-17 00:00:00+00:00,-0.00579929
2016-02-18 00:00:00+00:00,0.02703488
2016-02-19 00:00:00+00:00,0.00114943
2016-02-22 00:00:00+00:00,0.01125866
2016-02-23 00:00:00+00:00,0.05282910
2016-02-24 00:00:00+00:00,0.01071429
2016-02-25 00:00:00+00:00,0.03516484
2016-02-26 00:00:00+00:00,-0.01681345
2016-02-29 00:00:00+00:00,0.03583062
2016-03-01 00:00:00+00:00,-0.00133476
2016-03-02 00:00:00+00:00,0.01196809
2016-03-03 00:00:00+00:00,-0.07903056
2016-03-04 00:00:00+00:00,-0.05877506
2016-03-07 00:00:00+00:00,0.01420455
2016-03-08 00:00:00+00:00,0.01643525
2016-03-09 00:00:00+00:00,-0.01117318
2016-03-10 00:00:00+00:00,0.03746479
2016-03-11 00:00:00+00:00,0.03229368
2016-03-14 00:00:00+00:00,-0.02210243
2016-03-15 00:00:00+00:00,-0.05597826
2016-03-16 00:00:00+00:00,0.00076055
2016-03-17 00:00:00+00:00,-0.01657303
2016-03-18 00:00:00+00:00,-0.01601831
2016-03-21 00:00:00+00:00,0.04355350
2016-03-22 00:00:00+00:00,-0.01551919
2016-03-23 00:00:00+00:00,0.00198864
2016-03-24 00:00:00+00:00,0.00000000
2016-03-29 00:00:00+00:00,0.00340909
2016-03-30 00:00:00+00:00,-0.00936702
2016-03-31 00:00:00+00:00,-0.02222222
2016-04-04 00:00:00+00:00,-0.00634006
2016-04-05 00:00:00+00:00,0.01820809
2016-04-06 00:00:00+00:00,0.02205672
2016-04-07 00:00:00+00:00,0.01444759
2016-04-08 00:00:00+00:00,-0.00084270
2016-04-11 00:00:00+00:00,0.01460674
2016-04-12 00:00:00+00:00,0.01782730
2016-04-13 00:00:00+00:00,0.01964582
2016-04-14 00:00:00+00:00,0.03989071
2016-04-15 00:00:00+00:00,0.03591715
2016-04-18 00:00:00+00:00,0.01729560
2016-04-19 00:00:00+00:00,-0.00495954
2016-04-20 00:00:00+00:00,-0.02548102
2016-04-21 00:00:00+00:00,0.00476948
2016-04-22 00:00:00+00:00,0.00942408
2016-04-25 00:00:00+00:00,0.02135417
2016-04-26 00:00:00+00:00,0.02036607
2016-04-27 00:00:00+00:00,-0.04974490
2016-04-28 00:00:00+00:00,-0.00757972
2016-04-29 00:00:00+00:00,-0.05265916
2016-05-02 00:00:00+00:00,-0.00728942
2016-05-03 00:00:00+00:00,-0.01189189
2016-05-04 00:00:00+00:00,0.00000000
2016-05-05 00:00:00+00:00,0.06728412
2016-05-06 00:00:00+00:00,-0.04681746
2016-05-09 00:00:00+00:00,0.05026882
2016-05-10 00:00:00+00:00,-0.02262562
2016-05-11 00:00:00+00:00,0.00000000
2016-05-12 00:00:00+00:00,0.02370173
2016-05-13 00:00:00+00:00,0.01365905
2016-05-16 00:00:00+00:00,0.03048463
2016-05-17 00:00:00+00:00,-0.02470670
2016-05-18 00:00:00+00:00,-0.01032566
2016-05-19 00:00:00+00:00,-0.00522466
2016-05-20 00:00:00+00:00,0.04205852
2016-05-23 00:00:00+00:00,0.00487304
2016-05-24 00:00:00+00:00,-0.00153139
2016-05-25 00:00:00+00:00,-0.02599388
2016-05-26 00:00:00+00:00,0.02164948
2016-05-27 00:00:00+00:00,0.01607143
2016-05-31 00:00:00+00:00,-0.00505178
2016-06-01 00:00:00+00:00,0.01187168
2016-06-02 00:00:00+00:00,0.02348485
2016-06-03 00:00:00+00:00,0.04090796
2016-06-06 00:00:00+00:00,-0.01690348
2016-06-07 00:00:00+00:00,-0.03944145
2016-06-08 00:00:00+00:00,0.01840796
2016-06-09 00:00:00+00:00,0.04480198
2016-06-10 00:00:00+00:00,0.01092233
2016-06-13 00:00:00+00:00,0.06250000
2016-06-14 00:00:00+00:00,-0.00892228
2016-06-15 00:00:00+00:00,-0.03708712
2016-06-16 00:00:00+00:00,0.00745192
2016-06-17 00:00:00+00:00,0.01505017
2016-06-20 00:00:00+00:00,0.00952381
2016-06-21 00:00:00+00:00,0.03773585
2016-06-22 00:00:00+00:00,0.03196347
2016-06-23 00:00:00+00:00,-0.00450450
2016-06-24 00:00:00+00:00,-0.01131222
2016-06-27 00:00:00+00:00,-0.01363636
2016-06-28 00:00:00+00:00,0.01409091
2016-06-29 00:00:00+00:00,-0.00090909
2016-06-30 00:00:00+00:00,-0.01500000
2016-07-01 00:00:00+00:00,-0.03944954
2016-07-06 00:00:00+00:00,0.00000000
2016-07-07 00:00:00+00:00,-0.00233645
2016-07-08 00:00:00+00:00,-0.00934579
2016-07-11 00:00:00+00:00,-0.03831776
2016-07-12 00:00:00+00:00,0.00000000
2016-07-13 00:00:00+00:00,0.03431840
2016-07-15 00:00:00+00:00,0.00070755
2016-07-18 00:00:00+00:00,0.03231132
2016-07-19 00:00:00+00:00,-0.01203704
2016-07-20 00:00:00+00:00,-0.03425926
2016-07-21 00:00:00+00:00,0.00095694
2016-07-22 00:00:00+00:00,0.00844278
2016-07-25 00:00:00+00:00,-0.00462963
2016-07-26 00:00:00+00:00,-0.01744186
2016-07-27 00:00:00+00:00,0.00000000
2016-07-28 00:00:00+00:00,0.01860465
2016-08-01 00:00:00+00:00,0.00860465
2016-08-02 00:00:00+00:00,0.00419190
2016-08-03 00:00:00+00:00,-0.04166667
2016-08-04 00:00:00+00:00,-0.02169811
2016-08-05 00:00:00+00:00,0.00754717
2016-08-08 00:00:00+00:00,0.01415094
2016-08-09 00:00:00+00:00,0.00000000
2016-08-11 00:00:00+00:00,0.02547170
2016-08-12 00:00:00+00:00,-0.00489739
2016-08-15 00:00:00+00:00,-0.01236007
2016-08-16 00:00:00+00:00,0.01725746
2016-08-17 00:00:00+00:00,0.03008396
2016-08-18 00:00:00+00:00,0.00045673
2016-08-22 00:00:00+00:00,-0.01849737
2016-08-23 00:00:00+00:00,-0.02968714
2016-08-24 00:00:00+00:00,-0.01121495
2016-08-25 00:00:00+00:00,-0.00424528
2016-08-26 00:00:00+00:00,0.00779773
2016-08-29 00:00:00+00:00,0.04292453
2016-08-31 00:00:00+00:00,0.01654578
2016-09-01 00:00:00+00:00,0.00675676
2016-09-02 00:00:00+00:00,0.02662192
2016-09-06 00:00:00+00:00,0.00713649
2016-09-07 00:00:00+00:00,-0.00778990
2016-09-08 00:00:00+00:00,-0.00290633
2016-09-09 00:00:00+00:00,-0.01748879
2016-09-12 00:00:00+00:00,0.00067265
2016-09-15 00:00:00+00:00,0.01210762
2016-09-19 00:00:00+00:00,0.02694203
2016-09-20 00:00:00+00:00,-0.02367257
2016-09-21 00:00:00+00:00,-0.00022416
2016-09-22 00:00:00+00:00,0.00672646
2016-09-23 00:00:00+00:00,0.02672606
2016-09-25 00:00:00+00:00,0.00433839
2016-09-27 00:00:00+00:00,0.00151515
2016-09-29 00:00:00+00:00,-0.05794271
2016-09-30 00:00:00+00:00,-0.01336303
2016-10-04 00:00:00+00:00,-0.01599099
2016-10-05 00:00:00+00:00,-0.01045455
2016-10-06 00:00:00+00:00,-0.00983082
2016-10-07 00:00:00+00:00,-0.01050228
2016-10-10 00:00:00+00:00,-0.00413413
2016-10-11 00:00:00+00:00,0.00758446
2016-10-12 00:00:00+00:00,-0.00367563
2016-10-13 00:00:00+00:00,0.01699977
2016-10-14 00:00:00+00:00,0.02127958
2016-10-17 00:00:00+00:00,0.00703107
2016-10-18 00:00:00+00:00,-0.03971119
2016-10-19 00:00:00+00:00,-0.01214204
2016-10-20 00:00:00+00:00,-0.02671580
2016-10-21 00:00:00+00:00,0.00000000
2016-10-23 00:00:00+00:00,0.02310924
2016-10-24 00:00:00+00:00,-0.01209217
2016-10-25 00:00:00+00:00,-0.00664376
2016-10-26 00:00:00+00:00,-0.02278481
2016-10-27 00:00:00+00:00,0.00957944
2016-10-28 00:00:00+00:00,-0.00810185
2016-10-31 00:00:00+00:00,0.02664174
2016-11-01 00:00:00+00:00,0.03012879
2016-11-02 00:00:00+00:00,0.00927812
2016-11-03 00:00:00+00:00,-0.02714932
2016-11-04 00:00:00+00:00,-0.03652968
2016-11-07 00:00:00+00:00,0.01210147
2016-11-08 00:00:00+00:00,0.00881262
2016-11-09 00:00:00+00:00,-0.00625000
2016-11-10 00:00:00+00:00,0.01134522
2016-11-11 00:00:00+00:00,0.01018754
2016-11-14 00:00:00+00:00,0.01533181
2016-11-15 00:00:00+00:00,0.05186008
2016-11-16 00:00:00+00:00,0.00000000
2016-11-18 00:00:00+00:00,-0.01150442
2016-11-21 00:00:00+00:00,-0.00755556
2016-11-22 00:00:00+00:00,0.02587923
2016-11-23 00:00:00+00:00,0.00000000
2016-11-29 00:00:00+00:00,0.04186047
2016-11-30 00:00:00+00:00,0.01965443
2016-12-01 00:00:00+00:00,0.02609068
2016-12-02 00:00:00+00:00,-0.00990934
2016-12-05 00:00:00+00:00,-0.00084926
2016-12-06 00:00:00+00:00,-0.02611465
2016-12-07 00:00:00+00:00,-0.00950529
2016-12-08 00:00:00+00:00,0.00172824
2016-12-09 00:00:00+00:00,-0.01339382
2016-12-12 00:00:00+00:00,0.01287647
2016-12-13 00:00:00+00:00,-0.00216920
2016-12-14 00:00:00+00:00,0.02695652
2016-12-15 00:00:00+00:00,0.01064461
2016-12-16 00:00:00+00:00,0.00128755
2016-12-19 00:00:00+00:00,-0.00617021
2016-12-20 00:00:00+00:00,-0.00042735
2016-12-21 00:00:00+00:00,0.00405204
2016-12-22 00:00:00+00:00,0.01944444
2016-12-23 00:00:00+00:00,0.00000000
2016-12-27 00:00:00+00:00,-0.03440171
2016-12-28 00:00:00+00:00,0.00862069
2016-12-29 00:00:00+00:00,0.01089744
2017-01-04 00:00:00+00:00,-0.00340426
2017-01-05 00:00:00+00:00,-0.01170213
2017-01-06 00:00:00+00:00,0.00860215
2017-01-09 00:00:00+00:00,0.00213675
2017-01-10 00:00:00+00:00,0.00683761
2017-01-11 00:00:00+00:00,0.00574468
2017-01-12 00:00:00+00:00,-0.00618337
2017-01-13 00:00:00+00:00,-0.00575693
2017-01-17 00:00:00+00:00,-0.01356094
2017-01-18 00:00:00+00:00,-0.02575107
2017-01-19 00:00:00+00:00,-0.01500000
2017-01-20 00:00:00+00:00,0.02173436
2017-01-23 00:00:00+00:00,-0.00861141
2017-01-24 00:00:00+00:00,-0.02390265
2017-01-25 00:00:00+00:00,-0.01122606
2017-01-26 00:00:00+00:00,-0.05553097
2017-01-27 00:00:00+00:00,0.00318471
2017-01-31 00:00:00+00:00,0.02176871
2017-02-01 00:00:00+00:00,0.00850683
2017-02-02 00:00:00+00:00,-0.04933036
2017-02-03 00:00:00+00:00,-0.03211009
2017-02-06 00:00:00+00:00,0.00813953
2017-02-07 00:00:00+00:00,-0.00717261
2017-02-08 00:00:00+00:00,-0.00371575
2017-02-09 00:00:00+00:00,0.00000000
2017-02-10 00:00:00+00:00,-0.05223881
2017-02-12 00:00:00+00:00,0.00959003
2017-02-13 00:00:00+00:00,-0.08415248
2017-02-14 00:00:00+00:00,-0.01047120
2017-02-15 00:00:00+00:00,-0.01261319
2017-02-16 00:00:00+00:00,-0.07599091
2017-02-17 00:00:00+00:00,0.01236842
2017-02-20 00:00:00+00:00,0.00337926
2017-02-21 00:00:00+00:00,0.02146597
2017-02-22 00:00:00+00:00,0.01984925
2017-02-23 00:00:00+00:00,-0.03503976
2017-02-24 00:00:00+00:00,-0.05068424
2017-02-27 00:00:00+00:00,-0.01823867
2017-02-28 00:00:00+00:00,-0.05937167
2017-03-01 00:00:00+00:00,-0.06275033
2017-03-02 00:00:00+00:00,0.03333333
2017-03-03 00:00:00+00:00,0.00961538
2017-03-06 00:00:00+00:00,-0.01010377
2017-03-07 00:00:00+00:00,0.00986842
2017-03-08 00:00:00+00:00,0.01978566
2017-03-09 00:00:00+00:00,0.02228261
2017-03-10 00:00:00+00:00,-0.00989305
2017-03-13 00:00:00+00:00,0.00297056
2017-03-14 00:00:00+00:00,-0.05653805
2017-03-15 00:00:00+00:00,0.04739598
2017-03-16 00:00:00+00:00,0.00188527
2017-03-17 00:00:00+00:00,0.00529134
2017-03-20 00:00:00+00:00,0.01021505
2017-03-21 00:00:00+00:00,0.03040000
2017-03-22 00:00:00+00:00,0.01526316
2017-03-23 00:00:00+00:00,0.01123302
2017-03-24 00:00:00+00:00,-0.00311526
2017-03-26 00:00:00+00:00,-0.00208333
2017-03-27 00:00:00+00:00,-0.00234375
2017-03-28 00:00:00+00:00,0.00704777
2017-03-29 00:00:00+00:00,0.00104058
2017-03-30 00:00:00+00:00,0.00103627
2017-03-31 00:00:00+00:00,-0.01012987
2017-04-03 00:00:00+00:00,0.00729357
2017-04-04 00:00:00+00:00,0.00311688
2017-04-05 00:00:00+00:00,-0.00593702
2017-04-06 00:00:00+00:00,-0.01353462
2017-04-07 00:00:00+00:00,-0.02689295
2017-04-10 00:00:00+00:00,-0.00398195
2017-04-11 00:00:00+00:00,0.00881175
2017-04-12 00:00:00+00:00,0.00766385
2017-04-13 00:00:00+00:00,0.01347780
2017-04-17 00:00:00+00:00,-0.01238472
2017-04-18 00:00:00+00:00,-0.01951477
2017-04-19 00:00:00+00:00,-0.01013333
2017-04-20 00:00:00+00:00,-0.00347966
2017-04-21 00:00:00+00:00,0.03935743
2017-04-27 00:00:00+00:00,0.00760955
2017-04-28 00:00:00+00:00,0.00311688
2017-05-01 00:00:00+00:00,0.01246753
2017-05-02 00:00:00+00:00,0.02164948
2017-05-03 00:00:00+00:00,-0.00278905
2017-05-04 00:00:00+00:00,0.01195625
2017-05-05 00:00:00+00:00,0.00251256
2017-05-08 00:00:00+00:00,0.00278481
2017-05-09 00:00:00+00:00,-0.01035354
2017-05-10 00:00:00+00:00,0.00839908
2017-05-11 00:00:00+00:00,0.00483584
2017-05-12 00:00:00+00:00,0.00479798
2017-05-15 00:00:00+00:00,0.00327538
2017-05-16 00:00:00+00:00,0.04461153
2017-05-17 00:00:00+00:00,0.01393024
2017-05-18 00:00:00+00:00,0.01990661
2017-05-19 00:00:00+00:00,0.02367150
2017-05-22 00:00:00+00:00,0.00000000
2017-05-23 00:00:00+00:00,-0.01654676
2017-05-24 00:00:00+00:00,-0.01866029
2017-05-25 00:00:00+00:00,-0.01236963
2017-05-26 00:00:00+00:00,0.00000000
2017-05-30 00:00:00+00:00,0.01195122
2017-05-31 00:00:00+00:00,0.03133285
2017-06-01 00:00:00+00:00,0.00691794
2017-06-02 00:00:00+00:00,-0.03380952
2017-06-05 00:00:00+00:00,-0.00893720
2017-06-06 00:00:00+00:00,-0.04150485
2017-06-07 00:00:00+00:00,0.00343137
2017-06-08 00:00:00+00:00,-0.01584158
2017-06-09 00:00:00+00:00,0.00000000
2017-06-11 00:00:00+00:00,-0.00049975
2017-06-12 00:00:00+00:00,-0.02650000
2017-06-13 00:00:00+00:00,-0.00302954
2017-06-14 00:00:00+00:00,0.00959354
2017-06-15 00:00:00+00:00,-0.00101087
2017-06-16 00:00:00+00:00,0.00168178
2017-06-19 00:00:00+00:00,-0.01237374
2017-06-20 00:00:00+00:00,-0.02074899
2017-06-21 00:00:00+00:00,-0.05888403
2017-06-22 00:00:00+00:00,-0.00952381
2017-06-23 00:00:00+00:00,0.01692268
2017-06-26 00:00:00+00:00,0.00666667
2017-06-27 00:00:00+00:00,-0.02606030
2017-06-28 00:00:00+00:00,-0.00963040
2017-06-29 00:00:00+00:00,-0.02267987
2017-06-30 00:00:00+00:00,0.00131857
2017-07-05 00:00:00+00:00,0.04402847
2017-07-06 00:00:00+00:00,0.02603093
2017-07-07 00:00:00+00:00,-0.00101963
2017-07-10 00:00:00+00:00,-0.02579162
2017-07-11 00:00:00+00:00,0.02800830
2017-07-12 00:00:00+00:00,0.01198063
2017-07-13 00:00:00+00:00,-0.00508776
2017-07-14 00:00:00+00:00,0.00076316
2017-07-17 00:00:00+00:00,-0.01170483
2017-07-18 00:00:00+00:00,0.00255885
2017-07-19 00:00:00+00:00,0.01675603
2017-07-20 00:00:00+00:00,-0.02825429
2017-07-21 00:00:00+00:00,0.00153925
2017-07-24 00:00:00+00:00,-0.01280738
2017-07-25 00:00:00+00:00,0.02857143
2017-07-26 00:00:00+00:00,-0.01641414
2017-07-27 00:00:00+00:00,-0.02550370
2017-07-28 00:00:00+00:00,0.00388601
2017-07-31 00:00:00+00:00,0.01725470
2017-08-01 00:00:00+00:00,-0.02372449
2017-08-02 00:00:00+00:00,0.00336178
2017-08-03 00:00:00+00:00,-0.00747423
2017-08-04 00:00:00+00:00,-0.00440415
2017-08-07 00:00:00+00:00,-0.00570835
2017-08-08 00:00:00+00:00,-0.00572917
2017-08-09 00:00:00+00:00,-0.01749347
2017-08-10 00:00:00+00:00,-0.02052092
2017-08-11 00:00:00+00:00,-0.03088907
2017-08-14 00:00:00+00:00,-0.00433018
2017-08-15 00:00:00+00:00,-0.02554348
2017-08-16 00:00:00+00:00,0.02087912
2017-08-17 00:00:00+00:00,-0.04793709
2017-08-18 00:00:00+00:00,0.00557103
2017-08-21 00:00:00+00:00,-0.00361111
2017-08-22 00:00:00+00:00,0.04119121
2017-08-23 00:00:00+00:00,0.00517007
2017-08-24 00:00:00+00:00,0.00054142
2017-08-25 00:00:00+00:00,0.01190476
2017-08-28 00:00:00+00:00,-0.01421674
2017-08-29 00:00:00+00:00,0.02131103
2017-08-30 00:00:00+00:00,0.00080085
2017-08-31 00:00:00+00:00,0.00053348
2017-09-01 00:00:00+00:00,-0.01278296
2017-09-05 00:00:00+00:00,0.00161160
2017-09-06 00:00:00+00:00,-0.03330647
2017-09-07 00:00:00+00:00,-0.05423821
2017-09-08 00:00:00+00:00,-0.01824818
2017-09-11 00:00:00+00:00,0.00000000
2017-09-12 00:00:00+00:00,0.02319005
2017-09-13 00:00:00+00:00,0.01715893
2017-09-14 00:00:00+00:00,-0.02230722
2017-09-15 00:00:00+00:00,-0.01567749
2017-09-18 00:00:00+00:00,-0.01927438
2017-09-19 00:00:00+00:00,-0.00685714
2017-09-20 00:00:00+00:00,-0.00977011
2017-09-21 00:00:00+00:00,0.01987327
2017-09-22 00:00:00+00:00,0.02477927
2017-09-25 00:00:00+00:00,0.01994382
2017-09-26 00:00:00+00:00,-0.01586418
2017-09-27 00:00:00+00:00,-0.00475259
2017-09-28 00:00:00+00:00,0.00224719
2017-09-29 00:00:00+00:00,-0.00846262
2017-10-02 00:00:00+00:00,-0.00535966
2017-10-03 00:00:00+00:00,-0.00935905
2017-10-04 00:00:00+00:00,0.00085276
2017-10-05 00:00:00+00:00,-0.01904491
2017-10-06 00:00:00+00:00,0.02332949
2017-10-09 00:00:00+00:00,-0.00284495
2017-10-10 00:00:00+00:00,-0.07396871
2017-10-11 00:00:00+00:00,-0.04529412
2017-10-12 00:00:00+00:00,-0.04376698
2017-10-13 00:00:00+00:00,0.02750309
2017-10-16 00:00:00+00:00,0.00691652
2017-10-17 00:00:00+00:00,-0.06318348
2017-10-18 00:00:00+00:00,0.07656103
2017-10-19 00:00:00+00:00,-0.06445783
2017-10-20 00:00:00+00:00,-0.00999688
2017-10-23 00:00:00+00:00,0.04101141
2017-10-24 00:00:00+00:00,-0.05307600
2017-10-25 00:00:00+00:00,0.00925926
2017-10-26 00:00:00+00:00,-0.00216049
2017-10-27 00:00:00+00:00,0.01018519
2017-10-30 00:00:00+00:00,-0.00828221
2017-10-31 00:00:00+00:00,0.00586420
2017-11-01 00:00:00+00:00,-0.01891974
2017-11-02 00:00:00+00:00,0.00401731
2017-11-03 00:00:00+00:00,-0.03982711
2017-11-06 00:00:00+00:00,0.01453856
2017-11-07 00:00:00+00:00,-0.03260188
2017-11-08 00:00:00+00:00,-0.00063776
2017-11-09 00:00:00+00:00,0.00000000
2017-11-10 00:00:00+00:00,-0.00955718
2017-11-13 00:00:00+00:00,0.00480769
2017-11-14 00:00:00+00:00,0.03933808
2017-11-15 00:00:00+00:00,0.00471698
2017-11-16 00:00:00+00:00,-0.02503912
2017-11-17 00:00:00+00:00,-0.05689278
2017-11-20 00:00:00+00:00,0.01014730
2017-11-21 00:00:00+00:00,-0.01537476
2017-11-22 00:00:00+00:00,0.02974458
2017-11-27 00:00:00+00:00,0.01555062
2017-11-28 00:00:00+00:00,0.00781250
2017-11-29 00:00:00+00:00,0.01282854
2017-11-30 00:00:00+00:00,-0.00681325
2017-12-01 00:00:00+00:00,-0.00656250
2017-12-04 00:00:00+00:00,-0.04943680
2017-12-05 00:00:00+00:00,0.00161031
2017-12-06 00:00:00+00:00,-0.00000000
2017-12-07 00:00:00+00:00,-0.01288660
2017-12-08 00:00:00+00:00,-0.01290323
2017-12-11 00:00:00+00:00,0.00454545
2017-12-12 00:00:00+00:00,-0.00454545
2017-12-13 00:00:00+00:00,-0.00389610
2017-12-14 00:00:00+00:00,-0.01821731
2017-12-15 00:00:00+00:00,0.00253537
2017-12-18 00:00:00+00:00,-0.01311475
2017-12-19 00:00:00+00:00,0.00000000
2017-12-20 00:00:00+00:00,0.00559211
2017-12-21 00:00:00+00:00,0.05049505
2017-12-22 00:00:00+00:00,0.00000000
2017-12-26 00:00:00+00:00,0.00126302
2017-12-27 00:00:00+00:00,0.01959545
2017-12-28 00:00:00+00:00,0.00373948
2017-12-29 00:00:00+00:00,0.01153007
2018-01-02 00:00:00+00:00,-0.02103960
2018-01-03 00:00:00+00:00,-0.01693852
2018-01-04 00:00:00+00:00,-0.03339635
2018-01-05 00:00:00+00:00,0.01797176
2018-01-08 00:00:00+00:00,-0.02041467
2018-01-09 00:00:00+00:00,-0.00972447
2018-01-10 00:00:00+00:00,-0.01461039
2018-01-11 00:00:00+00:00,-0.00623974
2018-01-12 00:00:00+00:00,0.03087028
2018-01-16 00:00:00+00:00,0.04684057
2018-01-17 00:00:00+00:00,0.04689959
2018-01-18 00:00:00+00:00,0.00800246
2018-01-19 00:00:00+00:00,0.02269939
2018-01-22 00:00:00+00:00,0.02236136
2018-01-23 00:00:00+00:00,-0.01882353
2018-01-24 00:00:00+00:00,-0.00714073
2018-01-25 00:00:00+00:00,-0.01256732
2018-01-26 00:00:00+00:00,-0.04384384
2018-01-29 00:00:00+00:00,-0.03921569
2018-01-30 00:00:00+00:00,0.01814768
2018-01-31 00:00:00+00:00,0.03039702
2018-02-01 00:00:00+00:00,0.00182815
2018-02-02 00:00:00+00:00,0.02676399
2018-02-05 00:00:00+00:00,0.03773015
2018-02-06 00:00:00+00:00,0.00919881
2018-02-07 00:00:00+00:00,-0.05147929
2018-02-08 00:00:00+00:00,0.01060606
2018-02-09 00:00:00+00:00,0.00331026
2018-02-12 00:00:00+00:00,-0.01019796
2018-02-13 00:00:00+00:00,-0.01238671
2018-02-14 00:00:00+00:00,-0.02848485
2018-02-15 00:00:00+00:00,-0.02638469
2018-02-16 00:00:00+00:00,-0.02595372
2018-02-20 00:00:00+00:00,-0.01743265
2018-02-21 00:00:00+00:00,0.01724138
2018-02-22 00:00:00+00:00,-0.04706983
2018-02-23 00:00:00+00:00,0.00541401
2018-02-26 00:00:00+00:00,0.01297468
2018-02-27 00:00:00+00:00,0.00252845
2018-02-28 00:00:00+00:00,0.00031526
2018-03-01 00:00:00+00:00,-0.01041009
2018-03-02 00:00:00+00:00,0.00189873
2018-03-05 00:00:00+00:00,-0.02025316
2018-03-06 00:00:00+00:00,-0.03388747
2018-03-07 00:00:00+00:00,-0.00649773
2018-03-08 00:00:00+00:00,0.07504078
2018-03-09 00:00:00+00:00,-0.00534759
2018-03-12 00:00:00+00:00,-0.01136364
2018-03-13 00:00:00+00:00,-0.00349206
2018-03-14 00:00:00+00:00,-0.01973265
2018-03-15 00:00:00+00:00,0.00151756
2018-03-16 00:00:00+00:00,-0.00868167
2018-03-19 00:00:00+00:00,0.08037444
2018-03-20 00:00:00+00:00,-0.02167183
2018-03-21 00:00:00+00:00,-0.02848101
2018-03-22 00:00:00+00:00,0.01587302
2018-03-23 00:00:00+00:00,0.03343750
2018-03-26 00:00:00+00:00,0.01630268
2018-03-27 00:00:00+00:00,-0.00213415
2018-03-28 00:00:00+00:00,0.00000000
2018-03-29 00:00:00+00:00,-0.01741522
2018-04-02 00:00:00+00:00,0.00000000
2018-04-03 00:00:00+00:00,0.02597403
2018-04-04 00:00:00+00:00,0.00182927
2018-04-05 00:00:00+00:00,0.01675297
2018-04-06 00:00:00+00:00,-0.01757043
2018-04-09 00:00:00+00:00,0.04400978
2018-04-10 00:00:00+00:00,0.00990991
2018-04-11 00:00:00+00:00,-0.02733214
2018-04-12 00:00:00+00:00,0.00662651
2018-04-16 00:00:00+00:00,0.03843844
2018-04-17 00:00:00+00:00,0.06307911
2018-04-18 00:00:00+00:00,0.00770988
2018-04-19 00:00:00+00:00,0.01166430
2018-04-20 00:00:00+00:00,0.04519774
2018-04-22 00:00:00+00:00,0.00803324
2018-04-23 00:00:00+00:00,0.04436484
2018-04-24 00:00:00+00:00,-0.07810026
2018-04-25 00:00:00+00:00,-0.01703297
2018-04-26 00:00:00+00:00,0.02805556
2018-04-27 00:00:00+00:00,0.01995626
2018-04-30 00:00:00+00:00,0.00270124
2018-05-01 00:00:00+00:00,-0.02704164
2018-05-02 00:00:00+00:00,-0.02029622
2018-05-03 00:00:00+00:00,0.03656510
2018-05-04 00:00:00+00:00,0.01337336
2018-05-07 00:00:00+00:00,0.03293737
2018-05-08 00:00:00+00:00,-0.02588738
2018-05-09 00:00:00+00:00,-0.02043011
2018-05-10 00:00:00+00:00,-0.01879085
2018-05-15 00:00:00+00:00,0.00164835
2018-05-16 00:00:00+00:00,0.01863014
2018-05-17 00:00:00+00:00,-0.00008500
2018-05-18 00:00:00+00:00,-0.00732303
2018-05-21 00:00:00+00:00,0.02103825
2018-05-22 00:00:00+00:00,-0.01043618
2018-05-23 00:00:00+00:00,-0.02216216
2018-05-24 00:00:00+00:00,0.01972603
2018-05-25 00:00:00+00:00,0.00134880
2018-05-29 00:00:00+00:00,0.01351351
2018-05-30 00:00:00+00:00,-0.00430108
2018-05-31 00:00:00+00:00,-0.03634895
2018-06-04 00:00:00+00:00,-0.03133590
2018-06-05 00:00:00+00:00,-0.01391982
2018-06-06 00:00:00+00:00,0.00700869
2018-06-07 00:00:00+00:00,0.00083940
2018-06-08 00:00:00+00:00,-0.02770006
2018-06-11 00:00:00+00:00,-0.02832861
2018-06-12 00:00:00+00:00,-0.01176808
2018-06-14 00:00:00+00:00,0.05158501
2018-06-15 00:00:00+00:00,-0.00261878
2018-06-18 00:00:00+00:00,-0.00620943
2018-06-19 00:00:00+00:00,-0.05401584
2018-06-20 00:00:00+00:00,0.01948241
2018-06-21 00:00:00+00:00,-0.01843318
2018-06-22 00:00:00+00:00,0.00057787
2018-06-24 00:00:00+00:00,-0.00664164
2018-06-25 00:00:00+00:00,-0.00610465
2018-06-26 00:00:00+00:00,0.00726744
2018-06-27 00:00:00+00:00,-0.00058309
2018-06-28 00:00:00+00:00,-0.01399417
2018-06-29 00:00:00+00:00,0.00468384
2018-07-02 00:00:00+00:00,-0.02693208
2018-07-03 00:00:00+00:00,-0.01068249
2018-07-05 00:00:00+00:00,0.00478469
2018-07-06 00:00:00+00:00,0.01893491
2018-07-09 00:00:00+00:00,0.02173913
2018-07-10 00:00:00+00:00,-0.01082504
2018-07-11 00:00:00+00:00,-0.01371862
2018-07-12 00:00:00+00:00,0.00235849
2018-07-13 00:00:00+00:00,-0.00029481
2018-07-16 00:00:00+00:00,-0.00863453
2018-07-17 00:00:00+00:00,0.01709906
2018-07-18 00:00:00+00:00,0.00703812
2018-07-19 00:00:00+00:00,0.02748538
2018-07-20 00:00:00+00:00,0.04379350
2018-07-23 00:00:00+00:00,0.01645287
2018-07-24 00:00:00+00:00,0.02063581
2018-07-26 00:00:00+00:00,0.05616438
2018-07-27 00:00:00+00:00,0.00638468
2018-07-30 00:00:00+00:00,-0.01199041
2018-07-31 00:00:00+00:00,-0.00563910
2018-08-01 00:00:00+00:00,-0.00134372
2018-08-02 00:00:00+00:00,-0.01021780
2018-08-03 00:00:00+00:00,-0.02324324
2018-08-07 00:00:00+00:00,0.00459459
2018-08-08 00:00:00+00:00,-0.00436800
2018-08-09 00:00:00+00:00,-0.00327600
2018-08-10 00:00:00+00:00,0.02358103
2018-08-13 00:00:00+00:00,-0.00027049
2018-08-14 00:00:00+00:00,0.00000000
2018-08-15 00:00:00+00:00,-0.00784208
2018-08-16 00:00:00+00:00,0.04515955
2018-08-17 00:00:00+00:00,0.01096763
2018-08-20 00:00:00+00:00,0.01894737
2018-08-21 00:00:00+00:00,0.00235048
2018-08-22 00:00:00+00:00,-0.03507853
2018-08-23 00:00:00+00:00,-0.01250000
2018-08-24 00:00:00+00:00,0.00000000
2018-08-27 00:00:00+00:00,0.00374332
2018-08-28 00:00:00+00:00,0.01591934
2018-08-29 00:00:00+00:00,0.00263158
2018-08-30 00:00:00+00:00,0.02236842
2018-08-31 00:00:00+00:00,0.00856031
2018-09-04 00:00:00+00:00,0.02991233
2018-09-05 00:00:00+00:00,0.04249364
2018-09-06 00:00:00+00:00,-0.01419676
2018-09-10 00:00:00+00:00,-0.05603015
2018-09-11 00:00:00+00:00,-0.03118557
2018-09-12 00:00:00+00:00,-0.01842105
2018-09-13 00:00:00+00:00,-0.01486073
2018-09-14 00:00:00+00:00,0.01469802
2018-09-17 00:00:00+00:00,-0.01565402
2018-09-18 00:00:00+00:00,-0.04506667
2018-09-19 00:00:00+00:00,0.01912568
2018-09-21 00:00:00+00:00,0.00723667
2018-09-24 00:00:00+00:00,0.02986667
2018-09-25 00:00:00+00:00,0.00000000
2018-09-26 00:00:00+00:00,0.00000000
2018-09-28 00:00:00+00:00,-0.01894737
2018-10-01 00:00:00+00:00,0.02709883
2018-10-02 00:00:00+00:00,0.00000000
2018-10-03 00:00:00+00:00,-0.01210526
2018-10-04 00:00:00+00:00,-0.02291886
2018-10-05 00:00:00+00:00,-0.03150649
2018-10-08 00:00:00+00:00,-0.00216333
2018-10-09 00:00:00+00:00,0.02005420
2018-10-10 00:00:00+00:00,-0.01182796
2018-10-11 00:00:00+00:00,0.00269833
2018-10-12 00:00:00+00:00,0.00269542
2018-10-15 00:00:00+00:00,0.00537634
2018-10-17 00:00:00+00:00,-0.01809575
2018-10-18 00:00:00+00:00,0.01250000
2018-10-19 00:00:00+00:00,0.02729730
2018-10-22 00:00:00+00:00,0.01063830
2018-10-23 00:00:00+00:00,0.00052632
2018-10-24 00:00:00+00:00,-0.02617663
2018-10-25 00:00:00+00:00,0.00237969
2018-10-26 00:00:00+00:00,-0.00581703
2018-10-29 00:00:00+00:00,0.01655541
2018-10-30 00:00:00+00:00,-0.00106383
2018-10-31 00:00:00+00:00,0.00853106
2018-11-01 00:00:00+00:00,0.03066349
2018-11-02 00:00:00+00:00,0.00628931
2018-11-05 00:00:00+00:00,-0.01875000
2018-11-06 00:00:00+00:00,-0.02723939
2018-11-07 00:00:00+00:00,-0.00212766
2018-11-08 00:00:00+00:00,-0.00266809
2018-11-09 00:00:00+00:00,-0.01731486
2018-11-12 00:00:00+00:00,0.01263101
2018-11-13 00:00:00+00:00,0.01971698
2018-11-14 00:00:00+00:00,0.03114278
2018-11-15 00:00:00+00:00,0.00390523
2018-11-16 00:00:00+00:00,0.00832683
2018-11-19 00:00:00+00:00,0.01216356
2018-11-20 00:00:00+00:00,-0.00980898
2018-11-21 00:00:00+00:00,0.01626226
2018-11-26 00:00:00+00:00,0.02735174
2018-11-27 00:00:00+00:00,-0.01438667
2018-11-28 00:00:00+00:00,0.01395585
2018-11-29 00:00:00+00:00,-0.02040302
2018-11-30 00:00:00+00:00,-0.00051020
2018-12-02 00:00:00+00:00,0.03060444
2018-12-03 00:00:00+00:00,-0.00586585
2018-12-04 00:00:00+00:00,-0.02364185
2018-12-05 00:00:00+00:00,0.00000000
2018-12-06 00:00:00+00:00,-0.01553744
2018-12-07 00:00:00+00:00,0.00462250
2018-12-10 00:00:00+00:00,0.02252944
2018-12-11 00:00:00+00:00,0.01792929
2018-12-12 00:00:00+00:00,0.01553885
2018-12-13 00:00:00+00:00,0.02491281
2018-12-14 00:00:00+00:00,-0.00221675
2018-12-17 00:00:00+00:00,0.00237624
2018-12-18 00:00:00+00:00,0.00468096
2018-12-19 00:00:00+00:00,-0.00955882
2018-12-20 00:00:00+00:00,0.01999506
2018-12-21 00:00:00+00:00,0.00756098
2018-12-24 00:00:00+00:00,0.00340384
2018-12-26 00:00:00+00:00,-0.01090380
2018-12-27 00:00:00+00:00,0.00000000
2018-12-28 00:00:00+00:00,0.00243309
2018-12-31 00:00:00+00:00,0.00461165
2019-01-02 00:00:00+00:00,0.03776325
2019-01-03 00:00:00+00:00,0.03731875
2019-01-04 00:00:00+00:00,0.00257069
2019-01-07 00:00:00+00:00,0.00000000
2019-01-08 00:00:00+00:00,-0.02027972
2019-01-09 00:00:00+00:00,0.00047103
2019-01-10 00:00:00+00:00,0.03080569
2019-01-11 00:00:00+00:00,-0.00325581
2019-01-14 00:00:00+00:00,0.00247314
2019-01-15 00:00:00+00:00,0.00185874
2019-01-16 00:00:00+00:00,-0.03372093
2019-01-17 00:00:00+00:00,0.00709220
2019-01-18 00:00:00+00:00,-0.00141176
2019-01-22 00:00:00+00:00,0.02260951
2019-01-23 00:00:00+00:00,-0.03729604
2019-01-24 00:00:00+00:00,0.00546578
2019-01-25 00:00:00+00:00,0.00118821
2019-01-28 00:00:00+00:00,0.00998099
2019-01-29 00:00:00+00:00,0.00235849
2019-01-30 00:00:00+00:00,-0.02075472
2019-01-31 00:00:00+00:00,0.00404762
2019-02-01 00:00:00+00:00,0.01116920
2019-02-04 00:00:00+00:00,-0.02832861
2019-02-05 00:00:00+00:00,-0.00590179
2019-02-06 00:00:00+00:00,0.02758455
2019-02-07 00:00:00+00:00,-0.00094742
2019-02-08 00:00:00+00:00,0.00236855
2019-02-11 00:00:00+00:00,0.01690476
2019-02-12 00:00:00+00:00,-0.00305021
2019-02-13 00:00:00+00:00,0.00938967
2019-02-14 00:00:00+00:00,-0.01409387
2019-02-15 00:00:00+00:00,-0.00941176
2019-02-19 00:00:00+00:00,-0.00070588
2019-02-20 00:00:00+00:00,0.03927135
2019-02-21 00:00:00+00:00,0.00115982
2019-02-22 00:00:00+00:00,0.00463392
2019-02-25 00:00:00+00:00,-0.00437788
2019-02-26 00:00:00+00:00,-0.01041426
2019-02-27 00:00:00+00:00,-0.01828280
2019-03-03 00:00:00+00:00,0.00000000
2019-03-04 00:00:00+00:00,0.00306098
2019-03-05 00:00:00+00:00,-0.01830986
2019-03-06 00:00:00+00:00,0.00165916
2019-03-07 00:00:00+00:00,-0.01327329
2019-03-08 00:00:00+00:00,0.00499643
2019-03-11 00:00:00+00:00,-0.01332382
2019-03-12 00:00:00+00:00,-0.00763723
2019-03-13 00:00:00+00:00,-0.00622904
2019-03-14 00:00:00+00:00,-0.00144231
2019-03-15 00:00:00+00:00,0.02548077
2019-03-18 00:00:00+00:00,-0.00008500
2019-03-19 00:00:00+00:00,-0.02619048
2019-03-20 00:00:00+00:00,-0.00168350
2019-03-21 00:00:00+00:00,-0.00336862
2019-03-22 00:00:00+00:00,0.00120744
2019-03-25 00:00:00+00:00,-0.00047939
2019-03-26 00:00:00+00:00,0.00935252
2019-03-28 00:00:00+00:00,0.00551559
2019-04-01 00:00:00+00:00,0.01702638
2019-04-02 00:00:00+00:00,0.01839189
2019-04-03 00:00:00+00:00,-0.00327562
2019-04-04 00:00:00+00:00,0.00000000
2019-04-05 00:00:00+00:00,0.01333645
2019-04-08 00:00:00+00:00,0.01015932
2019-04-09 00:00:00+00:00,-0.00854306
2019-04-10 00:00:00+00:00,-0.01045539
2019-04-11 00:00:00+00:00,-0.00350140
2019-04-12 00:00:00+00:00,0.01167134
2019-04-16 00:00:00+00:00,0.00793651
2019-04-17 00:00:00+00:00,0.01213819
2019-04-18 00:00:00+00:00,0.02467712
2019-04-22 00:00:00+00:00,0.01367677
2019-04-23 00:00:00+00:00,0.02323483
2019-04-24 00:00:00+00:00,-0.01957731
2019-04-25 00:00:00+00:00,-0.00425627
2019-04-26 00:00:00+00:00,0.02118549
2019-04-29 00:00:00+00:00,-0.01248606
2019-04-30 00:00:00+00:00,-0.00134620
2019-05-01 00:00:00+00:00,-0.00650662
2019-05-02 00:00:00+00:00,0.01760722
2019-05-03 00:00:00+00:00,0.00558410
2019-05-06 00:00:00+00:00,0.00710795
2019-05-07 00:00:00+00:00,0.01565946
2019-05-08 00:00:00+00:00,-0.01187335
2019-05-09 00:00:00+00:00,0.00000000
2019-05-10 00:00:00+00:00,-0.01216276
2019-05-13 00:00:00+00:00,-0.02579497
2019-05-14 00:00:00+00:00,0.00383142
2019-05-15 00:00:00+00:00,-0.01303957
2019-05-16 00:00:00+00:00,-0.00226244
2019-05-17 00:00:00+00:00,0.00986975
2019-05-20 00:00:00+00:00,-0.01669298
2019-05-21 00:00:00+00:00,0.00226757
2019-05-22 00:00:00+00:00,0.00136054
2019-05-23 00:00:00+00:00,0.03295455
2019-05-24 00:00:00+00:00,0.00200000
2019-05-28 00:00:00+00:00,-0.01286316
2019-05-29 00:00:00+00:00,-0.00401965
2019-05-30 00:00:00+00:00,0.00111907
2019-05-31 00:00:00+00:00,0.01255605
2019-06-03 00:00:00+00:00,-0.01580236
2019-06-04 00:00:00+00:00,-0.00717167
2019-06-05 00:00:00+00:00,0.00809353
2019-06-06 00:00:00+00:00,-0.00089445
2019-06-07 00:00:00+00:00,0.01230425
2019-06-10 00:00:00+00:00,-0.00133630
2019-06-11 00:00:00+00:00,0.00200893
2019-06-12 00:00:00+00:00,0.00534759
2019-06-13 00:00:00+00:00,0.00467290
2019-06-14 00:00:00+00:00,-0.00575221
2019-06-17 00:00:00+00:00,-0.00933956
2019-06-18 00:00:00+00:00,-0.01237276
2019-06-19 00:00:00+00:00,-0.00225225
2019-06-20 00:00:00+00:00,-0.00833333
2019-06-21 00:00:00+00:00,0.00090477
2019-06-24 00:00:00+00:00,0.01915709
2019-06-25 00:00:00+00:00,0.00111359
2019-06-26 00:00:00+00:00,0.01023359
2019-06-27 00:00:00+00:00,0.01858818
2019-06-28 00:00:00+00:00,0.00635408
2019-07-01 00:00:00+00:00,-0.02278703
2019-07-02 00:00:00+00:00,0.00794702
2019-07-03 00:00:00+00:00,-0.00550903
2019-07-05 00:00:00+00:00,0.00000000
2019-07-08 00:00:00+00:00,-0.02725460
2019-07-09 00:00:00+00:00,0.01075751
2019-07-10 00:00:00+00:00,-0.00753880
2019-07-11 00:00:00+00:00,-0.02328160
2019-07-12 00:00:00+00:00,0.00271370
2019-07-15 00:00:00+00:00,-0.02387449
2019-07-16 00:00:00+00:00,0.00593607
2019-07-17 00:00:00+00:00,-0.00328135
2019-07-18 00:00:00+00:00,0.01324201
2019-07-19 00:00:00+00:00,-0.01203998
2019-07-22 00:00:00+00:00,-0.00389105
2019-07-23 00:00:00+00:00,0.01376147
2019-07-24 00:00:00+00:00,0.01042611
2019-07-25 00:00:00+00:00,0.02669358
2019-07-26 00:00:00+00:00,0.00243363
2019-07-30 00:00:00+00:00,-0.00838297
2019-07-31 00:00:00+00:00,-0.01103022
2019-08-01 00:00:00+00:00,-0.01026786
2019-08-02 00:00:00+00:00,-0.00829039
2019-08-05 00:00:00+00:00,0.00225225
2019-08-06 00:00:00+00:00,-0.00518018
2019-08-07 00:00:00+00:00,0.00157658
2019-08-08 00:00:00+00:00,0.00135135
2019-08-09 00:00:00+00:00,0.00135135
2019-08-12 00:00:00+00:00,-0.00179937
2019-08-13 00:00:00+00:00,-0.01349528
2019-08-14 00:00:00+00:00,-0.00045290
2019-08-15 00:00:00+00:00,-0.01177803
2019-08-16 00:00:00+00:00,0.00000000
2019-08-19 00:00:00+00:00,-0.00236602
2019-08-20 00:00:00+00:00,-0.00685871
2019-08-21 00:00:00+00:00,-0.00412466
2019-08-22 00:00:00+00:00,-0.00298302
2019-08-23 00:00:00+00:00,0.01357258
2019-08-26 00:00:00+00:00,-0.00045704
2019-08-28 00:00:00+00:00,0.01576782
2019-08-29 00:00:00+00:00,0.00835214
2019-08-30 00:00:00+00:00,0.00000000
2019-09-03 00:00:00+00:00,0.00000000
2019-09-04 00:00:00+00:00,-0.00449438
2019-09-05 00:00:00+00:00,-0.01123596
2019-09-06 00:00:00+00:00,0.00000000
2019-09-09 00:00:00+00:00,-0.00294384
2019-09-10 00:00:00+00:00,0.00249207
2019-09-11 00:00:00+00:00,0.00498414
2019-09-12 00:00:00+00:00,0.02479711
2019-09-13 00:00:00+00:00,0.01450893
2019-09-16 00:00:00+00:00,0.01485588
2019-09-17 00:00:00+00:00,0.01817281
2019-09-18 00:00:00+00:00,0.01437282
2019-09-19 00:00:00+00:00,0.00021612
2019-09-20 00:00:00+00:00,0.01146194
2019-09-23 00:00:00+00:00,-0.01442411
2019-09-24 00:00:00+00:00,0.01015777
2019-09-25 00:00:00+00:00,0.00497082
2019-09-26 00:00:00+00:00,0.00492295
2019-09-27 00:00:00+00:00,-0.00493139
2019-09-30 00:00:00+00:00,0.01050600
2019-10-01 00:00:00+00:00,0.01895634
2019-10-02 00:00:00+00:00,0.00189994
2019-10-03 00:00:00+00:00,-0.00611814
2019-10-04 00:00:00+00:00,-0.01015873
2019-10-07 00:00:00+00:00,0.00148431
2019-10-08 00:00:00+00:00,-0.00297556
2019-10-09 00:00:00+00:00,0.00425532
2019-10-10 00:00:00+00:00,0.00042553
2019-10-11 00:00:00+00:00,0.02318162
2019-10-14 00:00:00+00:00,0.01368133
2019-10-15 00:00:00+00:00,0.00292154
2019-10-16 00:00:00+00:00,-0.00071000
2019-10-17 00:00:00+00:00,0.01707266
2019-10-18 00:00:00+00:00,-0.00804290
2019-10-21 00:00:00+00:00,-0.00207469
2019-10-22 00:00:00+00:00,-0.01745636
2019-10-23 00:00:00+00:00,-0.00524879
2019-10-24 00:00:00+00:00,0.01414309
2019-10-25 00:00:00+00:00,-0.00249584
2019-10-28 00:00:00+00:00,-0.00686928
2019-10-29 00:00:00+00:00,0.01484114
2019-10-30 00:00:00+00:00,0.01037775
2019-10-31 00:00:00+00:00,0.00371134
2019-11-01 00:00:00+00:00,0.01773196
2019-11-04 00:00:00+00:00,0.00448980
2019-11-05 00:00:00+00:00,0.01608961
2019-11-06 00:00:00+00:00,0.02259887
2019-11-07 00:00:00+00:00,-0.00576770
2019-11-08 00:00:00+00:00,-0.00560000
2019-11-11 00:00:00+00:00,0.02490960
2019-11-12 00:00:00+00:00,0.00494854
2019-11-13 00:00:00+00:00,-0.00514546
2019-11-14 00:00:00+00:00,-0.00305353
2019-11-15 00:00:00+00:00,0.00992063
2019-11-18 00:00:00+00:00,0.00316206
2019-11-19 00:00:00+00:00,0.02185039
2019-11-20 00:00:00+00:00,-0.01794772
2019-11-21 00:00:00+00:00,0.00767414
2019-11-22 00:00:00+00:00,0.00846124
2019-11-25 00:00:00+00:00,0.00583658
2019-11-26 00:00:00+00:00,0.00815534
2019-11-27 00:00:00+00:00,0.00251645
2019-12-02 00:00:00+00:00,-0.00928074
2019-12-03 00:00:00+00:00,0.01008534
2019-12-04 00:00:00+00:00,-0.01175337
2019-12-05 00:00:00+00:00,-0.00406977
2019-12-06 00:00:00+00:00,0.01866978
2019-12-09 00:00:00+00:00,0.00842912
2019-12-10 00:00:00+00:00,-0.01611665
2019-12-11 00:00:00+00:00,-0.01738123
2019-12-12 00:00:00+00:00,0.00799220
2019-12-13 00:00:00+00:00,-0.00097031
2019-12-16 00:00:00+00:00,-0.00474067
2019-12-17 00:00:00+00:00,-0.00933670
2019-12-18 00:00:00+00:00,-0.00644405
2019-12-19 00:00:00+00:00,0.00313664
2019-12-20 00:00:00+00:00,0.01779429
2019-12-30 00:00:00+00:00,0.00000000
2019-12-31 00:00:00+00:00,-0.01240310
2020-01-02 00:00:00+00:00,-0.01308594
2020-01-03 00:00:00+00:00,0.01450980
2020-01-05 00:00:00+00:00,-0.00371094
2020-01-06 00:00:00+00:00,0.01074219
2020-01-07 00:00:00+00:00,0.02721088
2020-01-08 00:00:00+00:00,-0.02208990
2020-01-09 00:00:00+00:00,0.01692308
2020-01-10 00:00:00+00:00,0.00826923
2020-01-13 00:00:00+00:00,0.00556408
2020-01-14 00:00:00+00:00,0.00363289
2020-01-15 00:00:00+00:00,0.00497322
2020-01-16 00:00:00+00:00,0.02986540
2020-01-17 00:00:00+00:00,0.00319970
2020-01-21 00:00:00+00:00,0.00993440
2020-01-22 00:00:00+00:00,-0.00523169
2020-01-23 00:00:00+00:00,-0.00413378
2020-01-24 00:00:00+00:00,0.00674157
2020-01-27 00:00:00+00:00,-0.02509363
2020-01-28 00:00:00+00:00,0.00491679
2020-01-29 00:00:00+00:00,0.00189107
2020-01-30 00:00:00+00:00,-0.02380053
2020-01-31 00:00:00+00:00,-0.03122620
2020-02-03 00:00:00+00:00,-0.05492168
2020-02-04 00:00:00+00:00,0.00775502
2020-02-05 00:00:00+00:00,0.01970149
2020-02-06 00:00:00+00:00,0.02441425
2020-02-07 00:00:00+00:00,0.00641275
2020-02-10 00:00:00+00:00,-0.00811908
2020-02-11 00:00:00+00:00,-0.02077670
2020-02-12 00:00:00+00:00,-0.00078570
2020-02-13 00:00:00+00:00,-0.04994125
2020-02-14 00:00:00+00:00,-0.02494468
2020-02-17 00:00:00+00:00,-0.00559408
2020-02-18 00:00:00+00:00,0.04122449
2020-02-19 00:00:00+00:00,-0.01520608
2020-02-20 00:00:00+00:00,-0.01454545
2020-02-21 00:00:00+00:00,-0.01826016
2020-02-24 00:00:00+00:00,-0.04442170
2020-02-25 00:00:00+00:00,-0.05651990
2020-02-26 00:00:00+00:00,-0.02173913
2020-02-27 00:00:00+00:00,-0.03217391
2020-02-28 00:00:00+00:00,0.03539823
2020-03-02 00:00:00+00:00,0.07019839
2020-03-03 00:00:00+00:00,0.04439301
2020-03-04 00:00:00+00:00,-0.01787549
2020-03-05 00:00:00+00:00,-0.01951422
2020-03-06 00:00:00+00:00,-0.03756067
2020-03-08 00:00:00+00:00,-0.01513859
2020-03-09 00:00:00+00:00,-0.00150215
2020-03-10 00:00:00+00:00,-0.02063185
2020-03-11 00:00:00+00:00,-0.05034722
2020-03-12 00:00:00+00:00,-0.02274247
2020-03-13 00:00:00+00:00,-0.01095140
2020-03-15 00:00:00+00:00,-0.03445129
2020-03-16 00:00:00+00:00,-0.00485999
2020-03-17 00:00:00+00:00,-0.03156648
2020-03-18 00:00:00+00:00,-0.10173520
2020-03-19 00:00:00+00:00,0.07204754
2020-03-20 00:00:00+00:00,0.00047733
2020-03-23 00:00:00+00:00,0.02194656
2020-03-24 00:00:00+00:00,-0.01518692
2020-03-25 00:00:00+00:00,-0.01933506
2020-03-26 00:00:00+00:00,-0.03800475
2020-03-27 00:00:00+00:00,-0.02784504
2020-03-29 00:00:00+00:00,0.00000000
2020-03-30 00:00:00+00:00,-0.11716573
2020-03-31 00:00:00+00:00,0.00183631
2020-04-01 00:00:00+00:00,0.02958115
2020-04-02 00:00:00+00:00,-0.00696056
2020-04-03 00:00:00+00:00,-0.01424501
2020-04-05 00:00:00+00:00,-0.00052070
2020-04-06 00:00:00+00:00,-0.01067430
2020-04-07 00:00:00+00:00,0.10000000
2020-04-08 00:00:00+00:00,0.03360717
2020-04-09 00:00:00+00:00,-0.06806807
2020-04-13 00:00:00+00:00,-0.02356817
2020-04-14 00:00:00+00:00,0.03388960
2020-04-15 00:00:00+00:00,0.00403023
2020-04-16 00:00:00+00:00,0.01348625
2020-04-17 00:00:00+00:00,0.00848939
2020-04-19 00:00:00+00:00,0.00273021
2020-04-20 00:00:00+00:00,0.01042184
2020-04-21 00:00:00+00:00,-0.06457974
2020-04-22 00:00:00+00:00,0.03190403
2020-04-23 00:00:00+00:00,-0.01713434
2020-04-24 00:00:00+00:00,0.01158107
2020-04-27 00:00:00+00:00,0.02135678
2020-04-28 00:00:00+00:00,-0.00322661
2020-04-29 00:00:00+00:00,0.01599600
2020-04-30 00:00:00+00:00,0.00272277
2020-05-01 00:00:00+00:00,-0.03890667
2020-05-04 00:00:00+00:00,0.05741627
2020-05-05 00:00:00+00:00,-0.01446078
2020-05-06 00:00:00+00:00,-0.05083909
2020-05-07 00:00:00+00:00,0.02603640
2020-05-08 00:00:00+00:00,0.00875000
2020-05-10 00:00:00+00:00,0.05075000
2020-05-11 00:00:00+00:00,0.03260341
2020-05-12 00:00:00+00:00,0.00119875
2020-05-13 00:00:00+00:00,0.05422838
2020-05-14 00:00:00+00:00,0.06479532
2020-05-15 00:00:00+00:00,0.02618510
2020-05-18 00:00:00+00:00,-0.11440884
2020-05-19 00:00:00+00:00,0.07806604
2020-05-20 00:00:00+00:00,0.00476190
2020-05-21 00:00:00+00:00,0.02131519
2020-05-22 00:00:00+00:00,0.02421525
2020-05-26 00:00:00+00:00,0.05781632
2020-05-27 00:00:00+00:00,-0.01776430
2020-05-28 00:00:00+00:00,0.00854139
2020-05-29 00:00:00+00:00,0.00346846
2020-06-01 00:00:00+00:00,0.01154684
2020-06-02 00:00:00+00:00,0.01944685
2020-06-03 00:00:00+00:00,-0.01134904
2020-06-04 00:00:00+00:00,-0.05324423
2020-06-05 00:00:00+00:00,-0.06625442
2020-06-08 00:00:00+00:00,-0.00983982
2020-06-09 00:00:00+00:00,0.01621005
2020-06-10 00:00:00+00:00,0.03280543
2020-06-11 00:00:00+00:00,0.06864937
2020-06-12 00:00:00+00:00,-0.00624731
2020-06-15 00:00:00+00:00,0.00086524
2020-06-16 00:00:00+00:00,0.03527292
2020-06-17 00:00:00+00:00,-0.00170576
2020-06-18 00:00:00+00:00,-0.01194030
2020-06-19 00:00:00+00:00,-0.00751073
2020-06-22 00:00:00+00:00,0.03081232
2020-06-23 00:00:00+00:00,-0.00677249
2020-06-24 00:00:00+00:00,-0.00895904
2020-06-25 00:00:00+00:00,-0.03595745
2020-06-26 00:00:00+00:00,-0.02555219
2020-06-29 00:00:00+00:00,-0.00968310
2020-06-30 00:00:00+00:00,-0.00928998
2020-07-01 00:00:00+00:00,0.01377472
2020-07-06 00:00:00+00:00,-0.01066430
2020-07-07 00:00:00+00:00,0.05065541
2020-07-09 00:00:00+00:00,-0.01650738
2020-07-10 00:00:00+00:00,-0.00890530
2020-07-13 00:00:00+00:00,0.00679974
2020-07-14 00:00:00+00:00,0.01316078
2020-07-15 00:00:00+00:00,-0.01625135
2020-07-16 00:00:00+00:00,-0.00612826
2020-07-17 00:00:00+00:00,0.00606749
2020-07-20 00:00:00+00:00,-0.01165347
2020-07-21 00:00:00+00:00,-0.00684932
2020-07-22 00:00:00+00:00,-0.00904279
2020-07-23 00:00:00+00:00,-0.02602558
2020-07-24 00:00:00+00:00,-0.00421660
2020-07-27 00:00:00+00:00,-0.00578292
2020-07-28 00:00:00+00:00,-0.03013393
2020-07-30 00:00:00+00:00,-0.02622577
2020-07-31 00:00:00+00:00,0.00551091
2020-08-03 00:00:00+00:00,-0.00459242
2020-08-04 00:00:00+00:00,-0.07233065
2020-08-05 00:00:00+00:00,0.08119048
2020-08-06 00:00:00+00:00,-0.02063747
2020-08-07 00:00:00+00:00,0.00231321
2020-08-10 00:00:00+00:00,0.01665510
2020-08-11 00:00:00+00:00,0.00000000
2020-08-12 00:00:00+00:00,0.04263122
2020-08-13 00:00:00+00:00,0.01236233
2020-08-14 00:00:00+00:00,-0.00134108
2020-08-17 00:00:00+00:00,0.02878698
2020-08-18 00:00:00+00:00,0.01636082
2020-08-19 00:00:00+00:00,0.00043783
2020-08-20 00:00:00+00:00,-0.03639137
2020-08-21 00:00:00+00:00,-0.01586947
2020-08-24 00:00:00+00:00,0.00000000
2020-08-25 00:00:00+00:00,0.02368715
2020-08-26 00:00:00+00:00,0.02619515
2020-08-27 00:00:00+00:00,0.00676708
2020-08-28 00:00:00+00:00,0.01496097
2020-08-31 00:00:00+00:00,0.00021603
2020-09-01 00:00:00+00:00,0.00107875
2020-09-02 00:00:00+00:00,0.00538793
2020-09-03 00:00:00+00:00,-0.00882100
2020-09-04 00:00:00+00:00,-0.00561676
2020-09-08 00:00:00+00:00,0.00324605
2020-09-10 00:00:00+00:00,-0.03299547
2020-09-11 00:00:00+00:00,0.00000000
2020-09-14 00:00:00+00:00,-0.01076686
2020-09-15 00:00:00+00:00,0.03874995
2020-09-16 00:00:00+00:00,0.02121212
2020-09-17 00:00:00+00:00,0.00684932
2020-09-18 00:00:00+00:00,0.00085470
2020-09-21 00:00:00+00:00,-0.02345416
2020-09-22 00:00:00+00:00,0.01727862
2020-09-23 00:00:00+00:00,-0.00509554
2020-09-24 00:00:00+00:00,-0.01210448
2020-09-25 00:00:00+00:00,0.03589744
2020-09-28 00:00:00+00:00,0.00420168
2020-09-29 00:00:00+00:00,0.01134454
2020-09-30 00:00:00+00:00,-0.00250313
2020-10-01 00:00:00+00:00,0.00020877
2020-10-02 00:00:00+00:00,0.00375783
2020-10-05 00:00:00+00:00,-0.01331946
2020-10-06 00:00:00+00:00,-0.00998959
2020-10-07 00:00:00+00:00,-0.00399244
2020-10-08 00:00:00+00:00,-0.00525431
2020-10-09 00:00:00+00:00,0.02462845
2020-10-12 00:00:00+00:00,0.00773897
2020-10-14 00:00:00+00:00,0.00687787
2020-10-15 00:00:00+00:00,-0.00020751
2020-10-16 00:00:00+00:00,-0.00414079
2020-10-19 00:00:00+00:00,-0.01372141
2020-10-20 00:00:00+00:00,-0.03640167
2020-10-21 00:00:00+00:00,0.01191236
2020-10-22 00:00:00+00:00,-0.03405508
2020-10-23 00:00:00+00:00,0.00320513
2020-10-26 00:00:00+00:00,-0.02457265
2020-10-27 00:00:00+00:00,-0.02164502
2020-10-28 00:00:00+00:00,0.01052632
2020-10-29 00:00:00+00:00,0.01746725
2020-10-30 00:00:00+00:00,-0.00930937
2020-11-02 00:00:00+00:00,-0.00108578
2020-11-03 00:00:00+00:00,-0.02173913
2020-11-04 00:00:00+00:00,-0.00986842
2020-11-05 00:00:00+00:00,-0.00570301
2020-11-10 00:00:00+00:00,0.01974117
2020-11-11 00:00:00+00:00,0.03290195
2020-11-12 00:00:00+00:00,0.00107759
2020-11-13 00:00:00+00:00,0.00000000
2020-11-16 00:00:00+00:00,-0.02543953
2020-11-17 00:00:00+00:00,-0.00543951
2020-11-18 00:00:00+00:00,0.01859549
2020-11-19 00:00:00+00:00,-0.00432432
2020-11-20 00:00:00+00:00,0.00519481
2020-11-23 00:00:00+00:00,0.01082251
2020-11-24 00:00:00+00:00,0.00213675
2020-11-25 00:00:00+00:00,0.00854701
2020-11-30 00:00:00+00:00,0.02127660
2020-12-01 00:00:00+00:00,0.04411765
2020-12-02 00:00:00+00:00,0.01211499
2020-12-03 00:00:00+00:00,-0.00593168
2020-12-04 00:00:00+00:00,-0.00163265
2020-12-07 00:00:00+00:00,-0.00246508
2020-12-08 00:00:00+00:00,-0.00494234
2020-12-09 00:00:00+00:00,-0.00185491
2020-12-10 00:00:00+00:00,-0.02002891
2020-12-11 00:00:00+00:00,-0.00791667
2020-12-14 00:00:00+00:00,0.00961941
2020-12-15 00:00:00+00:00,0.01616162
2020-12-16 00:00:00+00:00,-0.00351240
2020-12-17 00:00:00+00:00,0.00991736
2020-12-18 00:00:00+00:00,0.00267600
2020-12-21 00:00:00+00:00,0.02037037
2020-12-22 00:00:00+00:00,-0.00060741
2020-12-23 00:00:00+00:00,-0.00650936
2020-12-24 00:00:00+00:00,-0.01064701
2020-12-28 00:00:00+00:00,-0.02704918
2020-12-29 00:00:00+00:00,-0.00227273
2020-12-30 00:00:00+00:00,0.00619963
2021-01-05 00:00:00+00:00,0.03141145
2021-01-06 00:00:00+00:00,0.02397050
2021-01-07 00:00:00+00:00,0.02353896
2021-01-08 00:00:00+00:00,0.01722066
2021-01-11 00:00:00+00:00,-0.01581028
2021-01-12 00:00:00+00:00,0.00458167
2021-01-13 00:00:00+00:00,0.00607435
2021-01-14 00:00:00+00:00,0.03436019
2021-01-15 00:00:00+00:00,0.00234375
2021-01-18 00:00:00+00:00,0.01364522
2021-01-19 00:00:00+00:00,0.01472868
2021-01-20 00:00:00+00:00,-0.02123995
2021-01-21 00:00:00+00:00,-0.02417795
2021-01-22 00:00:00+00:00,-0.00391389
2021-01-24 00:00:00+00:00,0.00000000
2021-01-25 00:00:00+00:00,-0.03330069
2021-01-26 00:00:00+00:00,-0.02740000
2021-01-28 00:00:00+00:00,0.01357925
2021-01-29 00:00:00+00:00,-0.01244980
2021-02-01 00:00:00+00:00,-0.02991108
2021-02-02 00:00:00+00:00,0.00491803
2021-02-03 00:00:00+00:00,-0.00490798
2021-02-04 00:00:00+00:00,-0.03729508
2021-02-05 00:00:00+00:00,0.04046725
2021-02-08 00:00:00+00:00,0.00412712
2021-02-09 00:00:00+00:00,0.01393443
2021-02-10 00:00:00+00:00,-0.00737705
2021-02-11 00:00:00+00:00,-0.00986842
2021-02-12 00:00:00+00:00,-0.00758197
2021-02-17 00:00:00+00:00,-0.00728665
2021-02-18 00:00:00+00:00,-0.01482702
2021-02-19 00:00:00+00:00,-0.00166667
2021-02-22 00:00:00+00:00,0.00791667
2021-02-23 00:00:00+00:00,0.00450820
2021-02-24 00:00:00+00:00,0.00000000
2021-02-25 00:00:00+00:00,0.03299649
2021-02-26 00:00:00+00:00,0.04023904
2021-03-01 00:00:00+00:00,0.00790202
2021-03-02 00:00:00+00:00,0.03121296
2021-03-03 00:00:00+00:00,-0.02054264
2021-03-04 00:00:00+00:00,-0.00254204
2021-03-05 00:00:00+00:00,0.01156636
2021-03-08 00:00:00+00:00,0.00449219
2021-03-09 00:00:00+00:00,0.01536965
2021-03-10 00:00:00+00:00,-0.01005803
2021-03-11 00:00:00+00:00,-0.03106796
2021-03-12 00:00:00+00:00,0.00707269
2021-03-15 00:00:00+00:00,-0.00039300
2021-03-16 00:00:00+00:00,-0.00039246
2021-03-17 00:00:00+00:00,-0.00499081
2021-03-18 00:00:00+00:00,-0.03916193
2021-03-19 00:00:00+00:00,-0.00903614
2021-03-22 00:00:00+00:00,0.00967742
2021-03-23 00:00:00+00:00,-0.00421687
2021-03-24 00:00:00+00:00,0.04226202
2021-03-25 00:00:00+00:00,0.00000000
2021-03-26 00:00:00+00:00,-0.00900548
2021-03-29 00:00:00+00:00,-0.00176609
2021-03-30 00:00:00+00:00,-0.00276189
2021-03-31 00:00:00+00:00,0.01473477
2021-04-01 00:00:00+00:00,0.01074429
2021-04-04 00:00:00+00:00,-0.00680404
2021-04-05 00:00:00+00:00,0.00389181
2021-04-06 00:00:00+00:00,0.01537264
2021-04-07 00:00:00+00:00,0.01003861
2021-04-08 00:00:00+00:00,0.01538462
2021-04-11 00:00:00+00:00,0.00000000
2021-04-12 00:00:00+00:00,-0.00190840
2021-04-13 00:00:00+00:00,-0.02309160
2021-04-14 00:00:00+00:00,-0.00689787
2021-04-15 00:00:00+00:00,0.00233281
2021-04-16 00:00:00+00:00,0.01056978
2021-04-18 00:00:00+00:00,0.00576923
2021-04-19 00:00:00+00:00,0.01557692
2021-04-20 00:00:00+00:00,0.01028571
2021-04-21 00:00:00+00:00,0.00737938
2021-04-22 00:00:00+00:00,0.02140152
2021-04-23 00:00:00+00:00,0.01121495
2021-04-26 00:00:00+00:00,0.03147114
2021-04-27 00:00:00+00:00,0.02000000
2021-04-28 00:00:00+00:00,-0.01234568
2021-04-29 00:00:00+00:00,0.01636364
2021-04-30 00:00:00+00:00,0.00054348
2021-05-03 00:00:00+00:00,0.00379747
2021-05-04 00:00:00+00:00,0.01626310
2021-05-05 00:00:00+00:00,0.01021505
2021-05-06 00:00:00+00:00,0.01767542
2021-05-07 00:00:00+00:00,-0.03922261
2021-05-10 00:00:00+00:00,-0.00144404
2021-05-11 00:00:00+00:00,-0.01137184
2021-05-12 00:00:00+00:00,-0.01284603
2021-05-13 00:00:00+00:00,0.02620087
2021-05-14 00:00:00+00:00,0.00179856
2021-05-17 00:00:00+00:00,0.00807899
2021-05-18 00:00:00+00:00,0.01487722
2021-05-19 00:00:00+00:00,-0.00695311
2021-05-20 00:00:00+00:00,-0.02923872
2021-05-21 00:00:00+00:00,0.01252269
2021-05-24 00:00:00+00:00,-0.02589928
2021-05-25 00:00:00+00:00,-0.00109489
2021-05-26 00:00:00+00:00,-0.00328467
2021-05-27 00:00:00+00:00,-0.01570489
2021-05-28 00:00:00+00:00,0.04309392
2021-06-01 00:00:00+00:00,-0.01268116
2021-06-02 00:00:00+00:00,-0.02430178
2021-06-03 00:00:00+00:00,-0.01231618
2021-06-04 00:00:00+00:00,-0.00129223
2021-06-07 00:00:00+00:00,0.04438306
2021-06-08 00:00:00+00:00,0.02427536
2021-06-09 00:00:00+00:00,-0.00837939
2021-06-10 00:00:00+00:00,-0.01919627
2021-06-11 00:00:00+00:00,-0.02431060
2021-06-14 00:00:00+00:00,0.00459137
2021-06-15 00:00:00+00:00,-0.02891654
2021-06-16 00:00:00+00:00,-0.02732342
2021-06-17 00:00:00+00:00,-0.01532138
2021-06-18 00:00:00+00:00,0.02371917
2021-06-21 00:00:00+00:00,-0.00299625
2021-06-22 00:00:00+00:00,-0.00767790
2021-06-23 00:00:00+00:00,-0.00543071
2021-06-24 00:00:00+00:00,-0.02268431
2021-06-25 00:00:00+00:00,0.00171756
2021-06-28 00:00:00+00:00,0.00896947
2021-06-29 00:00:00+00:00,0.00000000
2021-06-30 00:00:00+00:00,-0.03507434
2021-07-01 00:00:00+00:00,0.00871755
2021-07-02 00:00:00+00:00,0.00636206
2021-07-06 00:00:00+00:00,-0.05172414
2021-07-07 00:00:00+00:00,-0.00988142
2021-07-08 00:00:00+00:00,0.01581028
2021-07-09 00:00:00+00:00,0.01569243
2021-07-12 00:00:00+00:00,0.00195312
2021-07-13 00:00:00+00:00,0.01832359
2021-07-14 00:00:00+00:00,-0.01043277
2021-07-15 00:00:00+00:00,-0.02097087
2021-07-16 00:00:00+00:00,0.01333333
2021-07-19 00:00:00+00:00,-0.00195312
2021-07-20 00:00:00+00:00,-0.03522505
2021-07-21 00:00:00+00:00,0.00277778
2021-07-22 00:00:00+00:00,-0.00118953
2021-07-23 00:00:00+00:00,0.01326470
2021-07-26 00:00:00+00:00,-0.02574180
2021-07-27 00:00:00+00:00,0.00437898
2021-07-28 00:00:00+00:00,0.00079586
2021-07-29 00:00:00+00:00,0.03578529
2021-07-30 00:00:00+00:00,0.00253906
2021-08-02 00:00:00+00:00,0.03661641
2021-08-03 00:00:00+00:00,-0.03550864
2021-08-04 00:00:00+00:00,-0.01464558
2021-08-05 00:00:00+00:00,0.00667976
2021-08-06 00:00:00+00:00,-0.00078431
2021-08-09 00:00:00+00:00,0.00666667
2021-08-10 00:00:00+00:00,0.00820954
2021-08-11 00:00:00+00:00,-0.01108949
2021-08-12 00:00:00+00:00,-0.00469851
2021-08-13 00:00:00+00:00,0.00039254
2021-08-16 00:00:00+00:00,-0.00490677
2021-08-17 00:00:00+00:00,0.00373134
2021-08-18 00:00:00+00:00,-0.00333333
2021-08-19 00:00:00+00:00,0.00314095
2021-08-20 00:00:00+00:00,-0.00824823
2021-08-23 00:00:00+00:00,0.00118320
2021-08-24 00:00:00+00:00,0.01714624
2021-08-25 00:00:00+00:00,0.00956844
2021-08-26 00:00:00+00:00,0.01364522
2021-08-27 00:00:00+00:00,0.01734104
2021-08-30 00:00:00+00:00,0.00305344
2021-08-31 00:00:00+00:00,0.01904762
2021-09-01 00:00:00+00:00,-0.00150943
2021-09-02 00:00:00+00:00,0.00037665
2021-09-03 00:00:00+00:00,0.01735849
2021-09-07 00:00:00+00:00,0.03328347
2021-09-08 00:00:00+00:00,-0.00642202
2021-09-09 00:00:00+00:00,-0.01754062
2021-09-10 00:00:00+00:00,0.01304510
2021-09-13 00:00:00+00:00,-0.01293900
2021-09-14 00:00:00+00:00,-0.01380597
2021-09-15 00:00:00+00:00,-0.00864662
2021-09-16 00:00:00+00:00,-0.00264151
2021-09-17 00:00:00+00:00,0.02156640
2021-09-20 00:00:00+00:00,0.01119403
2021-09-21 00:00:00+00:00,0.01224490
2021-09-22 00:00:00+00:00,0.00625920
2021-09-23 00:00:00+00:00,-0.00588235
2021-09-24 00:00:00+00:00,-0.00147601
2021-09-26 00:00:00+00:00,0.00000000
2021-09-27 00:00:00+00:00,0.00609756
2021-09-28 00:00:00+00:00,0.00293848
2021-09-29 00:00:00+00:00,0.00932699
2021-09-30 00:00:00+00:00,0.00363636
2021-10-01 00:00:00+00:00,-0.00288809
2021-10-04 00:00:00+00:00,0.01230992
2021-10-05 00:00:00+00:00,0.00863309
2021-10-06 00:00:00+00:00,0.00572861
2021-10-07 00:00:00+00:00,0.00676397
2021-10-08 00:00:00+00:00,0.01237186
2021-10-11 00:00:00+00:00,-0.01035088
2021-10-12 00:00:00+00:00,0.00691367
2021-10-13 00:00:00+00:00,0.01593695
2021-10-14 00:00:00+00:00,0.00743945
2021-10-15 00:00:00+00:00,0.03793103
2021-10-18 00:00:00+00:00,0.00332226
2021-10-19 00:00:00+00:00,-0.02599338
2021-10-20 00:00:00+00:00,-0.01685204
2021-10-21 00:00:00+00:00,0.01565158
2021-10-22 00:00:00+00:00,0.01220339
2021-10-25 00:00:00+00:00,-0.02533557
2021-10-26 00:00:00+00:00,-0.00411734
2021-10-27 00:00:00+00:00,-0.00429627
2021-10-28 00:00:00+00:00,0.02790295
2021-10-29 00:00:00+00:00,-0.00221729
2021-11-01 00:00:00+00:00,0.02848318
2021-11-02 00:00:00+00:00,0.01419159
2021-11-03 00:00:00+00:00,-0.00371684
2021-11-04 00:00:00+00:00,0.00570853
2021-11-05 00:00:00+00:00,0.00587248
2021-11-08 00:00:00+00:00,-0.00669344
2021-11-09 00:00:00+00:00,0.01175680
2021-11-10 00:00:00+00:00,-0.00916667
2021-11-11 00:00:00+00:00,-0.00419463
2021-11-12 00:00:00+00:00,-0.00168209
2021-11-15 00:00:00+00:00,-0.00336417
2021-11-16 00:00:00+00:00,-0.01093356
2021-11-17 00:00:00+00:00,-0.01283784
2021-11-18 00:00:00+00:00,0.00749830
2021-11-19 00:00:00+00:00,0.03276451
2021-11-22 00:00:00+00:00,0.00200334
2021-11-23 00:00:00+00:00,0.00301104
2021-11-24 00:00:00+00:00,-0.00400000
2021-11-29 00:00:00+00:00,-0.00333389
2021-12-01 00:00:00+00:00,-0.00650108
2021-12-02 00:00:00+00:00,0.01677852
2021-12-03 00:00:00+00:00,0.02325581
2021-12-06 00:00:00+00:00,0.02147541
2021-12-07 00:00:00+00:00,0.01056739
2021-12-08 00:00:00+00:00,0.01883117
2021-12-09 00:00:00+00:00,0.01746795
2021-12-10 00:00:00+00:00,0.00682540
2021-12-13 00:00:00+00:00,-0.00681458
2021-12-14 00:00:00+00:00,-0.00143403
2021-12-15 00:00:00+00:00,0.02279248
2021-12-16 00:00:00+00:00,0.01866960
2021-12-17 00:00:00+00:00,0.02343750
2021-12-20 00:00:00+00:00,-0.03142415
2021-12-21 00:00:00+00:00,0.01878522
2021-12-22 00:00:00+00:00,-0.01293439
2021-12-23 00:00:00+00:00,-0.00996264
2021-12-27 00:00:00+00:00,0.00314465
2021-12-28 00:00:00+00:00,-0.01234375
2021-12-29 00:00:00+00:00,-0.00646688
2021-12-30 00:00:00+00:00,-0.00490429
2021-12-31 00:00:00+00:00,0.00000000
2022-01-03 00:00:00+00:00,-0.01708861
2022-01-04 00:00:00+00:00,0.00658740
2022-01-05 00:00:00+00:00,0.03641009
2022-01-06 00:00:00+00:00,-0.02000313
2022-01-07 00:00:00+00:00,0.02649007
2022-01-10 00:00:00+00:00,0.03105590
2022-01-11 00:00:00+00:00,0.03819018
2022-01-12 00:00:00+00:00,0.00813253
2022-01-13 00:00:00+00:00,0.02521765
2022-01-14 00:00:00+00:00,0.04694696
2022-01-18 00:00:00+00:00,0.01740139
2022-01-19 00:00:00+00:00,-0.03537257
2022-01-20 00:00:00+00:00,-0.03738732
2022-01-21 00:00:00+00:00,0.00059880
2022-01-24 00:00:00+00:00,-0.01181927
2022-01-25 00:00:00+00:00,-0.00381388
2022-01-26 00:00:00+00:00,0.00000000
2022-01-27 00:00:00+00:00,0.00686499
2022-01-28 00:00:00+00:00,0.03277439
2022-01-31 00:00:00+00:00,0.01045713
2022-02-01 00:00:00+00:00,-0.02528257
2022-02-02 00:00:00+00:00,-0.00315600
2022-02-03 00:00:00+00:00,0.05261571
2022-02-04 00:00:00+00:00,0.03005865
2022-02-07 00:00:00+00:00,0.01438953
2022-02-08 00:00:00+00:00,0.00361899
2022-02-09 00:00:00+00:00,0.02889756
2022-02-10 00:00:00+00:00,0.03177517
2022-02-11 00:00:00+00:00,0.01281337
2022-02-14 00:00:00+00:00,-0.01064860
2022-02-15 00:00:00+00:00,0.00250000
2022-02-16 00:00:00+00:00,-0.03101961
2022-02-17 00:00:00+00:00,-0.01208544
2022-02-18 00:00:00+00:00,-0.02231638
2022-02-22 00:00:00+00:00,0.02363897
2022-02-23 00:00:00+00:00,-0.00792976
2022-02-24 00:00:00+00:00,0.03495007
2022-02-25 00:00:00+00:00,-0.00814607
2022-02-28 00:00:00+00:00,0.00969101
2022-03-01 00:00:00+00:00,0.02429828
2022-03-02 00:00:00+00:00,0.00482825
2022-03-03 00:00:00+00:00,0.01763571
2022-03-04 00:00:00+00:00,-0.01400329
2022-03-07 00:00:00+00:00,-0.00828729
2022-03-08 00:00:00+00:00,-0.00690608
2022-03-09 00:00:00+00:00,0.00180305
2022-03-10 00:00:00+00:00,-0.00041534
2022-03-11 00:00:00+00:00,0.02583333
2022-03-14 00:00:00+00:00,0.00275103
2022-03-15 00:00:00+00:00,0.01303155
2022-03-16 00:00:00+00:00,-0.01130790
2022-03-17 00:00:00+00:00,-0.00356849
2022-03-18 00:00:00+00:00,0.00000000
2022-03-21 00:00:00+00:00,0.02307059
2022-03-22 00:00:00+00:00,-0.00054422
2022-03-23 00:00:00+00:00,0.01835486
2022-03-24 00:00:00+00:00,0.00013501
2022-03-25 00:00:00+00:00,-0.02131678
2022-03-28 00:00:00+00:00,-0.00991309
2022-03-29 00:00:00+00:00,-0.03046032
2022-03-30 00:00:00+00:00,0.00456495
2022-03-31 00:00:00+00:00,0.00829876
2022-04-01 00:00:00+00:00,0.02868966
2022-04-04 00:00:00+00:00,0.00462208
2022-04-05 00:00:00+00:00,-0.01562500
2022-04-06 00:00:00+00:00,0.00068399
2022-04-07 00:00:00+00:00,0.00343737
2022-04-08 00:00:00+00:00,0.00532787
2022-04-11 00:00:00+00:00,-0.00258187
2022-04-12 00:00:00+00:00,0.00163488
2022-04-13 00:00:00+00:00,-0.00054615
2022-04-14 00:00:00+00:00,0.00396175
2022-04-18 00:00:00+00:00,0.00000000
2022-04-19 00:00:00+00:00,-0.01844010
2022-04-20 00:00:00+00:00,-0.02606310
2022-04-21 00:00:00+00:00,-0.00902778
2022-04-22 00:00:00+00:00,-0.02098680
2022-04-25 00:00:00+00:00,-0.02863560
2022-04-26 00:00:00+00:00,-0.04913295
2022-04-27 00:00:00+00:00,0.02492669
2022-04-28 00:00:00+00:00,0.03034682
2022-04-29 00:00:00+00:00,-0.00426379
2022-05-02 00:00:00+00:00,-0.01030043
2022-05-03 00:00:00+00:00,-0.02456897
2022-05-04 00:00:00+00:00,0.01069364
2022-05-05 00:00:00+00:00,0.00144509
2022-05-06 00:00:00+00:00,-0.01024531
2022-05-09 00:00:00+00:00,-0.00043605
2022-05-10 00:00:00+00:00,-0.00683835
2022-05-11 00:00:00+00:00,-0.02189781
2022-05-12 00:00:00+00:00,0.01470588
2022-05-13 00:00:00+00:00,0.00453216
2022-05-16 00:00:00+00:00,0.00000000
2022-05-17 00:00:00+00:00,0.00626822
2022-05-18 00:00:00+00:00,0.00421512
2022-05-19 00:00:00+00:00,0.02330294
2022-05-20 00:00:00+00:00,0.02402186
2022-05-23 00:00:00+00:00,0.00692677
2022-05-24 00:00:00+00:00,0.01155492
2022-05-25 00:00:00+00:00,0.01824611
2022-05-26 00:00:00+00:00,0.00000000
2022-05-27 00:00:00+00:00,0.01123596
2022-05-31 00:00:00+00:00,0.00630252
2022-06-01 00:00:00+00:00,0.00152990
2022-06-02 00:00:00+00:00,0.01222052
2022-06-03 00:00:00+00:00,0.00276893
2022-06-06 00:00:00+00:00,0.00632389
2022-06-07 00:00:00+00:00,0.01649711
2022-06-08 00:00:00+00:00,-0.00758808
2022-06-09 00:00:00+00:00,-0.02428377
2022-06-10 00:00:00+00:00,-0.02707182
2022-06-13 00:00:00+00:00,-0.00716292
2022-06-14 00:00:00+00:00,-0.02415730
2022-06-15 00:00:00+00:00,-0.01108112
2022-06-16 00:00:00+00:00,-0.01585941
2022-06-17 00:00:00+00:00,0.00028902
2022-06-21 00:00:00+00:00,0.00173360
2022-06-22 00:00:00+00:00,0.00850880
2022-06-23 00:00:00+00:00,-0.00933774
2022-06-24 00:00:00+00:00,0.01019968
2022-06-27 00:00:00+00:00,-0.02485275
2022-06-28 00:00:00+00:00,-0.00494186
2022-06-29 00:00:00+00:00,-0.00872093
2022-06-30 00:00:00+00:00,-0.00352941
2022-07-01 00:00:00+00:00,-0.01014706
2022-07-05 00:00:00+00:00,-0.02185147
2022-07-06 00:00:00+00:00,-0.06289680
2022-07-07 00:00:00+00:00,0.03730650
2022-07-08 00:00:00+00:00,-0.02484848
2022-07-11 00:00:00+00:00,-0.00874233
2022-07-12 00:00:00+00:00,0.00000000
2022-07-13 00:00:00+00:00,-0.04569231
2022-07-14 00:00:00+00:00,-0.07666772
2022-07-15 00:00:00+00:00,-0.01165654
2022-07-18 00:00:00+00:00,0.01658184
2022-07-19 00:00:00+00:00,-0.01454724
2022-07-20 00:00:00+00:00,0.00561056
2022-07-21 00:00:00+00:00,-0.00049464
2022-07-22 00:00:00+00:00,-0.00049423
2022-07-25 00:00:00+00:00,0.01828666
2022-07-26 00:00:00+00:00,0.00000000
2022-07-28 00:00:00+00:00,-0.02278689
2022-07-29 00:00:00+00:00,-0.01833333
2022-08-01 00:00:00+00:00,0.00502513
2022-08-02 00:00:00+00:00,0.00000000
2022-08-03 00:00:00+00:00,-0.00500000
2022-08-04 00:00:00+00:00,-0.04204355
2022-08-05 00:00:00+00:00,-0.01498638
2022-08-08 00:00:00+00:00,-0.06931199
2022-08-09 00:00:00+00:00,0.02754237
2022-08-10 00:00:00+00:00,0.02216495
2022-08-11 00:00:00+00:00,0.02611684
2022-08-12 00:00:00+00:00,-0.00340078
2022-08-15 00:00:00+00:00,-0.00068248
2022-08-16 00:00:00+00:00,0.00409486
2022-08-17 00:00:00+00:00,0.00119048
2022-08-18 00:00:00+00:00,0.00884354
2022-08-19 00:00:00+00:00,-0.00340136
2022-08-22 00:00:00+00:00,0.04438776
2022-08-23 00:00:00+00:00,0.04249292
2022-08-24 00:00:00+00:00,-0.00849118
2022-08-25 00:00:00+00:00,0.02612671
2022-08-26 00:00:00+00:00,0.05192685
2022-08-29 00:00:00+00:00,-0.00790889
2022-08-30 00:00:00+00:00,-0.00396511
2022-08-31 00:00:00+00:00,-0.03391720
2022-09-01 00:00:00+00:00,-0.04410339
2022-09-02 00:00:00+00:00,0.01503138
2022-09-06 00:00:00+00:00,0.03272488
2022-09-07 00:00:00+00:00,0.02148627
2022-09-08 00:00:00+00:00,0.03849840
2022-09-09 00:00:00+00:00,0.00612149
2022-09-12 00:00:00+00:00,0.01750000
2022-09-13 00:00:00+00:00,-0.03578067
2022-09-14 00:00:00+00:00,0.01243899
2022-09-15 00:00:00+00:00,0.01880878
2022-09-16 00:00:00+00:00,-0.01242236
2022-09-19 00:00:00+00:00,0.01250000
2022-09-20 00:00:00+00:00,-0.01149068
2022-09-21 00:00:00+00:00,0.00000000
2022-09-22 00:00:00+00:00,-0.02554517
2022-09-23 00:00:00+00:00,0.00000000
2022-09-26 00:00:00+00:00,-0.03840051
2022-09-27 00:00:00+00:00,0.00000000
2022-09-28 00:00:00+00:00,0.00000000
2022-09-29 00:00:00+00:00,0.00322581
2022-09-30 00:00:00+00:00,-0.00659164
2022-10-03 00:00:00+00:00,0.00987215
2022-10-04 00:00:00+00:00,-0.01929260
2022-10-05 00:00:00+00:00,0.00162338
2022-10-06 00:00:00+00:00,0.02414911
2022-10-07 00:00:00+00:00,-0.00128226
2022-10-10 00:00:00+00:00,-0.01139647
2022-10-11 00:00:00+00:00,-0.03112903
2022-10-12 00:00:00+00:00,-0.01094771
2022-10-13 00:00:00+00:00,-0.02713816
2022-10-14 00:00:00+00:00,-0.00583333
2022-10-17 00:00:00+00:00,-0.01337793
2022-10-18 00:00:00+00:00,-0.03367003
2022-10-19 00:00:00+00:00,-0.01712329
2022-10-20 00:00:00+00:00,-0.01344828
2022-10-21 00:00:00+00:00,-0.00935551
2022-10-24 00:00:00+00:00,0.01083916
2022-10-25 00:00:00+00:00,0.01062718
2022-10-26 00:00:00+00:00,-0.00362007
2022-10-27 00:00:00+00:00,-0.02241379
2022-10-28 00:00:00+00:00,0.00000000
2022-10-31 00:00:00+00:00,-0.02027972
2022-11-01 00:00:00+00:00,-0.03480565
2022-11-02 00:00:00+00:00,-0.01743037
2022-11-03 00:00:00+00:00,0.01286232
2022-11-04 00:00:00+00:00,0.01350135
2022-11-07 00:00:00+00:00,-0.00536673
2022-11-08 00:00:00+00:00,0.00017986
2022-11-09 00:00:00+00:00,0.01510520
2022-11-10 00:00:00+00:00,0.01939502
2022-11-11 00:00:00+00:00,0.04295018
2022-11-14 00:00:00+00:00,0.00121422
2022-11-15 00:00:00+00:00,0.01588672
2022-11-16 00:00:00+00:00,-0.01426607
2022-11-17 00:00:00+00:00,-0.02155172
2022-11-18 00:00:00+00:00,-0.00958021
2022-11-21 00:00:00+00:00,-0.01209677
2022-11-22 00:00:00+00:00,0.00369653
2022-11-23 00:00:00+00:00,-0.01138753
2022-11-28 00:00:00+00:00,-0.00335570
2022-11-29 00:00:00+00:00,-0.00052966
2022-11-30 00:00:00+00:00,-0.01961131
2022-12-01 00:00:00+00:00,-0.00142857
2022-12-02 00:00:00+00:00,0.01589286
2022-12-05 00:00:00+00:00,0.00000000
2022-12-06 00:00:00+00:00,0.00887942
2022-12-07 00:00:00+00:00,-0.01254195
2022-12-08 00:00:00+00:00,-0.02296600
2022-12-09 00:00:00+00:00,0.00179921
2022-12-12 00:00:00+00:00,0.00808335
2022-12-13 00:00:00+00:00,0.01173125
2022-12-14 00:00:00+00:00,0.00531067
2022-12-15 00:00:00+00:00,-0.02314488
2022-12-16 00:00:00+00:00,0.00035714
2022-12-19 00:00:00+00:00,0.00107105
2022-12-20 00:00:00+00:00,-0.02265026
2022-12-21 00:00:00+00:00,-0.00936937
2022-12-22 00:00:00+00:00,0.00126697
2022-12-23 00:00:00+00:00,0.03257919
2022-12-27 00:00:00+00:00,0.00000000
2022-12-28 00:00:00+00:00,-0.00946429
2022-12-29 00:00:00+00:00,0.00017879
2022-12-30 00:00:00+00:00,-0.00697300
2023-01-03 00:00:00+00:00,-0.02965492
2023-01-04 00:00:00+00:00,0.00000000
2023-01-05 00:00:00+00:00,-0.00875912
2023-01-06 00:00:00+00:00,-0.02857143
2023-01-09 00:00:00+00:00,-0.02322557
2023-01-10 00:00:00+00:00,-0.00131086
2023-01-11 00:00:00+00:00,0.00507519
2023-01-12 00:00:00+00:00,-0.02274436
2023-01-13 00:00:00+00:00,-0.02368770
2023-01-17 00:00:00+00:00,-0.01615970
2023-01-18 00:00:00+00:00,-0.04612440
2023-01-19 00:00:00+00:00,-0.01722114
2023-01-20 00:00:00+00:00,0.00514750
2023-01-23 00:00:00+00:00,0.02632621
2023-01-24 00:00:00+00:00,-0.01463415
2023-01-25 00:00:00+00:00,-0.01525225
2023-01-26 00:00:00+00:00,-0.02294304
2023-01-27 00:00:00+00:00,0.00956175
2023-01-30 00:00:00+00:00,-0.00793651
2023-01-31 00:00:00+00:00,0.01872510
2023-02-01 00:00:00+00:00,0.04023669
2023-02-02 00:00:00+00:00,0.02696934
2023-02-03 00:00:00+00:00,-0.00211132
2023-02-06 00:00:00+00:00,0.02057692
2023-02-07 00:00:00+00:00,-0.02413531
2023-02-08 00:00:00+00:00,0.01158301
2023-02-09 00:00:00+00:00,0.03444317
2023-02-10 00:00:00+00:00,0.05112782
2023-02-13 00:00:00+00:00,0.00000000
2023-02-14 00:00:00+00:00,-0.05610380
2023-02-15 00:00:00+00:00,-0.01652582
2023-02-16 00:00:00+00:00,0.00474834
2023-02-17 00:00:00+00:00,0.01228733
2023-02-21 00:00:00+00:00,0.01008403
2023-02-22 00:00:00+00:00,0.00890703
2023-02-23 00:00:00+00:00,0.00276447
2023-02-24 00:00:00+00:00,-0.00608183
2023-02-27 00:00:00+00:00,-0.01627219
2023-02-28 00:00:00+00:00,-0.01884328
2023-03-01 00:00:00+00:00,-0.01528302
2023-03-02 00:00:00+00:00,0.00151544
2023-03-03 00:00:00+00:00,0.02595188
2023-03-06 00:00:00+00:00,-0.00223881
2023-03-07 00:00:00+00:00,-0.03624813
2023-03-08 00:00:00+00:00,0.00076075
2023-03-09 00:00:00+00:00,0.00494297
2023-03-10 00:00:00+00:00,-0.00644917
2023-03-13 00:00:00+00:00,-0.00838095
2023-03-14 00:00:00+00:00,0.00573614
2023-03-15 00:00:00+00:00,-0.01904762
2023-03-16 00:00:00+00:00,-0.00192308
2023-03-17 00:00:00+00:00,-0.01734104
2023-03-20 00:00:00+00:00,-0.00175097
2023-03-21 00:00:00+00:00,-0.02011326
2023-03-22 00:00:00+00:00,-0.00550314
2023-03-23 00:00:00+00:00,0.00000000
2023-03-24 00:00:00+00:00,0.02362205
2023-03-27 00:00:00+00:00,-0.00387597
2023-03-28 00:00:00+00:00,-0.01653696
2023-03-29 00:00:00+00:00,-0.00488281
2023-03-30 00:00:00+00:00,-0.00411765
2023-03-31 00:00:00+00:00,-0.00374016
2023-04-03 00:00:00+00:00,0.00000000
2023-04-04 00:00:00+00:00,-0.01929134
2023-04-05 00:00:00+00:00,-0.04303848
2023-04-06 00:00:00+00:00,-0.00304569
2023-04-10 00:00:00+00:00,0.01483740
2023-04-11 00:00:00+00:00,0.03937803
2023-04-12 00:00:00+00:00,0.00019924
2023-04-13 00:00:00+00:00,-0.04417031
2023-04-14 00:00:00+00:00,0.00040494
2023-04-17 00:00:00+00:00,-0.00242964
2023-04-18 00:00:00+00:00,0.04818789
2023-04-19 00:00:00+00:00,0.02193676
2023-04-20 00:00:00+00:00,-0.00647059
2023-04-21 00:00:00+00:00,0.00902492
2023-04-24 00:00:00+00:00,-0.00782779
2023-04-25 00:00:00+00:00,-0.02043222
2023-04-26 00:00:00+00:00,-0.00496032
2023-04-27 00:00:00+00:00,0.00277778
2023-04-28 00:00:00+00:00,0.02594059
2023-05-01 00:00:00+00:00,-0.00019527
2023-05-02 00:00:00+00:00,0.02773437
2023-05-03 00:00:00+00:00,0.02519231
2023-05-04 00:00:00+00:00,-0.02699107
2023-05-05 00:00:00+00:00,0.01020015
2023-05-08 00:00:00+00:00,0.00783489
2023-05-09 00:00:00+00:00,-0.01242117
2023-05-10 00:00:00+00:00,-0.01685824
2023-05-11 00:00:00+00:00,-0.00116279
2023-05-12 00:00:00+00:00,-0.00077519
2023-05-15 00:00:00+00:00,0.00000000
2023-05-16 00:00:00+00:00,-0.02359768
2023-05-17 00:00:00+00:00,-0.01115897
2023-05-18 00:00:00+00:00,-0.02007479
2023-05-19 00:00:00+00:00,0.00000000
2023-05-22 00:00:00+00:00,0.01451581
2023-05-23 00:00:00+00:00,0.01795580
2023-05-24 00:00:00+00:00,0.00949796
2023-05-25 00:00:00+00:00,0.01003861
2023-05-26 00:00:00+00:00,-0.02423077
2023-05-30 00:00:00+00:00,-0.01190476
2023-05-31 00:00:00+00:00,-0.03044588
2023-06-01 00:00:00+00:00,0.02712405
2023-06-02 00:00:00+00:00,-0.00274510
2023-06-05 00:00:00+00:00,-0.00882353
2023-06-06 00:00:00+00:00,0.00592300
2023-06-07 00:00:00+00:00,-0.00294406
2023-06-08 00:00:00+00:00,0.00000000
2023-06-09 00:00:00+00:00,0.00826772
2023-06-12 00:00:00+00:00,0.00000000
2023-06-13 00:00:00+00:00,-0.02638780
2023-06-14 00:00:00+00:00,-0.00238048
2023-06-15 00:00:00+00:00,-0.03471533
2023-06-16 00:00:00+00:00,0.00565657
2023-06-20 00:00:00+00:00,-0.01410721
2023-06-21 00:00:00+00:00,0.02518278
2023-06-22 00:00:00+00:00,-0.01033386
2023-06-23 00:00:00+00:00,-0.01442308
2023-06-26 00:00:00+00:00,0.00080483
2023-06-27 00:00:00+00:00,-0.03370787
2023-06-28 00:00:00+00:00,-0.00589910
2023-06-29 00:00:00+00:00,0.02090522
2023-06-30 00:00:00+00:00,-0.00405680
2023-07-03 00:00:00+00:00,-0.00872211
2023-07-05 00:00:00+00:00,-0.05668099
2023-07-06 00:00:00+00:00,-0.00483193
2023-07-07 00:00:00+00:00,-0.01176471
2023-07-10 00:00:00+00:00,0.00444821
2023-07-11 00:00:00+00:00,0.00529437
2023-07-12 00:00:00+00:00,0.03236725
2023-07-13 00:00:00+00:00,0.05052192
2023-07-14 00:00:00+00:00,-0.01465798
2023-07-17 00:00:00+00:00,0.00020492
2023-07-18 00:00:00+00:00,-0.01045082
2023-07-19 00:00:00+00:00,0.00000000
2023-07-20 00:00:00+00:00,0.00594262
2023-07-21 00:00:00+00:00,0.02311311
2023-07-24 00:00:00+00:00,0.06107492
2023-07-25 00:00:00+00:00,-0.00433754
2023-07-26 00:00:00+00:00,-0.00197161
2023-07-27 00:00:00+00:00,-0.00788644
2023-07-28 00:00:00+00:00,0.00396825
2023-07-31 00:00:00+00:00,0.00000000
2023-08-01 00:00:00+00:00,-0.00892857
2023-08-02 00:00:00+00:00,-0.03379722
2023-08-03 00:00:00+00:00,-0.01860465
2023-08-04 00:00:00+00:00,0.00040708
2023-08-07 00:00:00+00:00,-0.00510725
2023-08-08 00:00:00+00:00,0.00204082
2023-08-09 00:00:00+00:00,-0.00224490
2023-08-10 00:00:00+00:00,-0.03677222
2023-08-11 00:00:00+00:00,-0.00333403
2023-08-14 00:00:00+00:00,0.00166910
2023-08-15 00:00:00+00:00,-0.03145178
2023-08-16 00:00:00+00:00,0.01139241
2023-08-17 00:00:00+00:00,0.03036693
2023-08-18 00:00:00+00:00,0.01073936
2023-08-21 00:00:00+00:00,0.02049180
2023-08-22 00:00:00+00:00,-0.02113821
2023-08-23 00:00:00+00:00,-0.02725410
2023-08-24 00:00:00+00:00,-0.01397872
2023-08-25 00:00:00+00:00,0.00083893
2023-08-28 00:00:00+00:00,0.00231092
2023-08-29 00:00:00+00:00,-0.02326556
2023-08-30 00:00:00+00:00,-0.02118644
2023-08-31 00:00:00+00:00,-0.03382979
2023-09-01 00:00:00+00:00,-0.00239078
2023-09-05 00:00:00+00:00,-0.02086957
2023-09-06 00:00:00+00:00,0.07886575
2023-09-07 00:00:00+00:00,0.02908705
2023-09-08 00:00:00+00:00,0.00000000
2023-09-11 00:00:00+00:00,0.01002088
2023-09-12 00:00:00+00:00,0.03395445
2023-09-13 00:00:00+00:00,0.00203252
2023-09-14 00:00:00+00:00,0.00937054
2023-09-15 00:00:00+00:00,0.00060606
2023-09-18 00:00:00+00:00,0.00384615
2023-09-19 00:00:00+00:00,0.00526316
2023-09-20 00:00:00+00:00,0.01355452
2023-09-21 00:00:00+00:00,0.02409639
2023-09-22 00:00:00+00:00,0.00238095
2023-09-25 00:00:00+00:00,-0.00452756
2023-09-26 00:00:00+00:00,0.01997627
2023-09-27 00:00:00+00:00,-0.00039231
2023-09-28 00:00:00+00:00,0.00078125
2023-09-29 00:00:00+00:00,0.00371094
2023-10-02 00:00:00+00:00,0.00214844
2023-10-03 00:00:00+00:00,0.00446602
2023-10-04 00:00:00+00:00,0.02367553
2023-10-05 00:00:00+00:00,-0.01131352
2023-10-06 00:00:00+00:00,-0.00791506
2023-10-09 00:00:00+00:00,0.00193237
2023-10-10 00:00:00+00:00,0.00503388
2023-10-11 00:00:00+00:00,0.03987671
2023-10-12 00:00:00+00:00,0.00037965
2023-10-13 00:00:00+00:00,0.02272727
2023-10-16 00:00:00+00:00,0.00000000
2023-10-17 00:00:00+00:00,-0.01592593
2023-10-18 00:00:00+00:00,0.00727476
2023-10-19 00:00:00+00:00,0.00037313
2023-10-20 00:00:00+00:00,-0.01224490
2023-10-23 00:00:00+00:00,0.00074405
2023-10-24 00:00:00+00:00,-0.04460967
2023-10-25 00:00:00+00:00,-0.02241379
2023-10-26 00:00:00+00:00,0.00000000
2023-10-27 00:00:00+00:00,0.00000000
2023-10-30 00:00:00+00:00,0.00000000
2023-10-31 00:00:00+00:00,-0.02590373
2023-11-01 00:00:00+00:00,0.00665362
2023-11-02 00:00:00+00:00,-0.00254403
2023-11-03 00:00:00+00:00,-0.00763209
2023-11-06 00:00:00+00:00,0.00746415
2023-11-07 00:00:00+00:00,0.00019569
2023-11-08 00:00:00+00:00,0.00919585
2023-11-09 00:00:00+00:00,0.01400778
2023-11-10 00:00:00+00:00,0.01949807
2023-11-13 00:00:00+00:00,-0.00382409
2023-11-14 00:00:00+00:00,0.00383877
2023-11-15 00:00:00+00:00,0.00497132
2023-11-16 00:00:00+00:00,0.00076278
2023-11-17 00:00:00+00:00,-0.01679389
2023-11-20 00:00:00+00:00,0.02117828
2023-11-21 00:00:00+00:00,-0.02451539
2023-11-22 00:00:00+00:00,-0.00827560
2023-11-27 00:00:00+00:00,0.00965251
2023-11-28 00:00:00+00:00,-0.01293436
2023-11-29 00:00:00+00:00,0.01162791
2023-11-30 00:00:00+00:00,-0.01046622
2023-12-01 00:00:00+00:00,-0.01102662
2023-12-04 00:00:00+00:00,0.00635593
2023-12-05 00:00:00+00:00,0.00979827
2023-12-06 00:00:00+00:00,0.00153081
2023-12-07 00:00:00+00:00,-0.00785441
2023-12-08 00:00:00+00:00,-0.01318555
2023-12-11 00:00:00+00:00,-0.00077310
2023-12-12 00:00:00+00:00,-0.00270793
2023-12-13 00:00:00+00:00,0.00696864
2023-12-14 00:00:00+00:00,-0.00712909
2023-12-15 00:00:00+00:00,-0.01737452
2023-12-18 00:00:00+00:00,0.01012855
2023-12-19 00:00:00+00:00,-0.01608527
2023-12-20 00:00:00+00:00,-0.00078125
2023-12-21 00:00:00+00:00,-0.00781250
2023-12-22 00:00:00+00:00,0.00019608
2023-12-26 00:00:00+00:00,0.00921569
2023-12-27 00:00:00+00:00,0.00058594
2023-12-28 00:00:00+00:00,-0.00626101
2023-12-29 00:00:00+00:00,-0.00137255
2024-01-02 00:00:00+00:00,0.00627205
2024-01-03 00:00:00+00:00,0.01367188
2024-01-04 00:00:00+00:00,0.00174961
2024-01-05 00:00:00+00:00,-0.00136213
2024-01-08 00:00:00+00:00,-0.01086746
2024-01-09 00:00:00+00:00,0.00841487
2024-01-10 00:00:00+00:00,0.00662252
2024-01-11 00:00:00+00:00,-0.02078073
2024-01-12 00:00:00+00:00,-0.02070313
2024-01-16 00:00:00+00:00,0.01067194
2024-01-17 00:00:00+00:00,-0.01380126
2024-01-18 00:00:00+00:00,-0.01689189
2024-01-19 00:00:00+00:00,0.01680000
2024-01-22 00:00:00+00:00,0.00039370
2024-01-23 00:00:00+00:00,0.00000000
2024-01-24 00:00:00+00:00,-0.01161875
2024-01-25 00:00:00+00:00,-0.00259016
2024-01-26 00:00:00+00:00,0.04186508
2024-01-29 00:00:00+00:00,0.00505738
2024-01-30 00:00:00+00:00,0.00777605
2024-01-31 00:00:00+00:00,0.00852713
2024-02-01 00:00:00+00:00,0.00000000
2024-02-02 00:00:00+00:00,-0.01427469
2024-02-05 00:00:00+00:00,0.02368932
2024-02-06 00:00:00+00:00,0.01576317
2024-02-07 00:00:00+00:00,-0.00573175
2024-02-08 00:00:00+00:00,-0.00057471
2024-02-09 00:00:00+00:00,-0.00974584
2024-02-12 00:00:00+00:00,0.00000000
2024-02-13 00:00:00+00:00,0.00000000
2024-02-14 00:00:00+00:00,-0.01475096
2024-02-15 00:00:00+00:00,0.00696325
2024-02-16 00:00:00+00:00,0.00211905
2024-02-20 00:00:00+00:00,-0.01328456
2024-02-21 00:00:00+00:00,0.00251548
2024-02-22 00:00:00+00:00,0.00851393
2024-02-23 00:00:00+00:00,0.00674634
2024-02-26 00:00:00+00:00,-0.01028767
2024-02-27 00:00:00+00:00,-0.05986993
2024-02-28 00:00:00+00:00,0.01262826
2024-02-29 00:00:00+00:00,-0.01104972
2024-03-01 00:00:00+00:00,0.00948617
2024-03-04 00:00:00+00:00,-0.00216280
2024-03-05 00:00:00+00:00,-0.02831302
2024-03-06 00:00:00+00:00,-0.01015936
2024-03-07 00:00:00+00:00,-0.01743487
2024-03-08 00:00:00+00:00,0.00812843
2024-03-11 00:00:00+00:00,-0.00584560
2024-03-12 00:00:00+00:00,0.00161812
2024-03-13 00:00:00+00:00,-0.00161812
2024-03-14 00:00:00+00:00,0.00465210
2024-03-15 00:00:00+00:00,0.00120797
2024-03-18 00:00:00+00:00,-0.01270161
2024-03-19 00:00:00+00:00,-0.01156187
2024-03-20 00:00:00+00:00,-0.01934039
2024-03-21 00:00:00+00:00,0.02299795
2024-03-22 00:00:00+00:00,-0.01167002
2024-03-25 00:00:00+00:00,0.00989899
2024-03-26 00:00:00+00:00,0.00646465
2024-03-27 00:00:00+00:00,-0.00140196
2024-03-28 00:00:00+00:00,-0.01402244
