Date,EU-MEDIA
2018-06-14 00:00:00+00:00,
2018-06-15 00:00:00+00:00,-0.00744286
2018-06-18 00:00:00+00:00,-0.00537079
2018-06-19 00:00:00+00:00,-0.00753793
2018-06-20 00:00:00+00:00,0.01359083
2018-06-21 00:00:00+00:00,0.00065477
2018-06-22 00:00:00+00:00,0.01021229
2018-06-25 00:00:00+00:00,-0.01336740
2018-06-26 00:00:00+00:00,-0.00360497
2018-06-27 00:00:00+00:00,0.00422322
2018-06-28 00:00:00+00:00,-0.00324709
2018-06-29 00:00:00+00:00,0.00421865
2018-07-02 00:00:00+00:00,-0.01175173
2018-07-03 00:00:00+00:00,0.00353183
2018-07-04 00:00:00+00:00,0.00065982
2018-07-05 00:00:00+00:00,0.00280281
2018-07-06 00:00:00+00:00,0.00635606
2018-07-09 00:00:00+00:00,0.00808424
2018-07-10 00:00:00+00:00,0.00731609
2018-07-11 00:00:00+00:00,-0.00562938
2018-07-12 00:00:00+00:00,0.02236983
2018-07-13 00:00:00+00:00,0.00440036
2018-07-16 00:00:00+00:00,-0.00926690
2018-07-17 00:00:00+00:00,-0.00728746
2018-07-18 00:00:00+00:00,0.00202555
2018-07-19 00:00:00+00:00,0.00479058
2018-07-20 00:00:00+00:00,-0.01865642
2018-07-23 00:00:00+00:00,-0.00216061
2018-07-24 00:00:00+00:00,0.00135121
2018-07-25 00:00:00+00:00,-0.01024172
2018-07-26 00:00:00+00:00,0.00810657
2018-07-27 00:00:00+00:00,0.00698444
2018-07-30 00:00:00+00:00,-0.00529823
2018-07-31 00:00:00+00:00,0.00345723
2018-08-01 00:00:00+00:00,-0.00740919
2018-08-02 00:00:00+00:00,-0.00040848
2018-08-03 00:00:00+00:00,0.00947142
2018-08-06 00:00:00+00:00,0.00169170
2018-08-07 00:00:00+00:00,0.00378099
2018-08-08 00:00:00+00:00,0.00237598
2018-08-09 00:00:00+00:00,0.00306369
2018-08-10 00:00:00+00:00,-0.00074813
2018-08-13 00:00:00+00:00,0.00236456
2018-08-14 00:00:00+00:00,-0.00385355
2018-08-15 00:00:00+00:00,-0.00594594
2018-08-16 00:00:00+00:00,0.00865347
2018-08-17 00:00:00+00:00,-0.00143844
2018-08-20 00:00:00+00:00,0.00859086
2018-08-21 00:00:00+00:00,-0.00245830
2018-08-22 00:00:00+00:00,0.00509852
2018-08-23 00:00:00+00:00,-0.00176774
2018-08-24 00:00:00+00:00,-0.00211367
2018-08-28 00:00:00+00:00,0.00371706
2018-08-29 00:00:00+00:00,0.00301895
2018-08-30 00:00:00+00:00,-0.00346795
2018-08-31 00:00:00+00:00,-0.00450593
2018-09-03 00:00:00+00:00,0.00131613
2018-09-04 00:00:00+00:00,-0.01275613
2018-09-05 00:00:00+00:00,-0.01882886
2018-09-06 00:00:00+00:00,-0.00324726
2018-09-07 00:00:00+00:00,0.00420503
2018-09-10 00:00:00+00:00,0.00914106
2018-09-12 00:00:00+00:00,-0.00251417
2018-09-17 00:00:00+00:00,-0.02079808
2018-09-18 00:00:00+00:00,-0.00113720
2018-09-19 00:00:00+00:00,-0.00616868
2018-09-20 00:00:00+00:00,0.00210895
2018-09-21 00:00:00+00:00,-0.00042111
2018-09-24 00:00:00+00:00,0.01257046
2018-09-25 00:00:00+00:00,0.00564054
2018-09-26 00:00:00+00:00,0.00667137
2018-09-27 00:00:00+00:00,0.00627491
2018-09-28 00:00:00+00:00,0.00063846
2018-10-01 00:00:00+00:00,0.00588070
2018-10-02 00:00:00+00:00,-0.01013819
2018-10-03 00:00:00+00:00,0.01222326
2018-10-04 00:00:00+00:00,-0.01427809
2018-10-05 00:00:00+00:00,0.00204886
2018-10-08 00:00:00+00:00,-0.01164460
2018-10-09 00:00:00+00:00,-0.00006214
2018-10-10 00:00:00+00:00,-0.01426771
2018-10-11 00:00:00+00:00,-0.00870848
2018-10-12 00:00:00+00:00,0.00393401
2018-10-15 00:00:00+00:00,-0.00187304
2018-10-16 00:00:00+00:00,0.02060298
2018-10-17 00:00:00+00:00,-0.00930040
2018-10-18 00:00:00+00:00,0.00710686
2018-10-19 00:00:00+00:00,-0.00148813
2018-10-22 00:00:00+00:00,-0.00291627
2018-10-23 00:00:00+00:00,-0.00614294
2018-10-24 00:00:00+00:00,0.00712924
2018-10-25 00:00:00+00:00,-0.01827915
2018-10-26 00:00:00+00:00,-0.02407337
2018-10-29 00:00:00+00:00,0.00813550
2018-10-30 00:00:00+00:00,0.00326223
2018-10-31 00:00:00+00:00,0.00656747
2018-11-01 00:00:00+00:00,-0.00043062
2018-11-02 00:00:00+00:00,0.01165268
2018-11-05 00:00:00+00:00,-0.00223605
2018-11-06 00:00:00+00:00,-0.00405557
2018-11-07 00:00:00+00:00,0.00539691
2018-11-08 00:00:00+00:00,-0.00513613
2018-11-09 00:00:00+00:00,0.00284685
2018-11-12 00:00:00+00:00,0.00174947
2018-11-13 00:00:00+00:00,0.00500719
2018-11-14 00:00:00+00:00,0.00462037
2018-11-15 00:00:00+00:00,-0.01728854
2018-11-16 00:00:00+00:00,0.01052239
2018-11-19 00:00:00+00:00,-0.00656831
2018-11-20 00:00:00+00:00,-0.01824826
2018-11-21 00:00:00+00:00,0.01622944
2018-11-22 00:00:00+00:00,-0.00225345
2018-11-23 00:00:00+00:00,0.00504644
2018-11-26 00:00:00+00:00,0.01301476
2018-11-27 00:00:00+00:00,0.00100923
2018-11-28 00:00:00+00:00,0.00387493
2018-11-29 00:00:00+00:00,-0.00185016
2018-11-30 00:00:00+00:00,-0.00757368
2018-12-03 00:00:00+00:00,0.01182255
2018-12-04 00:00:00+00:00,-0.01822323
2018-12-05 00:00:00+00:00,-0.01420799
2018-12-06 00:00:00+00:00,-0.02691505
2018-12-07 00:00:00+00:00,0.00711409
2018-12-10 00:00:00+00:00,-0.02670793
2018-12-11 00:00:00+00:00,-0.05866421
2018-12-14 00:00:00+00:00,0.01237276
2018-12-17 00:00:00+00:00,-0.00679044
2018-12-18 00:00:00+00:00,-0.00608352
2018-12-19 00:00:00+00:00,-0.00082322
2018-12-20 00:00:00+00:00,-0.01180442
2018-12-21 00:00:00+00:00,-0.00619655
2018-12-27 00:00:00+00:00,-0.01317411
2018-12-28 00:00:00+00:00,0.01868381
2019-01-02 00:00:00+00:00,0.00300035
2019-01-03 00:00:00+00:00,-0.00503642
2019-01-04 00:00:00+00:00,0.01491566
2019-01-07 00:00:00+00:00,0.01015261
2019-01-08 00:00:00+00:00,0.01491861
2019-01-09 00:00:00+00:00,0.00362354
2019-01-10 00:00:00+00:00,-0.00448097
2019-01-11 00:00:00+00:00,0.00879857
2019-01-14 00:00:00+00:00,-0.00775663
2019-01-15 00:00:00+00:00,-0.00412712
2019-01-16 00:00:00+00:00,0.00549039
2019-01-17 00:00:00+00:00,0.00140689
2019-01-18 00:00:00+00:00,0.01391409
2019-01-21 00:00:00+00:00,-0.00115531
2019-01-22 00:00:00+00:00,0.00501867
2019-01-23 00:00:00+00:00,-0.00151255
2019-01-24 00:00:00+00:00,-0.00115158
2019-01-25 00:00:00+00:00,0.00464395
2019-01-28 00:00:00+00:00,-0.00547564
2019-01-29 00:00:00+00:00,0.01226047
2019-01-30 00:00:00+00:00,0.00136553
2019-01-31 00:00:00+00:00,-0.00292781
2019-02-01 00:00:00+00:00,0.00674837
2019-02-04 00:00:00+00:00,0.00207110
2019-02-05 00:00:00+00:00,0.01095312
2019-02-06 00:00:00+00:00,-0.00920919
2019-02-07 00:00:00+00:00,-0.02135870
2019-02-08 00:00:00+00:00,-0.00079244
2019-02-11 00:00:00+00:00,0.00646365
2019-02-12 00:00:00+00:00,0.00173481
2019-02-13 00:00:00+00:00,0.00497028
2019-02-14 00:00:00+00:00,-0.00149965
2019-02-15 00:00:00+00:00,0.00746216
2019-02-18 00:00:00+00:00,0.00135607
2019-02-19 00:00:00+00:00,-0.00504260
2019-02-20 00:00:00+00:00,0.00886063
2019-02-21 00:00:00+00:00,0.01267536
2019-02-22 00:00:00+00:00,0.00447581
2019-02-25 00:00:00+00:00,-0.00493931
2019-02-26 00:00:00+00:00,0.00028137
2019-02-27 00:00:00+00:00,-0.00810723
2019-02-28 00:00:00+00:00,0.01578846
2019-03-01 00:00:00+00:00,-0.01290149
2019-03-04 00:00:00+00:00,0.00836533
2019-03-05 00:00:00+00:00,-0.00285593
2019-03-06 00:00:00+00:00,0.06422223
2019-03-07 00:00:00+00:00,-0.01541368
2019-03-08 00:00:00+00:00,-0.01866659
2019-03-11 00:00:00+00:00,-0.02204026
2019-03-12 00:00:00+00:00,0.00278922
2019-03-13 00:00:00+00:00,0.00643478
2019-03-14 00:00:00+00:00,0.01249470
2019-03-15 00:00:00+00:00,-0.00042260
2019-03-18 00:00:00+00:00,-0.00077716
2019-03-19 00:00:00+00:00,0.00489945
2019-03-20 00:00:00+00:00,-0.01595853
2019-03-21 00:00:00+00:00,-0.00832130
2019-03-22 00:00:00+00:00,-0.00477172
2019-03-25 00:00:00+00:00,-0.01206381
2019-03-26 00:00:00+00:00,0.00912933
2019-03-27 00:00:00+00:00,0.00066130
2019-03-28 00:00:00+00:00,-0.00261779
2019-03-29 00:00:00+00:00,0.00358563
2019-04-01 00:00:00+00:00,0.00066136
2019-04-02 00:00:00+00:00,0.01193239
2019-04-03 00:00:00+00:00,0.01358664
2019-04-04 00:00:00+00:00,-0.00042210
2019-04-05 00:00:00+00:00,0.00596076
2019-04-08 00:00:00+00:00,-0.01346190
2019-04-09 00:00:00+00:00,0.00171888
2019-04-10 00:00:00+00:00,0.00635198
2019-04-11 00:00:00+00:00,0.00312176
2019-04-12 00:00:00+00:00,-0.00395336
2019-04-15 00:00:00+00:00,0.00241496
2019-04-16 00:00:00+00:00,0.01514264
2019-04-17 00:00:00+00:00,0.00620403
2019-04-18 00:00:00+00:00,0.01239790
2019-04-23 00:00:00+00:00,0.00369391
2019-04-24 00:00:00+00:00,0.00163597
2019-04-25 00:00:00+00:00,-0.00755047
2019-04-26 00:00:00+00:00,0.01535422
2019-04-29 00:00:00+00:00,0.00465764
2019-04-30 00:00:00+00:00,-0.00611391
2019-05-02 00:00:00+00:00,-0.00175745
2019-05-03 00:00:00+00:00,0.00636443
2019-05-06 00:00:00+00:00,-0.01923994
2019-05-07 00:00:00+00:00,0.00301886
2019-05-08 00:00:00+00:00,0.00745376
2019-05-09 00:00:00+00:00,-0.01567671
2019-05-10 00:00:00+00:00,0.00372432
2019-05-13 00:00:00+00:00,-0.01414670
2019-05-14 00:00:00+00:00,0.00829235
2019-05-15 00:00:00+00:00,0.00304189
2019-05-16 00:00:00+00:00,0.01060824
2019-05-17 00:00:00+00:00,-0.00619935
2019-05-20 00:00:00+00:00,-0.00315153
2019-05-21 00:00:00+00:00,-0.00212975
2019-05-22 00:00:00+00:00,0.00820410
2019-05-23 00:00:00+00:00,-0.02091327
2019-05-24 00:00:00+00:00,0.00517021
2019-05-27 00:00:00+00:00,-0.00180150
2019-05-28 00:00:00+00:00,0.00793456
2019-05-29 00:00:00+00:00,-0.01386818
2019-05-30 00:00:00+00:00,0.01602928
2019-05-31 00:00:00+00:00,-0.00454197
2019-06-03 00:00:00+00:00,-0.00144863
2019-06-04 00:00:00+00:00,-0.00041185
2019-06-05 00:00:00+00:00,0.00755795
2019-06-06 00:00:00+00:00,0.00165514
2019-06-07 00:00:00+00:00,0.00920563
2019-06-10 00:00:00+00:00,0.00163737
2019-06-11 00:00:00+00:00,0.00333247
2019-06-12 00:00:00+00:00,0.00975218
2019-06-13 00:00:00+00:00,-0.00475274
2019-06-14 00:00:00+00:00,-0.00511112
2019-06-17 00:00:00+00:00,0.06863615
2019-06-18 00:00:00+00:00,0.00157954
2019-06-19 00:00:00+00:00,-0.00375561
2019-06-20 00:00:00+00:00,0.00128928
2019-06-21 00:00:00+00:00,-0.01689363
2019-06-24 00:00:00+00:00,0.00610572
2019-06-25 00:00:00+00:00,-0.00074015
2019-06-26 00:00:00+00:00,-0.00584989
2019-06-27 00:00:00+00:00,-0.00965188
2019-06-28 00:00:00+00:00,0.00893509
2019-07-01 00:00:00+00:00,0.01365369
2019-07-02 00:00:00+00:00,-0.00479578
2019-07-03 00:00:00+00:00,0.01115171
2019-07-05 00:00:00+00:00,-0.00678204
2019-07-08 00:00:00+00:00,-0.00040054
2019-07-09 00:00:00+00:00,-0.00073943
2019-07-10 00:00:00+00:00,-0.00276994
2019-07-11 00:00:00+00:00,-0.00243683
2019-07-12 00:00:00+00:00,0.00164209
2019-07-15 00:00:00+00:00,0.00503731
2019-07-16 00:00:00+00:00,-0.00445483
2019-07-17 00:00:00+00:00,-0.00311514
2019-07-18 00:00:00+00:00,-0.00516646
2019-07-19 00:00:00+00:00,-0.00519262
2019-07-22 00:00:00+00:00,-0.00074606
2019-07-23 00:00:00+00:00,0.00097495
2019-07-24 00:00:00+00:00,0.00888573
2019-07-25 00:00:00+00:00,-0.01062799
2019-07-26 00:00:00+00:00,0.02406246
2019-07-29 00:00:00+00:00,-0.00039495
2019-07-30 00:00:00+00:00,-0.01352168
2019-07-31 00:00:00+00:00,-0.00039910
2019-08-01 00:00:00+00:00,0.00028338
2019-08-02 00:00:00+00:00,-0.02735177
2019-08-05 00:00:00+00:00,-0.01899670
2019-08-06 00:00:00+00:00,0.00030061
2019-08-07 00:00:00+00:00,0.00959361
2019-08-08 00:00:00+00:00,0.00702345
2019-08-09 00:00:00+00:00,0.00029588
2019-08-12 00:00:00+00:00,0.00099900
2019-08-13 00:00:00+00:00,0.00415623
2019-08-14 00:00:00+00:00,-0.01753082
2019-08-15 00:00:00+00:00,0.00635058
2019-08-16 00:00:00+00:00,0.01408730
2019-08-19 00:00:00+00:00,0.00691810
2019-08-20 00:00:00+00:00,-0.00697700
2019-08-21 00:00:00+00:00,0.01353875
2019-08-22 00:00:00+00:00,-0.00280637
2019-08-23 00:00:00+00:00,0.00649717
2019-08-26 00:00:00+00:00,-0.00553652
2019-08-27 00:00:00+00:00,0.00442271
2019-08-28 00:00:00+00:00,0.00063054
2019-08-29 00:00:00+00:00,0.00885488
2019-08-30 00:00:00+00:00,0.00062415
2019-09-02 00:00:00+00:00,0.00232091
2019-09-03 00:00:00+00:00,-0.00581141
2019-09-04 00:00:00+00:00,0.00573555
2019-09-05 00:00:00+00:00,-0.00107069
2019-09-06 00:00:00+00:00,0.00503019
2019-09-09 00:00:00+00:00,-0.00275270
2019-09-10 00:00:00+00:00,-0.02203624
2019-09-13 00:00:00+00:00,0.00775972
2019-09-16 00:00:00+00:00,-0.00412195
2019-09-17 00:00:00+00:00,0.00436772
2019-09-18 00:00:00+00:00,0.00096234
2019-09-19 00:00:00+00:00,0.00671436
2019-09-20 00:00:00+00:00,-0.00475894
2019-09-23 00:00:00+00:00,-0.00410560
2019-09-24 00:00:00+00:00,0.00367644
2019-09-25 00:00:00+00:00,-0.00883642
2019-09-26 00:00:00+00:00,0.00847001
2019-09-27 00:00:00+00:00,0.00400551
2019-09-30 00:00:00+00:00,0.00432494
2019-10-01 00:00:00+00:00,-0.00842874
2019-10-02 00:00:00+00:00,-0.02843819
2019-10-03 00:00:00+00:00,-0.00283033
2019-10-04 00:00:00+00:00,0.00692843
2019-10-07 00:00:00+00:00,-0.00004786
2019-10-08 00:00:00+00:00,-0.00697483
2019-10-09 00:00:00+00:00,-0.00109375
2019-10-10 00:00:00+00:00,0.00169895
2019-10-11 00:00:00+00:00,0.00936422
2019-10-14 00:00:00+00:00,-0.00384506
2019-10-15 00:00:00+00:00,0.00827247
2019-10-16 00:00:00+00:00,-0.00348397
2019-10-17 00:00:00+00:00,-0.00280593
2019-10-18 00:00:00+00:00,-0.00731034
2019-10-21 00:00:00+00:00,0.00343796
2019-10-22 00:00:00+00:00,0.00481503
2019-10-23 00:00:00+00:00,0.00202717
2019-10-24 00:00:00+00:00,0.01271212
2019-10-25 00:00:00+00:00,0.00301785
2019-10-28 00:00:00+00:00,0.00708253
2019-10-29 00:00:00+00:00,-0.00071975
2019-10-30 00:00:00+00:00,0.00467609
2019-10-31 00:00:00+00:00,-0.00373546
2019-11-01 00:00:00+00:00,-0.00610727
2019-11-04 00:00:00+00:00,0.00165192
2019-11-05 00:00:00+00:00,0.00300238
2019-11-06 00:00:00+00:00,0.00029416
2019-11-07 00:00:00+00:00,0.00400391
2019-11-08 00:00:00+00:00,-0.00407407
2019-11-11 00:00:00+00:00,0.00501586
2019-11-12 00:00:00+00:00,0.00633212
2019-11-13 00:00:00+00:00,-0.01338145
2019-11-14 00:00:00+00:00,-0.00139553
2019-11-15 00:00:00+00:00,-0.00004358
2019-11-18 00:00:00+00:00,-0.00038213
2019-11-19 00:00:00+00:00,-0.00579844
2019-11-20 00:00:00+00:00,-0.00583189
2019-11-21 00:00:00+00:00,-0.00483833
2019-11-22 00:00:00+00:00,0.00959110
2019-11-25 00:00:00+00:00,0.01256663
2019-11-26 00:00:00+00:00,-0.00139093
2019-11-27 00:00:00+00:00,0.00366278
2019-11-28 00:00:00+00:00,-0.00038046
2019-11-29 00:00:00+00:00,0.00062773
2019-12-02 00:00:00+00:00,-0.01951348
2019-12-03 00:00:00+00:00,-0.00860257
2019-12-04 00:00:00+00:00,0.00479095
2019-12-05 00:00:00+00:00,0.00304984
2019-12-06 00:00:00+00:00,0.01366102
2019-12-09 00:00:00+00:00,-0.00173298
2019-12-10 00:00:00+00:00,-0.00376729
2019-12-11 00:00:00+00:00,-0.00174261
2019-12-12 00:00:00+00:00,0.00029670
2019-12-13 00:00:00+00:00,0.02105217
2019-12-16 00:00:00+00:00,0.05577303
2019-12-18 00:00:00+00:00,-0.00987543
2019-12-19 00:00:00+00:00,-0.00004372
2019-12-20 00:00:00+00:00,0.00555930
2019-12-23 00:00:00+00:00,0.00257837
2019-12-27 00:00:00+00:00,0.00910987
2019-12-30 00:00:00+00:00,-0.00749340
2020-01-02 00:00:00+00:00,0.00648483
2020-01-03 00:00:00+00:00,-0.00523029
2020-01-06 00:00:00+00:00,-0.00884324
2020-01-07 00:00:00+00:00,0.00653370
2020-01-08 00:00:00+00:00,-0.00330980
2020-01-09 00:00:00+00:00,0.00520138
2020-01-10 00:00:00+00:00,-0.00134693
2020-01-13 00:00:00+00:00,0.00028303
2020-01-14 00:00:00+00:00,0.00322004
2020-01-15 00:00:00+00:00,0.00028173
2020-01-16 00:00:00+00:00,0.00158271
2020-01-17 00:00:00+00:00,0.00287872
2020-01-20 00:00:00+00:00,-0.00619422
2020-01-21 00:00:00+00:00,0.00321411
2020-01-22 00:00:00+00:00,0.00320359
2020-01-23 00:00:00+00:00,-0.00295584
2020-01-24 00:00:00+00:00,0.00937000
2020-01-27 00:00:00+00:00,-0.01869246
2020-01-28 00:00:00+00:00,0.00650941
2020-01-29 00:00:00+00:00,-0.00492620
2020-01-30 00:00:00+00:00,-0.01051136
2020-01-31 00:00:00+00:00,-0.00367953
2020-02-03 00:00:00+00:00,-0.00037565
2020-02-04 00:00:00+00:00,0.01688293
2020-02-05 00:00:00+00:00,0.01007410
2020-02-06 00:00:00+00:00,0.00835692
2020-02-07 00:00:00+00:00,-0.00933534
2020-02-10 00:00:00+00:00,-0.00198399
2020-02-11 00:00:00+00:00,-0.00004386
2020-02-12 00:00:00+00:00,-0.00004381
2020-02-13 00:00:00+00:00,0.00027996
2020-02-14 00:00:00+00:00,0.00449134
2020-02-17 00:00:00+00:00,-0.00165619
2020-02-18 00:00:00+00:00,-0.00165879
2020-02-19 00:00:00+00:00,0.00383838
2020-02-20 00:00:00+00:00,-0.00358882
2020-02-21 00:00:00+00:00,-0.00748186
2020-02-24 00:00:00+00:00,-0.02904267
2020-02-25 00:00:00+00:00,-0.00910293
2020-02-26 00:00:00+00:00,-0.00207400
2020-02-27 00:00:00+00:00,-0.04754633
2020-02-28 00:00:00+00:00,-0.04029220
2020-03-02 00:00:00+00:00,-0.01339550
2020-03-03 00:00:00+00:00,0.00975532
2020-03-04 00:00:00+00:00,0.01525610
2020-03-05 00:00:00+00:00,-0.01653112
2020-03-06 00:00:00+00:00,-0.03098334
2020-03-09 00:00:00+00:00,-0.05852206
2020-03-10 00:00:00+00:00,-0.01601512
2020-03-11 00:00:00+00:00,-0.01836068
2020-03-12 00:00:00+00:00,-0.06383521
2020-03-13 00:00:00+00:00,-0.01609092
2020-03-16 00:00:00+00:00,-0.15432558
2020-03-17 00:00:00+00:00,-0.05427563
2020-03-20 00:00:00+00:00,0.03629563
2020-03-23 00:00:00+00:00,-0.07614297
2020-03-24 00:00:00+00:00,0.08021900
2020-03-25 00:00:00+00:00,0.04425357
2020-03-26 00:00:00+00:00,0.04335216
2020-03-27 00:00:00+00:00,-0.02380994
2020-03-30 00:00:00+00:00,0.03108413
2020-03-31 00:00:00+00:00,0.03478298
2020-04-01 00:00:00+00:00,-0.05244491
2020-04-02 00:00:00+00:00,-0.00284089
2020-04-03 00:00:00+00:00,0.00758719
2020-04-06 00:00:00+00:00,0.04001594
2020-04-07 00:00:00+00:00,0.02263051
2020-04-08 00:00:00+00:00,0.01106134
2020-04-09 00:00:00+00:00,0.02188486
2020-04-14 00:00:00+00:00,0.00556406
2020-04-15 00:00:00+00:00,-0.03494258
2020-04-16 00:00:00+00:00,0.00573543
2020-04-17 00:00:00+00:00,0.02677443
2020-04-20 00:00:00+00:00,0.01624345
2020-04-21 00:00:00+00:00,-0.04207286
2020-04-22 00:00:00+00:00,0.00614555
2020-04-23 00:00:00+00:00,0.00043346
2020-04-24 00:00:00+00:00,-0.01614650
2020-04-27 00:00:00+00:00,0.02128286
2020-04-28 00:00:00+00:00,0.02518160
2020-04-29 00:00:00+00:00,0.03049275
2020-04-30 00:00:00+00:00,-0.03617228
2020-05-04 00:00:00+00:00,-0.02047197
2020-05-05 00:00:00+00:00,0.01741063
2020-05-06 00:00:00+00:00,-0.00941708
2020-05-07 00:00:00+00:00,0.01295602
2020-05-08 00:00:00+00:00,0.01236349
2020-05-11 00:00:00+00:00,-0.00463684
2020-05-12 00:00:00+00:00,-0.00719797
2020-05-13 00:00:00+00:00,-0.03410399
2020-05-14 00:00:00+00:00,-0.01589041
2020-05-15 00:00:00+00:00,0.01569162
2020-05-18 00:00:00+00:00,0.03001869
2020-05-19 00:00:00+00:00,-0.00557581
2020-05-20 00:00:00+00:00,0.01077242
2020-05-21 00:00:00+00:00,-0.00426778
2020-05-22 00:00:00+00:00,0.00770539
2020-05-25 00:00:00+00:00,0.01359627
2020-05-26 00:00:00+00:00,0.00712430
2020-05-27 00:00:00+00:00,0.00415925
2020-05-28 00:00:00+00:00,0.02155470
2020-05-29 00:00:00+00:00,-0.02110784
2020-06-01 00:00:00+00:00,0.02694473
2020-06-02 00:00:00+00:00,0.01089606
2020-06-03 00:00:00+00:00,0.01956438
2020-06-04 00:00:00+00:00,-0.00470457
2020-06-05 00:00:00+00:00,0.01219556
2020-06-08 00:00:00+00:00,-0.00078219
2020-06-09 00:00:00+00:00,-0.01595809
2020-06-10 00:00:00+00:00,-0.00040019
2020-06-11 00:00:00+00:00,-0.04628623
2020-06-12 00:00:00+00:00,0.00953503
2020-06-15 00:00:00+00:00,0.15545867
2020-06-16 00:00:00+00:00,0.02647722
2020-06-18 00:00:00+00:00,-0.00363779
2020-06-19 00:00:00+00:00,0.00972017
2020-06-22 00:00:00+00:00,-0.00522092
2020-06-23 00:00:00+00:00,0.00443305
2020-06-24 00:00:00+00:00,-0.02651025
2020-06-25 00:00:00+00:00,-0.00454190
2020-06-26 00:00:00+00:00,0.00289693
2020-06-29 00:00:00+00:00,0.00578132
2020-06-30 00:00:00+00:00,0.00328269
2020-07-01 00:00:00+00:00,-0.00532745
2020-07-02 00:00:00+00:00,0.00946497
2020-07-03 00:00:00+00:00,-0.00775272
2020-07-06 00:00:00+00:00,0.01150440
2020-07-07 00:00:00+00:00,-0.00609917
2020-07-08 00:00:00+00:00,-0.01308667
2020-07-09 00:00:00+00:00,-0.00953148
2020-07-10 00:00:00+00:00,-0.00084014
2020-07-13 00:00:00+00:00,0.00250771
2020-07-14 00:00:00+00:00,-0.01795810
2020-07-15 00:00:00+00:00,0.02380572
2020-07-16 00:00:00+00:00,-0.00083373
2020-07-17 00:00:00+00:00,-0.00706892
2020-07-20 00:00:00+00:00,0.00334543
2020-07-21 00:00:00+00:00,0.00708875
2020-07-22 00:00:00+00:00,-0.01491640
2020-07-23 00:00:00+00:00,-0.01093681
2020-07-24 00:00:00+00:00,-0.01445881
2020-07-27 00:00:00+00:00,-0.01165086
2020-07-28 00:00:00+00:00,0.00610784
2020-07-29 00:00:00+00:00,0.00260023
2020-07-30 00:00:00+00:00,-0.02034018
2020-07-31 00:00:00+00:00,-0.00309448
2020-08-03 00:00:00+00:00,0.03411361
2020-08-04 00:00:00+00:00,-0.00557259
2020-08-05 00:00:00+00:00,0.01119926
2020-08-06 00:00:00+00:00,0.00468408
2020-08-07 00:00:00+00:00,0.00932719
2020-08-10 00:00:00+00:00,0.01008128
2020-08-11 00:00:00+00:00,0.02162750
2020-08-12 00:00:00+00:00,0.00854754
2020-08-13 00:00:00+00:00,-0.00525103
2020-08-14 00:00:00+00:00,-0.01785989
2020-08-17 00:00:00+00:00,-0.00082906
2020-08-18 00:00:00+00:00,-0.00992850
2020-08-19 00:00:00+00:00,0.01127539
2020-08-20 00:00:00+00:00,-0.00661151
2020-08-21 00:00:00+00:00,-0.00041847
2020-08-24 00:00:00+00:00,0.01830022
2020-08-25 00:00:00+00:00,-0.00776424
2020-08-26 00:00:00+00:00,0.00452586
2020-08-27 00:00:00+00:00,0.00860375
2020-08-28 00:00:00+00:00,-0.00569163
2020-08-31 00:00:00+00:00,-0.00817622
2020-09-01 00:00:00+00:00,-0.01030373
2020-09-02 00:00:00+00:00,0.01748248
2020-09-03 00:00:00+00:00,-0.00573126
2020-09-04 00:00:00+00:00,-0.00782204
2020-09-07 00:00:00+00:00,0.01534322
2020-09-08 00:00:00+00:00,-0.00327128
2020-09-09 00:00:00+00:00,0.01024279
2020-09-10 00:00:00+00:00,-0.00649404
2020-09-11 00:00:00+00:00,-0.00081977
2020-09-14 00:00:00+00:00,0.00040564
2020-09-15 00:00:00+00:00,0.02900016
2020-09-16 00:00:00+00:00,0.00768261
2020-09-17 00:00:00+00:00,-0.00726653
2020-09-18 00:00:00+00:00,-0.01219765
2020-09-21 00:00:00+00:00,-0.04403531
2020-09-22 00:00:00+00:00,0.00516298
2020-09-23 00:00:00+00:00,0.02141053
2020-09-24 00:00:00+00:00,-0.02180569
2020-09-25 00:00:00+00:00,0.01842840
2020-09-28 00:00:00+00:00,0.02609167
2020-09-29 00:00:00+00:00,-0.01107732
2020-09-30 00:00:00+00:00,0.00663358
2020-10-01 00:00:00+00:00,-0.00453487
2020-10-02 00:00:00+00:00,0.01448423
2020-10-05 00:00:00+00:00,0.01182924
2020-10-06 00:00:00+00:00,0.00161015
2020-10-07 00:00:00+00:00,-0.01046974
2020-10-08 00:00:00+00:00,-0.00325735
2020-10-09 00:00:00+00:00,0.02244617
2020-10-12 00:00:00+00:00,0.00518682
2020-10-13 00:00:00+00:00,-0.00238559
2020-10-14 00:00:00+00:00,-0.00239148
2020-10-15 00:00:00+00:00,-0.01756075
2020-10-16 00:00:00+00:00,0.01665046
2020-10-19 00:00:00+00:00,-0.00519643
2020-10-20 00:00:00+00:00,0.00280844
2020-10-21 00:00:00+00:00,-0.00801228
2020-10-22 00:00:00+00:00,0.00161233
2020-10-23 00:00:00+00:00,0.00120658
2020-10-26 00:00:00+00:00,-0.00805400
2020-10-27 00:00:00+00:00,-0.01217799
2020-10-28 00:00:00+00:00,-0.03204868
2020-10-29 00:00:00+00:00,-0.00467154
2020-10-30 00:00:00+00:00,0.00809973
2020-11-02 00:00:00+00:00,0.01311084
2020-11-03 00:00:00+00:00,0.03173011
2020-11-04 00:00:00+00:00,0.00606781
2020-11-05 00:00:00+00:00,0.03137318
2020-11-06 00:00:00+00:00,-0.00858295
2020-11-09 00:00:00+00:00,0.08496980
2020-11-10 00:00:00+00:00,0.00289799
2020-11-11 00:00:00+00:00,-0.00253340
2020-11-12 00:00:00+00:00,-0.00688908
2020-11-13 00:00:00+00:00,-0.00474705
2020-11-16 00:00:00+00:00,0.00806514
2020-11-17 00:00:00+00:00,-0.00836907
2020-11-18 00:00:00+00:00,0.00953540
2020-11-19 00:00:00+00:00,0.00072491
2020-11-20 00:00:00+00:00,-0.00072811
2020-11-23 00:00:00+00:00,-0.00181897
2020-11-24 00:00:00+00:00,0.00036164
2020-11-25 00:00:00+00:00,-0.00182189
2020-11-26 00:00:00+00:00,-0.00328347
2020-11-27 00:00:00+00:00,-0.00000225
2020-11-30 00:00:00+00:00,-0.01134095
2020-12-01 00:00:00+00:00,0.01775566
2020-12-02 00:00:00+00:00,-0.01018037
2020-12-03 00:00:00+00:00,0.01028053
2020-12-04 00:00:00+00:00,0.00290578
2020-12-07 00:00:00+00:00,-0.00543886
2020-12-08 00:00:00+00:00,0.00728644
2020-12-09 00:00:00+00:00,0.01085172
2020-12-10 00:00:00+00:00,-0.01002367
2020-12-11 00:00:00+00:00,-0.00470190
2020-12-14 00:00:00+00:00,0.12204670
2020-12-15 00:00:00+00:00,-0.00004311
2020-12-16 00:00:00+00:00,0.00324920
2020-12-17 00:00:00+00:00,0.01548195
2020-12-18 00:00:00+00:00,-0.00354849
2020-12-21 00:00:00+00:00,-0.02171066
2020-12-22 00:00:00+00:00,0.00945551
2020-12-23 00:00:00+00:00,0.01116878
2020-12-28 00:00:00+00:00,0.00819411
2020-12-29 00:00:00+00:00,0.01342964
2020-12-30 00:00:00+00:00,-0.00907096
2021-01-04 00:00:00+00:00,0.00034979
2021-01-05 00:00:00+00:00,-0.01055828
2021-01-06 00:00:00+00:00,0.03129198
2021-01-07 00:00:00+00:00,-0.00655411
2021-01-08 00:00:00+00:00,0.00589834
2021-01-11 00:00:00+00:00,-0.00862903
2021-01-12 00:00:00+00:00,-0.00209080
2021-01-13 00:00:00+00:00,-0.00558314
2021-01-14 00:00:00+00:00,0.00911736
2021-01-15 00:00:00+00:00,-0.00347809
2021-01-18 00:00:00+00:00,0.00313692
2021-01-19 00:00:00+00:00,-0.00869510
2021-01-20 00:00:00+00:00,0.01543093
2021-01-21 00:00:00+00:00,-0.00311106
2021-01-22 00:00:00+00:00,0.00034431
2021-01-25 00:00:00+00:00,-0.01558923
2021-01-26 00:00:00+00:00,0.01512800
2021-01-27 00:00:00+00:00,0.00069127
2021-01-28 00:00:00+00:00,0.00034463
2021-01-29 00:00:00+00:00,-0.01662211
2021-02-01 00:00:00+00:00,0.01337873
2021-02-02 00:00:00+00:00,0.01320206
2021-02-03 00:00:00+00:00,-0.00171596
2021-02-04 00:00:00+00:00,0.00618239
2021-02-05 00:00:00+00:00,-0.00443929
2021-02-08 00:00:00+00:00,-0.00137258
2021-02-09 00:00:00+00:00,-0.00789949
2021-02-10 00:00:00+00:00,-0.00207798
2021-02-11 00:00:00+00:00,0.01387330
2021-02-12 00:00:00+00:00,0.01334132
2021-02-15 00:00:00+00:00,0.04321291
2021-02-16 00:00:00+00:00,-0.00647363
2021-02-17 00:00:00+00:00,-0.01172752
2021-02-18 00:00:00+00:00,-0.00988899
2021-02-19 00:00:00+00:00,-0.00233114
2021-02-22 00:00:00+00:00,-0.00100183
2021-02-23 00:00:00+00:00,0.00066709
2021-02-24 00:00:00+00:00,-0.00467381
2021-02-25 00:00:00+00:00,-0.00402534
2021-02-26 00:00:00+00:00,-0.01582605
2021-03-01 00:00:00+00:00,0.01299937
2021-03-02 00:00:00+00:00,0.01114374
2021-03-03 00:00:00+00:00,0.00901690
2021-03-04 00:00:00+00:00,-0.01026256
2021-03-05 00:00:00+00:00,-0.01304453
2021-03-08 00:00:00+00:00,0.02473624
2021-03-09 00:00:00+00:00,0.01322637
2021-03-10 00:00:00+00:00,0.00587353
2021-03-11 00:00:00+00:00,-0.00616588
2021-03-12 00:00:00+00:00,-0.00620390
2021-03-15 00:00:00+00:00,0.06405975
2021-03-16 00:00:00+00:00,0.01098054
2021-03-17 00:00:00+00:00,0.00528526
2021-03-18 00:00:00+00:00,0.01183001
2021-03-19 00:00:00+00:00,-0.00584633
2021-03-22 00:00:00+00:00,-0.00490064
2021-03-23 00:00:00+00:00,0.00295428
2021-03-24 00:00:00+00:00,-0.00032789
2021-03-25 00:00:00+00:00,0.00687567
2021-03-26 00:00:00+00:00,0.00097505
2021-03-29 00:00:00+00:00,0.00454799
2021-03-30 00:00:00+00:00,0.00485059
2021-03-31 00:00:00+00:00,-0.00386289
2021-04-01 00:00:00+00:00,0.00710774
2021-04-06 00:00:00+00:00,0.00384930
2021-04-07 00:00:00+00:00,0.00319549
2021-04-08 00:00:00+00:00,0.00668961
2021-04-09 00:00:00+00:00,-0.00379783
2021-04-12 00:00:00+00:00,-0.00127115
2021-04-13 00:00:00+00:00,0.00699690
2021-04-14 00:00:00+00:00,0.00284215
2021-04-15 00:00:00+00:00,0.00377911
2021-04-16 00:00:00+00:00,0.00909897
2021-04-19 00:00:00+00:00,-0.00062245
2021-04-20 00:00:00+00:00,-0.01742447
2021-04-21 00:00:00+00:00,0.00031602
2021-04-22 00:00:00+00:00,0.00759679
2021-04-23 00:00:00+00:00,0.00062778
2021-04-26 00:00:00+00:00,0.00408122
2021-04-27 00:00:00+00:00,-0.00969398
2021-04-28 00:00:00+00:00,0.00947219
2021-04-29 00:00:00+00:00,-0.00531785
2021-04-30 00:00:00+00:00,0.00062857
2021-05-03 00:00:00+00:00,0.00408506
2021-05-04 00:00:00+00:00,-0.01283297
2021-05-05 00:00:00+00:00,0.02568117
2021-05-06 00:00:00+00:00,-0.00741927
2021-05-07 00:00:00+00:00,0.01089961
2021-05-10 00:00:00+00:00,-0.00000028
2021-05-11 00:00:00+00:00,-0.02865106
2021-05-12 00:00:00+00:00,0.00221969
2021-05-13 00:00:00+00:00,-0.00063327
2021-05-14 00:00:00+00:00,0.01488256
2021-05-17 00:00:00+00:00,-0.00218437
2021-05-18 00:00:00+00:00,0.00500271
2021-05-19 00:00:00+00:00,-0.01337938
2021-05-20 00:00:00+00:00,0.01608303
2021-05-21 00:00:00+00:00,-0.00062087
2021-05-24 00:00:00+00:00,-0.00000028
2021-05-25 00:00:00+00:00,0.00155238
2021-05-26 00:00:00+00:00,-0.00124059
2021-05-27 00:00:00+00:00,-0.00558860
2021-05-28 00:00:00+00:00,0.00468275
2021-06-01 00:00:00+00:00,0.00621462
2021-06-02 00:00:00+00:00,-0.00278005
2021-06-03 00:00:00+00:00,0.00092852
2021-06-04 00:00:00+00:00,-0.00030996
2021-06-07 00:00:00+00:00,0.00618934
2021-06-08 00:00:00+00:00,0.00461327
2021-06-09 00:00:00+00:00,0.00122405
2021-06-10 00:00:00+00:00,-0.00458785
2021-06-11 00:00:00+00:00,0.00829415
2021-06-14 00:00:00+00:00,0.07739114
2021-06-15 00:00:00+00:00,-0.00399667
2021-06-16 00:00:00+00:00,0.00610740
2021-06-17 00:00:00+00:00,0.00121327
2021-06-18 00:00:00+00:00,-0.02001327
2021-06-21 00:00:00+00:00,0.01361272
2021-06-22 00:00:00+00:00,0.00366181
2021-06-23 00:00:00+00:00,-0.00699641
2021-06-24 00:00:00+00:00,0.00214248
2021-06-25 00:00:00+00:00,-0.00183521
2021-06-28 00:00:00+00:00,-0.00398182
2021-06-29 00:00:00+00:00,-0.00276809
2021-06-30 00:00:00+00:00,0.00061525
2021-07-01 00:00:00+00:00,0.01386188
2021-07-02 00:00:00+00:00,0.01032979
2021-07-05 00:00:00+00:00,-0.00150518
2021-07-06 00:00:00+00:00,0.00301071
2021-07-07 00:00:00+00:00,0.00240093
2021-07-08 00:00:00+00:00,-0.02426750
2021-07-09 00:00:00+00:00,0.01749930
2021-07-12 00:00:00+00:00,0.00663703
2021-07-13 00:00:00+00:00,0.01108971
2021-07-14 00:00:00+00:00,-0.00266966
2021-07-15 00:00:00+00:00,-0.00891929
2021-07-16 00:00:00+00:00,-0.00270074
2021-07-19 00:00:00+00:00,-0.02345992
2021-07-20 00:00:00+00:00,0.01046979
2021-07-21 00:00:00+00:00,0.01920005
2021-07-22 00:00:00+00:00,0.01674508
2021-07-23 00:00:00+00:00,0.00499858
2021-07-26 00:00:00+00:00,-0.00819560
2021-07-27 00:00:00+00:00,-0.00708315
2021-07-28 00:00:00+00:00,0.00148447
2021-07-29 00:00:00+00:00,0.02106697
2021-07-30 00:00:00+00:00,-0.00348864
2021-08-02 00:00:00+00:00,-0.00145948
2021-08-03 00:00:00+00:00,0.00321120
2021-08-04 00:00:00+00:00,0.00931445
2021-08-05 00:00:00+00:00,0.00778624
2021-08-06 00:00:00+00:00,-0.00171865
2021-08-09 00:00:00+00:00,-0.00143490
2021-08-10 00:00:00+00:00,0.00660195
2021-08-11 00:00:00+00:00,0.00912579
2021-08-12 00:00:00+00:00,0.00367298
2021-08-13 00:00:00+00:00,0.00253303
2021-08-16 00:00:00+00:00,-0.00224894
2021-08-17 00:00:00+00:00,-0.00112818
2021-08-18 00:00:00+00:00,0.00338049
2021-08-19 00:00:00+00:00,-0.01517001
2021-08-20 00:00:00+00:00,0.00370646
2021-08-23 00:00:00+00:00,0.00511367
2021-08-24 00:00:00+00:00,0.00282564
2021-08-25 00:00:00+00:00,0.00197208
2021-08-26 00:00:00+00:00,0.00647011
2021-08-27 00:00:00+00:00,0.00223504
2021-08-30 00:00:00+00:00,0.00697222
2021-08-31 00:00:00+00:00,-0.00886554
2021-09-01 00:00:00+00:00,0.00838329
2021-09-02 00:00:00+00:00,0.00581912
2021-09-03 00:00:00+00:00,-0.00358353
2021-09-06 00:00:00+00:00,0.00884828
2021-09-07 00:00:00+00:00,-0.00493535
2021-09-08 00:00:00+00:00,-0.00468447
2021-09-09 00:00:00+00:00,-0.00387617
2021-09-10 00:00:00+00:00,-0.00166846
2021-09-13 00:00:00+00:00,0.05649741
2021-09-14 00:00:00+00:00,-0.01533959
2021-09-15 00:00:00+00:00,-0.04022584
2021-09-16 00:00:00+00:00,0.05631683
2021-09-17 00:00:00+00:00,-0.01417034
2021-09-20 00:00:00+00:00,-0.00261179
2021-09-21 00:00:00+00:00,0.01395031
2021-09-22 00:00:00+00:00,0.00933317
2021-09-23 00:00:00+00:00,0.00448818
2021-09-24 00:00:00+00:00,-0.01754127
2021-09-27 00:00:00+00:00,-0.01486509
2021-09-28 00:00:00+00:00,-0.03907773
2021-09-29 00:00:00+00:00,0.01547308
2021-09-30 00:00:00+00:00,0.01448438
2021-10-01 00:00:00+00:00,0.02275079
2021-10-04 00:00:00+00:00,-0.02371576
2021-10-05 00:00:00+00:00,0.03285829
2021-10-06 00:00:00+00:00,-0.02502808
2021-10-07 00:00:00+00:00,0.01950337
2021-10-08 00:00:00+00:00,-0.00687418
2021-10-11 00:00:00+00:00,-0.00861140
2021-10-12 00:00:00+00:00,-0.00492047
2021-10-13 00:00:00+00:00,0.00197023
2021-10-14 00:00:00+00:00,0.02926807
2021-10-15 00:00:00+00:00,-0.00740986
2021-10-18 00:00:00+00:00,-0.00714676
2021-10-19 00:00:00+00:00,0.01849180
2021-10-20 00:00:00+00:00,-0.00173795
2021-10-21 00:00:00+00:00,0.00391896
2021-10-22 00:00:00+00:00,-0.00060783
2021-10-25 00:00:00+00:00,-0.00848332
2021-10-26 00:00:00+00:00,0.00456075
2021-10-27 00:00:00+00:00,-0.00340774
2021-10-28 00:00:00+00:00,0.00683410
2021-10-29 00:00:00+00:00,0.00452456
2021-11-01 00:00:00+00:00,0.00534927
2021-11-02 00:00:00+00:00,0.00139914
2021-11-03 00:00:00+00:00,0.00391467
2021-11-04 00:00:00+00:00,0.00975088
2021-11-05 00:00:00+00:00,0.00082654
2021-11-08 00:00:00+00:00,-0.00413679
2021-11-09 00:00:00+00:00,0.00332098
2021-11-10 00:00:00+00:00,0.01517518
2021-11-11 00:00:00+00:00,0.00108584
2021-11-12 00:00:00+00:00,0.00624344
2021-11-15 00:00:00+00:00,-0.00242977
2021-11-16 00:00:00+00:00,-0.00432911
2021-11-17 00:00:00+00:00,0.00298690
2021-11-18 00:00:00+00:00,-0.00352254
2021-11-19 00:00:00+00:00,0.00244490
2021-11-22 00:00:00+00:00,0.00162548
2021-11-23 00:00:00+00:00,-0.01407830
2021-11-24 00:00:00+00:00,0.00082203
2021-11-25 00:00:00+00:00,0.00822876
2021-11-26 00:00:00+00:00,-0.03564773
2021-11-29 00:00:00+00:00,0.01297835
2021-11-30 00:00:00+00:00,-0.00557250
2021-12-01 00:00:00+00:00,0.00616091
2021-12-02 00:00:00+00:00,-0.00974535
2021-12-03 00:00:00+00:00,-0.00759214
2021-12-06 00:00:00+00:00,0.02011184
2021-12-07 00:00:00+00:00,0.02249200
2021-12-08 00:00:00+00:00,-0.00842117
2021-12-09 00:00:00+00:00,0.00246333
2021-12-10 00:00:00+00:00,-0.00410011
2021-12-13 00:00:00+00:00,0.02084892
2021-12-14 00:00:00+00:00,-0.00883624
2021-12-15 00:00:00+00:00,-0.01414059
2021-12-16 00:00:00+00:00,0.00947354
2021-12-17 00:00:00+00:00,-0.00533785
2021-12-20 00:00:00+00:00,-0.01682163
2021-12-21 00:00:00+00:00,0.02866516
2021-12-22 00:00:00+00:00,0.01410405
2021-12-23 00:00:00+00:00,0.02092833
2021-12-27 00:00:00+00:00,0.00977741
2021-12-28 00:00:00+00:00,0.02767470
2021-12-29 00:00:00+00:00,-0.00352674
2021-12-30 00:00:00+00:00,0.00720215
2022-01-03 00:00:00+00:00,-0.00779262
2022-01-04 00:00:00+00:00,0.00290567
2022-01-05 00:00:00+00:00,-0.00057929
2022-01-06 00:00:00+00:00,-0.05977231
2022-01-07 00:00:00+00:00,-0.00363582
2022-01-10 00:00:00+00:00,-0.03630171
2022-01-11 00:00:00+00:00,0.01828082
2022-01-12 00:00:00+00:00,0.02091119
2022-01-13 00:00:00+00:00,-0.00308558
2022-01-14 00:00:00+00:00,-0.01582968
2022-01-17 00:00:00+00:00,0.03200670
2022-01-18 00:00:00+00:00,-0.03247144
2022-01-19 00:00:00+00:00,0.00135009
2022-01-20 00:00:00+00:00,0.03007952
2022-01-21 00:00:00+00:00,-0.04211336
2022-01-24 00:00:00+00:00,-0.09291890
2022-01-25 00:00:00+00:00,0.00878756
2022-01-26 00:00:00+00:00,0.04422199
2022-01-27 00:00:00+00:00,0.00367717
2022-01-28 00:00:00+00:00,-0.00433935
2022-01-31 00:00:00+00:00,0.01027792
2022-02-01 00:00:00+00:00,0.01276721
2022-02-02 00:00:00+00:00,0.01344755
2022-02-03 00:00:00+00:00,-0.02821366
2022-02-04 00:00:00+00:00,-0.00569813
2022-02-07 00:00:00+00:00,0.00371447
2022-02-08 00:00:00+00:00,0.00312870
2022-02-09 00:00:00+00:00,0.01761590
2022-02-10 00:00:00+00:00,0.00445791
2022-02-11 00:00:00+00:00,-0.00696253
2022-02-14 00:00:00+00:00,-0.01261237
2022-02-15 00:00:00+00:00,0.01104914
2022-02-16 00:00:00+00:00,-0.00730377
2022-02-17 00:00:00+00:00,-0.00848711
2022-02-18 00:00:00+00:00,-0.00713448
2022-02-21 00:00:00+00:00,-0.00862074
2022-02-22 00:00:00+00:00,-0.00058890
2022-02-23 00:00:00+00:00,0.00578388
2022-02-24 00:00:00+00:00,-0.03601125
2022-02-25 00:00:00+00:00,0.02568498
2022-02-28 00:00:00+00:00,0.00727332
2022-03-01 00:00:00+00:00,-0.01360089
2022-03-02 00:00:00+00:00,0.02080571
2022-03-03 00:00:00+00:00,-0.03217556
2022-03-04 00:00:00+00:00,-0.03947518
2022-03-07 00:00:00+00:00,-0.00155408
2022-03-08 00:00:00+00:00,-0.03590151
2022-03-09 00:00:00+00:00,0.05807671
2022-03-10 00:00:00+00:00,-0.02306226
2022-03-11 00:00:00+00:00,0.02234231
2022-03-14 00:00:00+00:00,0.00575804
2022-03-15 00:00:00+00:00,-0.03684864
2022-03-16 00:00:00+00:00,0.03133774
2022-03-17 00:00:00+00:00,0.00876863
2022-03-18 00:00:00+00:00,0.01652462
2022-03-21 00:00:00+00:00,-0.00058444
2022-03-22 00:00:00+00:00,0.00341167
2022-03-23 00:00:00+00:00,-0.01196600
2022-03-24 00:00:00+00:00,-0.00145454
2022-03-25 00:00:00+00:00,0.00431156
2022-03-28 00:00:00+00:00,0.00831310
2022-03-29 00:00:00+00:00,0.01194646
2022-03-30 00:00:00+00:00,-0.01887225
2022-03-31 00:00:00+00:00,0.00113300
2022-04-01 00:00:00+00:00,-0.00230693
2022-04-04 00:00:00+00:00,0.01606699
2022-04-05 00:00:00+00:00,0.00535115
2022-04-06 00:00:00+00:00,-0.00929659
2022-04-07 00:00:00+00:00,-0.00172158
2022-04-08 00:00:00+00:00,0.00424440
2022-04-11 00:00:00+00:00,-0.00398225
2022-04-12 00:00:00+00:00,-0.00002108
2022-04-13 00:00:00+00:00,0.00509406
2022-04-14 00:00:00+00:00,0.01524531
2022-04-19 00:00:00+00:00,-0.01561832
2022-04-20 00:00:00+00:00,0.00450331
2022-04-21 00:00:00+00:00,-0.00086783
2022-04-22 00:00:00+00:00,-0.01186065
2022-04-25 00:00:00+00:00,-0.00259008
2022-04-26 00:00:00+00:00,-0.00917448
2022-04-27 00:00:00+00:00,-0.00117740
2022-04-28 00:00:00+00:00,0.00951190
2022-04-29 00:00:00+00:00,-0.00259921
2022-05-02 00:00:00+00:00,-0.02613413
2022-05-03 00:00:00+00:00,0.01264372
2022-05-04 00:00:00+00:00,0.00433866
2022-05-05 00:00:00+00:00,-0.01103175
2022-05-06 00:00:00+00:00,-0.02404230
2022-05-09 00:00:00+00:00,-0.02253214
2022-05-10 00:00:00+00:00,-0.00432363
2022-05-11 00:00:00+00:00,0.00460024
2022-05-12 00:00:00+00:00,-0.00248161
2022-05-13 00:00:00+00:00,0.01597255
2022-05-16 00:00:00+00:00,0.00299994
2022-05-17 00:00:00+00:00,0.01265144
2022-05-18 00:00:00+00:00,-0.01255122
2022-05-19 00:00:00+00:00,-0.02780686
2022-05-20 00:00:00+00:00,0.02481600
2022-05-23 00:00:00+00:00,0.00875930
2022-05-24 00:00:00+00:00,-0.02916746
2022-05-25 00:00:00+00:00,0.00461128
2022-05-26 00:00:00+00:00,-0.00464895
2022-05-27 00:00:00+00:00,0.01420245
2022-05-30 00:00:00+00:00,0.00485080
2022-06-01 00:00:00+00:00,-0.02947890
2022-06-02 00:00:00+00:00,0.01341828
2022-06-03 00:00:00+00:00,-0.01824279
2022-06-06 00:00:00+00:00,0.02417234
2022-06-07 00:00:00+00:00,-0.01323317
2022-06-08 00:00:00+00:00,-0.00625595
2022-06-09 00:00:00+00:00,-0.01161598
2022-06-10 00:00:00+00:00,-0.10168447
2022-06-13 00:00:00+00:00,-0.01927116
2022-06-14 00:00:00+00:00,-0.02359097
2022-06-15 00:00:00+00:00,0.01455221
2022-06-16 00:00:00+00:00,-0.02179771
2022-06-17 00:00:00+00:00,0.00885072
2022-06-20 00:00:00+00:00,0.01012869
2022-06-21 00:00:00+00:00,0.00465567
2022-06-22 00:00:00+00:00,-0.00305127
2022-06-23 00:00:00+00:00,-0.00875853
2022-06-24 00:00:00+00:00,0.03646430
2022-06-27 00:00:00+00:00,0.00680251
2022-06-28 00:00:00+00:00,-0.00523247
2022-06-29 00:00:00+00:00,-0.00981761
2022-06-30 00:00:00+00:00,-0.00300677
2022-07-01 00:00:00+00:00,-0.00664381
2022-07-04 00:00:00+00:00,0.00493258
2022-07-05 00:00:00+00:00,-0.01887861
2022-07-06 00:00:00+00:00,0.03496447
2022-07-07 00:00:00+00:00,0.01003047
2022-07-08 00:00:00+00:00,0.00992937
2022-07-11 00:00:00+00:00,-0.00356490
2022-07-12 00:00:00+00:00,0.00729875
2022-07-13 00:00:00+00:00,-0.00451327
2022-07-14 00:00:00+00:00,-0.00581010
2022-07-15 00:00:00+00:00,0.01405581
2022-07-18 00:00:00+00:00,0.00563037
2022-07-19 00:00:00+00:00,0.01629291
2022-07-20 00:00:00+00:00,0.00612273
2022-07-21 00:00:00+00:00,0.01500865
2022-07-22 00:00:00+00:00,0.00781318
2022-07-25 00:00:00+00:00,0.07361516
2022-07-26 00:00:00+00:00,-0.00552644
2022-07-27 00:00:00+00:00,0.02583360
2022-07-28 00:00:00+00:00,0.01776050
2022-07-29 00:00:00+00:00,0.01347042
2022-08-01 00:00:00+00:00,0.00223808
2022-08-02 00:00:00+00:00,-0.00011136
2022-08-03 00:00:00+00:00,0.01515340
2022-08-04 00:00:00+00:00,-0.00388574
2022-08-05 00:00:00+00:00,-0.04696809
2022-08-08 00:00:00+00:00,0.00823450
2022-08-09 00:00:00+00:00,-0.00664427
2022-08-10 00:00:00+00:00,0.01298990
2022-08-11 00:00:00+00:00,-0.01194638
2022-08-12 00:00:00+00:00,0.00524495
2022-08-15 00:00:00+00:00,0.00522994
2022-08-16 00:00:00+00:00,0.00698988
2022-08-17 00:00:00+00:00,-0.01722351
2022-08-18 00:00:00+00:00,0.00583547
2022-08-19 00:00:00+00:00,-0.01257482
2022-08-22 00:00:00+00:00,-0.01921061
2022-08-23 00:00:00+00:00,-0.03442427
2022-08-24 00:00:00+00:00,0.00693051
2022-08-25 00:00:00+00:00,0.01056498
2022-08-26 00:00:00+00:00,-0.04935995
2022-08-29 00:00:00+00:00,-0.02255806
2022-08-30 00:00:00+00:00,-0.00201314
2022-08-31 00:00:00+00:00,-0.03232955
2022-09-01 00:00:00+00:00,-0.03251562
2022-09-02 00:00:00+00:00,0.02729334
2022-09-05 00:00:00+00:00,-0.00430187
2022-09-06 00:00:00+00:00,0.01373057
2022-09-07 00:00:00+00:00,0.00147436
2022-09-08 00:00:00+00:00,0.00594903
2022-09-09 00:00:00+00:00,0.03366477
2022-09-12 00:00:00+00:00,0.02871382
2022-09-13 00:00:00+00:00,-0.01404199
2022-09-14 00:00:00+00:00,-0.03107739
2022-09-15 00:00:00+00:00,-0.00425648
2022-09-16 00:00:00+00:00,-0.02972795
2022-09-19 00:00:00+00:00,-0.00432686
2022-09-20 00:00:00+00:00,-0.03283067
2022-09-21 00:00:00+00:00,0.02323819
2022-09-22 00:00:00+00:00,-0.03591477
2022-09-23 00:00:00+00:00,-0.03192836
2022-09-26 00:00:00+00:00,-0.00114165
2022-09-27 00:00:00+00:00,0.00458036
2022-09-28 00:00:00+00:00,-0.01390698
2022-09-29 00:00:00+00:00,-0.02146007
2022-09-30 00:00:00+00:00,0.05700089
2022-10-03 00:00:00+00:00,0.01317541
2022-10-04 00:00:00+00:00,0.06794136
2022-10-05 00:00:00+00:00,-0.01323845
2022-10-06 00:00:00+00:00,-0.00109986
2022-10-07 00:00:00+00:00,-0.04101028
2022-10-10 00:00:00+00:00,0.00479289
2022-10-11 00:00:00+00:00,-0.01455811
2022-10-12 00:00:00+00:00,-0.00674445
2022-10-13 00:00:00+00:00,0.01178081
2022-10-14 00:00:00+00:00,0.01105084
2022-10-17 00:00:00+00:00,0.04242112
2022-10-18 00:00:00+00:00,0.01107127
2022-10-19 00:00:00+00:00,-0.00078976
2022-10-20 00:00:00+00:00,-0.01705804
2022-10-21 00:00:00+00:00,-0.00658483
2022-10-24 00:00:00+00:00,0.04470051
2022-10-25 00:00:00+00:00,0.05950515
2022-10-26 00:00:00+00:00,-0.00413829
2022-10-27 00:00:00+00:00,-0.00230329
2022-10-28 00:00:00+00:00,-0.00752993
2022-10-31 00:00:00+00:00,0.01002743
2022-11-01 00:00:00+00:00,-0.02256965
2022-11-02 00:00:00+00:00,-0.00512335
2022-11-03 00:00:00+00:00,-0.01478393
2022-11-04 00:00:00+00:00,0.00172549
2022-11-07 00:00:00+00:00,0.00454464
2022-11-08 00:00:00+00:00,0.03265483
2022-11-09 00:00:00+00:00,-0.01245787
2022-11-10 00:00:00+00:00,0.06543650
2022-11-11 00:00:00+00:00,-0.02981603
2022-11-14 00:00:00+00:00,0.00866013
2022-11-15 00:00:00+00:00,0.00256528
2022-11-16 00:00:00+00:00,-0.00741369
2022-11-17 00:00:00+00:00,-0.01138434
2022-11-18 00:00:00+00:00,0.02333805
2022-11-21 00:00:00+00:00,0.02095166
2022-11-22 00:00:00+00:00,0.01684910
2022-11-23 00:00:00+00:00,0.01582023
2022-11-24 00:00:00+00:00,0.01363834
2022-11-25 00:00:00+00:00,0.00071405
2022-11-28 00:00:00+00:00,-0.00453391
2022-11-29 00:00:00+00:00,-0.02089876
2022-11-30 00:00:00+00:00,0.01193931
2022-12-01 00:00:00+00:00,0.01743958
2022-12-02 00:00:00+00:00,0.00856500
2022-12-05 00:00:00+00:00,-0.01955296
2022-12-06 00:00:00+00:00,-0.00425598
2022-12-07 00:00:00+00:00,-0.00748541
2022-12-08 00:00:00+00:00,-0.00957138
2022-12-09 00:00:00+00:00,0.02140545
2022-12-12 00:00:00+00:00,-0.00016014
2022-12-13 00:00:00+00:00,-0.00191133
2022-12-14 00:00:00+00:00,0.00858466
2022-12-15 00:00:00+00:00,-0.05155492
2022-12-16 00:00:00+00:00,-0.02400523
2022-12-19 00:00:00+00:00,-0.00136807
2022-12-20 00:00:00+00:00,-0.01678334
2022-12-21 00:00:00+00:00,0.03153637
2022-12-22 00:00:00+00:00,-0.01336265
2022-12-23 00:00:00+00:00,0.00044263
2022-12-27 00:00:00+00:00,0.00406630
2022-12-28 00:00:00+00:00,-0.00287647
2022-12-29 00:00:00+00:00,0.00647264
2022-12-30 00:00:00+00:00,-0.03504009
2023-01-02 00:00:00+00:00,0.03257838
2023-01-03 00:00:00+00:00,0.01971106
2023-01-04 00:00:00+00:00,0.03382282
2023-01-05 00:00:00+00:00,-0.02655461
2023-01-06 00:00:00+00:00,0.01765581
2023-01-09 00:00:00+00:00,0.00630902
2023-01-10 00:00:00+00:00,-0.01220527
2023-01-11 00:00:00+00:00,0.01546791
2023-01-12 00:00:00+00:00,-0.00104751
2023-01-13 00:00:00+00:00,0.00715346
2023-01-16 00:00:00+00:00,0.02376528
2023-01-17 00:00:00+00:00,-0.00247672
2023-01-18 00:00:00+00:00,0.00589391
2023-01-19 00:00:00+00:00,-0.01053331
2023-01-20 00:00:00+00:00,0.00416978
2023-01-23 00:00:00+00:00,-0.00103700
2023-01-24 00:00:00+00:00,0.00704984
2023-01-25 00:00:00+00:00,-0.02003269
2023-01-26 00:00:00+00:00,0.02366651
2023-01-27 00:00:00+00:00,0.00614911
2023-01-30 00:00:00+00:00,0.01414797
2023-01-31 00:00:00+00:00,-0.01609402
2023-02-01 00:00:00+00:00,0.00326905
2023-02-02 00:00:00+00:00,0.05934370
2023-02-03 00:00:00+00:00,0.01122164
2023-02-06 00:00:00+00:00,-0.02144721
2023-02-07 00:00:00+00:00,-0.01553048
2023-02-08 00:00:00+00:00,0.00911598
2023-02-09 00:00:00+00:00,0.00318959
2023-02-10 00:00:00+00:00,-0.03318058
2023-02-13 00:00:00+00:00,0.02713003
2023-02-14 00:00:00+00:00,0.00263189
2023-02-15 00:00:00+00:00,0.01187461
2023-02-16 00:00:00+00:00,0.00790363
2023-02-17 00:00:00+00:00,-0.00405822
2023-02-20 00:00:00+00:00,-0.00267611
2023-02-21 00:00:00+00:00,0.00761815
2023-02-22 00:00:00+00:00,0.02532378
2023-02-23 00:00:00+00:00,0.01296107
2023-02-24 00:00:00+00:00,-0.01431337
2023-02-27 00:00:00+00:00,0.01625941
2023-02-28 00:00:00+00:00,-0.01538917
2023-03-01 00:00:00+00:00,0.00091880
2023-03-02 00:00:00+00:00,0.00009735
2023-03-03 00:00:00+00:00,-0.00154441
2023-03-06 00:00:00+00:00,-0.01030499
2023-03-07 00:00:00+00:00,-0.00073000
2023-03-08 00:00:00+00:00,0.00481061
2023-03-09 00:00:00+00:00,0.00613158
2023-03-10 00:00:00+00:00,-0.03355757
2023-03-13 00:00:00+00:00,-0.04078713
2023-03-14 00:00:00+00:00,0.02548763
2023-03-15 00:00:00+00:00,-0.03871036
2023-03-16 00:00:00+00:00,0.04116002
2023-03-17 00:00:00+00:00,-0.02798166
2023-03-20 00:00:00+00:00,0.02461699
2023-03-21 00:00:00+00:00,0.01445837
2023-03-22 00:00:00+00:00,0.01267708
2023-03-23 00:00:00+00:00,-0.01432955
2023-03-24 00:00:00+00:00,-0.02450014
2023-03-27 00:00:00+00:00,0.01850801
2023-03-28 00:00:00+00:00,-0.01868166
2023-03-29 00:00:00+00:00,0.02982925
2023-03-30 00:00:00+00:00,0.01962450
2023-03-31 00:00:00+00:00,0.01446245
2023-04-03 00:00:00+00:00,-0.01690789
2023-04-04 00:00:00+00:00,0.01144478
2023-04-05 00:00:00+00:00,-0.01640684
2023-04-06 00:00:00+00:00,-0.00544569
2023-04-11 00:00:00+00:00,-0.00101486
2023-04-12 00:00:00+00:00,0.01706593
2023-04-13 00:00:00+00:00,-0.00431746
2023-04-14 00:00:00+00:00,-0.00267012
2023-04-17 00:00:00+00:00,0.00092422
2023-04-18 00:00:00+00:00,0.01641234
2023-04-19 00:00:00+00:00,0.00091323
2023-04-20 00:00:00+00:00,0.01681758
2023-04-21 00:00:00+00:00,0.00661403
2023-04-24 00:00:00+00:00,-0.00018158
2023-04-25 00:00:00+00:00,-0.01016932
2023-04-26 00:00:00+00:00,-0.00862843
2023-04-27 00:00:00+00:00,-0.02288771
2023-04-28 00:00:00+00:00,0.02388361
2023-05-02 00:00:00+00:00,-0.08383846
2023-05-03 00:00:00+00:00,0.00494700
2023-05-04 00:00:00+00:00,-0.05452588
2023-05-05 00:00:00+00:00,0.01735661
2023-05-08 00:00:00+00:00,-0.00917245
2023-05-09 00:00:00+00:00,0.02368421
2023-05-10 00:00:00+00:00,-0.01284456
2023-05-11 00:00:00+00:00,0.00936914
2023-05-12 00:00:00+00:00,-0.00364410
2023-05-15 00:00:00+00:00,-0.00018478
2023-05-16 00:00:00+00:00,-0.00591864
2023-05-17 00:00:00+00:00,0.00791940
2023-05-18 00:00:00+00:00,0.02316835
2023-05-19 00:00:00+00:00,0.00551420
2023-05-22 00:00:00+00:00,-0.00757817
2023-05-23 00:00:00+00:00,-0.00418329
2023-05-24 00:00:00+00:00,-0.04416454
2023-05-25 00:00:00+00:00,-0.01683256
2023-05-26 00:00:00+00:00,0.02188947
2023-05-29 00:00:00+00:00,-0.00193607
2023-05-30 00:00:00+00:00,0.00097731
2023-05-31 00:00:00+00:00,-0.00834760
2023-06-01 00:00:00+00:00,0.04455934
2023-06-02 00:00:00+00:00,0.01983781
2023-06-05 00:00:00+00:00,-0.01067042
2023-06-06 00:00:00+00:00,0.01319352
2023-06-07 00:00:00+00:00,0.00800568
2023-06-08 00:00:00+00:00,-0.00243950
2023-06-09 00:00:00+00:00,-0.00244141
2023-06-12 00:00:00+00:00,0.00663166
2023-06-13 00:00:00+00:00,0.01303362
2023-06-14 00:00:00+00:00,0.00875913
2023-06-15 00:00:00+00:00,0.00816349
2023-06-16 00:00:00+00:00,0.01977483
2023-06-19 00:00:00+00:00,-0.02870295
2023-06-20 00:00:00+00:00,-0.00491910
2023-06-21 00:00:00+00:00,-0.01973584
2023-06-22 00:00:00+00:00,-0.00723853
2023-06-23 00:00:00+00:00,0.00349022
2023-06-26 00:00:00+00:00,-0.00668593
2023-06-27 00:00:00+00:00,0.01482906
2023-06-28 00:00:00+00:00,0.01612597
2023-06-29 00:00:00+00:00,-0.01051322
2023-06-30 00:00:00+00:00,0.01551501
2023-07-03 00:00:00+00:00,-0.00519693
2023-07-04 00:00:00+00:00,0.00706386
2023-07-05 00:00:00+00:00,-0.01019545
2023-07-06 00:00:00+00:00,-0.02868206
2023-07-07 00:00:00+00:00,-0.02626037
2023-07-10 00:00:00+00:00,0.00239326
2023-07-11 00:00:00+00:00,0.00038206
2023-07-12 00:00:00+00:00,0.03362961
2023-07-13 00:00:00+00:00,0.02094781
2023-07-14 00:00:00+00:00,0.00538749
2023-07-17 00:00:00+00:00,-0.00241640
2023-07-18 00:00:00+00:00,0.01930184
2023-07-19 00:00:00+00:00,-0.01425642
2023-07-20 00:00:00+00:00,0.01008348
2023-07-21 00:00:00+00:00,-0.00074431
2023-07-24 00:00:00+00:00,-0.01898642
2023-07-25 00:00:00+00:00,-0.00047099
2023-07-26 00:00:00+00:00,0.00594634
2023-07-27 00:00:00+00:00,0.08733229
2023-07-28 00:00:00+00:00,-0.02922758
2023-07-31 00:00:00+00:00,-0.00640788
2023-08-01 00:00:00+00:00,-0.02079362
2023-08-02 00:00:00+00:00,-0.00210898
2023-08-03 00:00:00+00:00,-0.00704510
2023-08-04 00:00:00+00:00,0.00063348
2023-08-07 00:00:00+00:00,0.00448352
2023-08-08 00:00:00+00:00,-0.00266186
2023-08-09 00:00:00+00:00,-0.00074173
2023-08-10 00:00:00+00:00,0.00970080
2023-08-11 00:00:00+00:00,-0.02835705
2023-08-14 00:00:00+00:00,0.00701804
2023-08-15 00:00:00+00:00,-0.01842950
2023-08-16 00:00:00+00:00,-0.01803960
2023-08-17 00:00:00+00:00,-0.01904433
2023-08-18 00:00:00+00:00,-0.00246433
2023-08-21 00:00:00+00:00,-0.00474155
2023-08-22 00:00:00+00:00,0.00094720
2023-08-23 00:00:00+00:00,0.01604180
2023-08-24 00:00:00+00:00,-0.00612696
2023-08-25 00:00:00+00:00,0.00377377
2023-08-28 00:00:00+00:00,0.01224958
2023-08-29 00:00:00+00:00,0.01442151
2023-08-30 00:00:00+00:00,0.01236253
2023-08-31 00:00:00+00:00,-0.00684877
2023-09-01 00:00:00+00:00,-0.00047046
2023-09-04 00:00:00+00:00,0.00398140
2023-09-05 00:00:00+00:00,0.00730556
2023-09-06 00:00:00+00:00,0.00672072
2023-09-07 00:00:00+00:00,0.01001147
2023-09-08 00:00:00+00:00,0.02283966
2023-09-11 00:00:00+00:00,0.00767067
2023-09-12 00:00:00+00:00,-0.00883945
2023-09-13 00:00:00+00:00,0.01414683
2023-09-14 00:00:00+00:00,0.02318156
2023-09-15 00:00:00+00:00,0.01069694
2023-09-18 00:00:00+00:00,-0.02582028
2023-09-19 00:00:00+00:00,0.00435475
2023-09-20 00:00:00+00:00,0.00995358
2023-09-21 00:00:00+00:00,-0.02091597
2023-09-22 00:00:00+00:00,-0.01119999
2023-09-25 00:00:00+00:00,-0.01017975
2023-09-26 00:00:00+00:00,-0.01728542
2023-09-27 00:00:00+00:00,0.00062693
2023-09-28 00:00:00+00:00,0.01676523
2023-09-29 00:00:00+00:00,0.01825004
2023-10-02 00:00:00+00:00,-0.02384295
2023-10-03 00:00:00+00:00,-0.00236971
2023-10-04 00:00:00+00:00,0.02430927
2023-10-05 00:00:00+00:00,0.01513699
2023-10-06 00:00:00+00:00,0.00861280
2023-10-09 00:00:00+00:00,-0.00232021
2023-10-10 00:00:00+00:00,0.03917851
2023-10-11 00:00:00+00:00,0.00084971
2023-10-12 00:00:00+00:00,0.02275249
2023-10-13 00:00:00+00:00,-0.03061391
2023-10-16 00:00:00+00:00,-0.00228794
2023-10-17 00:00:00+00:00,0.00295057
2023-10-18 00:00:00+00:00,-0.01144438
2023-10-19 00:00:00+00:00,-0.01650491
2023-10-20 00:00:00+00:00,-0.03865451
2023-10-23 00:00:00+00:00,0.01765468
2023-10-24 00:00:00+00:00,0.00463122
2023-10-25 00:00:00+00:00,0.01210619
2023-10-26 00:00:00+00:00,-0.01401196
2023-10-27 00:00:00+00:00,-0.02882573
2023-10-30 00:00:00+00:00,0.01609340
2023-10-31 00:00:00+00:00,0.00976886
2023-11-01 00:00:00+00:00,-0.00742759
2023-11-02 00:00:00+00:00,0.01647904
2023-11-03 00:00:00+00:00,-0.00765850
2023-11-06 00:00:00+00:00,0.00034361
2023-11-07 00:00:00+00:00,0.00917361
2023-11-08 00:00:00+00:00,0.00993062
2023-11-09 00:00:00+00:00,0.02207164
2023-11-10 00:00:00+00:00,-0.02273390
2023-11-13 00:00:00+00:00,-0.00655439
2023-11-14 00:00:00+00:00,0.01922342
2023-11-15 00:00:00+00:00,-0.00361621
2023-11-16 00:00:00+00:00,0.00561353
2023-11-17 00:00:00+00:00,0.01033252
2023-11-20 00:00:00+00:00,0.00294940
2023-11-21 00:00:00+00:00,0.00660231
2023-11-22 00:00:00+00:00,0.01126653
2023-11-23 00:00:00+00:00,0.01197490
2023-11-24 00:00:00+00:00,0.00701554
2023-11-27 00:00:00+00:00,0.00570728
2023-11-28 00:00:00+00:00,-0.00735282
2023-11-29 00:00:00+00:00,0.00057812
2023-11-30 00:00:00+00:00,0.00647900
2023-12-01 00:00:00+00:00,0.02103153
2023-12-04 00:00:00+00:00,0.00942948
2023-12-05 00:00:00+00:00,0.00761147
2023-12-06 00:00:00+00:00,0.00884042
2023-12-07 00:00:00+00:00,-0.00418803
2023-12-08 00:00:00+00:00,0.01207439
2023-12-11 00:00:00+00:00,0.01971453
2023-12-12 00:00:00+00:00,0.02665587
2023-12-13 00:00:00+00:00,-0.00551505
2023-12-14 00:00:00+00:00,-0.00746852
2023-12-15 00:00:00+00:00,-0.00822187
2023-12-18 00:00:00+00:00,-0.00165750
2023-12-19 00:00:00+00:00,0.00861515
2023-12-20 00:00:00+00:00,0.00614136
2023-12-21 00:00:00+00:00,-0.00795932
2023-12-22 00:00:00+00:00,-0.00628352
2023-12-27 00:00:00+00:00,0.00152010
2023-12-28 00:00:00+00:00,-0.00483180
2023-12-29 00:00:00+00:00,0.00078955
2024-01-02 00:00:00+00:00,-0.01413705
2024-01-03 00:00:00+00:00,-0.00610376
2024-01-04 00:00:00+00:00,0.01908267
2024-01-05 00:00:00+00:00,0.00690674
2024-01-08 00:00:00+00:00,0.01127278
2024-01-09 00:00:00+00:00,-0.00334388
2024-01-10 00:00:00+00:00,0.01486884
2024-01-11 00:00:00+00:00,-0.01079802
2024-01-12 00:00:00+00:00,0.03277179
2024-01-15 00:00:00+00:00,-0.00662768
2024-01-16 00:00:00+00:00,0.00866148
2024-01-17 00:00:00+00:00,-0.01019277
2024-01-18 00:00:00+00:00,0.01919704
2024-01-19 00:00:00+00:00,0.00478858
2024-01-22 00:00:00+00:00,0.01778526
2024-01-23 00:00:00+00:00,-0.01191083
2024-01-24 00:00:00+00:00,0.02055957
2024-01-25 00:00:00+00:00,0.01801309
2024-01-26 00:00:00+00:00,0.00697920
2024-01-29 00:00:00+00:00,-0.00548959
2024-01-30 00:00:00+00:00,0.01136251
2024-01-31 00:00:00+00:00,-0.00868796
2024-02-01 00:00:00+00:00,-0.00434247
2024-02-02 00:00:00+00:00,0.00605103
2024-02-05 00:00:00+00:00,-0.00549032
2024-02-06 00:00:00+00:00,0.00512362
2024-02-07 00:00:00+00:00,0.00142266
2024-02-08 00:00:00+00:00,0.00971027
2024-02-09 00:00:00+00:00,0.01905773
2024-02-12 00:00:00+00:00,0.00639116
2024-02-13 00:00:00+00:00,-0.02982912
2024-02-14 00:00:00+00:00,0.02185302
2024-02-15 00:00:00+00:00,-0.00836683
2024-02-16 00:00:00+00:00,0.02671914
2024-02-19 00:00:00+00:00,0.00768501
2024-02-20 00:00:00+00:00,0.00675873
2024-02-21 00:00:00+00:00,-0.00890800
2024-02-22 00:00:00+00:00,0.01484811
2024-02-23 00:00:00+00:00,0.00292812
2024-02-26 00:00:00+00:00,-0.00508577
2024-02-27 00:00:00+00:00,-0.02293841
2024-02-28 00:00:00+00:00,-0.00267208
2024-02-29 00:00:00+00:00,0.01832827
2024-03-01 00:00:00+00:00,-0.00354648
2024-03-04 00:00:00+00:00,-0.00041433
2024-03-05 00:00:00+00:00,-0.00310456
2024-03-06 00:00:00+00:00,-0.01208983
2024-03-07 00:00:00+00:00,0.00590703
2024-03-08 00:00:00+00:00,-0.00041556
2024-03-11 00:00:00+00:00,-0.02249313
2024-03-12 00:00:00+00:00,0.02031512
2024-03-13 00:00:00+00:00,-0.00064184
2024-03-14 00:00:00+00:00,0.00770444
2024-03-15 00:00:00+00:00,-0.00310680
2024-03-18 00:00:00+00:00,-0.00513440
2024-03-19 00:00:00+00:00,0.00386433
2024-03-20 00:00:00+00:00,0.00183291
2024-03-21 00:00:00+00:00,0.01508013
2024-03-22 00:00:00+00:00,0.00827880
2024-03-25 00:00:00+00:00,-0.01217424
2024-03-26 00:00:00+00:00,0.00025647
2024-03-27 00:00:00+00:00,0.00963365
2024-03-28 00:00:00+00:00,0.02025001
